fetching git input 'git+file:///data/projects/own/nixos-config-338'
warning: input 'flake-parts' has an override for a non-existent input 'nixpkgs'
these 614 derivations will be built:
  /nix/store/al836xs0gxc06049rawpkymg8vs12v9z-qttools-6.11.1.drv
  /nix/store/56f0gpqf9k1d08q86vnsmnc6a1gq21r9-qttranslations-6.11.1.drv
  /nix/store/dvbkf9n4kw5bjrwapalqx57gvsb25xmd-qtbase-6.11.1.drv
  /nix/store/11pw2jdb7g0qm252fa3v009xv5bdxv50-qtsvg-6.11.1.drv
  /nix/store/7kwrpg8q56mps2g87j8mz557hnmrpj8m-qtlanguageserver-6.11.1.drv
  /nix/store/83zvlrccybjhs6yjabg3l6v1ax8j6i2s-qtshadertools-6.11.1.drv
  /nix/store/1rng7nc9vx7hb5p0jk8ynazkz8rf4diy-qtdeclarative-6.11.1.drv
  /nix/store/bpx271bpa724glfdhjs775nkc0flh3r0-qt5compat-6.11.1.drv
  /nix/store/29vbywhnwziw56df21ann77nwfxd0km0-qtbase-6.11.1-only-plugins-qml.drv
  /nix/store/mg0s8k1gjxl33nzap906c3h048awrg8c-wrap-qt6-apps-hook.drv
  /nix/store/mv4sv9x9jrlxi0dck5xmn2yl8hjv3rk5-v4l-utils-1.32.0.drv
  /nix/store/6zfyql72gzw2rj9d41vhblzdxynylcl3-libdisplay-info-0.4.0.drv
  /nix/store/vs62h1h3jjwqv5ghhxbv5azi91zd46my-mesa-26.1.6.drv
  /nix/store/0a4v5vr6d8adz5qyrrsbvdkgskymy7g9-mesa-26.1.6_fish-completions.drv
  /nix/store/6hxyqm8ydprhdl3bf10c5s7gavsmy4az-qtwayland-6.11.1.drv
  /nix/store/rj2vl5jjnf8pn1qkjbwsicrz3lyx6ggh-qmllint-validate-hook.drv
  /nix/store/rq8bd41nzh6gk8xjkvynkxxhq02as02a-extra-cmake-modules-6.28.0.drv
  /nix/store/89zlq0fkh6mnnlhmb5s2vps817hgp0w6-plasma-wayland-protocols-1.21.0.drv
  /nix/store/285z8j5iq8nbynzklmanqnsrimyi3kfd-qtsensors-6.11.1.drv
  /nix/store/71078z3874z69p9bzl31kj3zihpq70gg-qtquick3d-6.11.1.drv
  /nix/store/km7waf72dwwbra7xw1idq8wyj4nc45gy-ffmpeg-8.1.2.drv
  /nix/store/a0b3zgnizd7309siwywil6a63ymd3naf-qtmultimedia-6.11.1.drv
  /nix/store/3blg0hyzl91ld7ljagrb4im9f6azml8l-qt3d-6.11.1.drv
  /nix/store/3n15wgj3cywg17a4alz5p7c8l0gnbq44-qtspeech-6.11.1.drv
  /nix/store/4djk2vipmq6z0vma12vys3x1cj1d31nm-qtconnectivity-6.11.1.drv
  /nix/store/4z90r2kpjak6ysasd1l22yn7f1lkc7g9-qtserialport-6.11.1.drv
  /nix/store/8w1168xyms12fn1qbnbsvy2nfdc9sjjb-qtscxml-6.11.1.drv
  /nix/store/jzh1n197fzyllz0h9lz6y9xbzgzzzk13-qtquicktimeline-6.11.1.drv
  /nix/store/91fgnkfz63805ar7i1l9wlskbzg5zjvj-qtgraphs-6.11.1.drv
  /nix/store/fa98p5wa2m5my5qhp1qs1ys8ri3cwn11-qtwebsockets-6.11.1.drv
  /nix/store/c5kpn6dd65ph0r62hhycqdsk267ckzwg-qtwebchannel-6.11.1.drv
  /nix/store/s8hzdq3hv3fxzzssq37g4ds4inkcj0rs-qtpositioning-6.11.1.drv
  /nix/store/9vblas9hf6yw4qpqv6fl63kzfwhzlfkr-qtwebengine-6.11.1.drv
  /nix/store/ac7gp7klfh24116wa9igv76bssh1pc15-qtserialbus-6.11.1.drv
  /nix/store/cm4c4dwx754ap3y04amgydi4k0q8r8vw-qtnetworkauth-6.11.1.drv
  /nix/store/dbnmayslg7wmlgvlgs8h4dggfd7zxpyr-qtcharts-6.11.1.drv
  /nix/store/fk7vwpb07nmwl3nhpz03pa5kvkgpnf4g-qttools-6.11.1.drv
  /nix/store/i0i7alv8rip0vf6jd73xpghy6jilq98d-qtlocation-6.11.1.drv
  /nix/store/m3dqs4q1g7f910qcyhyhp991j8gwf0fi-qtdatavis3d-6.11.1.drv
  /nix/store/9qyx7xc35882nljxhwwshl1196q6lan7-shiboken6-generator-6.11.1.drv
  /nix/store/nsnrds5kknlyxkcll25iiw9g9i2vzz2r-shiboken6-6.11.1.drv
  /nix/store/q38ajm1f4gl3i11gg5mbp1z74r3c8z9m-qtremoteobjects-6.11.1.drv
  /nix/store/w33x2xivybfcd8c1jw4l5mxrn93jvgia-qtwebview-6.11.1.drv
  /nix/store/zgfrwhiqqvbgcdbj19pkbpzh6qb0dz9v-qthttpserver-6.11.1.drv
  /nix/store/g47h1i3092pq7wphz6sny6cbjlg6jhk7-pyside6-6.11.1.drv
  /nix/store/8q98y3q17gas2w218vihvln5wwqcrsj2-kguiaddons-6.28.0.drv
  /nix/store/jj83c9mvmrd1w979d8ipykjadv9rlhfb-ki18n-6.28.0.drv
  /nix/store/nbd3mdn1g77y14xlz41s4i3ycvff4k1y-kconfig-6.28.0.drv
  /nix/store/0b4h43kwjkqf490xb9d7k0l0xd2x7c6k-kcolorscheme-6.28.0.drv
  /nix/store/1fw7lxvmgc6v1prmgd72kg9scg5jbvg2-kwidgetsaddons-6.28.0.drv
  /nix/store/dwpm3v0mks2dr64aajkmr03psgp2dkqa-karchive-6.28.0.drv
  /nix/store/yfi3cfvf7y19ih1k6c51zzdk7ps9i5jp-breeze-icons-6.28.0.drv
  /nix/store/87g6yh44slbhjbxrvrs2njjj2gx5zgwl-kiconthemes-6.28.0.drv
  /nix/store/ann4r3rg7jj9yfj84pz71kxbxibrvw92-kglobalaccel-6.28.0.drv
  /nix/store/v6s3hwbf381br5rzjhyyhj1fnsgdgm47-kcoreaddons-6.28.0.drv
  /nix/store/pkfsfdzj9a0308fg9ymg7nib1yphsap1-kcrash-6.28.0.drv
  /nix/store/qh5r1w8sr9w65xv9ckm1ls3a00apaxy5-kitemmodels-6.28.0.drv
  /nix/store/56ajisnhcwcdkli6yprz5g8brqq470j4-kirigami-6.28.0.drv
  /nix/store/n6nkqg812bps48rpkj9i6bbw283r3r9z-sonnet-6.28.0.drv
  /nix/store/q4nfxrk6423616nvvfg7bfzzmxy1yq96-qqc2-desktop-style-6.28.0.drv
  /nix/store/xhy6n3631fz2q150wi9j4fxa62df5zs2-kirigami-wrapped-6.28.0.drv
  /nix/store/889ynvm7mfdm92nz1vnb1203cg8f0lrn-kirigami-addons-1.13.1.drv
  /nix/store/n5f3d1w9bffl46vmsxhmwrycnddfc5xv-qcoro-0.12.0.drv
  /nix/store/w49za9ykf8pg7mcn82qsy4rn71d2qxxl-wivrn-26.6.2.drv
  /nix/store/0aq135ih7mgpbfd1717bl5v8c911gaig-start-wivrn-server.drv
  /nix/store/3aid3a5jwnbn18fwqkccqh0zqr6v35j7-solid-6.28.0.drv
  /nix/store/aypc31yivmngvdgjpms1mmmr8jzpwwxg-qca-2.3.10.drv
  /nix/store/cg7rmv8chgd4c3m9pb4kabpb6sk8j32p-kdoctools-6.28.0.drv
  /nix/store/h07aqacksinjxsrnknf87jdjfbr7xsj5-kdbusaddons-6.28.0.drv
  /nix/store/k28ydr75mzfndcp6q7xazianplhlffhq-kwindowsystem-6.28.0.drv
  /nix/store/nsg6k2pczlrv0n99jh2wnn5g4xlcryx4-knotifications-6.28.0.drv
  /nix/store/7iygp07nrizg946a0sd2bgddiaqjm1jr-kwallet-6.28.0.drv
  /nix/store/8yvg7v1q0fr6gmg8kbcd017njkkgpgin-kjobwidgets-6.28.0.drv
  /nix/store/dnj80xzzgpy49j2i7nb9s088rz9900n6-polkit-qt-1-0.201.1.drv
  /nix/store/a05jpjjhshbb8a721ypbk8dy6y9khh22-kauth-6.28.0.drv
  /nix/store/jfx3rpp4228hp2298aggbfmc518s7ajl-kitemviews-6.28.0.drv
  /nix/store/7p0xfhsxz0qzllb8s5zh71y9kvzdzhyb-kcodecs-6.28.0.drv
  /nix/store/sd0iniqnvw4hlxp748784v8plmk98ad8-kcompletion-6.28.0.drv
  /nix/store/sk2pj2jh0wj6yn3kj0gdm0fn227z9402-kbookmarks-6.28.0.drv
  /nix/store/vs0nfcncc2djalzwa7icf55f02gyzgd4-kservice-6.28.0.drv
  /nix/store/bp1ky4yln2imh3sc2m6vf4f0s4nk4mia-kio-6.28.0.drv
  /nix/store/2fnnxdybfsap7iv5aql7p6cirrqhk05d-ktextwidgets-6.28.0.drv
  /nix/store/lj15mwn3n4w57q55yzagnzndw51z1iz3-kconfigwidgets-6.28.0.drv
  /nix/store/pcwc3jlzih6ipq5shm458kss3nljf049-kxmlgui-6.28.0.drv
  /nix/store/0bi7jg0yxmyd6d4c4cw78sm8fr85wgp9-knotifyconfig-6.28.0.drv
  /nix/store/2qzzpm8i22maj4d76n3n47b13np7lq7c-kquickcharts-6.28.0.drv
  /nix/store/h6myhahdz02rg8y5q45c75ycqwwrz5q5-kpackage-6.28.0.drv
  /nix/store/37kwfxifc8jjbwnsv70385f1b6jb147y-attica-6.28.0.drv
  /nix/store/j9hjmls9gfy2yd30mc4b8fp12j8jb91f-syndication-6.28.0.drv
  /nix/store/r7541pkxlbwvi1wpkzhbpmr2gil5alka-kcmutils-6.28.0.drv
  /nix/store/savml7i9jzy8m6na6sd19lqal2dmyv8c-knewstuff-6.28.0.drv
  /nix/store/0fpmkw7v152s2xdky30bnfjmivh0xlyr-libksysguard-6.7.3.drv
  /nix/store/cwaa39xw04dycjbchp6rnhzf0jy8x5yw-python3.14-twisted-26.4.0.drv
  /nix/store/yp2c8p5g57nwa9zsjjcy8lq6h29kmv5h-python3-3.14.6-env.drv
  /nix/store/lhap7wgdvxwaad1krb3m6b0i17w73wj3-thrift-0.22.0.drv
  /nix/store/fq8byryxi35wbqkhrqz43lcizp7aw6rj-arrow-cpp-24.0.0.drv
  /nix/store/mjq41bda7fgmg1wp8qq2i9bipii2wvmn-python3.14-pyarrow-24.0.0.drv
  /nix/store/0g3wh6swrx5bwx5k60an5w47svv6sq7b-python3.14-datasets-4.5.0.drv
  /nix/store/0i63hzy8ml51zgm2b8bdpj9hibyicpz4-ffmpeg-8.1.2_fish-completions.drv
  /nix/store/p2nv38h6v8fg3bl1nc8ggj0562zn4hyy-qttools-5.15.19.drv
  /nix/store/ls8ay62j9ybi5wadlh8sbisnn2fcqzh2-qttranslations-5.15.19.drv
  /nix/store/vz05mhp4k5ggcidql9lnx5g45awd9673-qtbase-5.15.19.drv
  /nix/store/jc00slai1hyr7z2vrw2xri0vvbsgacag-qttools-QT_HOST_DATA-refs.patch.drv
  /nix/store/v4dhkhblh8mvv6plyfmw9mr4bkh9j376-qmake-hook.drv
  /nix/store/36b1n0nz9awz155y2i1kqqscafmw4rma-qtsvg-5.15.19.drv
  /nix/store/lkslhzh0djcdbpny5vyxxkg67j0cvbvg-qtdeclarative-5.15.19.drv
  /nix/store/axskkz50lqimj5dhjhn16s3p10fg4dhv-qttools-5.15.19.drv
  /nix/store/qfn7qca75dj1qjs2d0hrbjld2522pcyx-qtquickcontrols-5.15.19.drv
  /nix/store/3rd2qdnfx3dqvmdgmwfjcy224vqdk790-qtwayland-5.15.19.drv
  /nix/store/bj4aalk3b012by12nfvwqknm0spq3knb-wrap-qt5-apps-hook.drv
  /nix/store/1dm829wrp99434b4iqpwlqba6yck0lxj-kconfig-5.116.0.drv
  /nix/store/26w7792kfqaz4cvxhxg6xnzdl2wkdq7n-kitemviews-5.116.0.drv
  /nix/store/5xx8illbs0f00fk35ak5p4bsk5ghhnj8-qtscript-5.15.19.drv
  /nix/store/6k4qild78ppybjjkqa8mhks20vdpqn5z-ki18n-5.116.0.drv
  /nix/store/yj7nx719jivqw1p9n9avx0p9cjvd814b-qtx11extras-5.15.19.drv
  /nix/store/4wrcrqvm0wkc05p93cwmlds6jx2vsbdr-kguiaddons-5.116.0.drv
  /nix/store/ajc9qni2yypjrr4748xj32ih52lqy2px-karchive-5.116.0.drv
  /nix/store/m9sw1z7ghrqzlmhwh1y708mg0zn6kcs5-kdoctools-5.116.0.drv
  /nix/store/pvp7klbaqzvfnyz6d26rfabnlv7z7j8v-kwidgetsaddons-5.116.0.drv
  /nix/store/hr66n638y0mczz1az6gqiq9n7q6wzy2z-polkit-qt-1-0.114.0.drv
  /nix/store/n4lrad8gdh8d7s9ff5rk5ij2z0ww04v9-kcoreaddons-5.116.0.drv
  /nix/store/qds4kwjnxh2vm298i64s5z0qh7nn2q58-kauth-5.116.0.drv
  /nix/store/x0745ad4cdh8yicciywrvwnx7j12gpa0-kcodecs-5.116.0.drv
  /nix/store/6zxzk4cadadlsj2k0r33c9ariwngw89m-kconfigwidgets-5.116.0.drv
  /nix/store/g6lw89bb73b26qpbvz0cd3a1zgc8lv3l-sonnet-5.116.0.drv
  /nix/store/hy0qfbzfd5alkqbdvqajlrldwdrjs7qi-attica-5.116.0.drv
  /nix/store/nypk1rakzky3lp7qz10sq5migppw0n4m-kwindowsystem-5.116.0.drv
  /nix/store/d64saxnp6i7k3m4lblwggb4pkgibky76-kcrash-5.116.0.drv
  /nix/store/yi7hjlrj04livvx6cb7xpilard592lan-kdbusaddons-5.116.0.drv
  /nix/store/ipzyd234yyzajgcda7vcqlwcxyzpzz8j-kservice-5.116.0.drv
  /nix/store/yiylqrm6nssp1n6xj0yjz6k1kzh95qg0-kcompletion-5.116.0.drv
  /nix/store/a19688974hbc85bjl43mclllpbak10mh-breeze-icons-5.116.0.drv
  /nix/store/z9j1bbc6d26rnnchsmzsv51jl78hnzr3-kiconthemes-5.116.0.drv
  /nix/store/l3hfv0ysapfahibrmahga8jz39d08fs9-ktextwidgets-5.116.0.drv
  /nix/store/yiqq02d5f1grz3vbhd4j1fb7h47xqj0w-kglobalaccel-5.116.0.drv
  /nix/store/3lypprs6nv5b8j1i3i5ydaw0wwwq0jhz-kxmlgui-5.116.0.drv
  /nix/store/8jvn5apiqzr3danljp9bij8j9hprr987-kbookmarks-5.116.0.drv
  /nix/store/hc97imi25r524wdklqmlhml31dgzij7i-qtquickcontrols2-5.15.19.drv
  /nix/store/i17swhvlk0mn5d500sl1qvca08sj1pf2-kjobwidgets-5.116.0.drv
  /nix/store/l7w291d2dy1x8i2h6h50zpf8gx0cqlvr-kwayland-5.116.0.drv
  /nix/store/llryqbn1004m72hpm50psaiy3g80513l-solid-5.116.0.drv
  /nix/store/f145p72jfvnp5f4c6dcibghpbjvm1ylg-qtgraphicaleffects-5.15.19.drv
  /nix/store/51acwkpkiaifdjswxcms0qw695pfpwa5-kirigami2-5.116.0.drv
  /nix/store/2ypk6w4qxas5pwhqwhg9vw4yx0fz110y-syndication-5.116.0.drv
  /nix/store/7i98fmrj8zzlplmi41lxxby5rpxdnd9f-kded-5.116.0.drv
  /nix/store/24d252qrvz6nhcwmg5bps66nxvi7js38-qca-2.3.10.drv
  /nix/store/83zh8xi1zjvks7gfwv96i1lhhqnyim57-libdbusmenu-qt5-0.9.3+16.drv
  /nix/store/pdyymm3p1wiq3phbkiqsyjn13lf29bkv-knotifications-5.116.0.drv
  /nix/store/sn3x4whji0zgiy59667kdcbkn1xraflg-qgpgme-2.2.0.drv
  /nix/store/gkcd0ns5cwxsv2hg5hjvj02yms1p71wz-kwallet-5.116.0.drv
  /nix/store/vwfprr0c0xd10xrmvps7z84iqx2j9v8l-kio-5.116.0.drv
  /nix/store/vxhlljzgyxraxyak7q15235378zib06k-kpackage-5.116.0.drv
  /nix/store/19l3wx7w3sspkk2ms2z1an7vcrpl09hb-knewstuff-5.116.0.drv
  /nix/store/6lp33c5s88kwk8kz0kzl2ls2yv1w44pb-frameworkintegration-5.116.0.drv
  /nix/store/7jlib6ar16b37c9b5r0nh782kbh24i6w-appstream-qt-1.1.3.drv
  /nix/store/rsxc9693yvn661namvl7qmsvpl4lzxfd-oxygen-icons-6.28.0.drv
  /nix/store/x5rf2irm39p90allh90dlcjk1libr4qh-packagekit-qt-1.1.4.drv
  /nix/store/kaymgky4l774ib2yj5g9l75j9d6xidzf-frameworkintegration-6.28.0.drv
  /nix/store/pwf4f4vbljg4ra8njbac08qm60p07wk0-kdecoration-6.7.3.drv
  /nix/store/m3487f8vvkfysyl98xww8a3c7jclypz9-breeze-6.7.3.drv
  /nix/store/sxvn2z7pf2zkkqid05srcdwm883z6cx3-kstatusnotifieritem-6.28.0.drv
  /nix/store/0m97crsh7zs724z313v39dfs3rcbg4br-plasma-integration-6.7.3.drv
  /nix/store/9646jlyczxykfd5s3vsrl7lv5bq62j8i-noctalia-5.0.0-beta.7.drv
  /nix/store/2193vsz9jb74d11p37wx7pgif69dm6pi-unit-noctalia.service.drv
  /nix/store/7kygz75bbbzcjj1pqs53c15yyqm92xxj-libkscreen-6.7.3.drv
  /nix/store/389xax7asc1v7zacnq9x05a0fpb5pxjz-kidletime-6.28.0.drv
  /nix/store/95r11knvnas1mgb100hsdixvf1gfhfg5-kholidays-6.28.0.drv
  /nix/store/daj6ncd977cl0ljahgic32rww08cv25i-networkmanager-qt-6.28.0.drv
  /nix/store/dcmybm3rncpzb1dpsz9snk2sylq0w9hr-kunitconversion-6.28.0.drv
  /nix/store/wcv714v8l5ijkr1vbzcav5fmz84zjcay-plasma-activities-6.7.3.drv
  /nix/store/7pbpws4c2583fw74qv9izpgzr4mrw8xh-plasma5support-6.7.3.drv
  /nix/store/7w0ld77paghzi8m2n92vck3lzinz66xm-layer-shell-qt-6.7.3.drv
  /nix/store/9y8h5zw9l8i6s5qk3mrc0rgm75c5rspz-kimageformats-6.28.0.drv
  /nix/store/ixanjcmcxvaxsdy6r02imccjjl2qx9hl-kparts-6.28.0.drv
  /nix/store/rz1whj8a49wfnhvz5y1cvld0n0pl7zz9-ksvg-6.28.0.drv
  /nix/store/f3jqzsf8s8smcn961sgar1ndbsk70jlb-libplasma-6.7.3.drv
  /nix/store/25d3gffifvydq5v6r5lzgyzkwm0ln635-kscreen-6.7.3.drv
  /nix/store/qa1l6s8chp8y9ipmcigy5zbkk6nqcrz4-plasma-monitor-setup.drv
  /nix/store/5xmbii5cghswp5rwwnxx5nr7519x8na5-unit-plasma-monitor-setup.service.drv
  /nix/store/ca1pjxhl0l3lab5k64gsialbgysja2cn-tv-monitor-daemon.drv
  /nix/store/6f96fbblzc9xw3zhn0ysk5pr1w39fmmm-unit-tv-monitor-daemon.service.drv
  /nix/store/nns4a8cjpspz6j3bqh03fypgzbyazjin-aquamarine-0.14.0.drv
  /nix/store/k3cpc0qhamf2s24ar1wyk10fpisyrp5c-hyprland-qt-support-0.1.0.drv
  /nix/store/ryl9ivmpw9bwr823hpia9sqgrm0jffmc-hyprland-qtutils-0.1.5.drv
  /nix/store/fvdswi1gv9plik6c4c9w68wfprk4c1vy-hyprland-0.56.1.drv
  /nix/store/9w6yj8gdwmynw0nw9z0zzlk2bqk60s5h-xdg-desktop-portal-hyprland-1.4.1.drv
  /nix/store/kvps7ing1zjly1hs0m9iilz41yqpcrx2-xen-4.20.3.drv
  /nix/store/vk27w4jn90hd461d6s9w2rh3dcxl8dlf-libvirt-12.4.0.drv
  /nix/store/dnn1gnpklchz26hsv08a8l55lwhbyax7-libvirt-glib-5.0.0.drv
  /nix/store/1nhn0ncglc2fvlyb33qzfyml40jnchlz-virt-viewer-11.0.drv
  /nix/store/7fql2qb3qzdh1f0ispsyl3c6cdd8gj12-qmake6-hook.drv
  /nix/store/34kp5ybv5xzf1yzscbmx8fmig24kbssn-openrgb-1.0rc3.drv
  /nix/store/dwz9pb8ss47jr9hvxlx3zv788c4falva-chromium-unwrapped-151.0.7922.71.drv
  /nix/store/3gr8xjlhpb0wgss7g2vvhv9n3ayw8kk0-chromium-151.0.7922.71.drv
  /nix/store/3hw6gg8mpmxxgd0l8sm1k95a1my72gf0-gamescope-3.16.25.drv
  /nix/store/3ifk8fgpppq29sqd86r66n9isbkidps8-hyprpolkitagent-0.1.3.drv
  /nix/store/3yzh90r1kqvg6xg66sdfql5wccarkyys-openrgb-plugin-effects-1.0rc2.drv
  /nix/store/s7vq4ana3ilhyi2l21n43r56f2n7p4j0-python3.12-scipy-1.18.0.drv
  /nix/store/xryf52330sjhsbbkkgcghsdni6k7ph2n-python3.12-uncertainties-3.2.4.drv
  /nix/store/2x0hbli37fhif83rip8vkdsx7g5n46hk-python3.12-pint-0.25.3.drv
  /nix/store/a2c37j5cc482gngh5lbfs16ggs7cjq5b-python3.12-vulture-2.14.drv
  /nix/store/d2z6z2bz5dqxlq650fnayprvyzlvlpb6-python3.12-pylama-8.4.1.drv
  /nix/store/ab3jdwdgkp3fbx1hv1i2bvkmhp6b18lm-python3.12-isort-8.0.1.drv
  /nix/store/725h8vzbm9xapf6arsr5dvhhv9k1sy23-python3.12-pylint-4.0.6-unstable-2026-07-14.drv
  /nix/store/r2z4gbls15xvra8hn3z9kabnl7cvdhk7-python3.12-inline-snapshot-0.34.2.drv
  /nix/store/68x5b6amqq0yzciijc1pr0jcf19dmmbg-python3.12-pydantic-2.13.4.drv
  /nix/store/rn1h76wrwhr84d258y4q96h8yc472ylf-python3.12-pytoolconfig-1.3.1.drv
  /nix/store/alk0616xb3rkbimzlafjjd6dndnb454k-python3.12-rope-1.14.0.drv
  /nix/store/pwvab61ygl95cz9s5hjvjazznswnahn1-python3.12-yarl-1.24.2.drv
  /nix/store/9lfp9mm73sqrv996zjzrhlhrsmd86gan-python3.12-aiohttp-3.14.1.drv
  /nix/store/p8742l9432qrjn7g33c41g1rl4hg3qrc-python3.12-black-26.5.1.drv
  /nix/store/4dv04hgh8j074z11h0z63i8rd45gqan2-python3.12-python-lsp-server-1.14.0.drv
  /nix/store/rfbv36qahpd845a5x35ryacjpx54cq1r-poppler-qt6-26.06.0.drv
  /nix/store/wg5fncv8w164ywqbqd6bai2vrv10hd7r-kdegraphics-mobipocket-26.04.3.drv
  /nix/store/9b3ma01nsfvh0f7zzga0n9a9q5aj1108-kfilemetadata-6.28.0.drv
  /nix/store/5kdd5kn5hpg60mavj2qn9zkm87c3hqig-libkexiv2-26.04.3.drv
  /nix/store/9prnhifzvggy93cmzgwcvpyvmavf7hn9-kdsoap-2.2.0.drv
  /nix/store/3z3icgnziwllks672q72rzrg0lsbcicw-kactivitymanagerd-6.7.3.drv
  /nix/store/akqnqq57p3v0gbqiaf3bwjygk89ii4cp-plasma-activities-stats-6.7.3.drv
  /nix/store/g6hd1r2ziqvmijk7li5swhd19pqnr2lp-kdnssd-6.28.0.drv
  /nix/store/lcvcbs6z9jxgi71lszffx177k4m7q97j-kdsoap-ws-discovery-client-0.4.0.drv
  /nix/store/y3ibm4aqd2x8635awk1nz9h6g447a0wc-syntax-highlighting-6.28.0.drv
  /nix/store/hcw0faggkzbap435fq4id77ma0dfl3di-kio-extras-26.04.3.drv
  /nix/store/n3vdmarlm877vnciz0a1lvnvib4ygnpy-baloo-6.28.0.drv
  /nix/store/mqg1j2nnqk883vyvs493ygm0yi5cfi8s-baloo-widgets-26.04.3.drv
  /nix/store/nd5q8lzbfnznvlzhjjgq9abdv5wp4h4y-kuserfeedback-6.28.0.drv
  /nix/store/6v92v4w1ammwljz01aqbgz1cpsjdq9j2-dolphin-26.04.3.drv
  /nix/store/4lqk77z5236fwk2v2pd2nm4y0d7bl279-neatvnc-1.0.1.drv
  /nix/store/6xv4c1yw23wgkqxfa9lydgjp9s7kx5nx-wayvnc-0.10.1.drv
  /nix/store/y2zj1zwi5jzw5irflf1y111pcsq35n9q-webkitgtk-2.52.5+abi=4.1.drv
  /nix/store/2km5nawjhs6c6rjnf6nb4854db84hix9-yad-15.0.drv
  /nix/store/7jl2yw2fdcznh6zi1x92qlnjzpww7y0n-protontricks-1.14.1.drv
  /nix/store/w9q06mwv4dc6bcqqpd26z6kl0sv3rmcf-kpty-6.28.0.drv
  /nix/store/qsgih99v2pd0plaggqkyi5q37zvybw2j-kdesu-6.28.0.drv
  /nix/store/9a26nwd07vm8yzsx3jpk36fdlivrw1gv-kde-cli-tools-6.7.3.drv
  /nix/store/9dcyvl8xyc80sbvbhg2n264qnxal2k4j-ld-library-path.drv
  /nix/store/xy4rpyr3hn6z46n6rsxic9mgscn29gvh-kdeclarative-6.28.0.drv
  /nix/store/akzrfhb3sw38s6ax6pf2l6k3klh0sf8v-kde-inotify-survey-26.04.3.drv
  /nix/store/bf40x8xkfbbix7kw131399sp2pi6rzrc-python3.12-vcrpy-8.3.0.drv
  /nix/store/66nkpqyisp993gl1bsll02783q11l37f-python3.12-pytest-vcr-1.0.2.drv
  /nix/store/fi0276va9sabqsmydi6bihnfqh1z8ij3-python3.12-fsspec-2026.6.0.drv
  /nix/store/bpg798lg52lkjn66q10ykb9ahv463319-python3.12-huggingface-hub-1.16.0.drv
  /nix/store/vysbfyfjri95naird1am6nank86b4pjv-ktexteditor-6.28.0.drv
  /nix/store/c5xyncqk6kdqild7nyn85jk2zhd1fqwh-dolphin-plugins-26.04.3.drv
  /nix/store/l65j2caaapmdfrkx17alhrz3gdcis9g9-libadwaita-1.9.2.drv
  /nix/store/4704nkgn15rpzz0dh6f5fixjpv85mz43-zenity-4.2.2.drv
  /nix/store/raf2bjjgk92vnw7r4l8r2x9mhgpz63kd-sdl3-3.4.12.drv
  /nix/store/ygmb218n3qy20j8r8s4ffqc3a2yaznwa-sdl2-compat-2.32.70.drv
  /nix/store/c73ldypb3ckfslmwnjgnvwyyid5wv4s5-wine-11.0.drv
  /nix/store/2nj9n5hzbl14cp1i4x1p86bjkdl72m0k-efl-1.28.1.drv
  /nix/store/xrx5219vlcbaiy34bgy4hjy8byai56ln-fastfetch-unwrapped-2.66.0.drv
  /nix/store/cixrr1cxn5sck3jn1lp1g5ch3f1k14z7-fastfetch-2.66.0.drv
  /nix/store/mc4qyff0znmdx9n3ify1fx9a70c80zm2-steam-run-fhsenv-rootfs.drv
  /nix/store/ha59a0hmacv0z9nvhxqbr9giggcd8ql8-steam-run-bwrap.drv
  /nix/store/n81nr4p20j7g12vac2qjs5gwz73z3by1-steam-run.drv
  /nix/store/rk4qx8wwb4px1sa09n39jlih1nllikkx-wavey-launcher-1.0.1.drv
  /nix/store/bqn5kynzqry548isvpxbvl3xrjw4frwj-wavey-launcher.drv
  /nix/store/asrp1zz07d5349vcgp205lk5flzrpl51-wavey-launcher.desktop.drv
  /nix/store/d1acwswgcw37izrmvjbj8z9w2ngr4x9z-wavey-launcher-1.0.1.drv
  /nix/store/zrdzpq96446y8znzfgy3bypr6jrg48iz-threadweaver-6.28.0.drv
  /nix/store/7mvai1kxwcb0fq94j70r61kv1222ijfv-krunner-6.28.0.drv
  /nix/store/4k2lfnj5bzlwpqpva058n4r3i5icwrai-dependency-paths.patch.drv
  /nix/store/8b0wcbs19j3m1plkwp336x5lrbz14i0i-kpipewire-6.7.3.drv
  /nix/store/ah16xpn230xhpm1rpffs320v5ix1lhi4-milou-6.7.3.drv
  /nix/store/aybp5vyw46s8wx6ppr08p4m5b4p43hpv-knighttime-6.7.3.drv
  /nix/store/chgnvwa7qcryb3476vv4n23y6rgr94ax-kwayland-6.7.3.drv
  /nix/store/x2x8v4f30v9bl6z6vpfysarwxq0pjib2-qqc2-breeze-style-6.7.3.drv
  /nix/store/dbj3738lkk75khi7qfr6mvf843s8fhyh-kscreenlocker-6.7.3.drv
  /nix/store/dz96ppfd0q6app6g5zysizvmmi3ymsbj-aurorae-6.7.3.drv
  /nix/store/knqh2gdpwwz9k5n74vf97jyzvdq0b6xl-qtvirtualkeyboard-6.11.1.drv
  /nix/store/rzzdlysr391llxif7q9cai3vll0wzs9j-kglobalacceld-6.7.3.drv
  /nix/store/ycxxd5b5c6whg7clrcigv549ddzygl4p-libqaccessibilityclient-0.6.0.drv
  /nix/store/6r4592qbjs6ly68jbx54s4g16qaam1hb-kwin-6.7.3.drv
  /nix/store/bc3jdl7x0lm598mqi8cncrsja3lm2d34-prison-6.28.0.drv
  /nix/store/jwjw3r7khnsqinsmv15rsxbc5ys8hmmv-kded-6.28.0.drv
  /nix/store/wfrmziqbdxsmma3inxb6bq0f31grc0dy-plasma-nano-6.7.3.drv
  /nix/store/inpd51biaar1n215rrsaiwhaxipdl49x-plasma-workspace-6.7.3.drv
  /nix/store/7yg9dpiys7y0rbg9lc25c46mdlzs35sq-plasma-sdk-6.7.3.drv
  /nix/store/ckwn4gss3aq3lpdc91zrrff6llvf8zla-systemsettings-6.7.3.drv
  /nix/store/71c274r97xck98r6pzd4xknd8ayn5ryj-pulseaudio-qt-1.8.1.drv
  /nix/store/ddsg0aalc6avcyixva63j8sda916m3qp-plasma-pa-6.7.3.drv
  /nix/store/h917fkphy4vsjp07lprswkbanbdb9g1v-powerdevil-6.7.3.drv
  /nix/store/pgrav466ap5qi8rgc2bkq0q2yyql1sp4-accounts-qt-1.17.drv
  /nix/store/rngfj2lyp9k67vnh5siygvbpj478l9hj-signond-8.61-unstable-2023-11-24.drv
  /nix/store/smpzhmj6n6a5q4ljrag9xyicaicv1nvb-kaccounts-integration-26.04.3.drv
  /nix/store/v6234ygdvy2d9yp8c1l6p9w3bn6f2i8k-wallpaper-paths.patch.drv
  /nix/store/sp54xg96hjjsw8rw064la0pcpbm4bmx3-plasma-desktop-6.7.3.drv
  /nix/store/d8b44ylxvh653jy6yyfdinlyypzzny28-kdeplasma-addons-6.7.3.drv
  /nix/store/h2l94lilyxi9irna67kqmn78gviq070q-whisper-cpp-1.8.7.drv
  /nix/store/c3rfld58psrdkvh0j6jb8aqv1cly540q-alsa-plugins-1.2.12.drv
  /nix/store/f95xh5bczw2bh95xlwsfwl5b22id8h7d-all-plugins.drv
  /nix/store/kw61qbj4dxxhxxmkcglqclgmrmd6sfkv-alsa-utils-1.2.16.drv
  /nix/store/ddz6bq1cyjiwk4d8m5grqzlk315l4bcw-whisper-dictate-auto.drv
  /nix/store/2kz00rhhj64l7ddb06w779hqal6k300m-python3.14-pyee-13.0.0.drv
  /nix/store/dnylkhjsvy1z5lrlc1nbf5nwf24pivi1-python3.14-playwright-1.61.0.drv
  /nix/store/ymwpa8j8miqzws78m3kk4mi8fvawcjzd-purpose-6.28.0.drv
  /nix/store/dsihcd56pdpf9n15z9f9yakpalbhq803-discover-6.7.3.drv
  /nix/store/q9bjvwsimmgn2adxk250swldi6ly7bp3-sleepy-launcher.drv
  /nix/store/z9ljp7sr2f9jsrprvl804z69h3mx58iw-sleepy-launcher.desktop.drv
  /nix/store/f8dfg9pcafvij0272sj4macr07pa8z1d-sleepy-launcher-1.6.6.drv
  /nix/store/xgfn8kpmjndazql6rv4fv25qds9d6b79-qtbase-6.11.1.drv
  /nix/store/df4g6814pf7xl2d4qhdxrkrq0gcrypvx-qttools-6.11.1.drv
  /nix/store/0mysdplwyr2913l5wdnb93zwgkb4g4kc-qttranslations-6.11.1.drv
  /nix/store/77vx3k34f9zia6bd2nmkgfyaw4n7smw1-qtbase-6.11.1.drv
  /nix/store/2ai5g7n07ym4v0y4i1mn118bp43pdflj-qtsvg-6.11.1.drv
  /nix/store/3ggxarxk66nykmc4ydrbi1day9y5y7zx-qtlanguageserver-6.11.1.drv
  /nix/store/rgws26kyda4b6bh5l7vcmw0jyak30n3d-qtshadertools-6.11.1.drv
  /nix/store/fl83kj1js4nljp9zmygkn9fpiz5s8ffc-qtdeclarative-6.11.1.drv
  /nix/store/3g44l990p4ljd5pivcypxaz5js1lh4g4-qt5compat-6.11.1.drv
  /nix/store/jx50xic9ypji2a7ldndz01j63pqcs6s1-qtbase-6.11.1-only-plugins-qml.drv
  /nix/store/9vll2kxf26c8a6h62kfj870fihi8fvjv-wrap-qt6-apps-hook.drv
  /nix/store/5wva2qyirgmwi2xw1nxwz0iii50my4mv-v4l-utils-1.32.0.drv
  /nix/store/drvk8bmlfrzh8dfyw0v1ky55avibpppi-libdisplay-info-0.4.0.drv
  /nix/store/yxz3kigswikjd0sxgqadav19gl8yj627-mesa-26.1.6.drv
  /nix/store/vin4qb5b60nmva53853jdxfx5ny336ym-steam-run-1.0.0.87-fhsenv-rootfs.drv
  /nix/store/jx5rhjyfcgqf9simlzv5r8k7zld3zbz1-steam-run-1.0.0.87-bwrap.drv
  /nix/store/g596k3qgzpmf0skfp9vhx3qc8fjrlr50-steam-run-1.0.0.87.drv
  /nix/store/g5szl54ipxwn90a4qqg40psrribx0gxp-mermaid-cli-11.16.0.drv
  /nix/store/7f49wpqir51np9636gnagkdirg5mzsy6-honkers-railway-launcher.drv
  /nix/store/wjx4hq3dbsrghzg8cdymywx4lvdnchg7-honkers-railway-launcher.desktop.drv
  /nix/store/ggxlx2dq95b3m3xm5mdr7swg3vzywii0-honkers-railway-launcher-1.15.2.drv
  /nix/store/1bbr2zv6dblhpf39d01z3xmlpmajls48-python3.14-pyqt6-6.11.0.drv
  /nix/store/ajb0ajgl2hisk3pjjhw6p785vcf1p5ia-python3.14-pyqt6-webengine-6.11.0.drv
  /nix/store/h4p7mfapmrw0h6z1xny3a3396z36qp2r-polychromatic-0.9.7.drv
  /nix/store/j5yx10g0mxmxcgf5wgr158c8yfr5f4da-kde-gtk-config-6.7.3.drv
  /nix/store/17iark4n2pl2qbx48n08r0nw5aavlwjs-quazip-1.5.drv
  /nix/store/ja6mgd6s9vn78xj75021vrjzrjkn0mbi-ckb-next-0.6.2-unstable-2026-07-20.drv
  /nix/store/jfgw0yacj8nlsrxkqnghi41b95d0ysza-noctalia-5.0.0-beta.7.drv
  /nix/store/gnq9m23bksnh74ww10xawks6h9dw255k-libopenrazer-0.4.0.drv
  /nix/store/jkfsbsbzg5c8jfyr97j9p0cqkgrg7l67-razergenie-1.3.0.drv
  /nix/store/v81gsgdxf38d8h7i8mqkb2nzs7p53jnh-bluez-qt-6.28.0.drv
  /nix/store/khs40ssrz9jnafn8zzg6nyrm12zwhh4z-bluedevil-6.7.3.drv
  /nix/store/kvvwrsg5apx2x3gpa8sbr5cwfjb91924-konsole-26.04.3.drv
  /nix/store/dwb7vyn18bzl4dbs2g9smp0g8v370qjs-libkdcraw-26.04.3.drv
  /nix/store/5gk6jmijfaf1z98dbj8vbpvsmrkjzm78-kcolorpicker-0.3.1.drv
  /nix/store/g14bqg6h557xda1hfd6iki9r6595cplk-kimageannotator-0.7.2.drv
  /nix/store/y19v4jk6n5ji0ij7pab7lwd11j2i24vg-qtimageformats-6.11.1.drv
  /nix/store/ky0wgwb47ccxa7pqi0a8frmc2dafk9nq-gwenview-26.04.3.drv
  /nix/store/rrdaqxhyd3ypyqxmq91y6jhka571h0ky-kquickimageeditor-0.6.1.drv
  /nix/store/lmillcq67znb8wpa0idgrqaa5bnh2syf-spectacle-6.7.3.drv
  /nix/store/rmgz1pyi0fs2xmgwszazs50v70lwj68p-libqtpas-4.4-0.drv
  /nix/store/l4k02xiv4l7c9bff3flbdh6y4yzi3lya-lazarus-qt6-4.4-0.drv
  /nix/store/ckpr8hj8s97gyha6axs7xn2plsa6gvbz-pascube-1.7.0.drv
  /nix/store/lpvq58h1jm598925hig5av0kd2nmxvc1-goverlay-1.8.2.drv
  /nix/store/lwn9lihxsmx1agfjfc8a5a79sizn5qvy-qt6ct-0.11.drv
  /nix/store/hv4kgwgwmz16qjvjlzymszrhd559gbhp-modemmanager-qt-6.28.0.drv
  /nix/store/w9a4qnrq8s68lsnpdsgq0if4556bqqq1-qtkeychain-0.17.0.drv
  /nix/store/mn0nvk55kj55b3k8xrr9g6d0afskz4a3-plasma-nm-6.7.3.drv
  /nix/store/qpjmi6z4v8r241k86r14n37syhkbzk0p-steam-1.0.0.87-fhsenv-rootfs.drv
  /nix/store/al7z3w2s1highswd2qd4rs253966b9fv-steam-1.0.0.87-bwrap.drv
  /nix/store/mw46xgaf4njikkvk1rmnr0kkmpnsa9gn-steam-1.0.0.87.drv
  /nix/store/ri4cqghmircv73l1wq8hb2ll6l1fdmg4-python3.14-libvirt-python-12.4.0.drv
  /nix/store/nvi5isd0fllm6a07g2xjx93qpdb9l3lf-virt-manager-5.1.0.drv
  /nix/store/62x9x70yvvzi22ad6aahlksfm12fq1z5-sddm-unwrapped-0.21.0.drv
  /nix/store/p959dvbja0i1i1n8rzn0b2j5iy1pf2l2-sddm-wrapped.drv
  /nix/store/wlvljsxzfwdsrzsvpw41c0s03n3f6ici-stability-matrix-2.16.1-bwrap.drv
  /nix/store/7gvjlxxgr5lqh9z235dcc8wsg5y3798p-stability-matrix-2.16.1.drv
  /nix/store/p96n1hv9m1a5q9q40fycgz8li10wfqxz-stability-matrix.drv
  /nix/store/pcq9m9p735ndkqrx22wpmn1yfaxwjhad-espeak-ng-1.52.0.1-unstable-2025-09-09.drv
  /nix/store/pcd7agikbphxw0xswrjksxij9670ld2w-speech-dispatcher-0.12.1.drv
  /nix/store/zq0fxhkr3dmggw65ylr835fm54r1car1-python3.14-afdko-5.0.1.drv
  /nix/store/a0wryxnzwhs4bwhhq5rjpax5w0kbim4g-nototools-0.3.2.drv
  /nix/store/nhi9qqpfbnqg8z7s1phl62v11g11wwdp-noto-fonts-color-emoji-2.051.drv
  /nix/store/px3hwrca2inaff16lbmhvj6w94zyrmq4-X11-fonts.drv
  /nix/store/qm1d5py90nqp7nq0rgnzw8mdgvc8sbfj-xdg-desktop-portal-kde-6.7.3.drv
  /nix/store/wwh9mz9xfprg2p119f3sa64mvzpqjakz-phonon-4.12.0.drv
  /nix/store/ryhwdxvivvgxqqvybzrk2skbahvsdj55-okular-26.04.3.drv
  /nix/store/sag06b3pgbl2mbv5xyrsvrs6z52kr2nr-filelight-26.04.3.drv
  /nix/store/sj0n71w6fm99kanjqxp1kiicdz1dklky-kate-26.04.3.drv
  /nix/store/7cy668ahi02nww7zr2cglri6agrg4idh-anime-game-launcher-3.19.7.drv
  /nix/store/ssa0shklh441s6cf2rbb0pbph1rkajy7-anime-game-launcher.drv
  /nix/store/725x1vgh56g0s9jhys40bjdh5mysjrc4-anime-game-launcher.desktop.drv
  /nix/store/v6vvzs96lwg0fvbgspy1p4wlbyp3dza7-anime-game-launcher-3.19.7.drv
  /nix/store/vziyjkba8wi4qc1qiyvh0lf2zdards8b-whisper-dictate.drv
  /nix/store/vznbw32s4d6rbp8r1cqrs47hwzyygfi1-ark-26.04.3.drv
  /nix/store/s0in1krrijc9v509fdyvkyllnrbybhqh-ffmpeg-6.1.6.drv
  /nix/store/frgypd1c6d3lad0zgcxd8w07pkicllf0-tg_owt-0-unstable-2026-04-09.drv
  /nix/store/wbsz8wpwxj9wkkqaag33j2gf84q1h9fd-telegram-desktop-unwrapped-7.0.2.drv
  /nix/store/wl9mdf6z55fzhxyvi390i9s6x07y9rzw-telegram-desktop-7.0.2.drv
  /nix/store/xgynn7pm3nsv2ah283120k8n8hl75pfg-surrealist-3.6.1.drv
  /nix/store/mq0rg8d3rj2m3c16b7dw7k2iny3b80ph-triton-llvm-23.0.0-unstable-2026-01-29.drv
  /nix/store/32rvwskk9l0cjd7qddh8c147sjifkw8k-python3.14-triton-3.7.0.drv
  /nix/store/8xkk7mcbndrbw35clyxg1xdxiv3rbsbz-python3.14-torch-2.12.0.drv
  /nix/store/2vldk9bywiqfyz8gl7xrzl0x783ayfzf-python3.14-safetensors-0.8.0.drv
  /nix/store/bsdsdajxcnhcwhaa2pqfvlvfj2jf1bca-python3.14-tokenizers-0.22.2.drv
  /nix/store/k205m7adx8rpbnkn57rg0kmjd6ys4khg-python3.14-transformers-5.5.4.drv
  /nix/store/b2dh9bd1pbxip87as8h6j0yzl74xn9f3-python3.14-optimum-2.1.0.drv
  /nix/store/27mgx0f92b8vdpnidygnljn4kvm8y6sp-python3.14-optimum-onnx-0.1.0.drv
  /nix/store/ia5wlmpapz32m5djldf0lfmgj75v7l0n-python3.14-torchmetrics-1.9.0.drv
  /nix/store/1yn5lcprf55l170fr2s2lk93a9z2myl1-python3.14-pytorch-lightning-2.6.5.drv
  /nix/store/r35da9yihwx56b1ga1knf561hbxb9n3f-python3.14-torchvision-0.27.0.drv
  /nix/store/6mbdjkmdalhqnwgfzww5li7pw6z9q68a-python3.14-torchcodec-0.14.0.drv
  /nix/store/syip08cj7r83zj0ivb1v52cdskx0hk7y-python3.14-librosa-0.11.0.drv
  /nix/store/66axsyrrxmv4fwbx36hw68n37x4vc9m8-python3.14-torchaudio-2.11.0.drv
  /nix/store/nw73rvpwy3l3nn45bhh670yq6w80l091-backend-paths.patch.drv
  /nix/store/3shjgimg978272icd7aak0bibxc2bbvg-python3.14-testfixtures-10.0.0.drv
  /nix/store/9bx624fp0dwamzh1l1qzgwl2m66rb60m-python3.14-prawcore-2.4.0.drv
  /nix/store/fi6djfqwx9504gvmy0iwad2c9jfvcapg-python3.14-praw-7.8.2.drv
  /nix/store/cmz4im9h9y93bcjxg9k7r78wmj2n39mr-python3.14-aiohttp-socks-0.11.0.drv
  /nix/store/zp8g0q8c9fgax1ncql1q2dkj31nxznjc-python3.14-respx-0.23.1.drv
  /nix/store/s9j152nwy1vj02pilj0j7jb506v35d8i-python3.14-elastic-transport-8.17.1.drv
  /nix/store/ym78x250p9y1pa5s04mvhkp9vqkh17c3-python3.14-elasticsearch-8.18.1.drv
  /nix/store/ll325wwhd78gvpn4dyn54haqg8ha3cv5-python3.14-pytest-benchmark-5.2.3.drv
  /nix/store/zbfyc5brnq640nl2yxxk0g92kjfippgs-python3.14-pytest-aiohttp-1.1.1.drv
  /nix/store/sa6z8g2gplss79faig2p159yzfn5rf1b-python3.14-matrix-nio-0.25.2.drv
  /nix/store/n7s7c2iadjw5icd1mp2kv894b6w2fg6i-python3.14-zulip-0.9.1.drv
  /nix/store/75i05hk528bdhpbxjf15lsdcdw6p903y-visidata-3.3.drv
  /nix/store/0q3maln9nbirzl0wddc4h7lsblg576pa-python3.14-versioningit-3.3.0.drv
  /nix/store/v862bhw2h0jww2v6bj8jrgj73czf7f93-python3.14-scramp-1.4.5.drv
  /nix/store/c0rgv7xxfb6dg00hs58inpmmzq3cgr1q-python3.14-pg8000-1.31.5.drv
  /nix/store/9kqkykl8m0rdsbzzbsw27hq2q9kw6g49-python3.14-sqlalchemy-utils-0.41.2.drv
  /nix/store/h53nj3ckwwl8a6dq9vqd993zqfds5fx6-python3.14-django-5.2.16.drv
  /nix/store/c2a304n3gzd0wm9labx09nw9887b39np-python3.14-factory-boy-3.3.3.drv
  /nix/store/dvcy7aqp866jjz6w2k77w122x25n7rf6-python3.14-django-configurations-2.5.1.drv
  /nix/store/bnp1lffccill4cjfrg1wbfvw67mhfz0p-python3.14-pytest-django-4.12.0.drv
  /nix/store/yb0xxzw282ld7yryc1bzb54kagfyddrm-python3.14-model-bakery-1.23.3.drv
  /nix/store/lnsf0dbqm798f9wba478ljgb4i9p9xx8-python3.14-pytest-randomly-4.0.1.drv
  /nix/store/5iwxcigh9s917v4rjkg24gj314815l63-python3.14-httplib2-0.32.0.drv
  /nix/store/s2zww9i9gm91d2jgxbazpalz3qpbfq8m-python3.14-google-auth-2.50.0.drv
  /nix/store/9p9mrz3m385qc3nbj7kj7h41pj4j7xxh-python3.14-google-api-core-2.29.0.drv
  /nix/store/s2ww8n21faj2z6s2ga5mlp783rkm1148-python3.14-google-auth-httplib2-0.3.0.drv
  /nix/store/g6yvjalfcnh3myqxb54qwqxbdlm4kx4d-python3.14-google-api-python-client-2.192.0.drv
  /nix/store/k5gcavxblzs0hx3a2mqf9zsi6hfklsy0-python3.14-fastparquet-2026.5.0.drv
  /nix/store/7v9p0d3ls82zj4fnkj9057p6sdg1zpvv-python3.14-aws-xray-sdk-2.15.0.drv
  /nix/store/ms3d9h8vm6q0hgkmwjrjmzg1nyldp8b5-python3.14-moto-5.2.2.drv
  /nix/store/2h7bnr1zh3rvrfch96pbz637wyrz1jz3-python3.14-google-cloud-kms-3.14.0.drv
  /nix/store/4gz1zq9h2vjqkfij06sisw900gyrdrfi-python3.14-google-cloud-iam-2.24.0.drv
  /nix/store/61yz3ihh5zx35lh3410rvacl95bga9lj-python3.14-google-cloud-testutils-1.7.0.drv
  /nix/store/d17yzg6xrcyldi17cy7y18yxd5d4wn9p-python3.14-google-resumable-media-2.8.0.drv
  /nix/store/p10036jfbij50h69zam3yyl0dwyvvz8k-python3.14-google-cloud-core-2.5.0.drv
  /nix/store/shp8r8kf9g2a38mx084gvcr39x4f50sx-python3.14-google-cloud-storage-3.12.0.drv
  /nix/store/wjmpz6bwsq6f9zbf9c3pmvmdq2vsw5nn-python3.14-duckdb-1.5.4.drv
  /nix/store/r38xvsxavlwaa65rfq09mdjf897r00gd-python3.14-duckdb-engine-0.17.0.drv
  /nix/store/f5mm64vkyssm8ifcp68prdgi37x8i6n2-python3.14-frictionless-5.19.0.drv
  /nix/store/4920hc9j28s67as5n7d335z617syfic5-python3.14-csvw-3.7.0.drv
  /nix/store/yanphjx3x86iam1sq46ysjv01d35brma-python3.14-segments-2.4.0.drv
  /nix/store/q741z73v70qwmal1y3vipwcivrarc540-python3.14-phonemizer-3.3.0.drv
  /nix/store/jg2igsi878h4n7a89a1px6sjq4mm689a-python3.14-evaluate-0.4.6.drv
  /nix/store/xfpblri8bv6sy5b5m1wymww6l6bslwlc-python3.14-accelerate-1.13.0.drv
  /nix/store/2z6zwf9qr784z61m6qdaw35wq33qbx7g-python3.14-sentence-transformers-5.4.1.drv
  /nix/store/37yz717c0fl6yrizbna0ilc790li21kw-python3.14-prometheus-client-0.25.0.drv
  /nix/store/xh5a11mghwwxgqsn2vdc64h0wyq3d58p-python3-3.14.6-env.drv
  /nix/store/z9hxfgqlffbwiawvhp5qax0f7vng7lwa-qt5ct-1.9.drv
  /nix/store/zjy18phgwdk8hprmp6fsmksybvlcqs7f-plasma-systemmonitor-6.7.3.drv
  /nix/store/dr74ia8xrk9hnm6ifdh3libkpv9x0qld-system-path.drv
  /nix/store/gwn1s85f66r8r42qxcz410ia68xmcl6q-localsearch-3.11.1.drv
  /nix/store/gp5w7fyhfzadfk7b08g3qnc6jfxa8xkm-nautilus-50.2.2.drv
  /nix/store/5hk42nwgd3xgdipdl95hyqmfj1ijxiwq-dbus-1.drv
  /nix/store/qjbl4n8cx00p1da9i08y5qm2whsyc1bq-X-Restart-Triggers-dbus-broker.drv
  /nix/store/m38x2fb5miy48l0qx9kjh742pm9v7hhf-unit-dbus-broker.service.drv
  /nix/store/ncyrl5pg5yr2p0iq87ghwxkp8by2g50l-unit-hypridle.service.drv
  /nix/store/2pwl84ah7s86iq07xpzv30ah7ykycx5g-X-Restart-Triggers-wivrn.drv
  /nix/store/vjv110201srcm5s7h1j7i0y6g5r61726-unit-wivrn.service.drv
  /nix/store/0miq8qx43wynnkymy9fd8kcr0vswan84-user-units.drv
  /nix/store/nj4qdc43zf0q2f0jyky3q03v3sjs8y72-linux-cachyos-latest-x86_64-v3-7.1.3.drv
  /nix/store/6cc44q686shk003v3scsy3q7b6q9nrqm-kvmfr-B7.drv
  /nix/store/vzv2zwx03fvzrqkimx34glrn88ddrkc7-openrazer-3.12.4-7.1.3.drv
  /nix/store/xqsh5afsi86lnh3027bsjrn5gm0n6fpg-nvidia-open-610.43.03-7.1.3.drv
  /nix/store/k8p1z0xm57xdjs0h4y8xdzpv490fg78j-linux-cachyos-latest-x86_64-v3-7.1.3-modules.drv
  /nix/store/0nii8yydhfbz5khbm71f0a8cr83kc0l1-linux-cachyos-latest-x86_64-v3-7.1.3-modules-shrunk.drv
  /nix/store/7brkxs53fixsvppasbdczgg1nq4hif30-papirus-icon-theme-20250501.drv
  /nix/store/1f2fh53i8vy74aklpmiwa3xwzg63dki5-papirus-icon-theme-20250501-fish-completions.drv
  /nix/store/219dx37m8parlpra9w7d3g0ask8b09mz-whisper-cpp-1.8.7_fish-completions.drv
  /nix/store/21g50f0q7c1kkg1w61hp89cgcwx9z0pl-python3.12-black-26.5.1_fish-completions.drv
  /nix/store/260y4x7xwqcz3z9s4l2spfhlc7923bx6-xserver.conf.drv
  /nix/store/lga1wi2rdlccn38q1vx9hvwkr3788q6r-sdl3-3.4.12.drv
  /nix/store/2am8rgvghxyqglfm56rs6c89yrdbngsw-sdl3-image-3.4.4.drv
  /nix/store/2gf09d9q54g4fci6k0zl64mad4v0mpix-initrd-linux-cachyos-latest-x86_64-v3-7.1.3.drv
  /nix/store/2ilakxyqf0r7banckq56xdh6d6k9735g-hwdb.bin.drv
  /nix/store/2j3vpw8cj4lnbfmx0wb1w6zmqvpfvifs-qdrant-1.18.1-vendor-staging.drv
  /nix/store/a7pi8my96yrg1nbq2d8ah0gdm9srjkc2-udev-rules.drv
  /nix/store/fyn5n6wj7l4q6hyav1xkmbglg9xg2kb0-X-Restart-Triggers-systemd-udevd.drv
  /nix/store/2xgw11plw1h414a060risxq7m23jw50r-unit-systemd-udevd.service.drv
  /nix/store/jzl6n8a0y5d2x5m239r3i2574fswd8nv-sdl3-ttf-3.2.2.drv
  /nix/store/2xmqmc8kfh00nhjr7qg5j2l19ziss96n-freerdp-3.30.0.drv
  /nix/store/97nq128xsxrli2jcmldfcmixn7flw9zp-man-paths.drv
  /nix/store/5ki0s7v3pvsinl27x8r7kckm5g9k31ph-man-cache.drv
  /nix/store/31kpjxgrv6dp5ds2pdabnkgzpq4fdpnb-hm_.manpath.drv
  /nix/store/8ayl2jk17axvpai7a4s6mkl3ljhkcvwm-X-Restart-Triggers-polkit.drv
  /nix/store/3669a32fq6yqjnb9zfnl7is5qx127mix-unit-polkit.service.drv
  /nix/store/3cfgvyp82a83pab5rv32wq9rbdbkw9ad-fastfetch-2.66.0_fish-completions.drv
  /nix/store/3hcykjmz3bfb3xgczvj5f1asp0pdplcr-yakuake-26.04.3.drv
  /nix/store/3k0ghbjx0az56pqpd9mmv3q1sywfaprm-polychromatic-0.9.7_fish-completions.drv
  /nix/store/3mzwi0f5xkapcdfrpia60j15zfmhdj3b-python3-3.14.6-env.drv
  /nix/store/3yh348xr91yrg3qj1aji931v6z3b9yyz-libdisplay-info-0.2.0.drv
  /nix/store/pglh3n2xi608jzf3sbpzarj7y9jkcqfg-home-manager-path.drv
  /nix/store/inx5slbhaa9kfnqb778n2p0cvqp38fbp-config.kdl.drv
  /nix/store/mrkvlijs5jckycp5zwjwva20505r1fa2-hm_hmfontconfigfonts.xml.drv
  /nix/store/zqlwzxlx35ybvw78b6n5bc2ihddj5zlh-j_kro-fish-completions.drv
  /nix/store/rml232j8m6zwwraamk4a6pd9555az618-home-manager-files.drv
  /nix/store/bymmrn9sr0g4l579i0ryvzs77i253zcm-home-manager-generation.drv
  /nix/store/4nmvl6idj9a7x9cizicz1p82cjs4zx1s-unit-home-manager-j_kro.service.drv
  /nix/store/4sac2jgc1978nffm9k3kqd6s84b6nlxk-whisper-dictate-auto_fish-completions.drv
  /nix/store/51rypm2grcd0f9m621ly78n3h096gl8n-xdg-desktop-portal-hyprland-1.4.1_fish-completions.drv
  /nix/store/vknry5pjghpgfpm07w2zjhs0wjznc5pd-unit-script-libvirtd-config-start.drv
  /nix/store/5d536dfnqg3spxqcmfw1r678nkc0y7bm-unit-libvirtd-config.service.drv
  /nix/store/5f42awvg1ihn9vr4242z6867x1d4jclw-surrealist-3.6.1_fish-completions.drv
  /nix/store/5k49fgbmhcm0c7dbzp8jra4rwy1s9gdy-steam-1.0.0.87_fish-completions.drv
  /nix/store/pw8fw2v487f3c6lmxm62nkmm883jk063-desktops.drv
  /nix/store/5kly0fw3cfck0ssw2vnmlmwhb5msmk0j-wayland-sessions-filtered.drv
  /nix/store/5q62l2zbk1yg0yxl4j1nkbl3yybxy2bw-qt5ct-1.9_fish-completions.drv
  /nix/store/ckpg33gpji94b6pf5cc15dk4w6s34fm6-set-environment.drv
  /nix/store/63ph4y6h4jb5z5gk6ynfs180in003rq1-etc-profile.drv
  /nix/store/7b51hmqcw27iqvj65nsqvcdzjk9svhwn-etc-xdg-autostart-plasma-monitor-setup.desktop.drv
  /nix/store/5scd3339wskg7m0ag9m5cw08f54qnmz5-python3.12-python-lsp-server-1.14.0_fish-completions.drv
  /nix/store/61pa3n3qb39l57qpig9j3hy4yhw7b4vl-dolphin-plugins-26.04.3_fish-completions.drv
  /nix/store/6k7l7wbcrkglhjh3bfrdwad2ap0z1wv9-speech-dispatcher-0.12.1_fish-completions.drv
  /nix/store/6r7790qpq57lm58zld61k6s3xm3vc1zc-python3.12-huggingface-hub-1.16.0_fish-completions.drv
  /nix/store/729sc1ky38ahdp96np9qn0d5mby0zvj7-wine-11.0_fish-completions.drv
  /nix/store/7hr2n1fg1vjks4d2af9c1qxvdk3834fq-filelight-26.04.3_fish-completions.drv
  /nix/store/7njlshy8y4dlgqbj2mz4x1hvgm9gqd32-bluedevil-6.7.3_fish-completions.drv
  /nix/store/7npv998hm2jbgpvwpvmxq2nadxz3amk4-ark-26.04.3_fish-completions.drv
  /nix/store/7pn501cy9gqmnxs4b7crz23rj9076rml-openrgb-plugin-effects-1.0rc2_fish-completions.drv
  /nix/store/8han2806q0wa61lk9bbmdkdss27kvqah-wivrn-26.6.2_fish-completions.drv
  /nix/store/8wl9l5wvrlr7nas2hhby9476vzq8642m-steam-run-1.0.0.87_fish-completions.drv
  /nix/store/8y1l5wkxwc95ngh1vqyxifq80fsmzph4-virt-viewer-11.0_fish-completions.drv
  /nix/store/9pd3niw9q1x5l48z95fqc1n5wafp9ixy-kio-extras-26.04.3_fish-completions.drv
  /nix/store/ag8rm82xjjpnackn5c5hq3cqz6dv9f0i-honkers-railway-launcher-1.15.2_fish-completions.drv
  /nix/store/ay8bgwqabyanmczzjy9qzw6672sla0z2-konsole-26.04.3_fish-completions.drv
  /nix/store/az3ixbc95j2ailh4rzgnch2fw3rnncgg-whisper-dictate_fish-completions.drv
  /nix/store/ccllg7irl15zm9swsnrj0g14y0i9a82r-kscreen-6.7.3_fish-completions.drv
  /nix/store/cg21dib1laz9ibj8kzypkp44q25ki17w-gwenview-26.04.3_fish-completions.drv
  /nix/store/cn84ry77qbdvs8h0y9vs10hwyysdh603-libvirt-12.4.0_fish-completions.drv
  /nix/store/cr82p1gx6v8hhgsdlbyk6khrgfnv1dbl-plasma-systemmonitor-6.7.3_fish-completions.drv
  /nix/store/cs4h8nahsp5563p0wfak7id2y6ksr5xh-kde-gtk-config-6.7.3_fish-completions.drv
  /nix/store/cxnyb8pa8dsvx9rhsf68rap32zvnmlis-kde-cli-tools-6.7.3_fish-completions.drv
  /nix/store/d8a2ah0z4vipa3jh5rvn5gh2462m0kz9-wayvnc-0.10.1_fish-completions.drv
  /nix/store/dwf4931zvvc43ymhq485fcd3c0gm0ms3-virt-manager-5.1.0_fish-completions.drv
  /nix/store/f9zk1cw232gmqxnfrin8v0c0vf6avxmx-chromium-151.0.7922.71_fish-completions.drv
  /nix/store/fhmxncmacianqcxsj9j9vdvw162jhh04-sleepy-launcher-1.6.6_fish-completions.drv
  /nix/store/fim6f1bwgdi6ivr6ymxaa3nyfz7g8ykj-python3.12-isort-8.0.1_fish-completions.drv
  /nix/store/g9d9v1av4c556dhzyx1c6z5nr8qn4pc0-ckb-next-0.6.2-unstable-2026-07-20_fish-completions.drv
  /nix/store/gb54g69lg09f7f20nn5094qpkm5fzk0f-razergenie-1.3.0_fish-completions.drv
  /nix/store/gms97z2mpwv0hg2gnx421zkfs7gdfswg-mermaid-cli-11.16.0_fish-completions.drv
  /nix/store/gysgw9p83w01grxfzwrqkp7pmag7l6bn-discover-6.7.3_fish-completions.drv
  /nix/store/h2a4y0nd5q88nsdqphp9w3kyfh98f4za-hyprpolkitagent-0.1.3_fish-completions.drv
  /nix/store/hb970al1d19jsjv2y9ndxkgyzxs4hsq4-X11-fonts_fish-completions.drv
  /nix/store/hkcwgydb2xggkpxfp4rlbsmv03khz5lq-dolphin-26.04.3_fish-completions.drv
  /nix/store/hybc6njar6dda6w700jf17h2kfqc36pp-okular-26.04.3_fish-completions.drv
  /nix/store/i8d6xfwnncb4vnfyh8j0jpcac05gkicx-noctalia-5.0.0-beta.7_fish-completions.drv
  /nix/store/ijk51xlap983iqdhqhac1s2xnmva357k-ld-library-path_fish-completions.drv
  /nix/store/ir2h371kzpa1fyw2b0884y1bynlb6zvy-spectacle-6.7.3_fish-completions.drv
  /nix/store/ixsvh58d4a13y2s2yawcg93n9y9r4qx3-stability-matrix_fish-completions.drv
  /nix/store/jb909rrdr9rinilgm3p5bb9m1p3if6bc-anime-game-launcher-3.19.7_fish-completions.drv
  /nix/store/lnhcx8y8n8y1rg3qwq9bhyf7wfs7fk28-plasma-workspace-6.7.3_fish-completions.drv
  /nix/store/m8hp2gprfc8d6ccy9gwnkzzaz60rvdp0-python3.14-playwright-1.61.0_fish-completions.drv
  /nix/store/m97ngaq728y5s0aqysg85dpjl2d9s7kr-telegram-desktop-7.0.2_fish-completions.drv
  /nix/store/n3s746vd2fj11nqicxj1kbzw3ia846gx-kde-inotify-survey-26.04.3_fish-completions.drv
  /nix/store/n59wpxfv3hh13356gs7gn27l3viifk42-gamescope-3.16.25_fish-completions.drv
  /nix/store/nh2n2drnzagvwgm86x3l0r1kd0d3w28x-plasma-desktop-6.7.3_fish-completions.drv
  /nix/store/ppi4aw76j2pfphiflksf71566ilhfgcz-alsa-utils-1.2.16_fish-completions.drv
  /nix/store/q6vkcf9mw476vkchxvdm2vw2wsfdpl3l-sddm-wrapped_fish-completions.drv
  /nix/store/qp2ki2l7k9037w0h16b48rsyqh7yybql-goverlay-1.8.2_fish-completions.drv
  /nix/store/qyysvfqlmvgz8bmnsaghm3ppm0lkzksx-plasma-pa-6.7.3_fish-completions.drv
  /nix/store/s8068ip06rpph1xx7x0haw2c1q4mxvvs-protontricks-1.14.1_fish-completions.drv
  /nix/store/sb9n4vx629a68hyzs7jfjh3498c947iy-qt6ct-0.11_fish-completions.drv
  /nix/store/v0c545ww1ir9lwihd939i4syq19nf8s6-kdeplasma-addons-6.7.3_fish-completions.drv
  /nix/store/v88iqqricdby8fll986xck1bw9d6ra5x-plasma-monitor-setup_fish-completions.drv
  /nix/store/vymb6hxm37fbwjskg4ib4dc72w4jdsc7-python3-3.14.6-env_fish-completions.drv
  /nix/store/w3xr1gq0ph071j3sldd2qh1is8w2qkd7-kate-26.04.3_fish-completions.drv
  /nix/store/ww0dfvfnbm8vcgh4n5ww68hg9z2jp8ak-xdg-desktop-portal-kde-6.7.3_fish-completions.drv
  /nix/store/wzz3bzzrmvm8998p974bpwj4paiwhg50-wavey-launcher-1.0.1_fish-completions.drv
  /nix/store/x5irbj0whh3wv55k5a3m1gan1qchjzcl-noctalia-5.0.0-beta.7_fish-completions.drv
  /nix/store/xbfxa39im9096dvwv21gl3x8wxvf7ccn-hyprland-0.56.1_fish-completions.drv
  /nix/store/xk9r7jfyp9ii0wl1bd9c98p14nv09cq6-openrgb-1.0rc3_fish-completions.drv
  /nix/store/y75zsvwdvw3gjiq4m4f3jzvnhjyfri8k-plasma-nm-6.7.3_fish-completions.drv
  /nix/store/7l5kszghwcp36lgf2zvj4br7y3xyl3ar-system_fish-completions.drv
  /nix/store/86zhm2rycm9dpbwdffwsxllakp8xfynq-system-generators.drv
  /nix/store/92ivxzxswbngnp7w1inn0cq4533wnxyl-graphics-drivers.drv
  /nix/store/6w4hvfrfjsdwl53fccil27mmizjy7q6n-graphics-driver.conf.drv
  /nix/store/fifqr3x0wq2kvnwqn2cwhpzb54kjm297-tmpfiles.d.drv
  /nix/store/rcfxcqdx9x5rqy1fic150agzaa12z5rk-X-Restart-Triggers-systemd-tmpfiles-resetup.drv
  /nix/store/ah4sxwfyvm4sgqz4kw90lfbqdy89dbah-unit-systemd-tmpfiles-resetup.service.drv
  /nix/store/ai0nxzwz5y0glr4yppw3gw5759m5zvw9-unit-virtlogd.service.drv
  /nix/store/jq442xx1ij27gp37nfhq68w37nhyvm3l-unit-dbus-broker.service.drv
  /nix/store/c3ddd2g11fcwxhvb64jxh7p0w45h77ba-ai-inference-monitor.py.drv
  /nix/store/jwikqfx7vgkhdy71w2fzwzjkjlsr1ihp-unit-ai-inference-monitor.service.drv
  /nix/store/g27js1v6nnb41n8s5b2m1kriqsh2frgh-man-paths.drv
  /nix/store/a32dibr206khq8pvp53n2dabp08l3952-unit-script-mandb-start.drv
  /nix/store/lq2zzpjsa8raxkb4ypca92wqjvgy7y7k-unit-mandb.service.drv
  /nix/store/j9igv04s08hsa9xlm2d6bs2hplix4f29-qdrant-1.18.1-vendor.drv
  /nix/store/c9jjcq1i8vmqndk99xb6kbh3aay8hn18-qdrant-1.18.1.drv
  /nix/store/mzw9bha86zr2lfsrpnhanbmd9k6lm9bi-unit-qdrant.service.drv
  /nix/store/z03p1ashw1lrgqlx8lv8jx2lblqg2jjn-unit-script-gamepass-vm-define-start.drv
  /nix/store/p17729wkj2m90aw6nqwzjcxs5zfdlz8f-unit-gamepass-vm-define.service.drv
  /nix/store/i2248x45md4f2j627587554mmvb1xngy-gamescope.drv
  /nix/store/r1jm168j2w2jpgxp8w2mk3ma2wbvnh25-security-wrapper-gamescope-x86_64-unknown-linux-musl.drv
  /nix/store/zv44xqp538j0s45mxn8jka4nxp693l25-security-wrapper-Hyprland-x86_64-unknown-linux-musl.drv
  /nix/store/laximqb4ki3ibkkgxy6vkab8c6yq7mjg-unit-script-suid-sgid-wrappers-start.drv
  /nix/store/vlj707xi06rmczji4gmlwhxysspbkb97-unit-suid-sgid-wrappers.service.drv
  /nix/store/w3d1bj05mx95qkadpy1n2yz91myzzhpm-unit-ckb-next.service.drv
  /nix/store/wg77sdccamvbkl39ghf24j53kn8jzgkx-unit-libvirt-guests.service.drv
  /nix/store/zfl6m8iz51mi1msiy9zrbd873qqhbcz4-unit-virtlockd.service.drv
  /nix/store/c5i5pxbxf9rvixc3543bcbq9i5xpggwk-system-units.drv
  /nix/store/f0w14d94n0pc4mcllsb37r6dls1skbk6-user-generators.drv
  /nix/store/f1srjc2vxhfmq6vcpjcz9c3h13w11g25-nixos-env-preinit.fish.drv
  /nix/store/g82fv2gx6xn3x8caandh0ifjw76kc125-system-shutdown.drv
  /nix/store/mmvqipw5c2li3qhxw7lkysapxl6kpqqj-xserver-wrapper.drv
  /nix/store/v5c21lzs0wr4izl4rjan1yfl3hmn07s7-weston-15.0.1.drv
  /nix/store/inlshdw4zwc6dylpy4z0vw4yi045mjza-sddm.conf.drv
  /nix/store/kv12a0af3jk0az7kyzqif8b94fx7ykgf-etc-xdg-autostart-tv-monitor-daemon.desktop.drv
  /nix/store/kwc47nbqvhsiqaar57vbdrldi0v38ywn-etc-pam-environment.drv
  /nix/store/drkh02dj07sfm19f0ibg8z8hr9g32svx-font-dirs.drv
  /nix/store/6kh3dygm6193d9i0dvr7bzsvcag9n2qj-fc-cache.drv
  /nix/store/qadfnbr8vpspfxq5jzas7yd0rwj4yg07-fc-00-nixos-cache.conf.drv
  /nix/store/lx47ykbkvpbf4y2x0znfaxia9pw3hgcz-fontconfig-conf.drv
  /nix/store/nrlv492q20xm1hq0y9wppl9cbizyj1ih-fontconfig-etc.drv
  /nix/store/pxscb4s18nandxg4j4pw910xdv5y984q-user-environment.drv
  /nix/store/sac5rx1m3jsdli8xg44pd0mx95aj1584-etc-ssh-ssh_config.drv
  /nix/store/60sm6mdf94i390dcg4r3z6bcmzvbsnsv-etc.drv
  /nix/store/v7qminhyapaqg404rxhh9ksgd6qv5yww-ensure-all-wrappers-paths-exist.drv
  /nix/store/wjl0vdxs48xck26qy3px2dd8fyjbz6k6-activate.drv
  /nix/store/wp0y77bbz59vjp40807danmba902wz5s-boot.json.drv
  /nix/store/5rwmggr1mk6r5m39s6l8542jpyj8xzsw-nixos-system-zephyr-26.11.20260730.1559d3d.drv
building '/nix/store/nj4qdc43zf0q2f0jyky3q03v3sjs8y72-linux-cachyos-latest-x86_64-v3-7.1.3.drv' on 'ssh-ng://j_kro@nexus'...
copying 0 paths...
building '/nix/store/cwaa39xw04dycjbchp6rnhzf0jy8x5yw-python3.14-twisted-26.4.0.drv' on 'ssh-ng://j_kro@nexus'...
copying 0 paths...
building '/nix/store/rk4qx8wwb4px1sa09n39jlih1nllikkx-wavey-launcher-1.0.1.drv' on 'ssh-ng://j_kro@nexus'...
copying 0 paths...
building '/nix/store/nj4qdc43zf0q2f0jyky3q03v3sjs8y72-linux-cachyos-latest-x86_64-v3-7.1.3.drv'...
linux-cachyos-latest-x86_64-v3> structuredAttrs is enabled
building '/nix/store/wlvljsxzfwdsrzsvpw41c0s03n3f6ici-stability-matrix-2.16.1-bwrap.drv' on 'ssh-ng://j_kro@nexus'...
building '/nix/store/rk4qx8wwb4px1sa09n39jlih1nllikkx-wavey-launcher-1.0.1.drv'...
linux-cachyos-latest-x86_64-v3> Running phase: unpackPhase
linux-cachyos-latest-x86_64-v3> unpacking source archive /nix/store/64p930am7i75szixy1lzkilsrwhd50y9-linux-src-patched
copying path '/nix/store/3f341ppssxzhs5wv8pgsh4vrvs1yw5w6-libxcrypt-4.5.2' from 'https://cache.nixos.org'...
copying 3 paths...
copying path '/nix/store/4z1y9yl6wsmns2qf6svb80whl3rzb5zy-stability-matrix-2.16.1-init' to 'ssh-ng://j_kro@nexus'...
copying path '/nix/store/iaif233ba9jiqian3b7p70ra9d0rxcpg-stability-matrix-2.16.1-fhsenv-profile' to 'ssh-ng://j_kro@nexus'...
copying path '/nix/store/dyxida7yi6c9dw68d1rgka350r02hmz0-stability-matrix-2.16.1-fhsenv-rootfs' to 'ssh-ng://j_kro@nexus'...
building '/nix/store/cwaa39xw04dycjbchp6rnhzf0jy8x5yw-python3.14-twisted-26.4.0.drv'...
python3.14-twisted> Sourcing python-remove-tests-dir-hook
python3.14-twisted> Sourcing python-catch-conflicts-hook.sh
python3.14-twisted> Sourcing python-remove-bin-bytecode-hook.sh
python3.14-twisted> Sourcing pypa-build-hook
python3.14-twisted> Using pypaBuildPhase
python3.14-twisted> Sourcing python-runtime-deps-check-hook
python3.14-twisted> Using pythonRuntimeDepsCheckHook
python3.14-twisted> Sourcing pypa-install-hook
python3.14-twisted> Using pypaInstallPhase
python3.14-twisted> Sourcing python-imports-check-hook.sh
python3.14-twisted> Using pythonImportsCheckPhase
python3.14-twisted> Sourcing python-metadata-check-hook.sh
python3.14-twisted> Using pythonMetadataCheckPhase
python3.14-twisted> Sourcing python-namespaces-hook
python3.14-twisted> Sourcing python-catch-conflicts-hook.sh
python3.14-twisted> Running phase: unpackPhase
python3.14-twisted> unpacking source archive /nix/store/ijbwz5i54idymn17y47l1kci56vy1ndl-source
python3.14-twisted> source root is source
python3.14-twisted> setting SOURCE_DATE_EPOCH to timestamp 315619200 of file "source/tox.ini"
python3.14-twisted> Running phase: patchPhase
python3.14-twisted> applying patch /nix/store/g8gq9m72n700m58w17bciz8yvj162gs1-twisted-replace-pyopenssl-x509req-with-cryptography-csr.patch
python3.14-twisted> patching file src/twisted/internet/_sslverify.py
python3.14-twisted> patching file src/twisted/test/test_ssl.py
python3.14-twisted> Running phase: updateAutotoolsGnuConfigScriptsPhase
python3.14-twisted> Running phase: configurePhase
python3.14-twisted> no configure script, doing nothing
python3.14-twisted> Running phase: buildPhase
python3.14-twisted> Executing pypaBuildPhase
python3.14-twisted> Creating a wheel...
python3.14-twisted> pypa build flags: --no-isolation --outdir dist/ --wheel
wavey-launcher> Running phase: unpackPhase
wavey-launcher> unpacking source archive /nix/store/qxbnwsgdagrm78xbzrvn5jjfi0gm8p8g-source
python3.14-twisted> * Getting build dependencies for wheel...
wavey-launcher> source root is source
wavey-launcher> Executing cargoSetupPostUnpackHook
python3.14-twisted> * Building wheel...
python3.14-twisted> Successfully built twisted-26.4.0-py3-none-any.whl
python3.14-twisted> Finished creating a wheel...
python3.14-twisted> Finished executing pypaBuildPhase
python3.14-twisted> Running phase: pythonRuntimeDepsCheckHook
python3.14-twisted> Executing pythonRuntimeDepsCheck
python3.14-twisted> Checking runtime dependencies for twisted-26.4.0-py3-none-any.whl
python3.14-twisted> Finished executing pythonRuntimeDepsCheck
python3.14-twisted> Running phase: installPhase
python3.14-twisted> Executing pypaInstallPhase
building '/nix/store/7cy668ahi02nww7zr2cglri6agrg4idh-anime-game-launcher-3.19.7.drv' on 'ssh-ng://j_kro@nexus'...
building '/nix/store/9646jlyczxykfd5s3vsrl7lv5bq62j8i-noctalia-5.0.0-beta.7.drv' on 'ssh-ng://j_kro@nexus'...
building '/nix/store/mq0rg8d3rj2m3c16b7dw7k2iny3b80ph-triton-llvm-23.0.0-unstable-2026-01-29.drv' on 'ssh-ng://j_kro@nexus'...
building '/nix/store/s0in1krrijc9v509fdyvkyllnrbybhqh-ffmpeg-6.1.6.drv' on 'ssh-ng://j_kro@nexus'...
wavey-launcher> Finished cargoSetupPostUnpackHook
wavey-launcher> Running phase: patchPhase
wavey-launcher> Executing cargoSetupPostPatchHook
wavey-launcher> Validating consistency between /nix/var/nix/b/17nc3wnqmhc6x8wxmra2krkj6s/b/source/Cargo.lock and /nix/var/nix/b/17nc3wnqmhc6x8wxmra2krkj6s/b/wavey-launcher-1.0.1-vendor/Cargo.lock
wavey-launcher> Finished cargoSetupPostPatchHook
wavey-launcher> Running phase: updateAutotoolsGnuConfigScriptsPhase
wavey-launcher> Running phase: configurePhase
wavey-launcher> Running phase: buildPhase
wavey-launcher> Executing cargoBuildHook
wavey-launcher> cargoBuildHook flags: -j 16 --target x86_64-unknown-linux-gnu --offline --profile release
wavey-launcher>    Compiling proc-macro2 v1.0.86
wavey-launcher>    Compiling unicode-ident v1.0.12
wavey-launcher>    Compiling pkg-config v0.3.30
wavey-launcher>    Compiling serde v1.0.203
wavey-launcher>    Compiling hashbrown v0.14.5
wavey-launcher>    Compiling equivalent v1.0.1
wavey-launcher>    Compiling libc v0.2.155
wavey-launcher>    Compiling target-lexicon v0.12.14
wavey-launcher>    Compiling winnow v0.6.13
wavey-launcher>    Compiling smallvec v1.13.2
wavey-launcher>    Compiling heck v0.5.0
wavey-launcher>    Compiling version-compare v0.2.0
wavey-launcher>    Compiling autocfg v1.3.0
wavey-launcher>    Compiling cfg-if v1.0.0
wavey-launcher>    Compiling once_cell v1.19.0
wavey-launcher>    Compiling memchr v2.7.4
wavey-launcher>    Compiling version_check v0.9.4
wavey-launcher>    Compiling thiserror v1.0.61
wavey-launcher>    Compiling winnow v0.5.40
wavey-launcher>    Compiling pin-project-lite v0.2.14
wavey-launcher>    Compiling futures-core v0.3.30
wavey-launcher>    Compiling slab v0.4.9
wavey-launcher>    Compiling bitflags v2.6.0
wavey-launcher>    Compiling futures-sink v0.3.30
wavey-launcher>    Compiling lock_api v0.4.12
wavey-launcher>    Compiling typenum v1.17.0
wavey-launcher>    Compiling generic-array v0.14.7
wavey-launcher>    Compiling indexmap v2.2.6
wavey-launcher>    Compiling crossbeam-utils v0.8.20
wavey-launcher>    Compiling futures-channel v0.3.30
wavey-launcher>    Compiling futures-task v0.3.30
wavey-launcher>    Compiling pin-utils v0.1.0
wavey-launcher>    Compiling futures-io v0.3.30
wavey-launcher>    Compiling log v0.4.22
wavey-launcher>    Compiling cfg-expr v0.15.8
wavey-launcher>    Compiling quote v1.0.36
wavey-launcher>    Compiling scopeguard v1.2.0
wavey-launcher>    Compiling ahash v0.8.11
wavey-launcher>    Compiling proc-macro-hack v0.5.20+deprecated
wavey-launcher>    Compiling subtle v2.6.1
wavey-launcher>    Compiling memoffset v0.9.1
wavey-launcher>    Compiling syn v2.0.68
wavey-launcher>    Compiling zerocopy v0.7.34
wavey-launcher>    Compiling jobserver v0.1.31
wavey-launcher>    Compiling spin v0.9.8
wavey-launcher>    Compiling tracing-core v0.1.32
wavey-launcher>    Compiling cc v1.0.101
wavey-launcher>    Compiling adler v1.0.2
wavey-launcher>    Compiling semver v1.0.23
wavey-launcher>    Compiling tinyvec_macros v0.1.1
wavey-launcher>    Compiling gio v0.19.8
wavey-launcher>    Compiling allocator-api2 v0.2.18
wavey-launcher>    Compiling crossbeam-epoch v0.9.18
wavey-launcher>    Compiling tinyvec v1.6.1
wavey-launcher>    Compiling miniz_oxide v0.7.4
wavey-launcher>    Compiling ppv-lite86 v0.2.17
wavey-launcher>    Compiling cpufeatures v0.2.12
wavey-launcher>    Compiling untrusted v0.9.0
wavey-launcher>    Compiling serde_json v1.0.118
wavey-launcher>    Compiling getrandom v0.2.15
wavey-launcher>    Compiling socket2 v0.5.7
wavey-launcher>    Compiling crossbeam-deque v0.8.5
wavey-launcher>    Compiling rand_core v0.6.4
wavey-launcher>    Compiling gimli v0.29.0
wavey-launcher>    Compiling ryu v1.0.18
wavey-launcher>    Compiling strsim v0.11.1
wavey-launcher>    Compiling rand_chacha v0.3.1
wavey-launcher>    Compiling percent-encoding v2.3.1
wavey-launcher>    Compiling unicode-normalization v0.1.23
wavey-launcher>    Compiling ident_case v1.0.1
wavey-launcher>    Compiling itoa v1.0.11
wavey-launcher>    Compiling unicode-bidi v0.3.15
wavey-launcher>    Compiling fnv v1.0.7
wavey-launcher>    Compiling form_urlencoded v1.2.1
wavey-launcher>    Compiling rand v0.8.5
wavey-launcher>    Compiling rustc_version v0.4.0
wavey-launcher>    Compiling concurrent-queue v2.5.0
wavey-launcher>    Compiling crypto-common v0.1.6
wavey-launcher>    Compiling block-buffer v0.10.4
wavey-launcher>    Compiling object v0.36.0
wavey-launcher>    Compiling ring v0.17.8
wavey-launcher>    Compiling zstd-sys v2.0.11+zstd.1.5.6
wavey-launcher>    Compiling digest v0.10.7
wavey-launcher>    Compiling backtrace v0.3.73
wavey-launcher>    Compiling bzip2-sys v0.1.11+1.0.8
wavey-launcher>    Compiling lzma-sys v0.1.20
wavey-launcher>    Compiling cfg_aliases v0.1.1
wavey-launcher>    Compiling rustc-demangle v0.1.24
wavey-launcher>    Compiling sha1 v0.10.6
wavey-launcher>    Compiling idna v0.5.0
wavey-launcher>    Compiling rayon-core v1.12.1
wavey-launcher>    Compiling rustls v0.21.12
wavey-launcher>    Compiling rustix v0.38.34
wavey-launcher>    Compiling base64 v0.21.7
wavey-launcher>    Compiling toml_datetime v0.6.6
wavey-launcher>    Compiling serde_spanned v0.6.6
wavey-launcher>    Compiling zstd-safe v7.1.0
wavey-launcher>    Compiling parking v2.2.0
wavey-launcher>    Compiling toml_edit v0.22.14
wavey-launcher>    Compiling toml_edit v0.21.1
wavey-launcher>    Compiling event-listener v5.3.1
wavey-launcher>    Compiling rustls-pemfile v1.0.4
wavey-launcher>    Compiling nix v0.28.0
wavey-launcher>    Compiling field-offset v0.3.6
wavey-launcher>    Compiling md5-asm v0.5.2
wavey-launcher>    Compiling blake3 v1.5.1
wavey-launcher>    Compiling inout v0.1.3
wavey-launcher>    Compiling mio v0.8.11
wavey-launcher>    Compiling num_cpus v1.16.0
wavey-launcher>    Compiling signal-hook-registry v1.4.2
wavey-launcher>    Compiling aho-corasick v1.1.3
wavey-launcher>    Compiling crc32fast v1.4.2
wavey-launcher>    Compiling static_assertions v1.1.0
wavey-launcher>    Compiling rustc-hash v1.1.0
wavey-launcher>    Compiling crc-catalog v2.4.0
wavey-launcher>    Compiling constant_time_eq v0.3.0
wavey-launcher>    Compiling endi v1.1.0
wavey-launcher>    Compiling bytes v1.6.0
wavey-launcher>    Compiling anyhow v1.0.86
wavey-launcher>    Compiling openssl-probe v0.1.5
wavey-launcher>    Compiling linux-raw-sys v0.4.14
python3.14-twisted> Successfully installed twisted-26.4.0-py3-none-any.whl
python3.14-twisted> Finished executing pypaInstallPhase
python3.14-twisted> Running phase: pythonOutputDistPhase
python3.14-twisted> Executing pythonOutputDistPhase
python3.14-twisted> Finished executing pythonOutputDistPhase
python3.14-twisted> Running phase: fixupPhase
wavey-launcher>    Compiling addr2line v0.22.0
python3.14-twisted> shrinking RPATHs of ELF executables and libraries in /nix/store/p2dqjma9ky8rmn12zbq2dnkr5liz0x0m-python3.14-twisted-26.4.0
wavey-launcher>    Compiling regex-syntax v0.8.4
wavey-launcher>    Compiling powerfmt v0.2.0
wavey-launcher>    Compiling minreq v2.11.2
building '/nix/store/km7waf72dwwbra7xw1idq8wyj4nc45gy-ffmpeg-8.1.2.drv' on 'ssh-ng://j_kro@nexus'...
wavey-launcher>    Compiling deranged v0.3.11
wavey-launcher>    Compiling tokio v1.38.0
wavey-launcher>    Compiling zvariant_utils v2.0.0
wavey-launcher>    Compiling darling_core v0.20.9
wavey-launcher>    Compiling proc-macro-crate v3.1.0
wavey-launcher>    Compiling rustls-native-certs v0.6.3
building '/nix/store/kvps7ing1zjly1hs0m9iilz41yqpcrx2-xen-4.20.3.drv' on 'ssh-ng://j_kro@nexus'...
wavey-launcher>    Compiling toml v0.8.14
wavey-launcher>    Compiling crc v3.2.1
python3.14-twisted> checking for references to /nix/var/nix/b/7kfppv86ri63n3mp4bqb451sxi/b/ in /nix/store/p2dqjma9ky8rmn12zbq2dnkr5liz0x0m-python3.14-twisted-26.4.0...
wavey-launcher>    Compiling type-map v0.5.0
wavey-launcher>    Compiling system-deps v6.2.2
wavey-launcher>    Compiling regex-automata v0.4.7
wavey-launcher>    Compiling cipher v0.4.4
wavey-launcher>    Compiling event-listener-strategy v0.5.2
wavey-launcher>    Compiling hmac v0.12.1
wavey-launcher>    Compiling bstr v1.9.1
python3.14-twisted> patching script interpreter paths in /nix/store/p2dqjma9ky8rmn12zbq2dnkr5liz0x0m-python3.14-twisted-26.4.0
wavey-launcher>    Compiling time-core v0.1.2
wavey-launcher>    Compiling self_cell v1.0.4
python3.14-twisted> stripping (with command strip and flags -S -p) in  /nix/store/p2dqjma9ky8rmn12zbq2dnkr5liz0x0m-python3.14-twisted-26.4.0/lib /nix/store/p2dqjma9ky8rmn12zbq2dnkr5liz0x0m-python3.14-twisted-26.4.0/bin
wavey-launcher>    Compiling simd-adler32 v0.3.7
wavey-launcher>    Compiling same-file v1.0.6
wavey-launcher>    Compiling glib-sys v0.19.8
wavey-launcher>    Compiling gobject-sys v0.19.8
wavey-launcher>    Compiling thiserror-impl v1.0.61
wavey-launcher>    Compiling futures-macro v0.3.30
wavey-launcher>    Compiling serde_derive v1.0.203
wavey-launcher>    Compiling displaydoc v0.2.5
wavey-launcher>    Compiling gio-sys v0.19.8
wavey-launcher>    Compiling glib-macros v0.19.9
wavey-launcher>    Compiling pango-sys v0.19.8
wavey-launcher>    Compiling cairo-sys-rs v0.19.2
wavey-launcher>    Compiling gdk-pixbuf-sys v0.19.8
wavey-launcher>    Compiling graphene-sys v0.19.8
wavey-launcher>    Compiling futures-util v0.3.30
wavey-launcher>    Compiling tinystr v0.7.6
wavey-launcher>    Compiling unic-langid-impl v0.9.5
wavey-launcher>    Compiling gdk4-sys v0.8.2
wavey-launcher>    Compiling unic-langid-macros-impl v0.9.5
wavey-launcher>    Compiling gsk4-sys v0.8.2
wavey-launcher>    Compiling tracing-attributes v0.1.27
wavey-launcher>    Compiling gtk4-sys v0.8.2
wavey-launcher>    Compiling enumflags2_derive v0.7.10
wavey-launcher>    Compiling unic-langid-macros v0.9.5
wavey-launcher>    Compiling unic-langid v0.9.5
wavey-launcher>    Compiling darling_macro v0.20.9
wavey-launcher>    Compiling zvariant_derive v4.1.1
wavey-launcher>    Compiling zeroize_derive v1.4.2
wavey-launcher>    Compiling libadwaita-sys v0.6.0
wavey-launcher>    Compiling alloc-no-stdlib v2.0.4
wavey-launcher>    Compiling darling v0.20.9
wavey-launcher>    Compiling tracing v0.1.40
wavey-launcher>    Compiling num-conv v0.1.0
wavey-launcher>    Compiling base64 v0.12.3
wavey-launcher>    Compiling futures-executor v0.3.30
wavey-launcher>    Compiling lazy_static v1.5.0
wavey-launcher>    Compiling arrayvec v0.7.4
wavey-launcher>    Compiling arrayref v0.3.7
wavey-launcher>    Compiling byteorder v1.5.0
wavey-launcher>    Compiling either v1.13.0
wavey-launcher>    Compiling lockfree-object-pool v0.1.6
wavey-launcher>    Compiling bumpalo v3.16.0
wavey-launcher>    Compiling zip v2.1.3
wavey-launcher>    Compiling webpki-roots v0.25.4
wavey-launcher>    Compiling rayon v1.10.0
python3.14-twisted> shrinking RPATHs of ELF executables and libraries in /nix/store/alajj6ydv903p6cqcrq8z4b9g0snzrxl-python3.14-twisted-26.4.0-dist
python3.14-twisted> checking for references to /nix/var/nix/b/7kfppv86ri63n3mp4bqb451sxi/b/ in /nix/store/alajj6ydv903p6cqcrq8z4b9g0snzrxl-python3.14-twisted-26.4.0-dist...
wavey-launcher>    Compiling globset v0.4.14
wavey-launcher>    Compiling lzma-rs v0.3.0
wavey-launcher>    Compiling zopfli v0.8.1
wavey-launcher>    Compiling zeroize v1.8.1
wavey-launcher>    Compiling glib v0.19.9
python3.14-twisted> patching script interpreter paths in /nix/store/alajj6ydv903p6cqcrq8z4b9g0snzrxl-python3.14-twisted-26.4.0-dist
python3.14-twisted> Rewriting #!/nix/store/rgnappqqc5vbq60gza5fflyk84sylwl6-python3-3.14.6/bin/python3.14 to #!/nix/store/rgnappqqc5vbq60gza5fflyk84sylwl6-python3-3.14.6
python3.14-twisted> wrapping `/nix/store/p2dqjma9ky8rmn12zbq2dnkr5liz0x0m-python3.14-twisted-26.4.0/bin/cftp'...
python3.14-twisted> Rewriting #!/nix/store/rgnappqqc5vbq60gza5fflyk84sylwl6-python3-3.14.6/bin/python3.14 to #!/nix/store/rgnappqqc5vbq60gza5fflyk84sylwl6-python3-3.14.6
python3.14-twisted> wrapping `/nix/store/p2dqjma9ky8rmn12zbq2dnkr5liz0x0m-python3.14-twisted-26.4.0/bin/ckeygen'...
wavey-launcher>    Compiling time v0.3.36
python3.14-twisted> Rewriting #!/nix/store/rgnappqqc5vbq60gza5fflyk84sylwl6-python3-3.14.6/bin/python3.14 to #!/nix/store/rgnappqqc5vbq60gza5fflyk84sylwl6-python3-3.14.6
python3.14-twisted> wrapping `/nix/store/p2dqjma9ky8rmn12zbq2dnkr5liz0x0m-python3.14-twisted-26.4.0/bin/conch'...
python3.14-twisted> Rewriting #!/nix/store/rgnappqqc5vbq60gza5fflyk84sylwl6-python3-3.14.6/bin/python3.14 to #!/nix/store/rgnappqqc5vbq60gza5fflyk84sylwl6-python3-3.14.6
wavey-launcher>    Compiling cached_proc_macro v0.21.0
python3.14-twisted> wrapping `/nix/store/p2dqjma9ky8rmn12zbq2dnkr5liz0x0m-python3.14-twisted-26.4.0/bin/mailmail'...
python3.14-twisted> Rewriting #!/nix/store/rgnappqqc5vbq60gza5fflyk84sylwl6-python3-3.14.6/bin/python3.14 to #!/nix/store/rgnappqqc5vbq60gza5fflyk84sylwl6-python3-3.14.6
python3.14-twisted> wrapping `/nix/store/p2dqjma9ky8rmn12zbq2dnkr5liz0x0m-python3.14-twisted-26.4.0/bin/pyhtmlizer'...
python3.14-twisted> Rewriting #!/nix/store/rgnappqqc5vbq60gza5fflyk84sylwl6-python3-3.14.6/bin/python3.14 to #!/nix/store/rgnappqqc5vbq60gza5fflyk84sylwl6-python3-3.14.6
python3.14-twisted> wrapping `/nix/store/p2dqjma9ky8rmn12zbq2dnkr5liz0x0m-python3.14-twisted-26.4.0/bin/tkconch'...
wavey-launcher>    Compiling alloc-stdlib v0.2.2
python3.14-twisted> Rewriting #!/nix/store/rgnappqqc5vbq60gza5fflyk84sylwl6-python3-3.14.6/bin/python3.14 to #!/nix/store/rgnappqqc5vbq60gza5fflyk84sylwl6-python3-3.14.6
python3.14-twisted> wrapping `/nix/store/p2dqjma9ky8rmn12zbq2dnkr5liz0x0m-python3.14-twisted-26.4.0/bin/trial'...
python3.14-twisted> Rewriting #!/nix/store/rgnappqqc5vbq60gza5fflyk84sylwl6-python3-3.14.6/bin/python3.14 to #!/nix/store/rgnappqqc5vbq60gza5fflyk84sylwl6-python3-3.14.6
python3.14-twisted> wrapping `/nix/store/p2dqjma9ky8rmn12zbq2dnkr5liz0x0m-python3.14-twisted-26.4.0/bin/twist'...
wavey-launcher>    Compiling fluent-langneg v0.13.0
wavey-launcher>    Compiling intl_pluralrules v7.0.2
wavey-launcher>    Compiling intl-memoizer v0.5.2
python3.14-twisted> Rewriting #!/nix/store/rgnappqqc5vbq60gza5fflyk84sylwl6-python3-3.14.6/bin/python3.14 to #!/nix/store/rgnappqqc5vbq60gza5fflyk84sylwl6-python3-3.14.6
python3.14-twisted> wrapping `/nix/store/p2dqjma9ky8rmn12zbq2dnkr5liz0x0m-python3.14-twisted-26.4.0/bin/twistd'...
wavey-launcher>    Compiling fluent-syntax v0.11.1
wavey-launcher>    Compiling xattr v1.3.1
wavey-launcher>    Compiling walkdir v2.5.0
wavey-launcher>    Compiling async-trait v0.1.80
wavey-launcher>    Compiling gtk4-macros v0.8.2
wavey-launcher>    Compiling zbus_macros v4.3.0
wavey-launcher>    Compiling rustls-webpki v0.101.7
wavey-launcher>    Compiling sct v0.7.1
wavey-launcher>    Compiling serde_repr v0.1.19
wavey-launcher>    Compiling self_cell v0.10.3
wavey-launcher>    Compiling pbkdf2 v0.12.2
python3.14-twisted> Executing pythonRemoveTestsDir
python3.14-twisted> Finished executing pythonRemoveTestsDir
wavey-launcher>    Compiling bzip2 v0.4.4
python3.14-twisted> Running phase: installCheckPhase
wavey-launcher>    Compiling xz2 v0.1.7
linux-cachyos-latest-x86_64-v3> source root is linux-src-patched
wavey-launcher>    Compiling enumflags2 v0.7.10
wavey-launcher>    Compiling url v2.5.2
building '/nix/store/jfgw0yacj8nlsrxkqnghi41b95d0ysza-noctalia-5.0.0-beta.7.drv' on 'ssh-ng://j_kro@nexus'...
noctalia> mux_client_request_session: session request failed: Session open refused by peer
noctalia> ControlSocket /root/.ssh/sockets/ssh-j_kro@10.1.1.120:22 already exists, disabling multiplexing
building '/nix/store/2j3vpw8cj4lnbfmx0wb1w6zmqvpfvifs-qdrant-1.18.1-vendor-staging.drv' on 'ssh-ng://j_kro@nexus'...
qdrant> mux_client_request_session: session request failed: Session open refused by peer
qdrant> ControlSocket /root/.ssh/sockets/ssh-j_kro@10.1.1.120:22 already exists, disabling multiplexing
wavey-launcher>    Compiling aes v0.8.4
wavey-launcher>    Compiling async-broadcast v0.7.1
wavey-launcher>    Compiling flate2 v1.0.30
wavey-launcher>    Compiling nanorand v0.7.0
wavey-launcher>    Compiling xdg-home v1.2.0
wavey-launcher>    Compiling filetime v0.2.23
wavey-launcher>    Compiling ordered-stream v0.2.0
wavey-launcher>    Compiling zvariant v4.1.1
wavey-launcher>    Compiling instant v0.1.13
wavey-launcher>    Compiling hex v0.4.3
wavey-launcher>    Compiling utf8parse v0.2.2
wavey-launcher>    Compiling deflate64 v0.1.8
wavey-launcher>    Compiling cached_proc_macro_types v0.1.1
wavey-launcher>    Compiling anstyle-parse v0.2.4
wavey-launcher>    Compiling cached v0.51.4
wavey-launcher>    Compiling flume v0.11.0
wavey-launcher>    Compiling tar v0.4.41
wavey-launcher>    Compiling md-5 v0.10.6
wavey-launcher>    Compiling sysinfo v0.30.12
wavey-launcher>    Compiling ignore v0.4.22
wavey-launcher>    Compiling xz v0.1.0
wavey-launcher>    Compiling fluent-bundle v0.15.3
wavey-launcher>    Compiling brotli-decompressor v4.0.1
python3.14-twisted> Running 11485 tests.
wavey-launcher>    Compiling wincompatlib v0.7.4
wavey-launcher>    Compiling enum-ordinalize-derive v4.3.1
python3.14-twisted> twisted._threads.test.test_convenience
python3.14-twisted>   QuitTests
python3.14-twisted>     test_checkAfterSetRaises ...                                           [OK]
python3.14-twisted>     test_checkDoesNothing ...                                              [OK]
python3.14-twisted>     test_isInitiallySet ...                                                [OK]
python3.14-twisted>     test_setSetsSet ...                                                    [OK]
python3.14-twisted>     test_setTwiceRaises ...                                                [OK]
python3.14-twisted> twisted._threads.test.test_memory
python3.14-twisted>   MemoryWorkerTests
python3.14-twisted>     test_createWorkerAndPerform ...                                        [OK]
python3.14-twisted>     test_performWhenNothingToDoYet ...                                     [OK]
python3.14-twisted>     test_quitQuits ...                                                     [OK]
python3.14-twisted> twisted._threads.test.test_team
python3.14-twisted>   TeamTests
python3.14-twisted>     test_doDoesWorkInWorker ...                                            [OK]
python3.14-twisted>     test_exceptionInTask ...                                               [OK]
python3.14-twisted>     test_growCreateLimit ...                                               [OK]
python3.14-twisted>     test_growCreatesIdleWorkers ...                                        [OK]
python3.14-twisted>     test_initialStatistics ...                                             [OK]
python3.14-twisted>     test_moreWorkWhenNoWorkersAvailable ...                                [OK]
python3.14-twisted>     test_quit ...                                                          [OK]
python3.14-twisted>     test_quitConcurrentWithWorkHappening ...                               [OK]
python3.14-twisted>     test_quitQuits ...                                                     [OK]
python3.14-twisted>     test_quitQuitsLaterWhenBusy ...                                        [OK]
python3.14-twisted>     test_shrinkQuitsWorkers ...                                            [OK]
python3.14-twisted>     test_shrinkToZero ...                                                  [OK]
python3.14-twisted>     test_shrinkWhenBusy ...                                                [OK]
python3.14-twisted> twisted._threads.test.test_threadworker
python3.14-twisted>   LockWorkerTests
python3.14-twisted>     test_doExecutesImmediatelyWithLock ...                                 [OK]
python3.14-twisted>     test_doUnwindsReentrancy ...                                           [OK]
python3.14-twisted>     test_fakeDeadlock ...                                                  [OK]
python3.14-twisted>     test_fakeDoubleRelease ...                                             [OK]
wavey-launcher>    Compiling dns-lookup v2.0.4
python3.14-twisted>     test_quit ...                                                          [OK]
python3.14-twisted>     test_quitWhileGettingLock ...                                          [OK]
python3.14-twisted>     test_quitWhileWorking ...                                              [OK]
python3.14-twisted>   ThreadWorkerTests
python3.14-twisted>     test_quitPreventsFutureCalls ...                                       [OK]
python3.14-twisted>     test_startsThreadAndPerformsWork ...                                   [OK]
python3.14-twisted> twisted.application.runner.test.test_exit
python3.14-twisted>   ExitTests
python3.14-twisted>     test_exitConstant ...                                                  [OK]
python3.14-twisted>     test_exitMessageNonZero ...                                            [OK]
python3.14-twisted>     test_exitMessageZero ...                                               [OK]
python3.14-twisted>     test_exitStatusInt ...                                                 [OK]
wavey-launcher>    Compiling uuid v0.8.2
python3.14-twisted> twisted.application.runner.test.test_pidfile
python3.14-twisted>   NonePIDFileTests
python3.14-twisted>     test_contextManager ...                                                [OK]
python3.14-twisted>     test_interface ...                                                     [OK]
python3.14-twisted>     test_isRunning ...                                                     [OK]
python3.14-twisted>     test_read ...                                                          [OK]
python3.14-twisted>     test_remove ...                                                        [OK]
python3.14-twisted>     test_write ...                                                         [OK]
python3.14-twisted>     test_writeRunningPID ...                                               [OK]
python3.14-twisted>   PIDFileTests
python3.14-twisted>     test_contextManager ...                                                [OK]
python3.14-twisted>     test_contextManagerAlreadyRunning ...                                  [OK]
python3.14-twisted>     test_contextManagerDoesntExist ...                                     [OK]
python3.14-twisted>     test_formatWithPID ...                                                 [OK]
python3.14-twisted>     test_interface ...                                                     [OK]
python3.14-twisted>     test_isRunningDoesExist ...                                            [OK]
python3.14-twisted>     test_isRunningDoesNotExist ...                                         [OK]
python3.14-twisted>     test_isRunningInit ...                                                 [OK]
python3.14-twisted>     test_isRunningNoPIDFile ...                                            [OK]
wavey-launcher>    Compiling is-docker v0.2.0
python3.14-twisted>     test_isRunningNotAllowed ...                                           [OK]
python3.14-twisted>     test_isRunningThis ...                                                 [OK]
python3.14-twisted>     test_isRunningUnknownErrno ...                                         [OK]
python3.14-twisted>     test_readDoesntExist ...                                               [OK]
python3.14-twisted>     test_readEmptyPID ...                                                  [OK]
python3.14-twisted>     test_readOpenRaisesOSErrorNotENOENT ...                                [OK]
python3.14-twisted>     test_readWithBogusPID ...                                              [OK]
python3.14-twisted>     test_readWithPID ...                                                   [OK]
python3.14-twisted>     test_remove ...                                                        [OK]
wavey-launcher>    Compiling is_terminal_polyfill v1.70.0
python3.14-twisted>     test_writePID ...                                                      [OK]
python3.14-twisted>     test_writePIDInvalid ...                                               [OK]
python3.14-twisted>     test_writeRunningPID ...                                               [OK]
python3.14-twisted> twisted.application.runner.test.test_runner
python3.14-twisted>   RunnerTests
python3.14-twisted>     test_killNotRequested ...                                              [OK]
python3.14-twisted>     test_killRequestedWithPIDFile ...                                      [OK]
python3.14-twisted>     test_killRequestedWithPIDFileCantRead ...                              [OK]
python3.14-twisted>     test_killRequestedWithPIDFileEmpty ...                                 [OK]
python3.14-twisted>     test_killRequestedWithPIDFileNotAnInt ...                              [OK]
python3.14-twisted>     test_killRequestedWithoutPIDFile ...                                   [OK]
python3.14-twisted>     test_reactorExitedWithArguments ...                                    [OK]
python3.14-twisted>     test_runAlreadyRunning ...                                             [OK]
python3.14-twisted>     test_runInOrder ...                                                    [OK]
python3.14-twisted>     test_runUsesPIDFile ...                                                [OK]
python3.14-twisted>     test_startLogging ...                                                  [OK]
python3.14-twisted>     test_startReactorWhenRunning ...                                       [OK]
python3.14-twisted>     test_startReactorWithReactor ...                                       [OK]
python3.14-twisted>     test_whenRunningWithArguments ...                                      [OK]
python3.14-twisted> twisted.application.test.test_internet
python3.14-twisted>   ClientServiceTests
python3.14-twisted>     test_clientConnected ...                                               [OK]
python3.14-twisted>     test_clientConnectionFailed ...                                        [OK]
python3.14-twisted>     test_clientConnectionLost ...                                          [OK]
python3.14-twisted>     test_clientConnectionLostWhileStopping ...                             [OK]
python3.14-twisted>     test_clientConnectionRefused ...                                       [OK]
python3.14-twisted>     test_interfacesForTransport ...                                        [OK]
python3.14-twisted>     test_prepareConnectionCalledAfterConnectionMade ...                    [OK]
wavey-launcher>    Compiling colorchoice v1.0.1
wavey-launcher>    Compiling fs_extra v1.3.0
python3.14-twisted>     test_prepareConnectionCalledOnReconnect ...                            [OK]
python3.14-twisted>     test_prepareConnectionCalledWhenServiceStarts ...                      [OK]
python3.14-twisted>     test_prepareConnectionCalledWithProtocol ...                           [OK]
python3.14-twisted>     test_prepareConnectionReturnValueIgnored ...                           [OK]
python3.14-twisted>     test_prepareConnectionReturningADeferred ...                           [OK]
python3.14-twisted>     test_prepareConnectionThrows ...                                       [OK]
python3.14-twisted>     test_retryCancelled ...                                                [OK]
python3.14-twisted>     test_startService ...                                                  [OK]
python3.14-twisted>     test_startServiceWaitsForDisconnect ...                                [OK]
python3.14-twisted>     test_startServiceWhileStopped ...                                      [OK]
python3.14-twisted>     test_startServiceWhileStopping ...                                     [OK]
python3.14-twisted>     test_startStopFactory ...                                              [OK]
python3.14-twisted>     test_startTwice ...                                                    [OK]
python3.14-twisted>     test_stopServiceBeforeStartService ...                                 [OK]
python3.14-twisted>     test_stopServiceOnStoppedService ...                                   [OK]
python3.14-twisted>     test_stopServiceWhileConnected ...                                     [OK]
python3.14-twisted>     test_stopServiceWhileConnecting ...                                    [OK]
python3.14-twisted>     test_stopServiceWhileDisconnecting ...                                 [OK]
python3.14-twisted>     test_stopServiceWhileRestarting ...                                    [OK]
python3.14-twisted>     test_stopServiceWhileRetrying ...                                      [OK]
python3.14-twisted>     test_whenConnectedErrbacksOnStopService ...                            [OK]
python3.14-twisted>     test_whenConnectedFails ...                                            [OK]
python3.14-twisted>     test_whenConnectedLater ...                                            [OK]
python3.14-twisted>     test_whenConnectedStopService ...                                      [OK]
python3.14-twisted>   EndpointServiceTests
python3.14-twisted>     test_asynchronousFailReportsError ...                                  [OK]
python3.14-twisted>     test_failReportsError ...                                              [OK]
python3.14-twisted>     test_privilegedStartService ...                                        [OK]
python3.14-twisted>     test_startServiceStarted ...                                           [OK]
python3.14-twisted>     test_startServiceUnstarted ...                                         [OK]
python3.14-twisted>     test_stopService ...                                                   [OK]
python3.14-twisted>     test_stopServiceBeforeStartFinished ...                                [OK]
python3.14-twisted>     test_stopServiceCancelStartError ...                                   [OK]
python3.14-twisted>     test_synchronousFailReportsError ...                                   [OK]
python3.14-twisted>     test_synchronousRaisePrivileged ...                                    [OK]
python3.14-twisted>     test_synchronousRaiseRaisesSynchronously ...                           [OK]
python3.14-twisted>   TimerServiceTests
python3.14-twisted>     test_failedCallLogsError ...                                           [OK]
python3.14-twisted>     test_pickleTimerServiceNotPickleLoop ...                               [OK]
python3.14-twisted>     test_pickleTimerServiceNotPickleLoopFinished ...                       [OK]
python3.14-twisted>     test_startService ...                                                  [OK]
python3.14-twisted>     test_startServiceRunsCallImmediately ...                               [OK]
python3.14-twisted>     test_startServiceUsesGlobalReactor ...                                 [OK]
python3.14-twisted>     test_stopServiceImmediately ...                                        [OK]
python3.14-twisted>     test_stopServiceWaits ...                                              [OK]
python3.14-twisted> twisted.application.test.test_service
python3.14-twisted>   ApplicationTests
python3.14-twisted>     test_applicationComponents ...                                         [OK]
python3.14-twisted>   ServiceInterfaceTests
python3.14-twisted>     test_hasAll ...                                                        [OK]
python3.14-twisted>     test_noName ...                                                        [OK]
wavey-launcher>    Compiling anstyle v1.0.7
wavey-launcher>    Compiling anstyle-query v1.1.0
wavey-launcher>    Compiling rfd v0.14.1
wavey-launcher>    Compiling zbus_names v3.0.0
python3.14-twisted>     test_noParent ...                                                      [OK]
python3.14-twisted>     test_noRunning ...                                                     [OK]
python3.14-twisted>     test_realService ...                                                   [OK]
python3.14-twisted> twisted.application.twist.test.test_options
python3.14-twisted>   OptionsTests
python3.14-twisted>     test_installCorrectReactor ...                                         [OK]
python3.14-twisted>     test_installReactorBogus ...                                           [OK]
python3.14-twisted>     test_installReactorDefault ...                                         [OK]
python3.14-twisted>     test_logFileCantOpen ...                                               [OK]
python3.14-twisted>     test_logFileNamed ...                                                  [OK]
python3.14-twisted>     test_logFileStderr ...                                                 [OK]
python3.14-twisted>     test_logFileStdout ...                                                 [OK]
python3.14-twisted>     test_logFormatInvalid ...                                              [OK]
python3.14-twisted>     test_logFormatJSON ...                                                 [OK]
python3.14-twisted>     test_logFormatText ...                                                 [OK]
python3.14-twisted>     test_logLevelInvalid ...                                               [OK]
python3.14-twisted>     test_logLevelValid ...                                                 [OK]
python3.14-twisted>     test_pluginsIncludeWeb ...                                             [OK]
python3.14-twisted>     test_pluginsType ...                                                   [OK]
python3.14-twisted>     test_postOptionsNoSubCommand ...                                       [OK]
python3.14-twisted>     test_reactor ...                                                       [OK]
python3.14-twisted>     test_selectDefaultLogObserverDefaultWithTTY ...                        [OK]
python3.14-twisted>     test_selectDefaultLogObserverDefaultWithoutTTY ...                     [OK]
python3.14-twisted>     test_selectDefaultLogObserverNoOverride ...                            [OK]
python3.14-twisted>     test_subCommandsIncludeWeb ...                                         [OK]
python3.14-twisted>     test_subCommandsType ...                                               [OK]
python3.14-twisted>     test_synopsis ...                                                      [OK]
python3.14-twisted>     test_version ...                                                       [OK]
python3.14-twisted> twisted.application.twist.test.test_twist
python3.14-twisted>   TwistExitTests
python3.14-twisted>     test_twistReactorDoesntExitWithSignal ...                              [OK]
python3.14-twisted>     test_twistReactorExitsWithSignal ...                                   [OK]
python3.14-twisted>     test_twistReactorHasNoExitSignalAttr ...                               [OK]
wavey-launcher>    Compiling kinda-virtual-fs v0.1.1
python3.14-twisted>   TwistTests
python3.14-twisted>     test_main ...                                                          [OK]
python3.14-twisted>     test_optionsInvalidArguments ...                                       [OK]
python3.14-twisted>     test_optionsValidArguments ...                                         [OK]
python3.14-twisted>     test_run ...                                                           [OK]
python3.14-twisted>     test_service ...                                                       [OK]
python3.14-twisted>     test_startService ...                                                  [OK]
python3.14-twisted> twisted.conch.test.test_address
python3.14-twisted>   SSHTransportAddressTests
python3.14-twisted>     test_addressComparison ...                                             [OK]
python3.14-twisted>     test_differentNamesComparison ...                                      [OK]
python3.14-twisted>     test_hash ...                                                          [OK]
wavey-launcher>    Compiling overload v0.1.1
wavey-launcher>    Compiling anstream v0.6.14
python3.14-twisted> twisted.conch.test.test_agent
python3.14-twisted>   AgentClientFailureTests
python3.14-twisted>     test_agentFailure ...                                                  [OK]
python3.14-twisted>   AgentIdentityRequestsTests
python3.14-twisted>     test_requestIdentities ...                                             [OK]
wavey-launcher>    Compiling nu-ansi-term v0.46.0
wavey-launcher>    Compiling discord-rich-presence v0.2.4
wavey-launcher>    Compiling is-wsl v0.4.0
python3.14-twisted>     test_signDataDSA ...                                                   [OK]
python3.14-twisted>     test_signDataRSA ...                                                   [OK]
wavey-launcher>    Compiling fluent-template-macros v0.9.4
wavey-launcher>    Compiling zbus v4.3.0
python3.14-twisted>     test_signDataRSAErrbackOnUnknownBlob ...                               [OK]
python3.14-twisted>   AgentKeyAdditionTests
python3.14-twisted>     test_addDSAIdentityNoComment ...                                       [OK]
wavey-launcher>    Compiling enum-ordinalize v4.3.0
wavey-launcher>    Compiling fluent v0.16.1
python3.14-twisted>     test_addDSAIdentityWithComment ...                                     [OK]
wavey-launcher>    Compiling os_info v3.8.2
wavey-launcher>    Compiling futures v0.3.30
wavey-launcher>    Compiling sharded-slab v0.1.7
wavey-launcher>    Compiling relm4-macros v0.8.1
wavey-launcher>    Compiling uuid v1.9.1
python3.14-twisted>     test_addRSAIdentityNoComment ...                                       [OK]
wavey-launcher>    Compiling tracing-log v0.2.0
python3.14-twisted>     test_addRSAIdentityWithComment ...                                     [OK]
python3.14-twisted>   AgentKeyRemovalTests
python3.14-twisted>     test_removeAllIdentities ...                                           [OK]
python3.14-twisted>     test_removeDSAIdentity ...                                             [OK]
python3.14-twisted>     test_removeRSAIdentity ...                                             [OK]
wavey-launcher>    Compiling thread_local v1.1.8
wavey-launcher>    Compiling pathdiff v0.2.1
wavey-launcher>    Compiling raw-window-handle v0.6.2
python3.14-twisted>   ClientWithBrokenServerTests
python3.14-twisted>     test_requestIdentitiesCallbackErrorHandling ...                        [OK]
python3.14-twisted>     test_signDataCallbackErrorHandling ...                                 [OK]
python3.14-twisted>   ServerProtocolContractWithFactoryTests
python3.14-twisted>     test_factorySuppliesKeyStorageForServerProtocol ...                    [OK]
wavey-launcher>    Compiling urlencoding v2.1.3
linux-cachyos-latest-x86_64-v3> Running phase: patchPhase
linux-cachyos-latest-x86_64-v3> applying patch /nix/store/23728y7zgh1jb55kpwxv5qnjbq0ykca6-randstruct-provide-seed-5.19.patch
python3.14-twisted>   UnimplementedVersionOneServerTests
python3.14-twisted>     test_agentc_REMOVE_ALL_RSA_IDENTITIES ...                              [OK]
python3.14-twisted>     test_agentc_REMOVE_RSA_IDENTITY ...                                    [OK]
wavey-launcher>    Compiling arc-swap v1.7.1
wavey-launcher>    Compiling fragile v2.0.0
wavey-launcher>    Compiling pollster v0.3.0
linux-cachyos-latest-x86_64-v3> patching file scripts/gen-randstruct-seed.sh
linux-cachyos-latest-x86_64-v3> patching script interpreter paths in scripts/ld-version.sh
linux-cachyos-latest-x86_64-v3> scripts/ld-version.sh: interpreter directive changed from "#!/bin/sh" to "/nix/store/v8llyqw71lygr2llhmcc8ya5bdlzq45v-bash-5.3p9/bin/sh"
linux-cachyos-latest-x86_64-v3> substituteStream() in derivation linux-cachyos-latest-x86_64-v3-7.1.3: WARNING: '--replace' is deprecated, use --replace-{fail,warn,quiet}. (file 'scripts/gen-randstruct-seed.sh')
linux-cachyos-latest-x86_64-v3> patching script interpreter paths in scripts
linux-cachyos-latest-x86_64-v3> scripts/cleanfile: interpreter directive changed from "#!/usr/bin/env perl" to "/nix/store/cc9zsahxyx5my7bqid4dzkljw2dd9ygm-perl-5.42.0/bin/perl"
linux-cachyos-latest-x86_64-v3> scripts/cleanpatch: interpreter directive changed from "#!/usr/bin/env perl" to "/nix/store/cc9zsahxyx5my7bqid4dzkljw2dd9ygm-perl-5.42.0/bin/perl"
linux-cachyos-latest-x86_64-v3> scripts/Lindent: interpreter directive changed from "#!/bin/sh" to "/nix/store/v8llyqw71lygr2llhmcc8ya5bdlzq45v-bash-5.3p9/bin/sh"
python3.14-twisted>     test_agentc_REQUEST_RSA_IDENTITIES ...                                 [OK]
wavey-launcher>    Compiling tracing-subscriber v0.3.18
wavey-launcher>    Compiling open v5.1.4
wavey-launcher>    Compiling human-panic v2.0.0
wavey-launcher>    Compiling whatadistro v0.1.0
linux-cachyos-latest-x86_64-v3> scripts/as-version.sh: interpreter directive changed from "#!/bin/sh" to "/nix/store/v8llyqw71lygr2llhmcc8ya5bdlzq45v-bash-5.3p9/bin/sh"
linux-cachyos-latest-x86_64-v3> scripts/atomic/atomic-tbl.sh: interpreter directive changed from "#!/bin/sh" to "/nix/store/v8llyqw71lygr2llhmcc8ya5bdlzq45v-bash-5.3p9/bin/sh"
linux-cachyos-latest-x86_64-v3> scripts/atomic/gen-atomic-fallback.sh: interpreter directive changed from "#!/bin/sh" to "/nix/store/v8llyqw71lygr2llhmcc8ya5bdlzq45v-bash-5.3p9/bin/sh"
linux-cachyos-latest-x86_64-v3> scripts/atomic/gen-atomic-instrumented.sh: interpreter directive changed from "#!/bin/sh" to "/nix/store/v8llyqw71lygr2llhmcc8ya5bdlzq45v-bash-5.3p9/bin/sh"
python3.14-twisted> twisted.conch.test.test_cftp
python3.14-twisted>   ListingTests
python3.14-twisted>     test_localeIndependent ...                                        [SKIPPED]
python3.14-twisted>     test_newFile ...                                                  [SKIPPED]
python3.14-twisted>     test_newSingleDigitDayOfMonth ...                                 [SKIPPED]
python3.14-twisted>     test_oldFile ...                                                  [SKIPPED]
python3.14-twisted>     test_oldSingleDigitDayOfMonth ...                                 [SKIPPED]
linux-cachyos-latest-x86_64-v3> scripts/atomic/gen-atomic-long.sh: interpreter directive changed from "#!/bin/sh" to "/nix/store/v8llyqw71lygr2llhmcc8ya5bdlzq45v-bash-5.3p9/bin/sh"
linux-cachyos-latest-x86_64-v3> scripts/atomic/gen-atomics.sh: interpreter directive changed from "#!/bin/sh" to "/nix/store/v8llyqw71lygr2llhmcc8ya5bdlzq45v-bash-5.3p9/bin/sh"
linux-cachyos-latest-x86_64-v3> scripts/atomic/gen-rust-atomic-helpers.sh: interpreter directive changed from "#!/bin/sh" to "/nix/store/v8llyqw71lygr2llhmcc8ya5bdlzq45v-bash-5.3p9/bin/sh"
linux-cachyos-latest-x86_64-v3> scripts/bloat-o-meter: interpreter directive changed from "#!/usr/bin/env python3" to "/nix/store/sykpc1w6cc99grgyj02jd8dbspcrfqzs-python3-minimal-3.14.6/bin/python3"
linux-cachyos-latest-x86_64-v3> scripts/bootgraph.pl: interpreter directive changed from "#!/usr/bin/env perl" to "/nix/store/cc9zsahxyx5my7bqid4dzkljw2dd9ygm-perl-5.42.0/bin/perl"
linux-cachyos-latest-x86_64-v3> scripts/bpf_doc.py: interpreter directive changed from "#!/usr/bin/env python3" to "/nix/store/sykpc1w6cc99grgyj02jd8dbspcrfqzs-python3-minimal-3.14.6/bin/python3"
linux-cachyos-latest-x86_64-v3> scripts/build-version: interpreter directive changed from "#!/bin/sh" to "/nix/store/v8llyqw71lygr2llhmcc8ya5bdlzq45v-bash-5.3p9/bin/sh"
linux-cachyos-latest-x86_64-v3> scripts/cc-can-link.sh: interpreter directive changed from "#!/bin/sh" to "/nix/store/v8llyqw71lygr2llhmcc8ya5bdlzq45v-bash-5.3p9/bin/sh"
linux-cachyos-latest-x86_64-v3> scripts/cc-version.sh: interpreter directive changed from "#!/bin/sh" to "/nix/store/v8llyqw71lygr2llhmcc8ya5bdlzq45v-bash-5.3p9/bin/sh"
linux-cachyos-latest-x86_64-v3> scripts/check-function-names.sh: interpreter directive changed from "#!/bin/sh" to "/nix/store/v8llyqw71lygr2llhmcc8ya5bdlzq45v-bash-5.3p9/bin/sh"
linux-cachyos-latest-x86_64-v3> scripts/check-git: interpreter directive changed from "#!/bin/sh" to "/nix/store/v8llyqw71lygr2llhmcc8ya5bdlzq45v-bash-5.3p9/bin/sh"
wavey-launcher>    Compiling fluent-templates v0.9.4
linux-cachyos-latest-x86_64-v3> scripts/check-sysctl-docs: interpreter directive changed from "#!/usr/bin/env -S gawk -f" to "/nix/store/cp7wjv1pl4wapfk48svvizxd089v9h0a-coreutils-9.11/bin/env -S /nix/store/cb4h2p8j9m45riqawxlfndpz4arlv4rs-gawk-5.4.0/bin/gawk -f"
linux-cachyos-latest-x86_64-v3> scripts/check-uapi.sh: interpreter directive changed from "#!/bin/bash" to "/nix/store/v8llyqw71lygr2llhmcc8ya5bdlzq45v-bash-5.3p9/bin/bash"
linux-cachyos-latest-x86_64-v3> scripts/check_extable.sh: interpreter directive changed from "#! /bin/bash" to "/nix/store/v8llyqw71lygr2llhmcc8ya5bdlzq45v-bash-5.3p9/bin/bash"
linux-cachyos-latest-x86_64-v3> scripts/checkdeclares.pl: interpreter directive changed from "#!/usr/bin/env perl" to "/nix/store/cc9zsahxyx5my7bqid4dzkljw2dd9ygm-perl-5.42.0/bin/perl"
linux-cachyos-latest-x86_64-v3> scripts/checker-valid.sh: interpreter directive changed from "#!/bin/sh -eu" to "/nix/store/v8llyqw71lygr2llhmcc8ya5bdlzq45v-bash-5.3p9/bin/sh -eu"
linux-cachyos-latest-x86_64-v3> scripts/checkincludes.pl: interpreter directive changed from "#!/usr/bin/env perl" to "/nix/store/cc9zsahxyx5my7bqid4dzkljw2dd9ygm-perl-5.42.0/bin/perl"
linux-cachyos-latest-x86_64-v3> scripts/checkkconfigsymbols.py: interpreter directive changed from "#!/usr/bin/env python3" to "/nix/store/sykpc1w6cc99grgyj02jd8dbspcrfqzs-python3-minimal-3.14.6/bin/python3"
linux-cachyos-latest-x86_64-v3> scripts/checkpatch.pl: interpreter directive changed from "#!/usr/bin/env perl" to "/nix/store/cc9zsahxyx5my7bqid4dzkljw2dd9ygm-perl-5.42.0/bin/perl"
linux-cachyos-latest-x86_64-v3> scripts/checkstack.pl: interpreter directive changed from "#!/usr/bin/env perl" to "/nix/store/cc9zsahxyx5my7bqid4dzkljw2dd9ygm-perl-5.42.0/bin/perl"
linux-cachyos-latest-x86_64-v3> scripts/checksyscalls.sh: interpreter directive changed from "#!/bin/sh" to "/nix/store/v8llyqw71lygr2llhmcc8ya5bdlzq45v-bash-5.3p9/bin/sh"
linux-cachyos-latest-x86_64-v3> scripts/checkversion.pl: interpreter directive changed from "#! /usr/bin/env perl" to "/nix/store/cc9zsahxyx5my7bqid4dzkljw2dd9ygm-perl-5.42.0/bin/perl"
linux-cachyos-latest-x86_64-v3> scripts/clang-tools/gen_compile_commands.py: interpreter directive changed from "#!/usr/bin/env python3" to "/nix/store/sykpc1w6cc99grgyj02jd8dbspcrfqzs-python3-minimal-3.14.6/bin/python3"
linux-cachyos-latest-x86_64-v3> scripts/clang-tools/run-clang-tools.py: interpreter directive changed from "#!/usr/bin/env python3" to "/nix/store/sykpc1w6cc99grgyj02jd8dbspcrfqzs-python3-minimal-3.14.6/bin/python3"
linux-cachyos-latest-x86_64-v3> scripts/coccicheck: interpreter directive changed from "#!/usr/bin/env bash" to "/nix/store/v8llyqw71lygr2llhmcc8ya5bdlzq45v-bash-5.3p9/bin/bash"
linux-cachyos-latest-x86_64-v3> scripts/config: interpreter directive changed from "#!/usr/bin/env bash" to "/nix/store/v8llyqw71lygr2llhmcc8ya5bdlzq45v-bash-5.3p9/bin/bash"
linux-cachyos-latest-x86_64-v3> scripts/container: interpreter directive changed from "#!/usr/bin/env python3" to "/nix/store/sykpc1w6cc99grgyj02jd8dbspcrfqzs-python3-minimal-3.14.6/bin/python3"
linux-cachyos-latest-x86_64-v3> scripts/crypto/gen-fips-testvecs.py: interpreter directive changed from "#!/usr/bin/env python3" to "/nix/store/sykpc1w6cc99grgyj02jd8dbspcrfqzs-python3-minimal-3.14.6/bin/python3"
linux-cachyos-latest-x86_64-v3> scripts/crypto/gen-hash-testvecs.py: interpreter directive changed from "#!/usr/bin/env python3" to "/nix/store/sykpc1w6cc99grgyj02jd8dbspcrfqzs-python3-minimal-3.14.6/bin/python3"
linux-cachyos-latest-x86_64-v3> scripts/decode_stacktrace.sh: interpreter directive changed from "#!/usr/bin/env bash" to "/nix/store/v8llyqw71lygr2llhmcc8ya5bdlzq45v-bash-5.3p9/bin/bash"
linux-cachyos-latest-x86_64-v3> scripts/decodecode: interpreter directive changed from "#!/bin/bash" to "/nix/store/v8llyqw71lygr2llhmcc8ya5bdlzq45v-bash-5.3p9/bin/bash"
linux-cachyos-latest-x86_64-v3> scripts/depmod.sh: interpreter directive changed from "#!/bin/sh" to "/nix/store/v8llyqw71lygr2llhmcc8ya5bdlzq45v-bash-5.3p9/bin/sh"
linux-cachyos-latest-x86_64-v3> scripts/dev-needs.sh: interpreter directive changed from "#! /bin/sh" to "/nix/store/v8llyqw71lygr2llhmcc8ya5bdlzq45v-bash-5.3p9/bin/sh"
linux-cachyos-latest-x86_64-v3> scripts/diffconfig: interpreter directive changed from "#!/usr/bin/env python3" to "/nix/store/sykpc1w6cc99grgyj02jd8dbspcrfqzs-python3-minimal-3.14.6/bin/python3"
linux-cachyos-latest-x86_64-v3> scripts/dtc/dt-extract-compatibles: interpreter directive changed from "#!/usr/bin/env python3" to "/nix/store/sykpc1w6cc99grgyj02jd8dbspcrfqzs-python3-minimal-3.14.6/bin/python3"
linux-cachyos-latest-x86_64-v3> scripts/dtc/dt_to_config: interpreter directive changed from "#!/usr/bin/env perl" to "/nix/store/cc9zsahxyx5my7bqid4dzkljw2dd9ygm-perl-5.42.0/bin/perl"
linux-cachyos-latest-x86_64-v3> scripts/dtc/dtx_diff: interpreter directive changed from "#! /bin/bash" to "/nix/store/v8llyqw71lygr2llhmcc8ya5bdlzq45v-bash-5.3p9/bin/bash"
linux-cachyos-latest-x86_64-v3> scripts/dtc/of_unittest_expect: interpreter directive changed from "#!/usr/bin/perl" to "/nix/store/cc9zsahxyx5my7bqid4dzkljw2dd9ygm-perl-5.42.0/bin/perl"
linux-cachyos-latest-x86_64-v3> scripts/dtc/update-dtc-source.sh: interpreter directive changed from "#!/bin/sh" to "/nix/store/v8llyqw71lygr2llhmcc8ya5bdlzq45v-bash-5.3p9/bin/sh"
python3.14-twisted>   OurServerBatchFileTests
python3.14-twisted>     testBatchFile ...                                                      [OK]
linux-cachyos-latest-x86_64-v3> scripts/dummy-tools/gcc: interpreter directive changed from "#!/bin/sh" to "/nix/store/v8llyqw71lygr2llhmcc8ya5bdlzq45v-bash-5.3p9/bin/sh"
linux-cachyos-latest-x86_64-v3> scripts/dummy-tools/ld: interpreter directive changed from "#!/bin/sh" to "/nix/store/v8llyqw71lygr2llhmcc8ya5bdlzq45v-bash-5.3p9/bin/sh"
linux-cachyos-latest-x86_64-v3> scripts/dummy-tools/pahole: interpreter directive changed from "#!/bin/sh" to "/nix/store/v8llyqw71lygr2llhmcc8ya5bdlzq45v-bash-5.3p9/bin/sh"
linux-cachyos-latest-x86_64-v3> scripts/dummy-tools/python3: interpreter directive changed from "#!/bin/sh" to "/nix/store/v8llyqw71lygr2llhmcc8ya5bdlzq45v-bash-5.3p9/bin/sh"
linux-cachyos-latest-x86_64-v3> scripts/extract-fwblobs: interpreter directive changed from "#!/bin/bash" to "/nix/store/v8llyqw71lygr2llhmcc8ya5bdlzq45v-bash-5.3p9/bin/bash"
linux-cachyos-latest-x86_64-v3> scripts/extract-ikconfig: interpreter directive changed from "#!/bin/sh" to "/nix/store/v8llyqw71lygr2llhmcc8ya5bdlzq45v-bash-5.3p9/bin/sh"
linux-cachyos-latest-x86_64-v3> scripts/extract-module-sig.pl: interpreter directive changed from "#!/usr/bin/env perl" to "/nix/store/cc9zsahxyx5my7bqid4dzkljw2dd9ygm-perl-5.42.0/bin/perl"
linux-cachyos-latest-x86_64-v3> scripts/extract-sys-certs.pl: interpreter directive changed from "#!/usr/bin/env perl" to "/nix/store/cc9zsahxyx5my7bqid4dzkljw2dd9ygm-perl-5.42.0/bin/perl"
linux-cachyos-latest-x86_64-v3> scripts/extract-vmlinux: interpreter directive changed from "#!/bin/sh" to "/nix/store/v8llyqw71lygr2llhmcc8ya5bdlzq45v-bash-5.3p9/bin/sh"
linux-cachyos-latest-x86_64-v3> scripts/extract_xc3028.pl: interpreter directive changed from "#!/usr/bin/env perl" to "/nix/store/cc9zsahxyx5my7bqid4dzkljw2dd9ygm-perl-5.42.0/bin/perl"
linux-cachyos-latest-x86_64-v3> scripts/faddr2line: interpreter directive changed from "#!/usr/bin/env bash" to "/nix/store/v8llyqw71lygr2llhmcc8ya5bdlzq45v-bash-5.3p9/bin/bash"
linux-cachyos-latest-x86_64-v3> scripts/file-size.sh: interpreter directive changed from "#!/bin/sh" to "/nix/store/v8llyqw71lygr2llhmcc8ya5bdlzq45v-bash-5.3p9/bin/sh"
linux-cachyos-latest-x86_64-v3> scripts/gen-btf.sh: interpreter directive changed from "#!/bin/sh" to "/nix/store/v8llyqw71lygr2llhmcc8ya5bdlzq45v-bash-5.3p9/bin/sh"
linux-cachyos-latest-x86_64-v3> scripts/gen-crc-consts.py: interpreter directive changed from "#!/usr/bin/env python3" to "/nix/store/sykpc1w6cc99grgyj02jd8dbspcrfqzs-python3-minimal-3.14.6/bin/python3"
linux-cachyos-latest-x86_64-v3> scripts/generate_builtin_ranges.awk: interpreter directive changed from "#!/usr/bin/gawk -f" to "/nix/store/cb4h2p8j9m45riqawxlfndpz4arlv4rs-gawk-5.4.0/bin/gawk -f"
linux-cachyos-latest-x86_64-v3> scripts/generate_initcall_order.pl: interpreter directive changed from "#!/usr/bin/env perl" to "/nix/store/cc9zsahxyx5my7bqid4dzkljw2dd9ygm-perl-5.42.0/bin/perl"
linux-cachyos-latest-x86_64-v3> scripts/generate_rust_analyzer.py: interpreter directive changed from "#!/usr/bin/env python3" to "/nix/store/sykpc1w6cc99grgyj02jd8dbspcrfqzs-python3-minimal-3.14.6/bin/python3"
wavey-launcher>    Compiling cairo-rs v0.19.4
linux-cachyos-latest-x86_64-v3> scripts/get_dvb_firmware: interpreter directive changed from "#!/usr/bin/env perl" to "/nix/store/cc9zsahxyx5my7bqid4dzkljw2dd9ygm-perl-5.42.0/bin/perl"
linux-cachyos-latest-x86_64-v3> scripts/get_maintainer.pl: interpreter directive changed from "#!/usr/bin/env perl" to "/nix/store/cc9zsahxyx5my7bqid4dzkljw2dd9ygm-perl-5.42.0/bin/perl"
linux-cachyos-latest-x86_64-v3> scripts/gfp-translate: interpreter directive changed from "#!/bin/bash" to "/nix/store/v8llyqw71lygr2llhmcc8ya5bdlzq45v-bash-5.3p9/bin/bash"
linux-cachyos-latest-x86_64-v3> scripts/git-resolve.sh: interpreter directive changed from "#!/bin/bash" to "/nix/store/v8llyqw71lygr2llhmcc8ya5bdlzq45v-bash-5.3p9/bin/bash"
linux-cachyos-latest-x86_64-v3> scripts/headerdep.pl: interpreter directive changed from "#! /usr/bin/env perl" to "/nix/store/cc9zsahxyx5my7bqid4dzkljw2dd9ygm-perl-5.42.0/bin/perl"
linux-cachyos-latest-x86_64-v3> scripts/headers_install.sh: interpreter directive changed from "#!/bin/sh" to "/nix/store/v8llyqw71lygr2llhmcc8ya5bdlzq45v-bash-5.3p9/bin/sh"
wavey-launcher>    Compiling graphene-rs v0.19.8
linux-cachyos-latest-x86_64-v3> scripts/install.sh: interpreter directive changed from "#!/bin/sh" to "/nix/store/v8llyqw71lygr2llhmcc8ya5bdlzq45v-bash-5.3p9/bin/sh"
linux-cachyos-latest-x86_64-v3> scripts/jobserver-exec: interpreter directive changed from "#!/usr/bin/env python3" to "/nix/store/sykpc1w6cc99grgyj02jd8dbspcrfqzs-python3-minimal-3.14.6/bin/python3"
linux-cachyos-latest-x86_64-v3> scripts/kconfig/gconf-cfg.sh: interpreter directive changed from "#!/bin/sh" to "/nix/store/v8llyqw71lygr2llhmcc8ya5bdlzq45v-bash-5.3p9/bin/sh"
linux-cachyos-latest-x86_64-v3> scripts/kconfig/mconf-cfg.sh: interpreter directive changed from "#!/bin/sh" to "/nix/store/v8llyqw71lygr2llhmcc8ya5bdlzq45v-bash-5.3p9/bin/sh"
linux-cachyos-latest-x86_64-v3> scripts/kconfig/merge_config.sh: interpreter directive changed from "#!/bin/sh" to "/nix/store/v8llyqw71lygr2llhmcc8ya5bdlzq45v-bash-5.3p9/bin/sh"
linux-cachyos-latest-x86_64-v3> scripts/kconfig/nconf-cfg.sh: interpreter directive changed from "#!/bin/sh" to "/nix/store/v8llyqw71lygr2llhmcc8ya5bdlzq45v-bash-5.3p9/bin/sh"
linux-cachyos-latest-x86_64-v3> scripts/kconfig/qconf-cfg.sh: interpreter directive changed from "#!/bin/sh" to "/nix/store/v8llyqw71lygr2llhmcc8ya5bdlzq45v-bash-5.3p9/bin/sh"
linux-cachyos-latest-x86_64-v3> scripts/kconfig/streamline_config.pl: interpreter directive changed from "#!/usr/bin/env perl" to "/nix/store/cc9zsahxyx5my7bqid4dzkljw2dd9ygm-perl-5.42.0/bin/perl"
linux-cachyos-latest-x86_64-v3> scripts/leaking_addresses.pl: interpreter directive changed from "#!/usr/bin/env perl" to "/nix/store/cc9zsahxyx5my7bqid4dzkljw2dd9ygm-perl-5.42.0/bin/perl"
linux-cachyos-latest-x86_64-v3> scripts/link-vmlinux.sh: interpreter directive changed from "#!/bin/sh" to "/nix/store/v8llyqw71lygr2llhmcc8ya5bdlzq45v-bash-5.3p9/bin/sh"
python3.14-twisted>     testError ...                                                          [OK]
linux-cachyos-latest-x86_64-v3> scripts/livepatch/fix-patch-lines: interpreter directive changed from "#!/usr/bin/awk -f" to "/nix/store/cb4h2p8j9m45riqawxlfndpz4arlv4rs-gawk-5.4.0/bin/awk -f"
linux-cachyos-latest-x86_64-v3> scripts/livepatch/klp-build: interpreter directive changed from "#!/bin/bash" to "/nix/store/v8llyqw71lygr2llhmcc8ya5bdlzq45v-bash-5.3p9/bin/bash"
linux-cachyos-latest-x86_64-v3> scripts/macro_checker.py: interpreter directive changed from "#!/usr/bin/python3" to "/nix/store/sykpc1w6cc99grgyj02jd8dbspcrfqzs-python3-minimal-3.14.6/bin/python3"
linux-cachyos-latest-x86_64-v3> scripts/make_fit.py: interpreter directive changed from "#!/usr/bin/env python3" to "/nix/store/sykpc1w6cc99grgyj02jd8dbspcrfqzs-python3-minimal-3.14.6/bin/python3"
linux-cachyos-latest-x86_64-v3> scripts/makelst: interpreter directive changed from "#!/bin/sh" to "/nix/store/v8llyqw71lygr2llhmcc8ya5bdlzq45v-bash-5.3p9/bin/sh"
linux-cachyos-latest-x86_64-v3> scripts/markup_oops.pl: interpreter directive changed from "#!/usr/bin/env perl" to "/nix/store/cc9zsahxyx5my7bqid4dzkljw2dd9ygm-perl-5.42.0/bin/perl"
linux-cachyos-latest-x86_64-v3> scripts/min-tool-version.sh: interpreter directive changed from "#!/bin/sh" to "/nix/store/v8llyqw71lygr2llhmcc8ya5bdlzq45v-bash-5.3p9/bin/sh"
linux-cachyos-latest-x86_64-v3> scripts/misc-check: interpreter directive changed from "#!/bin/sh" to "/nix/store/v8llyqw71lygr2llhmcc8ya5bdlzq45v-bash-5.3p9/bin/sh"
linux-cachyos-latest-x86_64-v3> scripts/mkcompile_h: interpreter directive changed from "#!/bin/sh" to "/nix/store/v8llyqw71lygr2llhmcc8ya5bdlzq45v-bash-5.3p9/bin/sh"
linux-cachyos-latest-x86_64-v3> scripts/mksysmap: interpreter directive changed from "#!/bin/sed -f" to "/nix/store/68d86idclxs6bfaqprmdx052xqy9qlv9-gnused-4.10/bin/sed -f"
linux-cachyos-latest-x86_64-v3> scripts/mkuboot.sh: interpreter directive changed from "#!/bin/bash" to "/nix/store/v8llyqw71lygr2llhmcc8ya5bdlzq45v-bash-5.3p9/bin/bash"
linux-cachyos-latest-x86_64-v3> scripts/modules-check.sh: interpreter directive changed from "#!/bin/sh" to "/nix/store/v8llyqw71lygr2llhmcc8ya5bdlzq45v-bash-5.3p9/bin/sh"
linux-cachyos-latest-x86_64-v3> scripts/objdiff: interpreter directive changed from "#!/bin/bash" to "/nix/store/v8llyqw71lygr2llhmcc8ya5bdlzq45v-bash-5.3p9/bin/bash"
linux-cachyos-latest-x86_64-v3> scripts/objdump-func: interpreter directive changed from "#!/bin/bash" to "/nix/store/v8llyqw71lygr2llhmcc8ya5bdlzq45v-bash-5.3p9/bin/bash"
linux-cachyos-latest-x86_64-v3> scripts/package/builddeb: interpreter directive changed from "#!/bin/sh" to "/nix/store/v8llyqw71lygr2llhmcc8ya5bdlzq45v-bash-5.3p9/bin/sh"
linux-cachyos-latest-x86_64-v3> scripts/package/buildtar: interpreter directive changed from "#!/bin/sh" to "/nix/store/v8llyqw71lygr2llhmcc8ya5bdlzq45v-bash-5.3p9/bin/sh"
linux-cachyos-latest-x86_64-v3> scripts/package/debian/rules: interpreter directive changed from "#!/usr/bin/make -f" to "/nix/store/5hndr36f8c9d9z305r27z6dxkhysng95-gnumake-4.4.1/bin/make -f"
linux-cachyos-latest-x86_64-v3> scripts/package/gen-diff-patch: interpreter directive changed from "#!/bin/sh" to "/nix/store/v8llyqw71lygr2llhmcc8ya5bdlzq45v-bash-5.3p9/bin/sh"
linux-cachyos-latest-x86_64-v3> scripts/package/install-extmod-build: interpreter directive changed from "#!/bin/sh" to "/nix/store/v8llyqw71lygr2llhmcc8ya5bdlzq45v-bash-5.3p9/bin/sh"
linux-cachyos-latest-x86_64-v3> scripts/package/mkdebian: interpreter directive changed from "#!/bin/sh" to "/nix/store/v8llyqw71lygr2llhmcc8ya5bdlzq45v-bash-5.3p9/bin/sh"
linux-cachyos-latest-x86_64-v3> scripts/package/mkspec: interpreter directive changed from "#!/bin/sh" to "/nix/store/v8llyqw71lygr2llhmcc8ya5bdlzq45v-bash-5.3p9/bin/sh"
linux-cachyos-latest-x86_64-v3> scripts/pahole-version.sh: interpreter directive changed from "#!/bin/sh" to "/nix/store/v8llyqw71lygr2llhmcc8ya5bdlzq45v-bash-5.3p9/bin/sh"
linux-cachyos-latest-x86_64-v3> scripts/parse-maintainers.pl: interpreter directive changed from "#!/usr/bin/perl -w" to "/nix/store/cc9zsahxyx5my7bqid4dzkljw2dd9ygm-perl-5.42.0/bin/perl -w"
linux-cachyos-latest-x86_64-v3> scripts/patch-kernel: interpreter directive changed from "#! /bin/sh" to "/nix/store/v8llyqw71lygr2llhmcc8ya5bdlzq45v-bash-5.3p9/bin/sh"
linux-cachyos-latest-x86_64-v3> scripts/profile2linkerlist.pl: interpreter directive changed from "#!/usr/bin/env perl" to "/nix/store/cc9zsahxyx5my7bqid4dzkljw2dd9ygm-perl-5.42.0/bin/perl"
linux-cachyos-latest-x86_64-v3> scripts/prune-kernel: interpreter directive changed from "#!/bin/bash" to "/nix/store/v8llyqw71lygr2llhmcc8ya5bdlzq45v-bash-5.3p9/bin/bash"
linux-cachyos-latest-x86_64-v3> scripts/recordmcount.pl: interpreter directive changed from "#!/usr/bin/env perl" to "/nix/store/cc9zsahxyx5my7bqid4dzkljw2dd9ygm-perl-5.42.0/bin/perl"
linux-cachyos-latest-x86_64-v3> scripts/relocs_check.sh: interpreter directive changed from "#!/bin/sh" to "/nix/store/v8llyqw71lygr2llhmcc8ya5bdlzq45v-bash-5.3p9/bin/sh"
linux-cachyos-latest-x86_64-v3> scripts/remove-stale-files: interpreter directive changed from "#!/bin/sh" to "/nix/store/v8llyqw71lygr2llhmcc8ya5bdlzq45v-bash-5.3p9/bin/sh"
linux-cachyos-latest-x86_64-v3> scripts/rust_is_available.sh: interpreter directive changed from "#!/bin/sh" to "/nix/store/v8llyqw71lygr2llhmcc8ya5bdlzq45v-bash-5.3p9/bin/sh"
linux-cachyos-latest-x86_64-v3> scripts/rust_is_available_test.py: interpreter directive changed from "#!/usr/bin/env python3" to "/nix/store/sykpc1w6cc99grgyj02jd8dbspcrfqzs-python3-minimal-3.14.6/bin/python3"
linux-cachyos-latest-x86_64-v3> scripts/rustc-llvm-version.sh: interpreter directive changed from "#!/bin/sh" to "/nix/store/v8llyqw71lygr2llhmcc8ya5bdlzq45v-bash-5.3p9/bin/sh"
linux-cachyos-latest-x86_64-v3> scripts/rustc-version.sh: interpreter directive changed from "#!/bin/sh" to "/nix/store/v8llyqw71lygr2llhmcc8ya5bdlzq45v-bash-5.3p9/bin/sh"
linux-cachyos-latest-x86_64-v3> scripts/selinux/install_policy.sh: interpreter directive changed from "#!/bin/sh" to "/nix/store/v8llyqw71lygr2llhmcc8ya5bdlzq45v-bash-5.3p9/bin/sh"
python3.14-twisted>     testIgnoredError ...                                                   [OK]
linux-cachyos-latest-x86_64-v3> scripts/setlocalversion: interpreter directive changed from "#!/bin/sh" to "/nix/store/v8llyqw71lygr2llhmcc8ya5bdlzq45v-bash-5.3p9/bin/sh"
linux-cachyos-latest-x86_64-v3> scripts/show_delta: interpreter directive changed from "#!/usr/bin/env python3" to "/nix/store/sykpc1w6cc99grgyj02jd8dbspcrfqzs-python3-minimal-3.14.6/bin/python3"
linux-cachyos-latest-x86_64-v3> scripts/spdxcheck.py: interpreter directive changed from "#!/usr/bin/env python3" to "/nix/store/sykpc1w6cc99grgyj02jd8dbspcrfqzs-python3-minimal-3.14.6/bin/python3"
linux-cachyos-latest-x86_64-v3> scripts/stackdelta: interpreter directive changed from "#!/usr/bin/env perl" to "/nix/store/cc9zsahxyx5my7bqid4dzkljw2dd9ygm-perl-5.42.0/bin/perl"
linux-cachyos-latest-x86_64-v3> scripts/stackusage: interpreter directive changed from "#!/bin/sh" to "/nix/store/v8llyqw71lygr2llhmcc8ya5bdlzq45v-bash-5.3p9/bin/sh"
linux-cachyos-latest-x86_64-v3> scripts/syscallhdr.sh: interpreter directive changed from "#!/bin/sh" to "/nix/store/v8llyqw71lygr2llhmcc8ya5bdlzq45v-bash-5.3p9/bin/sh"
linux-cachyos-latest-x86_64-v3> scripts/syscallnr.sh: interpreter directive changed from "#!/bin/sh" to "/nix/store/v8llyqw71lygr2llhmcc8ya5bdlzq45v-bash-5.3p9/bin/sh"
linux-cachyos-latest-x86_64-v3> scripts/syscalltbl.sh: interpreter directive changed from "#!/bin/sh" to "/nix/store/v8llyqw71lygr2llhmcc8ya5bdlzq45v-bash-5.3p9/bin/sh"
linux-cachyos-latest-x86_64-v3> scripts/tags.sh: interpreter directive changed from "#!/bin/bash" to "/nix/store/v8llyqw71lygr2llhmcc8ya5bdlzq45v-bash-5.3p9/bin/bash"
linux-cachyos-latest-x86_64-v3> scripts/tools-support-relr.sh: interpreter directive changed from "#!/bin/sh -eu" to "/nix/store/v8llyqw71lygr2llhmcc8ya5bdlzq45v-bash-5.3p9/bin/sh -eu"
linux-cachyos-latest-x86_64-v3> scripts/tracing/ftrace-bisect.sh: interpreter directive changed from "#!/bin/bash" to "/nix/store/v8llyqw71lygr2llhmcc8ya5bdlzq45v-bash-5.3p9/bin/bash"
linux-cachyos-latest-x86_64-v3> scripts/ver_linux: interpreter directive changed from "#!/usr/bin/awk -f" to "/nix/store/cb4h2p8j9m45riqawxlfndpz4arlv4rs-gawk-5.4.0/bin/awk -f"
linux-cachyos-latest-x86_64-v3> scripts/verify_builtin_ranges.awk: interpreter directive changed from "#!/usr/bin/gawk -f" to "/nix/store/cb4h2p8j9m45riqawxlfndpz4arlv4rs-gawk-5.4.0/bin/gawk -f"
linux-cachyos-latest-x86_64-v3> scripts/xen-hypercalls.sh: interpreter directive changed from "#!/bin/sh" to "/nix/store/v8llyqw71lygr2llhmcc8ya5bdlzq45v-bash-5.3p9/bin/sh"
linux-cachyos-latest-x86_64-v3> scripts/xz_wrap.sh: interpreter directive changed from "#!/bin/sh" to "/nix/store/v8llyqw71lygr2llhmcc8ya5bdlzq45v-bash-5.3p9/bin/sh"
linux-cachyos-latest-x86_64-v3> scripts/gen-randstruct-seed.sh: interpreter directive changed from "#!/bin/sh" to "/nix/store/v8llyqw71lygr2llhmcc8ya5bdlzq45v-bash-5.3p9/bin/sh"
linux-cachyos-latest-x86_64-v3> patching script interpreter paths in arch/arm/boot/install.sh
linux-cachyos-latest-x86_64-v3> arch/arm/boot/install.sh: interpreter directive changed from "#!/bin/sh" to "/nix/store/v8llyqw71lygr2llhmcc8ya5bdlzq45v-bash-5.3p9/bin/sh"
linux-cachyos-latest-x86_64-v3> patching script interpreter paths in arch/arm64/boot/install.sh
linux-cachyos-latest-x86_64-v3> arch/arm64/boot/install.sh: interpreter directive changed from "#!/bin/sh" to "/nix/store/v8llyqw71lygr2llhmcc8ya5bdlzq45v-bash-5.3p9/bin/sh"
linux-cachyos-latest-x86_64-v3> patching script interpreter paths in arch/loongarch/boot/install.sh
linux-cachyos-latest-x86_64-v3> arch/loongarch/boot/install.sh: interpreter directive changed from "#!/bin/sh" to "/nix/store/v8llyqw71lygr2llhmcc8ya5bdlzq45v-bash-5.3p9/bin/sh"
linux-cachyos-latest-x86_64-v3> patching script interpreter paths in arch/m68k/install.sh
linux-cachyos-latest-x86_64-v3> arch/m68k/install.sh: interpreter directive changed from "#!/bin/sh" to "/nix/store/v8llyqw71lygr2llhmcc8ya5bdlzq45v-bash-5.3p9/bin/sh"
linux-cachyos-latest-x86_64-v3> patching script interpreter paths in arch/nios2/boot/install.sh
linux-cachyos-latest-x86_64-v3> arch/nios2/boot/install.sh: interpreter directive changed from "#!/bin/sh" to "/nix/store/v8llyqw71lygr2llhmcc8ya5bdlzq45v-bash-5.3p9/bin/sh"
linux-cachyos-latest-x86_64-v3> patching script interpreter paths in arch/parisc/install.sh
linux-cachyos-latest-x86_64-v3> arch/parisc/install.sh: interpreter directive changed from "#!/bin/sh" to "/nix/store/v8llyqw71lygr2llhmcc8ya5bdlzq45v-bash-5.3p9/bin/sh"
linux-cachyos-latest-x86_64-v3> patching script interpreter paths in arch/powerpc/boot/install.sh
linux-cachyos-latest-x86_64-v3> arch/powerpc/boot/install.sh: interpreter directive changed from "#!/bin/sh" to "/nix/store/v8llyqw71lygr2llhmcc8ya5bdlzq45v-bash-5.3p9/bin/sh"
linux-cachyos-latest-x86_64-v3> patching script interpreter paths in arch/riscv/boot/install.sh
linux-cachyos-latest-x86_64-v3> arch/riscv/boot/install.sh: interpreter directive changed from "#!/bin/sh" to "/nix/store/v8llyqw71lygr2llhmcc8ya5bdlzq45v-bash-5.3p9/bin/sh"
linux-cachyos-latest-x86_64-v3> patching script interpreter paths in arch/s390/boot/install.sh
linux-cachyos-latest-x86_64-v3> arch/s390/boot/install.sh: interpreter directive changed from "#!/bin/sh" to "/nix/store/v8llyqw71lygr2llhmcc8ya5bdlzq45v-bash-5.3p9/bin/sh"
linux-cachyos-latest-x86_64-v3> patching script interpreter paths in arch/sparc/boot/install.sh
linux-cachyos-latest-x86_64-v3> arch/sparc/boot/install.sh: interpreter directive changed from "#!/bin/sh" to "/nix/store/v8llyqw71lygr2llhmcc8ya5bdlzq45v-bash-5.3p9/bin/sh"
linux-cachyos-latest-x86_64-v3> patching script interpreter paths in arch/x86/boot/install.sh
linux-cachyos-latest-x86_64-v3> arch/x86/boot/install.sh: interpreter directive changed from "#!/bin/sh" to "/nix/store/v8llyqw71lygr2llhmcc8ya5bdlzq45v-bash-5.3p9/bin/sh"
linux-cachyos-latest-x86_64-v3> Running phase: updateAutotoolsGnuConfigScriptsPhase
python3.14-twisted>   OurServerCmdLineClientTests
python3.14-twisted>     testCdPwd ...                                                          [OK]
linux-cachyos-latest-x86_64-v3> Running phase: configurePhase
python3.14-twisted>     testChAttrs ...                                                        [OK]
linux-cachyos-latest-x86_64-v3> manual-config configurePhase buildRoot=/nix/var/nix/b/20fdywb967b3fq113f5znapsq0/b/linux-src-patched/build pwd=/nix/var/nix/b/20fdywb967b3fq113f5znapsq0/b/linux-src-patched
linux-cachyos-latest-x86_64-v3> '/nix/var/nix/b/20fdywb967b3fq113f5znapsq0/b/linux-src-patched/build/.config' -> '/nix/store/ccgyjbnzbzyyi43rkxfgcqm9xpxz41lw-linux-config-7.1.3'
linux-cachyos-latest-x86_64-v3> make[1]: Entering directory '/nix/var/nix/b/20fdywb967b3fq113f5znapsq0/b/linux-src-patched/build'
python3.14-twisted>     testGet ...                                                            [OK]
wavey-launcher>    Compiling zstd v0.13.1
copying 0 paths...
copying 0 paths...
copying 0 paths...
python3.14-twisted>     testHelp ...                                                           [OK]
copying 0 paths...
copying 0 paths...
copying 0 paths...
copying 0 paths...
copying 5 paths...
copying path '/nix/store/7403bjp2wa0jggww9qsq8lhcb2qfig1b-xen-4.20.3-man' from 'ssh-ng://j_kro@nexus'...
copying path '/nix/store/mr70hjppcpgcv0x4x52yb6qcjqqpdwgx-xen-4.20.3-boot' from 'ssh-ng://j_kro@nexus'...
copying path '/nix/store/z5dxazfvssqdmjln4dnsgz4pjxsakrim-xen-4.20.3' from 'ssh-ng://j_kro@nexus'...
copying 0 paths...
building '/nix/store/wlvljsxzfwdsrzsvpw41c0s03n3f6ici-stability-matrix-2.16.1-bwrap.drv'...
linux-cachyos-latest-x86_64-v3>   UPD     Makefile
copying 1 paths...
copying path '/nix/store/p9r5s8y5z5gq0f9wynibpqzcrr40f267-stability-matrix-2.16.1-bwrap' from 'ssh-ng://j_kro@nexus'...
wavey-launcher>    Compiling ashpd v0.8.1
building '/nix/store/7cy668ahi02nww7zr2cglri6agrg4idh-anime-game-launcher-3.19.7.drv'...
building '/nix/store/mq0rg8d3rj2m3c16b7dw7k2iny3b80ph-triton-llvm-23.0.0-unstable-2026-01-29.drv'...
triton-llvm> structuredAttrs is enabled
python3.14-twisted>     testLink ...                                                           [OK]
building '/nix/store/9646jlyczxykfd5s3vsrl7lv5bq62j8i-noctalia-5.0.0-beta.7.drv'...
noctalia> structuredAttrs is enabled
building '/nix/store/jfgw0yacj8nlsrxkqnghi41b95d0ysza-noctalia-5.0.0-beta.7.drv'...
noctalia> structuredAttrs is enabled
building '/nix/store/km7waf72dwwbra7xw1idq8wyj4nc45gy-ffmpeg-8.1.2.drv'...
wavey-launcher>    Compiling anime-game-core v1.20.1 (https://github.com/an-anime-team/anime-game-core?tag=1.20.1#1f1bddbe)
noctalia> Sourcing auto-add-driver-runpath-hook
noctalia> Using autoAddDriverRunpath
noctalia> Sourcing fix-elf-files.sh
noctalia> Sourcing auto-add-driver-runpath-hook
noctalia> Using autoAddDriverRunpath
noctalia> Sourcing fix-elf-files.sh
building '/nix/store/s0in1krrijc9v509fdyvkyllnrbybhqh-ffmpeg-6.1.6.drv'...
ffmpeg> Running phase: unpackPhase
ffmpeg> unpacking source archive /nix/store/lrsm8w8023kpna6kpw4kr4ixgkm850i9-ffmpeg
noctalia> Running phase: unpackPhase
noctalia> unpacking source archive /nix/store/4hrnrhqyc1zxgnbxiai41nfr2pkfyr4c-source
triton-llvm> Running phase: unpackPhase
triton-llvm> unpacking source archive /nix/store/izphhh99zpk5l2slzq1k7vibc2jmfwd3-source
building '/nix/store/2j3vpw8cj4lnbfmx0wb1w6zmqvpfvifs-qdrant-1.18.1-vendor-staging.drv'...
noctalia> Running phase: unpackPhase
noctalia> unpacking source archive /nix/store/4hrnrhqyc1zxgnbxiai41nfr2pkfyr4c-source
qdrant> Running phase: unpackPhase
qdrant> unpacking source archive /nix/store/4sf7jwxh0ca5ckkzcjmvkmpchzgabygg-source
python3.14-twisted>     testList ...                                                           [OK]
ffmpeg> Running phase: unpackPhase
ffmpeg> unpacking source archive /nix/store/3qgyrjq7avzws86jjvwfkq6ca5fssbkm-ffmpeg
anime-game-launcher> Running phase: unpackPhase
copying path '/nix/store/2qgw4nig5kdam5f61x0hgz0brdazyjmn-xen-4.20.3-dev' from 'ssh-ng://j_kro@nexus'...
copying path '/nix/store/szrkil8akm2g8n2ifcyc7zy926iwwmxp-xen-4.20.3-doc' from 'ssh-ng://j_kro@nexus'...
anime-game-launcher> unpacking source archive /nix/store/yid6jv2xrcbpa458psnkfjs9kdcganf1-source
python3.14-twisted>     testLocalDirectory ...                                                 [OK]
anime-game-launcher> source root is source
anime-game-launcher> Executing cargoSetupPostUnpackHook
wavey-launcher>    Compiling anime-launcher-sdk v1.15.3 (https://github.com/an-anime-team/anime-launcher-sdk?tag=1.15.3#f7633ac0)
python3.14-twisted>     testPut ...                                                            [OK]
noctalia> source root is source
noctalia> Running phase: patchPhase
noctalia> applying patch /nix/store/55nc9k4x7i74936zz8ay9dz7ql4684mv-noctalia-sdr-brightness.patch
noctalia> patching file src/config/config_types.h
noctalia> Hunk #1 succeeded at 1190 (offset 103 lines).
noctalia> Hunk #2 succeeded at 1198 (offset 103 lines).
noctalia> patching file src/system/brightness_service.cpp
noctalia> Hunk #1 succeeded at 54 (offset -3 lines).
noctalia> Hunk #2 succeeded at 66 (offset -3 lines).
noctalia> Hunk #3 succeeded at 637 (offset -29 lines).
noctalia> Hunk #4 succeeded at 921 (offset -10 lines).
noctalia> Hunk #5 succeeded at 936 (offset -10 lines).
noctalia> Hunk #6 succeeded at 1007 (offset -10 lines).
noctalia> Hunk #7 succeeded at 1104 (offset -10 lines).
noctalia> Running phase: updateAutotoolsGnuConfigScriptsPhase
noctalia> Running phase: configurePhase
noctalia> mesonConfigurePhase flags: --prefix=/nix/store/i4gj3pclw7831pizbg6qz1g7kzmbr1p5-noctalia-5.0.0-beta.7 --libdir=/nix/store/i4gj3pclw7831pizbg6qz1g7kzmbr1p5-noctalia-5.0.0-beta.7/lib --libexecdir=/nix/store/i4gj3pclw7831pizbg6qz1g7kzmbr1p5-noctalia-5.0.0-beta.7/libexec --bindir=/nix/store/i4gj3pclw7831pizbg6qz1g7kzmbr1p5-noctalia-5.0.0-beta.7/bin --sbindir=/nix/store/i4gj3pclw7831pizbg6qz1g7kzmbr1p5-noctalia-5.0.0-beta.7/sbin --includedir=/nix/store/i4gj3pclw7831pizbg6qz1g7kzmbr1p5-noctalia-5.0.0-beta.7/include --mandir=/nix/store/i4gj3pclw7831pizbg6qz1g7kzmbr1p5-noctalia-5.0.0-beta.7/share/man --infodir=/nix/store/i4gj3pclw7831pizbg6qz1g7kzmbr1p5-noctalia-5.0.0-beta.7/share/info --localedir=/nix/store/i4gj3pclw7831pizbg6qz1g7kzmbr1p5-noctalia-5.0.0-beta.7/share/locale -Dauto_features=enabled -Dwrap_mode=nodownload --buildtype=release
noctalia> source root is source
noctalia> Running phase: patchPhase
noctalia> Running phase: updateAutotoolsGnuConfigScriptsPhase
noctalia> Running phase: configurePhase
noctalia> mesonConfigurePhase flags: --prefix=/nix/store/7qgql9fznxm9gscnzij8rzykj46v120b-noctalia-5.0.0-beta.7 --libdir=/nix/store/7qgql9fznxm9gscnzij8rzykj46v120b-noctalia-5.0.0-beta.7/lib --libexecdir=/nix/store/7qgql9fznxm9gscnzij8rzykj46v120b-noctalia-5.0.0-beta.7/libexec --bindir=/nix/store/7qgql9fznxm9gscnzij8rzykj46v120b-noctalia-5.0.0-beta.7/bin --sbindir=/nix/store/7qgql9fznxm9gscnzij8rzykj46v120b-noctalia-5.0.0-beta.7/sbin --includedir=/nix/store/7qgql9fznxm9gscnzij8rzykj46v120b-noctalia-5.0.0-beta.7/include --mandir=/nix/store/7qgql9fznxm9gscnzij8rzykj46v120b-noctalia-5.0.0-beta.7/share/man --infodir=/nix/store/7qgql9fznxm9gscnzij8rzykj46v120b-noctalia-5.0.0-beta.7/share/info --localedir=/nix/store/7qgql9fznxm9gscnzij8rzykj46v120b-noctalia-5.0.0-beta.7/share/locale -Dauto_features=enabled -Dwrap_mode=nodownload --buildtype=release
noctalia> The Meson build system
noctalia> Version: 1.10.2
noctalia> Source dir: /nix/var/nix/b/03ab7rjhpwpa6q4qxyqz2fjyz4/b/source
noctalia> Build dir: /nix/var/nix/b/03ab7rjhpwpa6q4qxyqz2fjyz4/b/source/build
noctalia> Build type: native build
python3.14-twisted>     testRemoteDirectory ...                                                [OK]
qdrant> source root is source
noctalia> Project name: noctalia
noctalia> Project version: 5.0.0
noctalia> The Meson build system
noctalia> Version: 1.10.2
noctalia> Source dir: /nix/var/nix/b/63g23xv3qrk3iambw7v5p8qzx4/b/source
noctalia> Build dir: /nix/var/nix/b/63g23xv3qrk3iambw7v5p8qzx4/b/source/build
noctalia> Build type: native build
qdrant> Running phase: patchPhase
qdrant> Running phase: updateAutotoolsGnuConfigScriptsPhase
qdrant> Running phase: buildPhase
noctalia> Project name: noctalia
noctalia> Project version: 5.0.0
linux-cachyos-latest-x86_64-v3>   HOSTCC  scripts/basic/fixdep
qdrant> Skipping local dependency: api
qdrant> Skipping local dependency: cancel
qdrant> Skipping local dependency: collection
qdrant> Skipping local dependency: common
qdrant> Skipping local dependency: dataset
qdrant> Skipping local dependency: edge
qdrant> Skipping local dependency: edge-py-codegen
qdrant> Skipping local dependency: gpu
qdrant> Skipping local dependency: gridstore
qdrant> Skipping local dependency: issues
qdrant> Skipping local dependency: macros
qdrant> Skipping local dependency: posting_list
qdrant> Skipping local dependency: qdrant
qdrant> Skipping local dependency: qdrant-edge-py
qdrant> Skipping local dependency: quantization
qdrant> Skipping local dependency: segment
qdrant> Skipping local dependency: shard
qdrant> Skipping local dependency: sparse
qdrant> Skipping local dependency: storage
qdrant> Skipping local dependency: trififo
qdrant> Skipping local dependency: wal
qdrant> Fetching https://github.com/qdrant/hyper#923b57d062119b6d223beff7f34f8955f9c3dded -> git/923b57d062119b6d223beff7f34f8955f9c3dded
python3.14-twisted>     testRename ...                                                         [OK]
noctalia> C compiler for the host machine: gcc (gcc 15.3.0 "gcc (GCC) 15.3.0")
noctalia> C linker for the host machine: gcc ld.bfd 2.46
building '/nix/store/7gvjlxxgr5lqh9z235dcc8wsg5y3798p-stability-matrix-2.16.1.drv' on 'ssh-ng://j_kro@nexus'...
copying 0 paths...
noctalia> C compiler for the host machine: gcc (gcc 15.3.0 "gcc (GCC) 15.3.0")
noctalia> C linker for the host machine: gcc ld.bfd 2.46
python3.14-twisted>     testWildcardGet ...                                                    [OK]
noctalia> C++ compiler for the host machine: g++ (gcc 15.3.0 "g++ (GCC) 15.3.0")
noctalia> C++ linker for the host machine: g++ ld.bfd 2.46
building '/nix/store/7gvjlxxgr5lqh9z235dcc8wsg5y3798p-stability-matrix-2.16.1.drv'...
stability-matrix> structuredAttrs is enabled
copying 1 paths...
copying path '/nix/store/9rnlkyyz9fvh2wwfg18qh1fxyv6niw4b-stability-matrix-2.16.1' from 'ssh-ng://j_kro@nexus'...
qdrant> Fetching https://github.com/qdrant/murmur3#2c39087f094ae982a463e1cda9cf4d483a09192b -> git/2c39087f094ae982a463e1cda9cf4d483a09192b
noctalia> C++ compiler for the host machine: g++ (gcc 15.3.0 "g++ (GCC) 15.3.0")
noctalia> C++ linker for the host machine: g++ ld.bfd 2.46
python3.14-twisted>     testWildcardPut ...                                                    [OK]
ffmpeg> source root is ffmpeg
ffmpeg> Running phase: patchPhase
ffmpeg> applying patch /nix/store/8ysv026pzkq2rab89wfvz4sf91ddqdv3-nvccflags-cpp14.patch
ffmpeg> patching file configure
ffmpeg> Hunk #1 succeeded at 6579 (offset -163 lines).
ffmpeg> applying patch /nix/store/dsxzwnl8zsx99psrasklf7q3407013j7-texinfo-7.1.patch
ffmpeg> patching file doc/t2h.pm
ffmpeg> applying patch /nix/store/3kv4b7469wbh2f5nacif47mw9gp7zrj2-unbreak-svt-av1-3.0.0.patch
ffmpeg> patching file libavcodec/libsvtav1.c
ffmpeg> Hunk #1 succeeded at 389 (offset -46 lines).
ffmpeg> applying patch /nix/store/sfimjqlkcdvhsh1b2mrch7paapldfd0p-svt-av1-4.0.0-compat.patch
ffmpeg> patching file libavcodec/libsvtav1.c
ffmpeg> Hunk #1 succeeded at 195 (offset -42 lines).
ffmpeg> patching script interpreter paths in .
ffmpeg> ./compat/solaris/make_sunver.pl: interpreter directive changed from "#!/usr/bin/env perl" to "/nix/store/4hbz5lyqjg08fk6rk67dfbky4y3nwhhg-perl-5.42.0/bin/perl"
ffmpeg> ./compat/windows/mslink: interpreter directive changed from "#!/bin/sh" to "/nix/store/c9mv5v53f7vy3wd00ah0f77k509mzmn7-bash-5.3p15/bin/sh"
ffmpeg> ./compat/windows/mswindres: interpreter directive changed from "#!/bin/sh" to "/nix/store/c9mv5v53f7vy3wd00ah0f77k509mzmn7-bash-5.3p15/bin/sh"
ffmpeg> ./compat/windows/makedef: interpreter directive changed from "#!/bin/sh" to "/nix/store/c9mv5v53f7vy3wd00ah0f77k509mzmn7-bash-5.3p15/bin/sh"
ffmpeg> ./doc/doxy-wrapper.sh: interpreter directive changed from "#!/bin/sh" to "/nix/store/c9mv5v53f7vy3wd00ah0f77k509mzmn7-bash-5.3p15/bin/sh"
ffmpeg> ./doc/texi2pod.pl: interpreter directive changed from "#!/usr/bin/env perl" to "/nix/store/4hbz5lyqjg08fk6rk67dfbky4y3nwhhg-perl-5.42.0/bin/perl"
linux-cachyos-latest-x86_64-v3>   HOSTCC  scripts/kconfig/conf.o
python3.14-twisted>     test_existingRemoteDirectory ...                                       [OK]
ffmpeg> source root is ffmpeg
ffmpeg> ./doc/texidep.pl: interpreter directive changed from "#! /usr/bin/env perl" to "/nix/store/4hbz5lyqjg08fk6rk67dfbky4y3nwhhg-perl-5.42.0/bin/perl"
ffmpeg> ./ffbuild/version.sh: interpreter directive changed from "#!/bin/sh" to "/nix/store/c9mv5v53f7vy3wd00ah0f77k509mzmn7-bash-5.3p15/bin/sh"
ffmpeg> ./ffbuild/libversion.sh: interpreter directive changed from "#!/bin/sh" to "/nix/store/c9mv5v53f7vy3wd00ah0f77k509mzmn7-bash-5.3p15/bin/sh"
ffmpeg> ./ffbuild/pkgconfig_generate.sh: interpreter directive changed from "#!/bin/sh" to "/nix/store/c9mv5v53f7vy3wd00ah0f77k509mzmn7-bash-5.3p15/bin/sh"
ffmpeg> ./tests/copycooker.sh: interpreter directive changed from "#!/bin/sh" to "/nix/store/c9mv5v53f7vy3wd00ah0f77k509mzmn7-bash-5.3p15/bin/sh"
ffmpeg> ./tests/fate-run.sh: interpreter directive changed from "#! /bin/sh" to "/nix/store/c9mv5v53f7vy3wd00ah0f77k509mzmn7-bash-5.3p15/bin/sh"
ffmpeg> ./tests/fate.sh: interpreter directive changed from "#! /bin/sh" to "/nix/store/c9mv5v53f7vy3wd00ah0f77k509mzmn7-bash-5.3p15/bin/sh"
ffmpeg> ./tests/fate/source-check.sh: interpreter directive changed from "#!/bin/sh" to "/nix/store/c9mv5v53f7vy3wd00ah0f77k509mzmn7-bash-5.3p15/bin/sh"
ffmpeg> ./tools/bisect-create: interpreter directive changed from "#!/bin/sh" to "/nix/store/c9mv5v53f7vy3wd00ah0f77k509mzmn7-bash-5.3p15/bin/sh"
ffmpeg> Running phase: patchPhase
ffmpeg> applying patch /nix/store/8ysv026pzkq2rab89wfvz4sf91ddqdv3-nvccflags-cpp14.patch
ffmpeg> patching file configure
ffmpeg> Hunk #1 succeeded at 7106 (offset 364 lines).
ffmpeg> applying patch /nix/store/6v7njhg0nxy4lhs892fmg94rmygvdk0h-add-av_stream_get_first_dts-for-chromium.patch
ffmpeg> patching file libavformat/avformat.h
ffmpeg> Hunk #1 succeeded at 1178 with fuzz 2 (offset 50 lines).
ffmpeg> patching file libavformat/mux_utils.c
ffmpeg> Hunk #1 succeeded at 29 with fuzz 2 (offset -8 lines).
ffmpeg> patching script interpreter paths in .
ffmpeg> ./compat/solaris/make_sunver.pl: interpreter directive changed from "#!/usr/bin/env perl" to "/nix/store/4hbz5lyqjg08fk6rk67dfbky4y3nwhhg-perl-5.42.0/bin/perl"
ffmpeg> ./tools/clean-diff: interpreter directive changed from "#!/bin/sh" to "/nix/store/c9mv5v53f7vy3wd00ah0f77k509mzmn7-bash-5.3p15/bin/sh"
ffmpeg> ./tools/dvd2concat: interpreter directive changed from "#!/usr/bin/env perl" to "/nix/store/4hbz5lyqjg08fk6rk67dfbky4y3nwhhg-perl-5.42.0/bin/perl"
ffmpeg> ./tools/make_chlayout_test: interpreter directive changed from "#!/usr/bin/env perl" to "/nix/store/4hbz5lyqjg08fk6rk67dfbky4y3nwhhg-perl-5.42.0/bin/perl"
ffmpeg> ./tools/missing_codec_desc: interpreter directive changed from "#!/bin/sh" to "/nix/store/c9mv5v53f7vy3wd00ah0f77k509mzmn7-bash-5.3p15/bin/sh"
ffmpeg> ./tools/murge: interpreter directive changed from "#!/bin/sh" to "/nix/store/c9mv5v53f7vy3wd00ah0f77k509mzmn7-bash-5.3p15/bin/sh"
linux-cachyos-latest-x86_64-v3>   HOSTCC  scripts/kconfig/confdata.o
ffmpeg> ./compat/windows/makedef: interpreter directive changed from "#!/bin/sh" to "/nix/store/c9mv5v53f7vy3wd00ah0f77k509mzmn7-bash-5.3p15/bin/sh"
ffmpeg> ./compat/windows/mslink: interpreter directive changed from "#!/bin/sh" to "/nix/store/c9mv5v53f7vy3wd00ah0f77k509mzmn7-bash-5.3p15/bin/sh"
ffmpeg> ./compat/windows/mswindres: interpreter directive changed from "#!/bin/sh" to "/nix/store/c9mv5v53f7vy3wd00ah0f77k509mzmn7-bash-5.3p15/bin/sh"
ffmpeg> ./doc/doxy-wrapper.sh: interpreter directive changed from "#!/bin/sh" to "/nix/store/c9mv5v53f7vy3wd00ah0f77k509mzmn7-bash-5.3p15/bin/sh"
ffmpeg> ./doc/texi2pod.pl: interpreter directive changed from "#!/usr/bin/env perl" to "/nix/store/4hbz5lyqjg08fk6rk67dfbky4y3nwhhg-perl-5.42.0/bin/perl"
ffmpeg> ./doc/texidep.pl: interpreter directive changed from "#!/usr/bin/env perl" to "/nix/store/4hbz5lyqjg08fk6rk67dfbky4y3nwhhg-perl-5.42.0/bin/perl"
ffmpeg> ./tools/plotframes: interpreter directive changed from "#!/usr/bin/env perl" to "/nix/store/4hbz5lyqjg08fk6rk67dfbky4y3nwhhg-perl-5.42.0/bin/perl"
ffmpeg> ./tools/source2c: interpreter directive changed from "#!/bin/sh" to "/nix/store/c9mv5v53f7vy3wd00ah0f77k509mzmn7-bash-5.3p15/bin/sh"
ffmpeg> ./tools/unwrap-diff: interpreter directive changed from "#!/bin/sh" to "/nix/store/c9mv5v53f7vy3wd00ah0f77k509mzmn7-bash-5.3p15/bin/sh"
ffmpeg> ./tools/check_arm_indent.sh: interpreter directive changed from "#!/bin/sh" to "/nix/store/c9mv5v53f7vy3wd00ah0f77k509mzmn7-bash-5.3p15/bin/sh"
ffmpeg> ./tools/gen-rc: interpreter directive changed from "#!/bin/sh" to "/nix/store/c9mv5v53f7vy3wd00ah0f77k509mzmn7-bash-5.3p15/bin/sh"
ffmpeg> ./tools/general_assembly.pl: interpreter directive changed from "#!/usr/bin/env perl" to "/nix/store/4hbz5lyqjg08fk6rk67dfbky4y3nwhhg-perl-5.42.0/bin/perl"
qdrant> Fetching https://github.com/tikv/raft-rs#aafb07c7bab439c6139926a77dfafc5b10e9bc84 -> git/aafb07c7bab439c6139926a77dfafc5b10e9bc84
ffmpeg> ./ffbuild/libversion.sh: interpreter directive changed from "#!/bin/sh" to "/nix/store/c9mv5v53f7vy3wd00ah0f77k509mzmn7-bash-5.3p15/bin/sh"
ffmpeg> ./ffbuild/pkgconfig_generate.sh: interpreter directive changed from "#!/bin/sh" to "/nix/store/c9mv5v53f7vy3wd00ah0f77k509mzmn7-bash-5.3p15/bin/sh"
ffmpeg> ./ffbuild/version.sh: interpreter directive changed from "#!/bin/sh" to "/nix/store/c9mv5v53f7vy3wd00ah0f77k509mzmn7-bash-5.3p15/bin/sh"
ffmpeg> ./tests/copycooker.sh: interpreter directive changed from "#!/bin/sh" to "/nix/store/c9mv5v53f7vy3wd00ah0f77k509mzmn7-bash-5.3p15/bin/sh"
ffmpeg> ./tests/fate-run.sh: interpreter directive changed from "#!/bin/sh" to "/nix/store/c9mv5v53f7vy3wd00ah0f77k509mzmn7-bash-5.3p15/bin/sh"
ffmpeg> ./tools/indent_arm_assembly.pl: interpreter directive changed from "#!/usr/bin/env perl" to "/nix/store/4hbz5lyqjg08fk6rk67dfbky4y3nwhhg-perl-5.42.0/bin/perl"
ffmpeg> ./tools/libav-merge-next-commit: interpreter directive changed from "#!/bin/sh" to "/nix/store/c9mv5v53f7vy3wd00ah0f77k509mzmn7-bash-5.3p15/bin/sh"
ffmpeg> ./tools/patcheck: interpreter directive changed from "#!/bin/sh" to "/nix/store/c9mv5v53f7vy3wd00ah0f77k509mzmn7-bash-5.3p15/bin/sh"
ffmpeg> ./tools/target_dec_fate.sh: interpreter directive changed from "#!/bin/sh" to "/nix/store/c9mv5v53f7vy3wd00ah0f77k509mzmn7-bash-5.3p15/bin/sh"
ffmpeg> ./configure.orig: interpreter directive changed from "#!/bin/sh" to "/nix/store/c9mv5v53f7vy3wd00ah0f77k509mzmn7-bash-5.3p15/bin/sh"
python3.14-twisted>     test_putMultipleOverLongerFile ...                                     [OK]
ffmpeg> ./tests/fate.sh: interpreter directive changed from "#!/bin/sh" to "/nix/store/c9mv5v53f7vy3wd00ah0f77k509mzmn7-bash-5.3p15/bin/sh"
ffmpeg> ./tests/fate/source-check.sh: interpreter directive changed from "#!/bin/sh" to "/nix/store/c9mv5v53f7vy3wd00ah0f77k509mzmn7-bash-5.3p15/bin/sh"
ffmpeg> ./tools/bisect-create: interpreter directive changed from "#!/bin/sh" to "/nix/store/c9mv5v53f7vy3wd00ah0f77k509mzmn7-bash-5.3p15/bin/sh"
ffmpeg> ./tools/check_arm_indent.sh: interpreter directive changed from "#!/bin/sh" to "/nix/store/c9mv5v53f7vy3wd00ah0f77k509mzmn7-bash-5.3p15/bin/sh"
ffmpeg> ./tools/clean-diff: interpreter directive changed from "#!/bin/sh" to "/nix/store/c9mv5v53f7vy3wd00ah0f77k509mzmn7-bash-5.3p15/bin/sh"
ffmpeg> ./tools/compare-cvelists.sh: interpreter directive changed from "#!/bin/bash" to "/nix/store/c9mv5v53f7vy3wd00ah0f77k509mzmn7-bash-5.3p15/bin/bash"
noctalia> Host machine cpu family: x86_64
noctalia> Host machine cpu: x86_64
ffmpeg> ./configure: interpreter directive changed from "#!/bin/sh" to "/nix/store/c9mv5v53f7vy3wd00ah0f77k509mzmn7-bash-5.3p15/bin/sh"
ffmpeg> Running phase: updateAutotoolsGnuConfigScriptsPhase
ffmpeg> Running phase: configurePhase
ffmpeg> patching script interpreter paths in ./configure
ffmpeg> configure flags: --disable-static --prefix=/nix/store/jq4fnyzfz1z7xva6wyv8ms0ahkqv6sg5-ffmpeg-6.1.6 --target_os=linux --arch=x86_64 --pkg-config=pkg-config --enable-gpl --enable-version3 --disable-nonfree --disable-static --enable-shared --enable-pic --disable-thumb --disable-small --enable-runtime-cpudetect --disable-gray --enable-swscale-alpha --enable-hardcoded-tables --enable-safe-bitstream-reader --enable-pthreads --disable-w32threads --disable-os2threads --enable-network --enable-pixelutils --datadir=/nix/store/hqwdn3a1805pq4505hdjb3bajvqs34ni-ffmpeg-6.1.6-data/share/ffmpeg --enable-ffmpeg --enable-ffplay --enable-ffprobe --bindir=/nix/store/8qjvn50kdwpp8dx94mhyda4khjyhlrcr-ffmpeg-6.1.6-bin/bin --enable-avcodec --enable-avdevice --enable-avfilter --enable-avformat --enable-avutil --enable-postproc --enable-swresample --enable-swscale --libdir=/nix/store/5a4465plg0k675karsbdd2jysjfr4jn5-ffmpeg-6.1.6-lib/lib --incdir=/nix/store/xi6gwxf93wpm77xnv2qrj2ibw8fr8zvi-ffmpeg-6.1.6-dev/include --enable-doc --enable-htmlpages --enable-manpages --mandir=/nix/store/ss44ydpqlj76cc9kiywfyy5k11idm6av-ffmpeg-6.1.6-man/share/man --enable-podpages --enable-txtpages --docdir=/nix/store/5q5kr6mxw8pmvqln29iprik5g28p17jz-ffmpeg-6.1.6-doc/share/doc/ffmpeg --enable-alsa --enable-amf --enable-libaom --disable-libaribb24 --disable-libaribcaption --enable-libass --disable-avisynth --enable-libbluray --disable-libbs2b --enable-bzlib --disable-libcaca --disable-libcdio --disable-libcelt --disable-chromaprint --disable-libcodec2 --disable-cuda --enable-cuda-llvm --disable-cuda-nvcc --enable-cuvid --enable-libdav1d --disable-libdavs2 --disable-libdc1394 --enable-libdrm --disable-libfdk-aac --enable-ffnvcodec --disable-libflite --enable-fontconfig --enable-libfontconfig --enable-libfreetype --disable-frei0r --enable-libfribidi --disable-libgme --enable-gmp --enable-gnutls --disable-libgsm --enable-libharfbuzz --enable-iconv --disable-libilbc --disable-libjack --disable-libjxl --disable-libkvazaar --disable-ladspa --disable-lcms2 --enable-lzma --disable-metal --disable-libmfx --disable-libmodplug --enable-libmp3lame --disable-libmysofa --disable-libnpp --enable-nvdec --enable-nvenc --disable-openal --enable-opencl --disable-libopencore-amrnb --disable-libopencore-amrwb --disable-opengl --disable-libopenh264 --enable-libopenjpeg --enable-libopenmpt --enable-libopus --disable-libplacebo --enable-libpulse --disable-librav1e --enable-librist --disable-librtmp --disable-librubberband --disable-libsmbclient --enable-sdl2 --disable-libshaderc --disable-libshine --disable-libsnappy --enable-libsoxr --enable-libspeex --enable-libsrt --enable-libssh --disable-librsvg --enable-libsvtav1 --disable-libtensorflow --enable-libtheora --disable-libtwolame --disable-libuavs3d --enable-libv4l2 --enable-v4l2-m2m --enable-vaapi --enable-vdpau --disable-libvpl --enable-libvidstab --disable-libvmaf --disable-libvo-amrwbenc --enable-libvorbis --enable-libvpx --enable-vulkan --enable-libwebp --enable-libx264 --enable-libx265 --disable-libxavs --disable-libxavs2 --disable-libxcb --disable-libxcb-shape --disable-libxcb-shm --disable-libxcb-xfixes --disable-xlib --enable-libxml2 --enable-libxvid --enable-libzimg --enable-zlib --disable-libzmq --enable-libzvbi --disable-debug --enable-optimizations --disable-extra-warnings --disable-stripping --nvcc=/nix/store/546z2n8r63az6sbi68gddc9pz62p7mxa-clang-21.1.8/bin/clang
ffmpeg> ./tools/dvd2concat: interpreter directive changed from "#!/usr/bin/env perl" to "/nix/store/4hbz5lyqjg08fk6rk67dfbky4y3nwhhg-perl-5.42.0/bin/perl"
ffmpeg> ./tools/gen-rc: interpreter directive changed from "#!/bin/sh" to "/nix/store/c9mv5v53f7vy3wd00ah0f77k509mzmn7-bash-5.3p15/bin/sh"
ffmpeg> ./tools/general_assembly.pl: interpreter directive changed from "#!/usr/bin/env perl" to "/nix/store/4hbz5lyqjg08fk6rk67dfbky4y3nwhhg-perl-5.42.0/bin/perl"
ffmpeg> ./tools/indent_arm_assembly.pl: interpreter directive changed from "#!/usr/bin/env perl" to "/nix/store/4hbz5lyqjg08fk6rk67dfbky4y3nwhhg-perl-5.42.0/bin/perl"
ffmpeg> ./tools/make_chlayout_test: interpreter directive changed from "#!/usr/bin/env perl" to "/nix/store/4hbz5lyqjg08fk6rk67dfbky4y3nwhhg-perl-5.42.0/bin/perl"
ffmpeg> ./tools/merge-all-source-plugins: interpreter directive changed from "#!/bin/sh" to "/nix/store/c9mv5v53f7vy3wd00ah0f77k509mzmn7-bash-5.3p15/bin/sh"
noctalia> Fetching value of define "_LIBCPP_VERSION" : (undefined)
noctalia> Found pkg-config: YES (/nix/store/swljvs2gz4mcb1avyjzb0cc2qrbslmbb-pkg-config-wrapper-0.29.2/bin/pkg-config) 0.29.2
linux-cachyos-latest-x86_64-v3>   HOSTCC  scripts/kconfig/expr.o
ffmpeg> ./tools/missing_codec_desc: interpreter directive changed from "#!/bin/sh" to "/nix/store/c9mv5v53f7vy3wd00ah0f77k509mzmn7-bash-5.3p15/bin/sh"
ffmpeg> ./tools/murge: interpreter directive changed from "#!/bin/sh" to "/nix/store/c9mv5v53f7vy3wd00ah0f77k509mzmn7-bash-5.3p15/bin/sh"
ffmpeg> ./tools/patcheck: interpreter directive changed from "#!/bin/sh" to "/nix/store/c9mv5v53f7vy3wd00ah0f77k509mzmn7-bash-5.3p15/bin/sh"
ffmpeg> ./tools/plotframes: interpreter directive changed from "#!/usr/bin/env perl" to "/nix/store/4hbz5lyqjg08fk6rk67dfbky4y3nwhhg-perl-5.42.0/bin/perl"
ffmpeg> ./tools/source2c: interpreter directive changed from "#!/bin/sh" to "/nix/store/c9mv5v53f7vy3wd00ah0f77k509mzmn7-bash-5.3p15/bin/sh"
noctalia> Host machine cpu family: x86_64
noctalia> Host machine cpu: x86_64
ffmpeg> ./tools/target_dec_fate.sh: interpreter directive changed from "#!/bin/sh" to "/nix/store/c9mv5v53f7vy3wd00ah0f77k509mzmn7-bash-5.3p15/bin/sh"
ffmpeg> ./tools/unwrap-diff: interpreter directive changed from "#!/bin/sh" to "/nix/store/c9mv5v53f7vy3wd00ah0f77k509mzmn7-bash-5.3p15/bin/sh"
ffmpeg> ./configure.orig: interpreter directive changed from "#!/bin/sh" to "/nix/store/c9mv5v53f7vy3wd00ah0f77k509mzmn7-bash-5.3p15/bin/sh"
ffmpeg> ./configure: interpreter directive changed from "#!/bin/sh" to "/nix/store/c9mv5v53f7vy3wd00ah0f77k509mzmn7-bash-5.3p15/bin/sh"
ffmpeg> Running phase: updateAutotoolsGnuConfigScriptsPhase
noctalia> Fetching value of define "_LIBCPP_VERSION" : (undefined)
noctalia> Found pkg-config: YES (/nix/store/swljvs2gz4mcb1avyjzb0cc2qrbslmbb-pkg-config-wrapper-0.29.2/bin/pkg-config) 0.29.2
ffmpeg> Running phase: configurePhase
ffmpeg> patching script interpreter paths in ./configure
ffmpeg> configure flags: --disable-static --prefix=/nix/store/hr3vzk76mln3r8vlv0y1rbzsjjgw42g1-ffmpeg-8.1.2 --target_os=linux --arch=x86_64 --pkg-config=pkg-config --enable-gpl --enable-version3 --disable-nonfree --disable-static --enable-shared --enable-pic --disable-thumb --disable-small --enable-runtime-cpudetect --disable-gray --enable-swscale-alpha --enable-hardcoded-tables --enable-safe-bitstream-reader --enable-pthreads --disable-w32threads --disable-os2threads --enable-network --enable-pixelutils --datadir=/nix/store/7v0g30dkfvsnq7vyyxrx0cmvydxmm858-ffmpeg-8.1.2-data/share/ffmpeg --enable-ffmpeg --enable-ffplay --enable-ffprobe --bindir=/nix/store/knnavssqa2fq0z52zr6c0d77vc8qrzh4-ffmpeg-8.1.2-bin/bin --enable-avcodec --enable-avdevice --enable-avfilter --enable-avformat --enable-avutil --enable-swresample --enable-swscale --libdir=/nix/store/63fwxzqbvi7wwznw5bd4dv90fhb832ss-ffmpeg-8.1.2-lib/lib --incdir=/nix/store/pgv828s8h6pqipc5ldkyqiava8pyawlc-ffmpeg-8.1.2-dev/include --enable-doc --enable-htmlpages --enable-manpages --mandir=/nix/store/m8nphhs7a9rrvgbx6r2143wa0wvcy5m8-ffmpeg-8.1.2-man/share/man --enable-podpages --enable-txtpages --docdir=/nix/store/ribk4z3hpl200qx1sdwf9fdc4ayvxxxy-ffmpeg-8.1.2-doc/share/doc/ffmpeg --enable-alsa --enable-amf --enable-libaom --disable-libaribb24 --disable-libaribcaption --enable-libass --disable-avisynth --enable-libbluray --disable-libbs2b --enable-bzlib --disable-libcaca --disable-libcdio --disable-libcelt --disable-chromaprint --disable-libcodec2 --disable-cuda --enable-cuda-llvm --disable-cuda-nvcc --enable-cuvid --enable-libdav1d --disable-libdavs2 --disable-libdc1394 --enable-libdrm --disable-libdvdnav --disable-libdvdread --disable-libfdk-aac --enable-ffnvcodec --disable-libflite --enable-fontconfig --enable-libfontconfig --enable-libfreetype --disable-frei0r --enable-libfribidi --disable-libgme --enable-gmp --enable-gnutls --disable-libgsm --enable-libharfbuzz --enable-iconv --disable-libilbc --disable-libjack --disable-libjxl --disable-libkvazaar --disable-ladspa --disable-liblc3 --disable-liblcevc-dec --disable-lcms2 --enable-lzma --disable-metal --disable-libmfx --disable-libmodplug --enable-libmp3lame --disable-libmysofa --disable-libnpp --enable-nvdec --enable-nvenc --disable-openal --enable-liboapv --enable-opencl --disable-libopencore-amrnb --disable-libopencore-amrwb --disable-opengl --disable-libopenh264 --enable-libopenjpeg --enable-libopenmpt --enable-libopus --disable-libplacebo --enable-libpulse --disable-libqrencode --disable-libquirc --disable-librav1e --enable-librist --disable-librtmp --disable-librubberband --disable-libsmbclient --enable-sdl2 --disable-libshaderc --disable-libshine --disable-libsnappy --enable-libsoxr --enable-libspeex --enable-libsrt --enable-libssh --disable-librsvg --enable-libsvtav1 --disable-libtensorflow --enable-libtheora --disable-libtwolame --disable-libuavs3d --enable-libv4l2 --enable-v4l2-m2m --enable-vaapi --enable-vdpau --disable-libvpl --enable-libvidstab --disable-libvmaf --disable-libvo-amrwbenc --enable-libvorbis --enable-libvpx --enable-vulkan --disable-libvvenc --enable-libwebp --disable-whisper --enable-libx264 --enable-libx265 --disable-libxavs --disable-libxavs2 --disable-libxcb --disable-libxcb-shape --disable-libxcb-shm --disable-libxcb-xfixes --disable-libxevd --disable-libxeve --disable-xlib --enable-libxml2 --enable-libxvid --enable-libzimg --enable-zlib --disable-libzmq --enable-libzvbi --disable-debug --enable-optimizations --disable-extra-warnings --disable-stripping --nvcc=/nix/store/546z2n8r63az6sbi68gddc9pz62p7mxa-clang-21.1.8/bin/clang
python3.14-twisted>     test_putOverLongerFile ...                                             [OK]
python3.14-twisted>   OurServerSftpClientTests
python3.14-twisted>     test_extendedAttributes ...                                       [SKIPPED]
python3.14-twisted>   SSHSessionTests
python3.14-twisted>     test_eofReceived ...                                                   [OK]
python3.14-twisted>     test_extReceivedStderr ...                                             [OK]
python3.14-twisted>   StdioClientTests
python3.14-twisted>     test_bang ...                                                          [OK]
python3.14-twisted>     test_cmd_PUTMultipleNoRemotePath ...                                   [OK]
python3.14-twisted>     test_cmd_PUTMultipleWithRemotePath ...                                 [OK]
python3.14-twisted>     test_cmd_PUTSingleNoRemotePath ...                                     [OK]
python3.14-twisted>     test_cmd_PUTSingleRemotePath ...                                       [OK]
python3.14-twisted>     test_exec ...                                                          [OK]
python3.14-twisted>     test_execWithoutShell ...                                              [OK]
python3.14-twisted>     test_getFilenameEmpty ...                                              [OK]
python3.14-twisted>     test_getFilenameNotQuoted ...                                          [OK]
python3.14-twisted>     test_getFilenameOnlyLocal ...                                          [OK]
python3.14-twisted>     test_getFilenameQuoted ...                                             [OK]
python3.14-twisted>     test_printProgressBarEmptyFile ...                                     [OK]
linux-cachyos-latest-x86_64-v3>   LEX     scripts/kconfig/lexer.lex.c
linux-cachyos-latest-x86_64-v3>   YACC    scripts/kconfig/parser.tab.[ch]
linux-cachyos-latest-x86_64-v3>   HOSTCC  scripts/kconfig/lexer.lex.o
python3.14-twisted>     test_printProgressBarNoProgress ...                                    [OK]
python3.14-twisted>     test_printProgressBarReporting ...                                     [OK]
python3.14-twisted> twisted.conch.test.test_channel
python3.14-twisted>   ChannelTests
python3.14-twisted>     test_addWindowBytes ...                                                [OK]
python3.14-twisted>     test_bytes ...                                                         [OK]
python3.14-twisted>     test_closeReceieved ...                                                [OK]
python3.14-twisted>     test_getHost ...                                                       [OK]
python3.14-twisted>     test_getPeer ...                                                       [OK]
python3.14-twisted>     test_init ...                                                          [OK]
python3.14-twisted>     test_interface ...                                                     [OK]
python3.14-twisted>     test_logPrefix ...                                                     [OK]
python3.14-twisted>     test_loseConnection ...                                                [OK]
python3.14-twisted>     test_requestReceived ...                                               [OK]
python3.14-twisted>     test_str ...                                                           [OK]
python3.14-twisted>     test_write ...                                                         [OK]
python3.14-twisted>     test_writeExtended ...                                                 [OK]
python3.14-twisted>     test_writeSequence ...                                                 [OK]
python3.14-twisted> twisted.conch.test.test_checkers
python3.14-twisted>   AuthorizedKeyFileReaderTests
python3.14-twisted>     test_ignoresComments ...                                               [OK]
python3.14-twisted>     test_ignoresLeadingWhitespaceAndEmptyLines ...                         [OK]
python3.14-twisted>     test_ignoresUnparsableKeys ...                                         [OK]
python3.14-twisted>   HelperTests
python3.14-twisted>     test_pwdGetByName ...                                             [SKIPPED]
python3.14-twisted>     test_pwdGetByNameWithoutPwd ...                                   [SKIPPED]
python3.14-twisted>     test_refuteCryptedPassword ...                                    [SKIPPED]
python3.14-twisted>     test_shadowGetByName ...                                          [SKIPPED]
python3.14-twisted>     test_shadowGetByNameWithoutSpwd ...                               [SKIPPED]
python3.14-twisted>     test_verifyCryptedPassword ...                                    [SKIPPED]
python3.14-twisted>     test_verifyCryptedPasswordMD5 ...                                 [SKIPPED]
python3.14-twisted>   InMemorySSHKeyDBTests
python3.14-twisted>     test_allKeysForAuthorizedUser ...                                      [OK]
python3.14-twisted>     test_implementsInterface ...                                           [OK]
python3.14-twisted>     test_noKeysForUnauthorizedUser ...                                     [OK]
python3.14-twisted>   SSHProtocolCheckerTests
python3.14-twisted>     test_areDone ...                                                       [OK]
python3.14-twisted>     test_registerChecker ...                                               [OK]
python3.14-twisted>     test_registerCheckerWithInterface ...                                  [OK]
python3.14-twisted>     test_requestAvatarId ...                                               [OK]
python3.14-twisted>     test_requestAvatarIdInvalidCredential ...                              [OK]
python3.14-twisted>     test_requestAvatarIdWithNotEnoughAuthentication ...                    [OK]
noctalia> Run-time dependency sdbus-c++ found: YES 2.2.1
python3.14-twisted>   SSHPublicKeyCheckerTests
python3.14-twisted>     test_credentialsInvalidSignature ...                                   [OK]
python3.14-twisted>     test_credentialsNoMatchingKey ...                                      [OK]
python3.14-twisted>     test_credentialsWithBadKey ...                                         [OK]
wavey-launcher>    Compiling glib-build-tools v0.19.0
building '/nix/store/vk27w4jn90hd461d6s9w2rh3dcxl8dlf-libvirt-12.4.0.drv' on 'ssh-ng://j_kro@nexus'...
python3.14-twisted>     test_credentialsWithoutSignature ...                                   [OK]
python3.14-twisted>     test_failureVerifyingKey ...                                           [OK]
noctalia> Run-time dependency sdbus-c++ found: YES 2.2.1
python3.14-twisted>     test_usernameReturnedOnSuccess ...                                     [OK]
python3.14-twisted>   SSHPublicKeyDatabaseTests
python3.14-twisted>     test_checkKey ...                                                      [OK]
python3.14-twisted>     test_checkKey2 ...                                                     [OK]
python3.14-twisted>     test_checkKeyAsRoot ...                                                [OK]
python3.14-twisted>     test_deprecated ...                                                    [OK]
python3.14-twisted>     test_requestAvatarId ...                                               [OK]
python3.14-twisted>     test_requestAvatarIdInvalidKey ...                                     [OK]
python3.14-twisted>     test_requestAvatarIdInvalidSignature ...                               [OK]
python3.14-twisted>     test_requestAvatarIdNormalizeException ...                             [OK]
python3.14-twisted>     test_requestAvatarIdWithoutSignature ...                               [OK]
python3.14-twisted>   UNIXAuthorizedKeysFilesTests
python3.14-twisted>     test_allKeysInAllAuthorizedFilesForAuthorizedUser ...                  [OK]
qdrant> Fetching https://github.com/qdrant/tonic#357a62327dba29b88bce6f4fee1a3c86046dc660 -> git/357a62327dba29b88bce6f4fee1a3c86046dc660
noctalia> Run-time dependency wayland-client found: YES 1.26.0
python3.14-twisted>     test_ignoresNonexistantFile ...                                        [OK]
python3.14-twisted>     test_ignoresUnreadableFile ...                                         [OK]
python3.14-twisted>     test_implementsInterface ...                                           [OK]
python3.14-twisted>     test_noKeysForUnauthorizedUser ...                                     [OK]
python3.14-twisted>   UNIXPasswordDatabaseTests
python3.14-twisted>     test_defaultCheckers ...                                          [SKIPPED]
python3.14-twisted>     test_failOnBadPassword ...                                        [SKIPPED]
python3.14-twisted>     test_failOnKeyError ...                                           [SKIPPED]
python3.14-twisted>     test_failOnSpecial ...                                            [SKIPPED]
python3.14-twisted>     test_loopThroughFunctions ...                                     [SKIPPED]
python3.14-twisted>     test_passInCheckers ...                                           [SKIPPED]
python3.14-twisted>     test_verifyPassword ...                                           [SKIPPED]
python3.14-twisted> twisted.conch.test.test_ckeygen
python3.14-twisted>   KeyGenTests
python3.14-twisted>     test_changePassPhraseHandleFileNotFound ...                            [OK]
python3.14-twisted>     test_changePassphrase ...                                              [OK]
noctalia> Run-time dependency wayland-protocols found: YES 1.49
noctalia> Run-time dependency wayland-egl found: YES 18.1.0
noctalia> Run-time dependency freetype2 found: YES 26.6.20
noctalia> Run-time dependency fontconfig found: YES 2.18.1
copying path '/nix/store/4fikj89hicnl0h050k4asnzmlqm778l9-numad-0.5-unstable-2023-09-06' from 'https://cache.nixos.org'...
copying path '/nix/store/9klm1i5iky0xqs1k2darlsb4dvn4a1bb-perl5.42.0-Path-Tiny-0.144' from 'https://cache.nixos.org'...
copying path '/nix/store/ic9i28c06y78fy15br5a4wh42r4g85w9-xhtml1-0-unstable-2002-08-01' from 'https://cache.nixos.org'...
copying path '/nix/store/iqa394v6pv45d2gh4zi33n8xl13aasxr-0002-substitute-zfs-and-zpool-commands.patch' from 'https://cache.nixos.org'...
copying path '/nix/store/bdbvnk9w2c3pqcy169k7vp0x63b4m2xq-lvm2-2.03.41-dev' from 'https://cache.nixos.org'...
copying path '/nix/store/rw2kaa3k3p3ycyp1jnlzil04kf73i6lw-pm-utils-1.4.1' from 'https://cache.nixos.org'...
copying path '/nix/store/dwhkqyh36kzmqi7vll2wh3al98s34bi4-rpcsvc-proto-1.4.4' from 'https://cache.nixos.org'...
copying path '/nix/store/iww5vb292yhjixlxczrp96zzyfbhd0pg-source' from 'https://nix-community.cachix.org'...
copying path '/nix/store/z6jsv8mlkcq14sc74jqsfr5mf66w68vi-virt-secret-init-encryption-sh' from 'https://cache.nixos.org'...
copying path '/nix/store/rm3kbwj7mf8d96lxmpwrvn62qawcpfsk-parted-3.7-dev' from 'https://cache.nixos.org'...
linux-cachyos-latest-x86_64-v3>   HOSTCC  scripts/kconfig/menu.o
python3.14-twisted>     test_changePassphraseBadKey ...                                        [OK]
python3.14-twisted>     test_changePassphraseCreateError ...                                   [OK]
python3.14-twisted>     test_changePassphraseEmptyGetPass ...                                  [OK]
python3.14-twisted>     test_changePassphraseEmptyStringError ...                              [OK]
python3.14-twisted>     test_changePassphrasePublicKey ...                                     [OK]
noctalia> Run-time dependency cairo found: YES 1.18.4
noctalia> Run-time dependency cairo-ft found: YES 1.18.4
noctalia> Run-time dependency pango found: YES 1.57.1
noctalia> Run-time dependency wayland-client found: YES 1.26.0
copying path '/nix/store/hyra5axx8hc4yf49flvxryq13z3c6syp-perl5.42.0-XML-XPath-1.48' from 'https://cache.nixos.org'...
copying path '/nix/store/ipnvswqaf5rdrdgcy22infmhi5rqa2i9-rpcsvc-proto-1.4.4-dev' from 'https://cache.nixos.org'...
noctalia> Run-time dependency pangocairo found: YES 1.57.1
noctalia> Run-time dependency pangoft2 found: YES 1.57.1
noctalia> Run-time dependency harfbuzz found: YES 13.2.1
noctalia> Run-time dependency librsvg-2.0 found: YES 2.62.3
noctalia> Run-time dependency wayland-protocols found: YES 1.49
noctalia> Run-time dependency wayland-egl found: YES 18.1.0
noctalia> Run-time dependency freetype2 found: YES 26.6.20
noctalia> Run-time dependency fontconfig found: YES 2.18.1
noctalia> Run-time dependency xkbcommon found: YES 1.13.2
noctalia> Run-time dependency glib-2.0 found: YES 2.88.1
noctalia> Run-time dependency gobject-2.0 found: YES 2.88.1
noctalia> Run-time dependency gio-2.0 found: YES 2.88.1
noctalia> Run-time dependency cairo found: YES 1.18.4
noctalia> Run-time dependency cairo-ft found: YES 1.18.4
noctalia> Run-time dependency pango found: YES 1.57.1
noctalia> Run-time dependency pangocairo found: YES 1.57.1
linux-cachyos-latest-x86_64-v3>   HOSTCC  scripts/kconfig/parser.tab.o
noctalia> Run-time dependency libsecret-1 found: YES 0.21.7
noctalia> Run-time dependency libsodium found: YES 1.0.22
noctalia> Run-time dependency polkit-agent-1 found: YES 127
noctalia> Run-time dependency polkit-gobject-1 found: YES 127
noctalia> Run-time dependency pangoft2 found: YES 1.57.1
noctalia> Run-time dependency harfbuzz found: YES 13.2.1
noctalia> Run-time dependency librsvg-2.0 found: YES 2.62.3
noctalia> Run-time dependency xkbcommon found: YES 1.13.2
noctalia> Run-time dependency libpipewire-0.3 found: YES 1.6.8
noctalia> Run-time dependency wireplumber-0.5 found: YES 0.5.15
noctalia> Run-time dependency libcurl found: YES 8.21.0
noctalia> Run-time dependency libqalculate found: YES 5.12.0
noctalia> Run-time dependency glib-2.0 found: YES 2.88.1
noctalia> Run-time dependency gobject-2.0 found: YES 2.88.1
noctalia> Run-time dependency gio-2.0 found: YES 2.88.1
noctalia> Run-time dependency libsecret-1 found: YES 0.21.7
noctalia> Run-time dependency libsodium found: YES 1.0.22
building '/nix/store/p96n1hv9m1a5q9q40fycgz8li10wfqxz-stability-matrix.drv' on 'ssh-ng://j_kro@nexus'...
wavey-launcher>    Compiling wavey-launcher v1.0.1 (/nix/var/nix/b/17nc3wnqmhc6x8wxmra2krkj6s/b/source)
noctalia> Run-time dependency libxml-2.0 found: YES 2.15.3
noctalia> Run-time dependency md4c found: YES 0.5.3
noctalia> Run-time dependency nlohmann_json found: YES 3.12.0
noctalia> Run-time dependency tomlplusplus found: YES 3.4.0
noctalia> Run-time dependency libical found: YES 3.0.20
noctalia> Run-time dependency polkit-agent-1 found: YES 127
noctalia> Run-time dependency polkit-gobject-1 found: YES 127
noctalia> Run-time dependency libpipewire-0.3 found: YES 1.6.8
noctalia> Run-time dependency wireplumber-0.5 found: YES 0.5.15
noctalia> Run-time dependency libcurl found: YES 8.21.0
noctalia> Run-time dependency libqalculate found: YES 5.12.0
noctalia> Run-time dependency libxml-2.0 found: YES 2.15.3
noctalia> Run-time dependency md4c found: YES 0.5.3
linux-cachyos-latest-x86_64-v3>   HOSTCC  scripts/kconfig/preprocess.o
noctalia> Run-time dependency nlohmann_json found: YES 3.12.0
noctalia> Run-time dependency tomlplusplus found: YES 3.4.0
noctalia> Run-time dependency libical found: YES 3.0.20
noctalia> Library pam found: YES
linux-cachyos-latest-x86_64-v3>   HOSTCC  scripts/kconfig/symbol.o
noctalia> Library pam found: YES
noctalia> Library dl found: YES
noctalia> Fetching value of define "__GLIBC__" : 2
wavey-launcher>    Compiling gdk-pixbuf v0.19.8
wavey-launcher>    Compiling pango v0.19.8
noctalia> Run-time dependency jemalloc found: YES 5.3.1_0
noctalia> Run-time dependency egl found: YES 1.5
noctalia> Run-time dependency glesv2 found: YES 3.2
noctalia> Has header "stb/stb_image_resize2.h" : YES
linux-cachyos-latest-x86_64-v3>   HOSTCC  scripts/kconfig/util.o
noctalia> Has header "stb/stb_image_write.h" : YES
noctalia> Run-time dependency libwebp found: YES 1.6.0
noctalia> Run-time dependency libjxl found: YES 0.12.0
noctalia> Library dl found: YES
linux-cachyos-latest-x86_64-v3>   HOSTLD  scripts/kconfig/conf
noctalia> Run-time dependency libjxl_threads found: YES 0.12.0
noctalia> Run-time dependency sndfile found: YES 1.2.2
noctalia> Program wayland-scanner found: YES (/nix/store/6f00dcmlxld3vl4j5nkgvhv5024101sl-wayland-scanner-1.26.0-bin/bin/wayland-scanner)
noctalia> Program git found: NO
noctalia> Configuring noctalia_git_revision.h using configuration
noctalia> Fetching value of define "__GLIBC__" : 2
noctalia> Run-time dependency jemalloc found: YES 5.3.1_0
noctalia> Run-time dependency egl found: YES 1.5
noctalia> Run-time dependency glesv2 found: YES 3.2
noctalia> Has header "stb/stb_image_resize2.h" : YES
noctalia> Has header "stb/stb_image_write.h" : YES
noctalia> Run-time dependency libwebp found: YES 1.6.0
python3.14-twisted>     test_changePassphraseSubtypeV1 ...                                     [OK]
noctalia> Program sh found: YES (/nix/store/c9mv5v53f7vy3wd00ah0f77k509mzmn7-bash-5.3p15/bin/sh)
noctalia> Build targets in project: 117
noctalia> noctalia 5.0.0
noctalia>   User defined options
noctalia>     auto_features: enabled
noctalia>     bindir       : /nix/store/i4gj3pclw7831pizbg6qz1g7kzmbr1p5-noctalia-5.0.0-beta.7/bin
noctalia>     buildtype    : release
noctalia>     includedir   : /nix/store/i4gj3pclw7831pizbg6qz1g7kzmbr1p5-noctalia-5.0.0-beta.7/include
noctalia>     infodir      : /nix/store/i4gj3pclw7831pizbg6qz1g7kzmbr1p5-noctalia-5.0.0-beta.7/share/info
noctalia>     libdir       : /nix/store/i4gj3pclw7831pizbg6qz1g7kzmbr1p5-noctalia-5.0.0-beta.7/lib
noctalia>     libexecdir   : /nix/store/i4gj3pclw7831pizbg6qz1g7kzmbr1p5-noctalia-5.0.0-beta.7/libexec
noctalia>     localedir    : /nix/store/i4gj3pclw7831pizbg6qz1g7kzmbr1p5-noctalia-5.0.0-beta.7/share/locale
noctalia>     mandir       : /nix/store/i4gj3pclw7831pizbg6qz1g7kzmbr1p5-noctalia-5.0.0-beta.7/share/man
noctalia>     prefix       : /nix/store/i4gj3pclw7831pizbg6qz1g7kzmbr1p5-noctalia-5.0.0-beta.7
noctalia>     sbindir      : /nix/store/i4gj3pclw7831pizbg6qz1g7kzmbr1p5-noctalia-5.0.0-beta.7/sbin
noctalia>     wrap_mode    : nodownload
noctalia> Found ninja-1.13.2 at /nix/store/fhp3n8416jk8ijxpf53x1wkinh18rm3v-ninja-1.13.2/bin/ninja
noctalia> Run-time dependency libjxl found: YES 0.12.0
noctalia> Run-time dependency libjxl_threads found: YES 0.12.0
noctalia> Run-time dependency sndfile found: YES 1.2.2
noctalia> Program wayland-scanner found: YES (/nix/store/6f00dcmlxld3vl4j5nkgvhv5024101sl-wayland-scanner-1.26.0-bin/bin/wayland-scanner)
python3.14-twisted>     test_changePassphraseWithBoth ...                                      [OK]
noctalia> Program git found: NO
noctalia> Configuring noctalia_git_revision.h using configuration
python3.14-twisted>     test_changePassphraseWithOld ...                                       [OK]
python3.14-twisted>     test_changePassphraseWrongPassphrase ...                               [OK]
python3.14-twisted>     test_displayPublicKey ...                                              [OK]
python3.14-twisted>     test_displayPublicKeyEncrypted ...                                     [OK]
noctalia> Program sh found: YES (/nix/store/c9mv5v53f7vy3wd00ah0f77k509mzmn7-bash-5.3p15/bin/sh)
noctalia> Build targets in project: 117
noctalia> noctalia 5.0.0
noctalia>   User defined options
noctalia>     auto_features: enabled
noctalia>     bindir       : /nix/store/7qgql9fznxm9gscnzij8rzykj46v120b-noctalia-5.0.0-beta.7/bin
noctalia>     buildtype    : release
noctalia>     includedir   : /nix/store/7qgql9fznxm9gscnzij8rzykj46v120b-noctalia-5.0.0-beta.7/include
noctalia>     infodir      : /nix/store/7qgql9fznxm9gscnzij8rzykj46v120b-noctalia-5.0.0-beta.7/share/info
noctalia>     libdir       : /nix/store/7qgql9fznxm9gscnzij8rzykj46v120b-noctalia-5.0.0-beta.7/lib
noctalia>     libexecdir   : /nix/store/7qgql9fznxm9gscnzij8rzykj46v120b-noctalia-5.0.0-beta.7/libexec
noctalia>     localedir    : /nix/store/7qgql9fznxm9gscnzij8rzykj46v120b-noctalia-5.0.0-beta.7/share/locale
noctalia>     mandir       : /nix/store/7qgql9fznxm9gscnzij8rzykj46v120b-noctalia-5.0.0-beta.7/share/man
noctalia>     prefix       : /nix/store/7qgql9fznxm9gscnzij8rzykj46v120b-noctalia-5.0.0-beta.7
noctalia>     sbindir      : /nix/store/7qgql9fznxm9gscnzij8rzykj46v120b-noctalia-5.0.0-beta.7/sbin
noctalia>     wrap_mode    : nodownload
noctalia> Found ninja-1.13.2 at /nix/store/fhp3n8416jk8ijxpf53x1wkinh18rm3v-ninja-1.13.2/bin/ninja
python3.14-twisted>     test_displayPublicKeyEncryptedPassphrasePrompt ...                     [OK]
python3.14-twisted>     test_displayPublicKeyHandleFileNotFound ...                            [OK]
python3.14-twisted>     test_displayPublicKeyWrongPassphrase ...                               [OK]
python3.14-twisted>     test_enumrepresentation ...                                            [OK]
python3.14-twisted>     test_enumrepresentationBadFormat ...                                   [OK]
python3.14-twisted>     test_enumrepresentationsha256 ...                                      [OK]
noctalia> mesonConfigurePhase: enabled\ parallel\ building
noctalia> Running phase: buildPhase
noctalia> build flags: -j16
noctalia> [1/825] Generating xdg-output-unstable-v1-client-header with a custom command
noctalia> [2/825] Generating xdg-shell-client-header with a custom command
noctalia> [3/825] Generating ext-workspace-v1-client-header with a custom command
noctalia> [4/825] Generating ext-foreign-toplevel-list-v1-client-header with a custom command
noctalia> [5/825] Generating ext-data-control-v1-client-header with a custom command
noctalia> [6/825] Generating xdg-activation-v1-client-header with a custom command
noctalia> [7/825] Generating ext-session-lock-v1-client-header with a custom command
noctalia> [8/825] Generating ext-idle-notify-v1-client-header with a custom command
noctalia> [9/825] Generating ext-background-effect-v1-client-header with a custom command
noctalia> [10/825] Generating fractional-scale-v1-client-header with a custom command
noctalia> [11/825] Generating viewporter-client-header with a custom command
noctalia> [12/825] Generating idle-inhibit-unstable-v1-client-header with a custom command
noctalia> [13/825] Generating virtual-keyboard-unstable-v1-client-header with a custom command
noctalia> [14/825] Generating org-kde-plasma-virtual-desktop-client-header with a custom command
noctalia> [15/825] Generating cursor-shape-v1-client-header with a custom command
noctalia> [16/825] Generating wlr-foreign-toplevel-management-unstable-v1-client-header with a custom command
noctalia> [17/825] Generating text-input-unstable-v3-client-header with a custom command
noctalia> [18/825] Generating dwl-ipc-unstable-v2-client-header with a custom command
noctalia> [19/825] Generating wlr-data-control-unstable-v1-client-header with a custom command
noctalia> [20/825] Generating hyprland-focus-grab-v1-client-header with a custom command
noctalia> [21/825] Generating hyprland-toplevel-mapping-v1-client-header with a custom command
noctalia> [22/825] Generating wlr-gamma-control-unstable-v1-client-header with a custom command
noctalia> [23/825] Generating wlr-screencopy-unstable-v1-client-header with a custom command
noctalia> [24/825] Generating xdg-output-unstable-v1-client-source with a custom command
noctalia> [25/825] Generating wlr-layer-shell-unstable-v1-client-header with a custom command
noctalia> [26/825] Generating xdg-shell-client-source with a custom command
noctalia> [27/825] Generating ext-workspace-v1-client-source with a custom command
noctalia> [28/825] Generating ext-foreign-toplevel-list-v1-client-source with a custom command
noctalia> [29/825] Generating ext-data-control-v1-client-source with a custom command
noctalia> [30/825] Generating xdg-activation-v1-client-source with a custom command
noctalia> [31/825] Generating ext-session-lock-v1-client-source with a custom command
noctalia> [32/825] Generating ext-idle-notify-v1-client-source with a custom command
noctalia> [33/825] Generating ext-background-effect-v1-client-source with a custom command
noctalia> [34/825] Generating fractional-scale-v1-client-source with a custom command
noctalia> [35/825] Generating viewporter-client-source with a custom command
noctalia> [36/825] Generating idle-inhibit-unstable-v1-client-source with a custom command
noctalia> [37/825] Generating text-input-unstable-v3-client-source with a custom command
noctalia> [38/825] Generating virtual-keyboard-unstable-v1-client-source with a custom command
noctalia> [39/825] Generating dwl-ipc-unstable-v2-client-source with a custom command
noctalia> [40/825] Generating org-kde-plasma-virtual-desktop-client-source with a custom command
noctalia> [41/825] Generating cursor-shape-v1-client-source with a custom command
noctalia> [42/825] Generating wlr-foreign-toplevel-management-unstable-v1-client-source with a custom command
noctalia> [43/825] Generating hyprland-focus-grab-v1-client-source with a custom command
noctalia> [44/825] Generating wlr-data-control-unstable-v1-client-source with a custom command
noctalia> [45/825] Generating hyprland-toplevel-mapping-v1-client-source with a custom command
noctalia> [46/825] Generating wlr-gamma-control-unstable-v1-client-source with a custom command
noctalia> [47/825] Generating wlr-screencopy-unstable-v1-client-source with a custom command
noctalia> [48/825] Generating wlr-layer-shell-unstable-v1-client-source with a custom command
noctalia> mesonConfigurePhase: enabled\ parallel\ building
noctalia> Running phase: buildPhase
noctalia> build flags: -j16
wavey-launcher>    Compiling gdk4 v0.8.2
noctalia> [1/825] Generating xdg-output-unstable-v1-client-header with a custom command
noctalia> [2/825] Generating xdg-shell-client-header with a custom command
noctalia> [3/825] Generating ext-workspace-v1-client-header with a custom command
noctalia> [4/825] Generating ext-foreign-toplevel-list-v1-client-header with a custom command
noctalia> [5/825] Generating ext-data-control-v1-client-header with a custom command
noctalia> [6/825] Generating xdg-activation-v1-client-header with a custom command
noctalia> [7/825] Generating ext-session-lock-v1-client-header with a custom command
noctalia> [8/825] Generating ext-idle-notify-v1-client-header with a custom command
noctalia> [9/825] Generating ext-background-effect-v1-client-header with a custom command
noctalia> [10/825] Generating fractional-scale-v1-client-header with a custom command
noctalia> [11/825] Generating viewporter-client-header with a custom command
noctalia> [12/825] Generating idle-inhibit-unstable-v1-client-header with a custom command
noctalia> [13/825] Generating text-input-unstable-v3-client-header with a custom command
noctalia> [14/825] Generating virtual-keyboard-unstable-v1-client-header with a custom command
noctalia> [15/825] Generating dwl-ipc-unstable-v2-client-header with a custom command
noctalia> [16/825] Generating org-kde-plasma-virtual-desktop-client-header with a custom command
noctalia> [17/825] Generating cursor-shape-v1-client-header with a custom command
noctalia> [18/825] Generating wlr-foreign-toplevel-management-unstable-v1-client-header with a custom command
noctalia> [19/825] Generating wlr-data-control-unstable-v1-client-header with a custom command
noctalia> [20/825] Generating hyprland-focus-grab-v1-client-header with a custom command
noctalia> [21/825] Generating hyprland-toplevel-mapping-v1-client-header with a custom command
noctalia> [22/825] Generating wlr-gamma-control-unstable-v1-client-header with a custom command
noctalia> [23/825] Generating wlr-screencopy-unstable-v1-client-header with a custom command
noctalia> [24/825] Generating xdg-output-unstable-v1-client-source with a custom command
noctalia> [25/825] Generating xdg-shell-client-source with a custom command
noctalia> [26/825] Generating wlr-layer-shell-unstable-v1-client-header with a custom command
noctalia> [27/825] Generating ext-workspace-v1-client-source with a custom command
noctalia> [28/825] Generating ext-foreign-toplevel-list-v1-client-source with a custom command
noctalia> [29/825] Generating ext-data-control-v1-client-source with a custom command
noctalia> [30/825] Generating xdg-activation-v1-client-source with a custom command
noctalia> [31/825] Generating ext-session-lock-v1-client-source with a custom command
noctalia> [32/825] Generating ext-idle-notify-v1-client-source with a custom command
noctalia> [33/825] Generating ext-background-effect-v1-client-source with a custom command
noctalia> [34/825] Generating fractional-scale-v1-client-source with a custom command
noctalia> [35/825] Generating viewporter-client-source with a custom command
noctalia> [36/825] Generating idle-inhibit-unstable-v1-client-source with a custom command
noctalia> [37/825] Generating text-input-unstable-v3-client-source with a custom command
noctalia> [38/825] Generating virtual-keyboard-unstable-v1-client-source with a custom command
noctalia> [39/825] Generating dwl-ipc-unstable-v2-client-source with a custom command
noctalia> [40/825] Generating org-kde-plasma-virtual-desktop-client-source with a custom command
noctalia> [41/825] Generating cursor-shape-v1-client-source with a custom command
noctalia> [42/825] Generating wlr-foreign-toplevel-management-unstable-v1-client-source with a custom command
noctalia> [43/825] Generating wlr-data-control-unstable-v1-client-source with a custom command
noctalia> [44/825] Generating hyprland-focus-grab-v1-client-source with a custom command
noctalia> [45/825] Generating hyprland-toplevel-mapping-v1-client-source with a custom command
noctalia> [46/825] Generating wlr-gamma-control-unstable-v1-client-source with a custom command
noctalia> [47/825] Generating wlr-screencopy-unstable-v1-client-source with a custom command
noctalia> [48/825] Generating wlr-layer-shell-unstable-v1-client-source with a custom command
noctalia> [49/825] Compiling C object libfzy.a.p/third_party_fzy_src_match.c.o
anime-game-launcher> Finished cargoSetupPostUnpackHook
anime-game-launcher> Running phase: patchPhase
anime-game-launcher> Executing cargoSetupPostPatchHook
anime-game-launcher> Validating consistency between /nix/var/nix/b/4jf99fp5ya6kgxiqwvanwwhijc/b/source/Cargo.lock and /nix/var/nix/b/4jf99fp5ya6kgxiqwvanwwhijc/b/anime-game-launcher-3.19.7-vendor/Cargo.lock
anime-game-launcher> Finished cargoSetupPostPatchHook
anime-game-launcher> Running phase: updateAutotoolsGnuConfigScriptsPhase
anime-game-launcher> Running phase: configurePhase
anime-game-launcher> Running phase: buildPhase
anime-game-launcher> Executing cargoBuildHook
anime-game-launcher> cargoBuildHook flags: -j 16 --target x86_64-unknown-linux-gnu --offline --profile release
noctalia> [49/825] Compiling C object libfzy.a.p/third_party_fzy_src_match.c.o
noctalia> [50/825] Compiling C++ object libmaterial_color_utilities.a.p/third_party_material_color_utilities_cpp_dislike_dislike.cc.o
noctalia> [51/825] Compiling C++ object libmaterial_color_utilities.a.p/third_party_material_color_utilities_cpp_quantize_celebi.cc.o
noctalia> [52/825] Compiling C++ object libmaterial_color_utilities.a.p/third_party_material_color_utilities_cpp_quantize_wu.cc.o
noctalia> [53/825] Compiling C++ object libmaterial_color_utilities.a.p/third_party_material_color_utilities_cpp_cam_viewing_conditions.cc.o
noctalia> [50/825] Compiling C++ object libmaterial_color_utilities.a.p/third_party_material_color_utilities_cpp_quantize_celebi.cc.o
noctalia> [54/825] Compiling C++ object libmaterial_color_utilities.a.p/third_party_material_color_utilities_cpp_blend_blend.cc.o
noctalia> [55/825] Compiling C++ object libmaterial_color_utilities.a.p/third_party_material_color_utilities_cpp_contrast_contrast.cc.o
noctalia> [56/825] Compiling C++ object libmaterial_color_utilities.a.p/third_party_material_color_utilities_cpp_cam_hct.cc.o
anime-game-launcher>    Compiling proc-macro2 v1.0.106
anime-game-launcher>    Compiling quote v1.0.45
anime-game-launcher>    Compiling unicode-ident v1.0.24
anime-game-launcher>    Compiling pkg-config v0.3.33
anime-game-launcher>    Compiling libc v0.2.185
anime-game-launcher>    Compiling winnow v1.0.1
anime-game-launcher>    Compiling toml_datetime v1.1.1+spec-1.1.0
anime-game-launcher>    Compiling heck v0.5.0
anime-game-launcher>    Compiling target-lexicon v0.13.3
anime-game-launcher>    Compiling smallvec v1.15.1
anime-game-launcher>    Compiling serde_spanned v1.1.1
anime-game-launcher>    Compiling version-compare v0.2.1
anime-game-launcher>    Compiling cfg-if v1.0.4
anime-game-launcher>    Compiling find-msvc-tools v0.1.9
anime-game-launcher>    Compiling shlex v1.3.0
noctalia> [57/825] Compiling C++ object libmaterial_color_utilities.a.p/third_party_material_color_utilities_cpp_quantize_lab.cc.o
noctalia> [51/825] Compiling C++ object libmaterial_color_utilities.a.p/third_party_material_color_utilities_cpp_cam_hct.cc.o
noctalia> [52/825] Compiling C++ object libmaterial_color_utilities.a.p/third_party_material_color_utilities_cpp_dislike_dislike.cc.o
anime-game-launcher>    Compiling memchr v2.8.0
anime-game-launcher>    Compiling pin-project-lite v0.2.17
noctalia> [58/825] Compiling C++ object libmaterial_color_utilities.a.p/third_party_material_color_utilities_cpp_palettes_tones.cc.o
noctalia> [53/825] Compiling C++ object libmaterial_color_utilities.a.p/third_party_material_color_utilities_cpp_cam_viewing_conditions.cc.o
anime-game-launcher>    Compiling hashbrown v0.17.0
anime-game-launcher>    Compiling futures-core v0.3.32
noctalia> [59/825] Compiling C++ object libmaterial_color_utilities.a.p/third_party_material_color_utilities_cpp_cam_hct_solver.cc.o
anime-game-launcher>    Compiling equivalent v1.0.2
anime-game-launcher>    Compiling version_check v0.9.5
noctalia> [60/825] Compiling C++ object libmaterial_color_utilities.a.p/third_party_material_color_utilities_cpp_cam_cam.cc.o
noctalia> [54/825] Compiling C++ object libmaterial_color_utilities.a.p/third_party_material_color_utilities_cpp_cam_cam.cc.o
anime-game-launcher>    Compiling stable_deref_trait v1.2.1
anime-game-launcher>    Compiling futures-sink v0.3.32
noctalia> [55/825] Compiling C++ object libmaterial_color_utilities.a.p/third_party_material_color_utilities_cpp_blend_blend.cc.o
qdrant> Fetching https://static.crates.io/crates/actix-codec/0.5.2/download -> tarballs/actix-codec-0.5.2.tar.gz
qdrant> Fetching https://static.crates.io/crates/bumpalo/3.20.2/download -> tarballs/bumpalo-3.20.2.tar.gz
qdrant> Fetching https://static.crates.io/crates/async-channel/2.5.0/download -> tarballs/async-channel-2.5.0.tar.gz
qdrant> Fetching https://static.crates.io/crates/core-foundation/0.10.1/download -> tarballs/core-foundation-0.10.1.tar.gz
qdrant> Fetching https://static.crates.io/crates/docopt/1.1.1/download -> tarballs/docopt-1.1.1.tar.gz
anime-game-launcher>    Compiling futures-io v0.3.32
noctalia> [56/825] Compiling C++ object libmaterial_color_utilities.a.p/third_party_material_color_utilities_cpp_palettes_tones.cc.o
noctalia> [57/825] Compiling C++ object libmaterial_color_utilities.a.p/third_party_material_color_utilities_cpp_cam_hct_solver.cc.o
anime-game-launcher>    Compiling slab v0.4.12
anime-game-launcher>    Compiling serde v1.0.228
anime-game-launcher>    Compiling typenum v1.19.0
anime-game-launcher>    Compiling futures-channel v0.3.32
anime-game-launcher>    Compiling bitflags v2.11.1
noctalia> [61/825] Compiling C++ object libmaterial_color_utilities.a.p/third_party_material_color_utilities_cpp_scheme_scheme_fruit_salad.cc.o
anime-game-launcher>    Compiling futures-task v0.3.32
qdrant> Fetching https://static.crates.io/crates/core-foundation-sys/0.8.7/download -> tarballs/core-foundation-sys-0.8.7.tar.gz
anime-game-launcher>    Compiling serde_core v1.0.228
noctalia> [58/825] Compiling C++ object libmaterial_color_utilities.a.p/third_party_material_color_utilities_cpp_contrast_contrast.cc.o
qdrant> Fetching https://static.crates.io/crates/bustle/0.5.1/download -> tarballs/bustle-0.5.1.tar.gz
qdrant> Fetching https://static.crates.io/crates/actix-cors/0.7.1/download -> tarballs/actix-cors-0.7.1.tar.gz
qdrant> Fetching https://static.crates.io/crates/async-executor/1.14.0/download -> tarballs/async-executor-1.14.0.tar.gz
qdrant> Fetching https://static.crates.io/crates/core_affinity/0.8.3/download -> tarballs/core_affinity-0.8.3.tar.gz
qdrant> Fetching https://static.crates.io/crates/bytemuck/1.25.0/download -> tarballs/bytemuck-1.25.0.tar.gz
qdrant> Fetching https://static.crates.io/crates/count-min-sketch/0.1.8/download -> tarballs/count-min-sketch-0.1.8.tar.gz
qdrant> Fetching https://static.crates.io/crates/actix-files/0.6.10/download -> tarballs/actix-files-0.6.10.tar.gz
qdrant> Fetching https://static.crates.io/crates/dunce/1.0.5/download -> tarballs/dunce-1.0.5.tar.gz
qdrant> Fetching https://static.crates.io/crates/async-io/2.6.0/download -> tarballs/async-io-2.6.0.tar.gz
noctalia> [62/825] Compiling C++ object libmaterial_color_utilities.a.p/third_party_material_color_utilities_cpp_scheme_scheme_content.cc.o
qdrant> Fetching https://static.crates.io/crates/bytemuck_derive/1.10.2/download -> tarballs/bytemuck_derive-1.10.2.tar.gz
qdrant> Fetching https://static.crates.io/crates/cpp_demangle/0.5.1/download -> tarballs/cpp_demangle-0.5.1.tar.gz
qdrant> Fetching https://static.crates.io/crates/duplicate/2.0.1/download -> tarballs/duplicate-2.0.1.tar.gz
qdrant> Fetching https://static.crates.io/crates/async-lock/3.4.2/download -> tarballs/async-lock-3.4.2.tar.gz
qdrant> Fetching https://static.crates.io/crates/actix-http/3.12.1/download -> tarballs/actix-http-3.12.1.tar.gz
qdrant> Fetching https://static.crates.io/crates/byteorder/1.5.0/download -> tarballs/byteorder-1.5.0.tar.gz
qdrant> Fetching https://static.crates.io/crates/cpufeatures/0.2.17/download -> tarballs/cpufeatures-0.2.17.tar.gz
qdrant> Fetching https://static.crates.io/crates/async-process/2.5.0/download -> tarballs/async-process-2.5.0.tar.gz
qdrant> Fetching https://static.crates.io/crates/dyn-clone/1.0.20/download -> tarballs/dyn-clone-1.0.20.tar.gz
qdrant> Fetching https://static.crates.io/crates/bytes/1.11.1/download -> tarballs/bytes-1.11.1.tar.gz
qdrant> Fetching https://static.crates.io/crates/actix-macros/0.2.4/download -> tarballs/actix-macros-0.2.4.tar.gz
qdrant> Fetching https://static.crates.io/crates/cpufeatures/0.3.0/download -> tarballs/cpufeatures-0.3.0.tar.gz
qdrant> Fetching https://static.crates.io/crates/async-recursion/1.1.1/download -> tarballs/async-recursion-1.1.1.tar.gz
qdrant> Fetching https://static.crates.io/crates/dyn_size_of/0.4.5/download -> tarballs/dyn_size_of-0.4.5.tar.gz
qdrant> Fetching https://static.crates.io/crates/bytestring/1.5.0/download -> tarballs/bytestring-1.5.0.tar.gz
anime-game-launcher>    Compiling generic-array v0.14.7
anime-game-launcher>    Compiling indexmap v2.14.0
noctalia> [59/825] Compiling C++ object libmaterial_color_utilities.a.p/third_party_material_color_utilities_cpp_quantize_wu.cc.o
qdrant> Fetching https://static.crates.io/crates/actix-multipart/0.7.2/download -> tarballs/actix-multipart-0.7.2.tar.gz
qdrant> Fetching https://static.crates.io/crates/crc/3.4.0/download -> tarballs/crc-3.4.0.tar.gz
qdrant> Fetching https://static.crates.io/crates/async-signal/0.2.13/download -> tarballs/async-signal-0.2.13.tar.gz
qdrant> Fetching https://static.crates.io/crates/earcut/0.4.5/download -> tarballs/earcut-0.4.5.tar.gz
qdrant> Fetching https://static.crates.io/crates/cap/0.1.2/download -> tarballs/cap-0.1.2.tar.gz
qdrant> Fetching https://static.crates.io/crates/async-stream/0.3.6/download -> tarballs/async-stream-0.3.6.tar.gz
qdrant> Fetching https://static.crates.io/crates/actix-multipart-derive/0.7.0/download -> tarballs/actix-multipart-derive-0.7.0.tar.gz
qdrant> Fetching https://static.crates.io/crates/crc-catalog/2.4.0/download -> tarballs/crc-catalog-2.4.0.tar.gz
noctalia> [63/825] Compiling C++ object libmaterial_color_utilities.a.p/third_party_material_color_utilities_cpp_scheme_scheme_expressive.cc.o
noctalia> [60/825] Compiling C++ object libmaterial_color_utilities.a.p/third_party_material_color_utilities_cpp_quantize_lab.cc.o
qdrant> Fetching https://static.crates.io/crates/async-stream-impl/0.3.6/download -> tarballs/async-stream-impl-0.3.6.tar.gz
qdrant> Fetching https://static.crates.io/crates/cast/0.3.0/download -> tarballs/cast-0.3.0.tar.gz
qdrant> Fetching https://static.crates.io/crates/crc32c/0.6.8/download -> tarballs/crc32c-0.6.8.tar.gz
qdrant> Fetching https://static.crates.io/crates/actix-router/0.5.4/download -> tarballs/actix-router-0.5.4.tar.gz
qdrant> Fetching https://static.crates.io/crates/cc/1.2.62/download -> tarballs/cc-1.2.62.tar.gz
qdrant> Fetching https://static.crates.io/crates/async-task/4.7.1/download -> tarballs/async-task-4.7.1.tar.gz
qdrant> Fetching https://static.crates.io/crates/crc32fast/1.5.0/download -> tarballs/crc32fast-1.5.0.tar.gz
anime-game-launcher>    Compiling once_cell v1.21.4
anime-game-launcher>    Compiling crossbeam-utils v0.8.21
noctalia> [64/825] Compiling C++ object libmaterial_color_utilities.a.p/third_party_material_color_utilities_cpp_scheme_scheme_monochrome.cc.o
qdrant> Fetching https://static.crates.io/crates/actix-rt/2.11.0/download -> tarballs/actix-rt-2.11.0.tar.gz
qdrant> Fetching https://static.crates.io/crates/ecdsa/0.16.9/download -> tarballs/ecdsa-0.16.9.tar.gz
qdrant> Fetching https://static.crates.io/crates/cedarwood/0.4.6/download -> tarballs/cedarwood-0.4.6.tar.gz
qdrant> Fetching https://static.crates.io/crates/criterion/0.8.2/download -> tarballs/criterion-0.8.2.tar.gz
qdrant> Fetching https://static.crates.io/crates/async-trait/0.1.89/download -> tarballs/async-trait-0.1.89.tar.gz
qdrant> Fetching https://static.crates.io/crates/actix-server/2.6.0/download -> tarballs/actix-server-2.6.0.tar.gz
qdrant> Fetching https://static.crates.io/crates/ecow/0.2.6/download -> tarballs/ecow-0.2.6.tar.gz
qdrant> Fetching https://static.crates.io/crates/cesu8/1.1.0/download -> tarballs/cesu8-1.1.0.tar.gz
anime-game-launcher>    Compiling bytes v1.11.1
noctalia> [65/825] Compiling C++ object libluau.a.p/third_party_luau_Common_src_BytecodeWire.cpp.o
qdrant> Fetching https://static.crates.io/crates/criterion-plot/0.8.2/download -> tarballs/criterion-plot-0.8.2.tar.gz
qdrant> Fetching https://static.crates.io/crates/atomic-waker/1.1.2/download -> tarballs/atomic-waker-1.1.2.tar.gz
qdrant> Fetching https://static.crates.io/crates/actix-service/2.0.3/download -> tarballs/actix-service-2.0.3.tar.gz
qdrant> Fetching https://static.crates.io/crates/ed25519/2.2.3/download -> tarballs/ed25519-2.2.3.tar.gz
qdrant> Fetching https://static.crates.io/crates/cfg-if/1.0.4/download -> tarballs/cfg-if-1.0.4.tar.gz
qdrant> Fetching https://static.crates.io/crates/atomic_refcell/0.1.14/download -> tarballs/atomic_refcell-0.1.14.tar.gz
qdrant> Fetching https://static.crates.io/crates/crossbeam-channel/0.5.15/download -> tarballs/crossbeam-channel-0.5.15.tar.gz
qdrant> Fetching https://static.crates.io/crates/actix-tls/3.5.0/download -> tarballs/actix-tls-3.5.0.tar.gz
qdrant> Fetching https://static.crates.io/crates/ed25519-dalek/2.2.0/download -> tarballs/ed25519-dalek-2.2.0.tar.gz
qdrant> Fetching https://static.crates.io/crates/cfg_aliases/0.2.1/download -> tarballs/cfg_aliases-0.2.1.tar.gz
noctalia> [66/825] Compiling C++ object libmaterial_color_utilities.a.p/third_party_material_color_utilities_cpp_scheme_scheme_vibrant.cc.o
noctalia> [61/825] Compiling C++ object libmaterial_color_utilities.a.p/third_party_material_color_utilities_cpp_scheme_scheme_content.cc.o
qdrant> Fetching https://static.crates.io/crates/atomicwrites/0.4.4/download -> tarballs/atomicwrites-0.4.4.tar.gz
qdrant> Fetching https://static.crates.io/crates/crossbeam-deque/0.8.6/download -> tarballs/crossbeam-deque-0.8.6.tar.gz
qdrant> Fetching https://static.crates.io/crates/actix-utils/3.0.1/download -> tarballs/actix-utils-3.0.1.tar.gz
qdrant> Fetching https://static.crates.io/crates/either/1.15.0/download -> tarballs/either-1.15.0.tar.gz
qdrant> Fetching https://static.crates.io/crates/autocfg/1.5.0/download -> tarballs/autocfg-1.5.0.tar.gz
qdrant> Fetching https://static.crates.io/crates/cgroups-rs/0.5.0/download -> tarballs/cgroups-rs-0.5.0.tar.gz
qdrant> Fetching https://static.crates.io/crates/crossbeam-epoch/0.9.18/download -> tarballs/crossbeam-epoch-0.9.18.tar.gz
qdrant> Fetching https://static.crates.io/crates/actix-web/4.13.0/download -> tarballs/actix-web-4.13.0.tar.gz
noctalia> [67/825] Compiling C++ object libmaterial_color_utilities.a.p/third_party_material_color_utilities_cpp_scheme_scheme_neutral.cc.o
qdrant> Fetching https://static.crates.io/crates/elliptic-curve/0.13.8/download -> tarballs/elliptic-curve-0.13.8.tar.gz
qdrant> Fetching https://static.crates.io/crates/autotools/0.2.7/download -> tarballs/autotools-0.2.7.tar.gz
qdrant> Fetching https://static.crates.io/crates/chacha20/0.10.0/download -> tarballs/chacha20-0.10.0.tar.gz
qdrant> Fetching https://static.crates.io/crates/crossbeam-utils/0.8.21/download -> tarballs/crossbeam-utils-0.8.21.tar.gz
qdrant> Fetching https://static.crates.io/crates/encode_unicode/1.0.0/download -> tarballs/encode_unicode-1.0.0.tar.gz
qdrant> Fetching https://static.crates.io/crates/actix-web-codegen/4.3.0/download -> tarballs/actix-web-codegen-4.3.0.tar.gz
qdrant> Fetching https://static.crates.io/crates/aws-lc-rs/1.16.2/download -> tarballs/aws-lc-rs-1.16.2.tar.gz
noctalia> [68/825] Compiling C++ object libmaterial_color_utilities.a.p/third_party_material_color_utilities_cpp_scheme_scheme_fidelity.cc.o
noctalia> [69/825] Compiling C++ object libmaterial_color_utilities.a.p/third_party_material_color_utilities_cpp_scheme_scheme_rainbow.cc.o
qdrant> Fetching https://static.crates.io/crates/charabia/0.9.9/download -> tarballs/charabia-0.9.9.tar.gz
qdrant> Fetching https://static.crates.io/crates/crunchy/0.2.4/download -> tarballs/crunchy-0.2.4.tar.gz
qdrant> Fetching https://static.crates.io/crates/encoding_rs/0.8.35/download -> tarballs/encoding_rs-0.8.35.tar.gz
qdrant> Fetching https://static.crates.io/crates/actix-web-extras/0.1.0/download -> tarballs/actix-web-extras-0.1.0.tar.gz
qdrant> Fetching https://static.crates.io/crates/aws-lc-sys/0.39.1/download -> tarballs/aws-lc-sys-0.39.1.tar.gz
qdrant> Fetching https://static.crates.io/crates/actix-web-validator/7.0.0/download -> tarballs/actix-web-validator-7.0.0.tar.gz
qdrant> Fetching https://static.crates.io/crates/crypto-bigint/0.5.5/download -> tarballs/crypto-bigint-0.5.5.tar.gz
qdrant> Fetching https://static.crates.io/crates/addr2line/0.25.1/download -> tarballs/addr2line-0.25.1.tar.gz
qdrant> Fetching https://static.crates.io/crates/chrono/0.4.44/download -> tarballs/chrono-0.4.44.tar.gz
qdrant> Fetching https://static.crates.io/crates/crypto-common/0.1.6/download -> tarballs/crypto-common-0.1.6.tar.gz
qdrant> Fetching https://static.crates.io/crates/endi/1.1.1/download -> tarballs/endi-1.1.1.tar.gz
noctalia> [70/825] Compiling C++ object libmaterial_color_utilities.a.p/third_party_material_color_utilities_cpp_scheme_scheme_tonal_spot.cc.o
qdrant> Fetching https://static.crates.io/crates/adler2/2.0.1/download -> tarballs/adler2-2.0.1.tar.gz
qdrant> Fetching https://static.crates.io/crates/ci_info/0.10.2/download -> tarballs/ci_info-0.10.2.tar.gz
qdrant> Fetching https://static.crates.io/crates/crypto-common/0.2.1/download -> tarballs/crypto-common-0.2.1.tar.gz
qdrant> Fetching https://static.crates.io/crates/enumflags2/0.7.12/download -> tarballs/enumflags2-0.7.12.tar.gz
qdrant> Fetching https://static.crates.io/crates/adler32/1.2.0/download -> tarballs/adler32-1.2.0.tar.gz
qdrant> Fetching https://static.crates.io/crates/csv/1.4.0/download -> tarballs/csv-1.4.0.tar.gz
anime-game-launcher>    Compiling toml_parser v1.1.2+spec-1.1.0
noctalia> [62/825] Compiling C++ object libmaterial_color_utilities.a.p/third_party_material_color_utilities_cpp_scheme_scheme_fidelity.cc.o
qdrant> Fetching https://static.crates.io/crates/enumflags2_derive/0.7.12/download -> tarballs/enumflags2_derive-0.7.12.tar.gz
qdrant> Fetching https://static.crates.io/crates/ciborium/0.2.2/download -> tarballs/ciborium-0.2.2.tar.gz
qdrant> Fetching https://static.crates.io/crates/ahash/0.8.12/download -> tarballs/ahash-0.8.12.tar.gz
qdrant> Fetching https://static.crates.io/crates/env_filter/1.0.0/download -> tarballs/env_filter-1.0.0.tar.gz
qdrant> Fetching https://static.crates.io/crates/ciborium-io/0.2.2/download -> tarballs/ciborium-io-0.2.2.tar.gz
qdrant> Fetching https://static.crates.io/crates/aho-corasick/1.1.4/download -> tarballs/aho-corasick-1.1.4.tar.gz
anime-game-launcher>    Compiling log v0.4.29
anime-game-launcher>    Compiling writeable v0.6.3
noctalia> [63/825] Compiling C++ object libmaterial_color_utilities.a.p/third_party_material_color_utilities_cpp_scheme_scheme_monochrome.cc.o
qdrant> Fetching https://static.crates.io/crates/env_logger/0.11.10/download -> tarballs/env_logger-0.11.10.tar.gz
qdrant> Fetching https://static.crates.io/crates/csv-core/0.1.13/download -> tarballs/csv-core-0.1.13.tar.gz
qdrant> Fetching https://static.crates.io/crates/ciborium-ll/0.2.2/download -> tarballs/ciborium-ll-0.2.2.tar.gz
qdrant> Fetching https://static.crates.io/crates/aligned-vec/0.6.4/download -> tarballs/aligned-vec-0.6.4.tar.gz
qdrant> Fetching https://static.crates.io/crates/curve25519-dalek/4.1.3/download -> tarballs/curve25519-dalek-4.1.3.tar.gz
qdrant> Fetching https://static.crates.io/crates/envmnt/0.8.4/download -> tarballs/envmnt-0.8.4.tar.gz
qdrant> Fetching https://static.crates.io/crates/clap/4.6.1/download -> tarballs/clap-4.6.1.tar.gz
qdrant> Fetching https://static.crates.io/crates/alloc-no-stdlib/2.0.4/download -> tarballs/alloc-no-stdlib-2.0.4.tar.gz
anime-game-launcher>    Compiling litemap v0.8.2
noctalia> [71/825] Compiling C++ object libmaterial_color_utilities.a.p/third_party_material_color_utilities_cpp_dynamiccolor_dynamic_scheme.cc.o
qdrant> Fetching https://static.crates.io/crates/curve25519-dalek-derive/0.1.1/download -> tarballs/curve25519-dalek-derive-0.1.1.tar.gz
qdrant> Fetching https://static.crates.io/crates/alloc-stdlib/0.2.2/download -> tarballs/alloc-stdlib-0.2.2.tar.gz
qdrant> Fetching https://static.crates.io/crates/clap_builder/4.6.0/download -> tarballs/clap_builder-4.6.0.tar.gz
qdrant> Fetching https://static.crates.io/crates/equator/0.4.2/download -> tarballs/equator-0.4.2.tar.gz
qdrant> Fetching https://static.crates.io/crates/axum/0.6.20/download -> tarballs/axum-0.6.20.tar.gz
qdrant> Fetching https://static.crates.io/crates/daachorse/1.0.0/download -> tarballs/daachorse-1.0.0.tar.gz
noctalia> [72/825] Compiling C++ object libluau.a.p/third_party_luau_Ast_src_Location.cpp.o
noctalia> [64/825] Compiling C++ object libmaterial_color_utilities.a.p/third_party_material_color_utilities_cpp_scheme_scheme_fruit_salad.cc.o
qdrant> Fetching https://static.crates.io/crates/alloca/0.4.0/download -> tarballs/alloca-0.4.0.tar.gz
qdrant> Fetching https://static.crates.io/crates/equator-macro/0.4.2/download -> tarballs/equator-macro-0.4.2.tar.gz
qdrant> Fetching https://static.crates.io/crates/clap_derive/4.6.1/download -> tarballs/clap_derive-4.6.1.tar.gz
qdrant> Fetching https://static.crates.io/crates/axum/0.8.8/download -> tarballs/axum-0.8.8.tar.gz
qdrant> Fetching https://static.crates.io/crates/darling/0.20.11/download -> tarballs/darling-0.20.11.tar.gz
qdrant> Fetching https://static.crates.io/crates/allocator-api2/0.2.21/download -> tarballs/allocator-api2-0.2.21.tar.gz
qdrant> Fetching https://static.crates.io/crates/equivalent/1.0.2/download -> tarballs/equivalent-1.0.2.tar.gz
qdrant> Fetching https://static.crates.io/crates/clap_lex/1.0.0/download -> tarballs/clap_lex-1.0.0.tar.gz
qdrant> Fetching https://static.crates.io/crates/axum-core/0.3.4/download -> tarballs/axum-core-0.3.4.tar.gz
noctalia> [65/825] Compiling C++ object libluau.a.p/third_party_luau_Common_src_BytecodeWire.cpp.o
noctalia> [66/825] Compiling C++ object libmaterial_color_utilities.a.p/third_party_material_color_utilities_cpp_scheme_scheme_expressive.cc.o
noctalia> [67/825] Compiling C++ object libmaterial_color_utilities.a.p/third_party_material_color_utilities_cpp_dynamiccolor_dynamic_scheme.cc.o
qdrant> Fetching https://static.crates.io/crates/darling/0.23.0/download -> tarballs/darling-0.23.0.tar.gz
qdrant> Fetching https://static.crates.io/crates/android_system_properties/0.1.5/download -> tarballs/android_system_properties-0.1.5.tar.gz
qdrant> Fetching https://static.crates.io/crates/erased-serde/0.3.31/download -> tarballs/erased-serde-0.3.31.tar.gz
qdrant> Fetching https://static.crates.io/crates/cmake/0.1.57/download -> tarballs/cmake-0.1.57.tar.gz
qdrant> Fetching https://static.crates.io/crates/darling_core/0.20.11/download -> tarballs/darling_core-0.20.11.tar.gz
qdrant> Fetching https://static.crates.io/crates/axum-core/0.5.6/download -> tarballs/axum-core-0.5.6.tar.gz
qdrant> Fetching https://static.crates.io/crates/anes/0.1.6/download -> tarballs/anes-0.1.6.tar.gz
anime-game-launcher>    Compiling itoa v1.0.18
qdrant> Fetching https://static.crates.io/crates/erased-serde/0.4.10/download -> tarballs/erased-serde-0.4.10.tar.gz
qdrant> Fetching https://static.crates.io/crates/cmsketch/0.2.4/download -> tarballs/cmsketch-0.2.4.tar.gz
qdrant> Fetching https://static.crates.io/crates/darling_core/0.23.0/download -> tarballs/darling_core-0.23.0.tar.gz
qdrant> Fetching https://static.crates.io/crates/backtrace/0.3.76/download -> tarballs/backtrace-0.3.76.tar.gz
qdrant> Fetching https://static.crates.io/crates/anstream/1.0.0/download -> tarballs/anstream-1.0.0.tar.gz
qdrant> Fetching https://static.crates.io/crates/errno/0.3.14/download -> tarballs/errno-0.3.14.tar.gz
qdrant> Fetching https://static.crates.io/crates/darling_macro/0.20.11/download -> tarballs/darling_macro-0.20.11.tar.gz
qdrant> Fetching https://static.crates.io/crates/colorchoice/1.0.4/download -> tarballs/colorchoice-1.0.4.tar.gz
noctalia> [68/825] Compiling C++ object libmaterial_color_utilities.a.p/third_party_material_color_utilities_cpp_scheme_scheme_rainbow.cc.o
qdrant> Fetching https://static.crates.io/crates/base16ct/0.2.0/download -> tarballs/base16ct-0.2.0.tar.gz
qdrant> Fetching https://static.crates.io/crates/anstyle/1.0.13/download -> tarballs/anstyle-1.0.13.tar.gz
qdrant> Fetching https://static.crates.io/crates/event-listener/5.4.1/download -> tarballs/event-listener-5.4.1.tar.gz
qdrant> Fetching https://static.crates.io/crates/darling_macro/0.23.0/download -> tarballs/darling_macro-0.23.0.tar.gz
qdrant> Fetching https://static.crates.io/crates/anstyle-parse/1.0.0/download -> tarballs/anstyle-parse-1.0.0.tar.gz
qdrant> Fetching https://static.crates.io/crates/colored/3.1.1/download -> tarballs/colored-3.1.1.tar.gz
qdrant> Fetching https://static.crates.io/crates/base64/0.21.7/download -> tarballs/base64-0.21.7.tar.gz
qdrant> Fetching https://static.crates.io/crates/event-listener-strategy/0.5.4/download -> tarballs/event-listener-strategy-0.5.4.tar.gz
qdrant> Fetching https://static.crates.io/crates/dary_heap/0.3.8/download -> tarballs/dary_heap-0.3.8.tar.gz
noctalia> [73/825] Compiling C++ object libmaterial_color_utilities.a.p/third_party_material_color_utilities_cpp_dynamiccolor_dynamic_color.cc.o
noctalia> [69/825] Compiling C++ object libmaterial_color_utilities.a.p/third_party_material_color_utilities_cpp_dynamiccolor_dynamic_color.cc.o
noctalia> [70/825] Compiling C++ object libmaterial_color_utilities.a.p/third_party_material_color_utilities_cpp_scheme_scheme_vibrant.cc.o
anime-game-launcher>    Compiling tracing-core v0.1.36
anime-game-launcher>    Compiling icu_properties_data v2.2.0
qdrant> Fetching https://static.crates.io/crates/anstyle-query/1.1.5/download -> tarballs/anstyle-query-1.1.5.tar.gz
qdrant> Fetching https://static.crates.io/crates/colorz/1.1.4/download -> tarballs/colorz-1.1.4.tar.gz
qdrant> Fetching https://static.crates.io/crates/base64/0.22.1/download -> tarballs/base64-0.22.1.tar.gz
qdrant> Fetching https://static.crates.io/crates/faccess/0.2.4/download -> tarballs/faccess-0.2.4.tar.gz
qdrant> Fetching https://static.crates.io/crates/anstyle-wincon/3.0.11/download -> tarballs/anstyle-wincon-3.0.11.tar.gz
qdrant> Fetching https://static.crates.io/crates/dashmap/6.2.1/download -> tarballs/dashmap-6.2.1.tar.gz
qdrant> Fetching https://static.crates.io/crates/base64ct/1.8.3/download -> tarballs/base64ct-1.8.3.tar.gz
qdrant> Fetching https://static.crates.io/crates/combine/4.6.7/download -> tarballs/combine-4.6.7.tar.gz
qdrant> Fetching https://static.crates.io/crates/fallible-iterator/0.3.0/download -> tarballs/fallible-iterator-0.3.0.tar.gz
qdrant> Fetching https://static.crates.io/crates/antidote/1.0.0/download -> tarballs/antidote-1.0.0.tar.gz
qdrant> Fetching https://static.crates.io/crates/data-encoding/2.11.0/download -> tarballs/data-encoding-2.11.0.tar.gz
qdrant> Fetching https://static.crates.io/crates/bincode/1.3.3/download -> tarballs/bincode-1.3.3.tar.gz
qdrant> Fetching https://static.crates.io/crates/concurrent-queue/2.5.0/download -> tarballs/concurrent-queue-2.5.0.tar.gz
qdrant> Fetching https://static.crates.io/crates/anyhow/1.0.102/download -> tarballs/anyhow-1.0.102.tar.gz
qdrant> Fetching https://static.crates.io/crates/fastant/0.1.11/download -> tarballs/fastant-0.1.11.tar.gz
qdrant> Fetching https://static.crates.io/crates/debugid/0.8.0/download -> tarballs/debugid-0.8.0.tar.gz
qdrant> Fetching https://static.crates.io/crates/bincode/2.0.1/download -> tarballs/bincode-2.0.1.tar.gz
qdrant> Fetching https://static.crates.io/crates/config/0.15.23/download -> tarballs/config-0.15.23.tar.gz
noctalia> [71/825] Compiling C++ object libmaterial_color_utilities.a.p/third_party_material_color_utilities_cpp_scheme_scheme_tonal_spot.cc.o
anime-game-launcher>    Compiling utf8_iter v1.0.4
anime-game-launcher>    Compiling icu_normalizer_data v2.2.0
qdrant> Fetching https://static.crates.io/crates/approx/0.5.1/download -> tarballs/approx-0.5.1.tar.gz
qdrant> Fetching https://static.crates.io/crates/der/0.7.10/download -> tarballs/der-0.7.10.tar.gz
qdrant> Fetching https://static.crates.io/crates/fastrand/2.3.0/download -> tarballs/fastrand-2.3.0.tar.gz
qdrant> Fetching https://static.crates.io/crates/bincode_derive/2.0.1/download -> tarballs/bincode_derive-2.0.1.tar.gz
qdrant> Fetching https://static.crates.io/crates/arc-swap/1.9.1/download -> tarballs/arc-swap-1.9.1.tar.gz
qdrant> Fetching https://static.crates.io/crates/deranged/0.5.8/download -> tarballs/deranged-0.5.8.tar.gz
qdrant> Fetching https://static.crates.io/crates/ff/0.13.1/download -> tarballs/ff-0.13.1.tar.gz
qdrant> Fetching https://static.crates.io/crates/binout/0.3.1/download -> tarballs/binout-0.3.1.tar.gz
noctalia> [74/825] Compiling C++ object libmaterial_color_utilities.a.p/third_party_material_color_utilities_cpp_quantize_wsmeans.cc.o
noctalia> [72/825] Compiling C++ object libmaterial_color_utilities.a.p/third_party_material_color_utilities_cpp_scheme_scheme_neutral.cc.o
anime-game-launcher>    Compiling toml v1.1.2+spec-1.1.0
anime-game-launcher>    Compiling toml_edit v0.25.11+spec-1.1.0
qdrant> Fetching https://static.crates.io/crates/arraydeque/0.5.1/download -> tarballs/arraydeque-0.5.1.tar.gz
qdrant> Fetching https://static.crates.io/crates/derive_more/0.99.20/download -> tarballs/derive_more-0.99.20.tar.gz
qdrant> Fetching https://static.crates.io/crates/fiat-crypto/0.2.9/download -> tarballs/fiat-crypto-0.2.9.tar.gz
qdrant> Fetching https://static.crates.io/crates/bit-vec/0.6.3/download -> tarballs/bit-vec-0.6.3.tar.gz
qdrant> Fetching https://static.crates.io/crates/console/0.16.2/download -> tarballs/console-0.16.2.tar.gz
qdrant> Fetching https://static.crates.io/crates/arrayvec/0.4.12/download -> tarballs/arrayvec-0.4.12.tar.gz
qdrant> Fetching https://static.crates.io/crates/derive_more/2.1.1/download -> tarballs/derive_more-2.1.1.tar.gz
qdrant> Fetching https://static.crates.io/crates/bitflags/1.3.2/download -> tarballs/bitflags-1.3.2.tar.gz
qdrant> Fetching https://static.crates.io/crates/filetime/0.2.27/download -> tarballs/filetime-0.2.27.tar.gz
qdrant> Fetching https://static.crates.io/crates/console-api/0.9.0/download -> tarballs/console-api-0.9.0.tar.gz
qdrant> Fetching https://static.crates.io/crates/arrayvec/0.7.6/download -> tarballs/arrayvec-0.7.6.tar.gz
qdrant> Fetching https://static.crates.io/crates/derive_more-impl/2.1.1/download -> tarballs/derive_more-impl-2.1.1.tar.gz
qdrant> Fetching https://static.crates.io/crates/bitflags/2.11.0/download -> tarballs/bitflags-2.11.0.tar.gz
qdrant> Fetching https://static.crates.io/crates/find-msvc-tools/0.1.9/download -> tarballs/find-msvc-tools-0.1.9.tar.gz
qdrant> Fetching https://static.crates.io/crates/console-subscriber/0.5.0/download -> tarballs/console-subscriber-0.5.0.tar.gz
qdrant> Fetching https://static.crates.io/crates/digest/0.10.7/download -> tarballs/digest-0.10.7.tar.gz
qdrant> Fetching https://static.crates.io/crates/ash/0.38.0+1.3.281/download -> tarballs/ash-0.38.0+1.3.281.tar.gz
wavey-launcher>    Compiling gsk4 v0.8.2
qdrant> Fetching https://static.crates.io/crates/bitm/0.4.3/download -> tarballs/bitm-0.4.3.tar.gz
qdrant> Fetching https://static.crates.io/crates/findshlibs/0.10.2/download -> tarballs/findshlibs-0.10.2.tar.gz
qdrant> Fetching https://static.crates.io/crates/const-oid/0.9.6/download -> tarballs/const-oid-0.9.6.tar.gz
qdrant> Fetching https://static.crates.io/crates/digest/0.11.2/download -> tarballs/digest-0.11.2.tar.gz
qdrant> Fetching https://static.crates.io/crates/bitpacking/0.9.3/download -> tarballs/bitpacking-0.9.3.tar.gz
qdrant> Fetching https://static.crates.io/crates/fixedbitset/0.4.2/download -> tarballs/fixedbitset-0.4.2.tar.gz
qdrant> Fetching https://static.crates.io/crates/assert-json-diff/2.0.2/download -> tarballs/assert-json-diff-2.0.2.tar.gz
qdrant> Fetching https://static.crates.io/crates/const-oid/0.10.2/download -> tarballs/const-oid-0.10.2.tar.gz
qdrant> Fetching https://static.crates.io/crates/displaydoc/0.2.5/download -> tarballs/displaydoc-0.2.5.tar.gz
noctalia> [73/825] Compiling C++ object libluau.a.p/third_party_luau_Ast_src_Location.cpp.o
qdrant> Fetching https://static.crates.io/crates/bitvec/1.0.1/download -> tarballs/bitvec-1.0.1.tar.gz
qdrant> Fetching https://static.crates.io/crates/async-broadcast/0.7.2/download -> tarballs/async-broadcast-0.7.2.tar.gz
qdrant> Fetching https://static.crates.io/crates/constant_time_eq/0.1.5/download -> tarballs/constant_time_eq-0.1.5.tar.gz
qdrant> Fetching https://static.crates.io/crates/foreign-types-macros/0.2.3/download -> tarballs/foreign-types-macros-0.2.3.tar.gz
qdrant> Fetching https://static.crates.io/crates/flate2/1.1.9/download -> tarballs/flate2-1.1.9.tar.gz
qdrant> Fetching https://static.crates.io/crates/blake2-rfc/0.2.18/download -> tarballs/blake2-rfc-0.2.18.tar.gz
qdrant> Fetching https://static.crates.io/crates/glob-match/0.2.1/download -> tarballs/glob-match-0.2.1.tar.gz
qdrant> Fetching https://static.crates.io/crates/constant_time_eq/0.4.2/download -> tarballs/constant_time_eq-0.4.2.tar.gz
qdrant> Fetching https://static.crates.io/crates/float_next_after/2.0.0/download -> tarballs/float_next_after-2.0.0.tar.gz
qdrant> Fetching https://static.crates.io/crates/block-buffer/0.10.4/download -> tarballs/block-buffer-0.10.4.tar.gz
qdrant> Fetching https://static.crates.io/crates/convert_case/0.4.0/download -> tarballs/convert_case-0.4.0.tar.gz
qdrant> Fetching https://static.crates.io/crates/fnv/1.0.7/download -> tarballs/fnv-1.0.7.tar.gz
qdrant> Fetching https://static.crates.io/crates/block-buffer/0.12.0/download -> tarballs/block-buffer-0.12.0.tar.gz
noctalia> [74/825] Compiling C++ object libmaterial_color_utilities.a.p/third_party_material_color_utilities_cpp_quantize_wsmeans.cc.o
anime-game-launcher>    Compiling cfg-expr v0.20.7
qdrant> Fetching https://static.crates.io/crates/convert_case/0.10.0/download -> tarballs/convert_case-0.10.0.tar.gz
qdrant> Fetching https://static.crates.io/crates/foldhash/0.1.5/download -> tarballs/foldhash-0.1.5.tar.gz
qdrant> Fetching https://static.crates.io/crates/foreign-types-shared/0.3.1/download -> tarballs/foreign-types-shared-0.3.1.tar.gz
qdrant> Fetching https://static.crates.io/crates/blocking/1.6.2/download -> tarballs/blocking-1.6.2.tar.gz
qdrant> Fetching https://static.crates.io/crates/goblin/0.7.1/download -> tarballs/goblin-0.7.1.tar.gz
qdrant> Fetching https://static.crates.io/crates/cookie/0.16.2/download -> tarballs/cookie-0.16.2.tar.gz
qdrant> Fetching https://static.crates.io/crates/brotli/8.0.2/download -> tarballs/brotli-8.0.2.tar.gz
qdrant> Fetching https://static.crates.io/crates/foldhash/0.2.0/download -> tarballs/foldhash-0.2.0.tar.gz
qdrant> Fetching https://static.crates.io/crates/form_urlencoded/1.2.2/download -> tarballs/form_urlencoded-1.2.2.tar.gz
qdrant> Fetching https://static.crates.io/crates/i_overlay/4.5.1/download -> tarballs/i_overlay-4.5.1.tar.gz
anime-game-launcher>    Compiling untrusted v0.9.0
qdrant> Fetching https://static.crates.io/crates/foreign-types/0.5.0/download -> tarballs/foreign-types-0.5.0.tar.gz
qdrant> Fetching https://static.crates.io/crates/gpu-allocator/0.28.0/download -> tarballs/gpu-allocator-0.28.0.tar.gz
qdrant> Fetching https://static.crates.io/crates/foyer/0.22.3/download -> tarballs/foyer-0.22.3.tar.gz
qdrant> Fetching https://static.crates.io/crates/brotli-decompressor/5.0.0/download -> tarballs/brotli-decompressor-5.0.0.tar.gz
qdrant> Fetching https://static.crates.io/crates/group/0.13.0/download -> tarballs/group-0.13.0.tar.gz
qdrant> Fetching https://static.crates.io/crates/foyer-common/0.22.3/download -> tarballs/foyer-common-0.22.3.tar.gz
qdrant> Fetching https://static.crates.io/crates/jni-sys/0.3.0/download -> tarballs/jni-sys-0.3.0.tar.gz
qdrant> Fetching https://static.crates.io/crates/h2/0.3.27/download -> tarballs/h2-0.3.27.tar.gz
qdrant> Fetching https://static.crates.io/crates/bs58/0.5.1/download -> tarballs/bs58-0.5.1.tar.gz
qdrant> Fetching https://static.crates.io/crates/foyer-intrusive-collections/0.10.0-dev/download -> tarballs/foyer-intrusive-collections-0.10.0-dev.tar.gz
qdrant> Fetching https://static.crates.io/crates/h2/0.4.13/download -> tarballs/h2-0.4.13.tar.gz
qdrant> Fetching https://static.crates.io/crates/mio/1.2.0/download -> tarballs/mio-1.2.0.tar.gz
qdrant> Fetching https://static.crates.io/crates/foyer-memory/0.22.3/download -> tarballs/foyer-memory-0.22.3.tar.gz
qdrant> Fetching https://static.crates.io/crates/half/1.8.3/download -> tarballs/half-1.8.3.tar.gz
qdrant> Fetching https://static.crates.io/crates/foyer-storage/0.22.3/download -> tarballs/foyer-storage-0.22.3.tar.gz
qdrant> Fetching https://static.crates.io/crates/i_shape/1.18.0/download -> tarballs/i_shape-1.18.0.tar.gz
qdrant> Fetching https://static.crates.io/crates/half/2.7.1/download -> tarballs/half-2.7.1.tar.gz
qdrant> Fetching https://static.crates.io/crates/jobserver/0.1.34/download -> tarballs/jobserver-0.1.34.tar.gz
qdrant> Fetching https://static.crates.io/crates/foyer-tokio/0.22.3/download -> tarballs/foyer-tokio-0.22.3.tar.gz
qdrant> Fetching https://static.crates.io/crates/i_tree/0.18.0/download -> tarballs/i_tree-0.18.0.tar.gz
qdrant> Fetching https://static.crates.io/crates/hash32/0.3.1/download -> tarballs/hash32-0.3.1.tar.gz
anime-game-launcher>    Compiling percent-encoding v2.3.2
anime-game-launcher>    Compiling subtle v2.6.1
qdrant> Fetching https://static.crates.io/crates/framehop/0.13.3/download -> tarballs/framehop-0.13.3.tar.gz
qdrant> Fetching https://static.crates.io/crates/js-sys/0.3.91/download -> tarballs/js-sys-0.3.91.tar.gz
qdrant> Fetching https://static.crates.io/crates/iana-time-zone/0.1.65/download -> tarballs/iana-time-zone-0.1.65.tar.gz
qdrant> Fetching https://static.crates.io/crates/hashbrown/0.12.3/download -> tarballs/hashbrown-0.12.3.tar.gz
qdrant> Fetching https://static.crates.io/crates/fs-err/3.3.0/download -> tarballs/fs-err-3.3.0.tar.gz
qdrant> Fetching https://static.crates.io/crates/mixtrics/0.2.3/download -> tarballs/mixtrics-0.2.3.tar.gz
qdrant> Fetching https://static.crates.io/crates/hashbrown/0.13.2/download -> tarballs/hashbrown-0.13.2.tar.gz
qdrant> Fetching https://static.crates.io/crates/iana-time-zone-haiku/0.1.2/download -> tarballs/iana-time-zone-haiku-0.1.2.tar.gz
qdrant> Fetching https://static.crates.io/crates/jsonwebtoken/10.4.0/download -> tarballs/jsonwebtoken-10.4.0.tar.gz
qdrant> Fetching https://static.crates.io/crates/fs4/0.13.1/download -> tarballs/fs4-0.13.1.tar.gz
qdrant> Fetching https://static.crates.io/crates/hashbrown/0.14.5/download -> tarballs/hashbrown-0.14.5.tar.gz
qdrant> Fetching https://static.crates.io/crates/icu_collections/2.1.1/download -> tarballs/icu_collections-2.1.1.tar.gz
qdrant> Fetching https://static.crates.io/crates/mockito/1.7.2/download -> tarballs/mockito-1.7.2.tar.gz
qdrant> Fetching https://static.crates.io/crates/language-tags/0.3.2/download -> tarballs/language-tags-0.3.2.tar.gz
qdrant> Fetching https://static.crates.io/crates/fs4/1.1.0/download -> tarballs/fs4-1.1.0.tar.gz
qdrant> Fetching https://static.crates.io/crates/hashbrown/0.15.5/download -> tarballs/hashbrown-0.15.5.tar.gz
qdrant> Fetching https://static.crates.io/crates/icu_locale_core/2.1.1/download -> tarballs/icu_locale_core-2.1.1.tar.gz
qdrant> Fetching https://static.crates.io/crates/lazy_static/1.5.0/download -> tarballs/lazy_static-1.5.0.tar.gz
qdrant> Fetching https://static.crates.io/crates/multimap/0.8.3/download -> tarballs/multimap-0.8.3.tar.gz
qdrant> Fetching https://static.crates.io/crates/fs_extra/1.3.0/download -> tarballs/fs_extra-1.3.0.tar.gz
qdrant> Fetching https://static.crates.io/crates/hashbrown/0.16.1/download -> tarballs/hashbrown-0.16.1.tar.gz
qdrant> Fetching https://static.crates.io/crates/multimap/0.10.1/download -> tarballs/multimap-0.10.1.tar.gz
qdrant> Fetching https://static.crates.io/crates/leb128fmt/0.1.0/download -> tarballs/leb128fmt-0.1.0.tar.gz
qdrant> Fetching https://static.crates.io/crates/fsio/0.1.3/download -> tarballs/fsio-0.1.3.tar.gz
noctalia> [75/825] Compiling C++ object libluau.a.p/third_party_luau_Ast_src_Confusables.cpp.o
noctalia> [76/825] Compiling C++ object libmaterial_color_utilities.a.p/third_party_material_color_utilities_cpp_utils_utils.cc.o
qdrant> Fetching https://static.crates.io/crates/hashbrown/0.17.0/download -> tarballs/hashbrown-0.17.0.tar.gz
qdrant> Fetching https://static.crates.io/crates/icu_normalizer/2.1.1/download -> tarballs/icu_normalizer-2.1.1.tar.gz
qdrant> Fetching https://static.crates.io/crates/libc/0.2.186/download -> tarballs/libc-0.2.186.tar.gz
qdrant> Fetching https://static.crates.io/crates/names/0.14.0/download -> tarballs/names-0.14.0.tar.gz
qdrant> Fetching https://static.crates.io/crates/hashlink/0.11.0/download -> tarballs/hashlink-0.11.0.tar.gz
qdrant> Fetching https://static.crates.io/crates/icu_normalizer_data/2.1.1/download -> tarballs/icu_normalizer_data-2.1.1.tar.gz
qdrant> Fetching https://static.crates.io/crates/ndarray/0.17.2/download -> tarballs/ndarray-0.17.2.tar.gz
qdrant> Fetching https://static.crates.io/crates/hashring/0.3.6/download -> tarballs/hashring-0.3.6.tar.gz
qdrant> Fetching https://static.crates.io/crates/icu_properties/2.1.2/download -> tarballs/icu_properties-2.1.2.tar.gz
qdrant> Fetching https://static.crates.io/crates/fst/0.4.7/download -> tarballs/fst-0.4.7.tar.gz
qdrant> Fetching https://static.crates.io/crates/ndarray-npy/0.10.0/download -> tarballs/ndarray-npy-0.10.0.tar.gz
qdrant> Fetching https://static.crates.io/crates/hdrhistogram/7.5.4/download -> tarballs/hdrhistogram-7.5.4.tar.gz
qdrant> Fetching https://static.crates.io/crates/libflate/2.3.0/download -> tarballs/libflate-2.3.0.tar.gz
qdrant> Fetching https://static.crates.io/crates/icu_properties_data/2.1.2/download -> tarballs/icu_properties_data-2.1.2.tar.gz
anime-game-launcher>    Compiling syn v2.0.117
qdrant> Fetching https://static.crates.io/crates/nias/0.5.0/download -> tarballs/nias-0.5.0.tar.gz
qdrant> Fetching https://static.crates.io/crates/libflate_lz77/2.3.0/download -> tarballs/libflate_lz77-2.3.0.tar.gz
qdrant> Fetching https://static.crates.io/crates/heapless/0.8.0/download -> tarballs/heapless-0.8.0.tar.gz
qdrant> Fetching https://static.crates.io/crates/icu_provider/2.1.1/download -> tarballs/icu_provider-2.1.1.tar.gz
qdrant> Fetching https://static.crates.io/crates/funty/2.0.0/download -> tarballs/funty-2.0.0.tar.gz
qdrant> Fetching https://static.crates.io/crates/nix/0.25.1/download -> tarballs/nix-0.25.1.tar.gz
qdrant> Fetching https://static.crates.io/crates/libloading/0.8.9/download -> tarballs/libloading-0.8.9.tar.gz
qdrant> Fetching https://static.crates.io/crates/heck/0.4.1/download -> tarballs/heck-0.4.1.tar.gz
qdrant> Fetching https://static.crates.io/crates/id-arena/2.3.0/download -> tarballs/id-arena-2.3.0.tar.gz
qdrant> Fetching https://static.crates.io/crates/futures/0.3.32/download -> tarballs/futures-0.3.32.tar.gz
qdrant> Fetching https://static.crates.io/crates/nix/0.26.4/download -> tarballs/nix-0.26.4.tar.gz
qdrant> Fetching https://static.crates.io/crates/libm/0.2.16/download -> tarballs/libm-0.2.16.tar.gz
qdrant> Fetching https://static.crates.io/crates/heck/0.5.0/download -> tarballs/heck-0.5.0.tar.gz
qdrant> Fetching https://static.crates.io/crates/ident_case/1.0.1/download -> tarballs/ident_case-1.0.1.tar.gz
qdrant> Fetching https://static.crates.io/crates/futures-channel/0.3.32/download -> tarballs/futures-channel-0.3.32.tar.gz
linux-cachyos-latest-x86_64-v3> #
linux-cachyos-latest-x86_64-v3> # configuration written to .config
linux-cachyos-latest-x86_64-v3> #
anime-game-launcher>    Compiling system-deps v7.0.8
qdrant> Fetching https://static.crates.io/crates/nix/0.31.3/download -> tarballs/nix-0.31.3.tar.gz
qdrant> Fetching https://static.crates.io/crates/hermit-abi/0.5.2/download -> tarballs/hermit-abi-0.5.2.tar.gz
qdrant> Fetching https://static.crates.io/crates/libredox/0.1.14/download -> tarballs/libredox-0.1.14.tar.gz
qdrant> Fetching https://static.crates.io/crates/idna/1.1.0/download -> tarballs/idna-1.1.0.tar.gz
qdrant> Fetching https://static.crates.io/crates/futures-core/0.3.32/download -> tarballs/futures-core-0.3.32.tar.gz
qdrant> Fetching https://static.crates.io/crates/hex/0.4.3/download -> tarballs/hex-0.4.3.tar.gz
qdrant> Fetching https://static.crates.io/crates/link-cplusplus/1.0.12/download -> tarballs/link-cplusplus-1.0.12.tar.gz
qdrant> Fetching https://static.crates.io/crates/no_std_io2/0.9.3/download -> tarballs/no_std_io2-0.9.3.tar.gz
anime-game-launcher>    Compiling jobserver v0.1.34
qdrant> Fetching https://static.crates.io/crates/futures-executor/0.3.32/download -> tarballs/futures-executor-0.3.32.tar.gz
qdrant> Fetching https://static.crates.io/crates/hkdf/0.12.4/download -> tarballs/hkdf-0.12.4.tar.gz
qdrant> Fetching https://static.crates.io/crates/idna_adapter/1.2.1/download -> tarballs/idna_adapter-1.2.1.tar.gz
qdrant> Fetching https://static.crates.io/crates/linux-raw-sys/0.4.15/download -> tarballs/linux-raw-sys-0.4.15.tar.gz
qdrant> Fetching https://static.crates.io/crates/nodrop/0.1.14/download -> tarballs/nodrop-0.1.14.tar.gz
qdrant> Fetching https://static.crates.io/crates/futures-io/0.3.32/download -> tarballs/futures-io-0.3.32.tar.gz
qdrant> Fetching https://static.crates.io/crates/impl-more/0.1.9/download -> tarballs/impl-more-0.1.9.tar.gz
noctalia> [77/825] Compiling C++ object libmaterial_color_utilities.a.p/third_party_material_color_utilities_cpp_score_score.cc.o
qdrant> Fetching https://static.crates.io/crates/nom/7.1.3/download -> tarballs/nom-7.1.3.tar.gz
qdrant> Fetching https://static.crates.io/crates/futures-lite/2.6.1/download -> tarballs/futures-lite-2.6.1.tar.gz
qdrant> Fetching https://static.crates.io/crates/hmac/0.12.1/download -> tarballs/hmac-0.12.1.tar.gz
qdrant> Fetching https://static.crates.io/crates/include-flate/0.3.3/download -> tarballs/include-flate-0.3.3.tar.gz
qdrant> Fetching https://static.crates.io/crates/nom/8.0.0/download -> tarballs/nom-8.0.0.tar.gz
qdrant> Fetching https://static.crates.io/crates/futures-macro/0.3.32/download -> tarballs/futures-macro-0.3.32.tar.gz
qdrant> Fetching https://static.crates.io/crates/home/0.5.12/download -> tarballs/home-0.5.12.tar.gz
qdrant> Fetching https://static.crates.io/crates/include-flate-codegen/0.3.3/download -> tarballs/include-flate-codegen-0.3.3.tar.gz
anime-game-launcher>    Compiling proc-macro-hack v0.5.20+deprecated
qdrant> Fetching https://static.crates.io/crates/ntapi/0.4.3/download -> tarballs/ntapi-0.4.3.tar.gz
qdrant> Fetching https://static.crates.io/crates/linux-raw-sys/0.12.1/download -> tarballs/linux-raw-sys-0.12.1.tar.gz
qdrant> Fetching https://static.crates.io/crates/futures-sink/0.3.32/download -> tarballs/futures-sink-0.3.32.tar.gz
qdrant> Fetching https://static.crates.io/crates/http/0.2.12/download -> tarballs/http-0.2.12.tar.gz
qdrant> Fetching https://static.crates.io/crates/include-flate-compress/0.3.3/download -> tarballs/include-flate-compress-0.3.3.tar.gz
qdrant> Fetching https://static.crates.io/crates/nu-ansi-term/0.50.3/download -> tarballs/nu-ansi-term-0.50.3.tar.gz
noctalia> [75/825] Compiling C++ object libluau.a.p/third_party_luau_Ast_src_Confusables.cpp.o
qdrant> Fetching https://static.crates.io/crates/futures-task/0.3.32/download -> tarballs/futures-task-0.3.32.tar.gz
qdrant> Fetching https://static.crates.io/crates/http/1.4.0/download -> tarballs/http-1.4.0.tar.gz
qdrant> Fetching https://static.crates.io/crates/indexmap/1.9.3/download -> tarballs/indexmap-1.9.3.tar.gz
qdrant> Fetching https://static.crates.io/crates/num/0.4.3/download -> tarballs/num-0.4.3.tar.gz
qdrant> Fetching https://static.crates.io/crates/futures-util/0.3.32/download -> tarballs/futures-util-0.3.32.tar.gz
qdrant> Fetching https://static.crates.io/crates/http-body/0.4.6/download -> tarballs/http-body-0.4.6.tar.gz
qdrant> Fetching https://static.crates.io/crates/indexmap/2.14.0/download -> tarballs/indexmap-2.14.0.tar.gz
qdrant> Fetching https://static.crates.io/crates/num-bigint/0.4.6/download -> tarballs/num-bigint-0.4.6.tar.gz
noctalia> [78/825] Compiling C++ object libluau.a.p/third_party_luau_Common_src_StringUtils.cpp.o
anime-game-launcher>    Compiling proc-macro-crate v3.5.0
qdrant> Fetching https://static.crates.io/crates/http-body/1.0.1/download -> tarballs/http-body-1.0.1.tar.gz
qdrant> Fetching https://static.crates.io/crates/fxhash/0.2.1/download -> tarballs/fxhash-0.2.1.tar.gz
qdrant> Fetching https://static.crates.io/crates/indicatif/0.18.4/download -> tarballs/indicatif-0.18.4.tar.gz
qdrant> Fetching https://static.crates.io/crates/litemap/0.8.1/download -> tarballs/litemap-0.8.1.tar.gz
qdrant> Fetching https://static.crates.io/crates/num-bigint-dig/0.8.6/download -> tarballs/num-bigint-dig-0.8.6.tar.gz
qdrant> Fetching https://static.crates.io/crates/http-body-util/0.1.3/download -> tarballs/http-body-util-0.1.3.tar.gz
qdrant> Fetching https://static.crates.io/crates/generator/0.8.8/download -> tarballs/generator-0.8.8.tar.gz
qdrant> Fetching https://static.crates.io/crates/inferno/0.11.21/download -> tarballs/inferno-0.11.21.tar.gz
qdrant> Fetching https://static.crates.io/crates/local-channel/0.1.5/download -> tarballs/local-channel-0.1.5.tar.gz
anime-game-launcher>    Compiling aho-corasick v1.1.4
qdrant> Fetching https://static.crates.io/crates/num-cmp/0.1.0/download -> tarballs/num-cmp-0.1.0.tar.gz
qdrant> Fetching https://static.crates.io/crates/http-range/0.1.5/download -> tarballs/http-range-0.1.5.tar.gz
qdrant> Fetching https://static.crates.io/crates/local-waker/0.1.4/download -> tarballs/local-waker-0.1.4.tar.gz
qdrant> Fetching https://static.crates.io/crates/generic-array/0.14.9/download -> tarballs/generic-array-0.14.9.tar.gz
qdrant> Fetching https://static.crates.io/crates/integer-encoding/4.1.0/download -> tarballs/integer-encoding-4.1.0.tar.gz
qdrant> Fetching https://static.crates.io/crates/http-serde/2.1.1/download -> tarballs/http-serde-2.1.1.tar.gz
qdrant> Fetching https://static.crates.io/crates/num-complex/0.4.6/download -> tarballs/num-complex-0.4.6.tar.gz
qdrant> Fetching https://static.crates.io/crates/generic-tests/0.1.3/download -> tarballs/generic-tests-0.1.3.tar.gz
qdrant> Fetching https://static.crates.io/crates/inventory/0.3.22/download -> tarballs/inventory-0.3.22.tar.gz
anime-game-launcher>    Compiling rustix v1.1.4
qdrant> Fetching https://static.crates.io/crates/lock_api/0.4.14/download -> tarballs/lock_api-0.4.14.tar.gz
qdrant> Fetching https://static.crates.io/crates/httparse/1.10.1/download -> tarballs/httparse-1.10.1.tar.gz
qdrant> Fetching https://static.crates.io/crates/num-conv/0.2.0/download -> tarballs/num-conv-0.2.0.tar.gz
qdrant> Fetching https://static.crates.io/crates/geo/0.33.1/download -> tarballs/geo-0.33.1.tar.gz
qdrant> Fetching https://static.crates.io/crates/io-uring/0.7.12/download -> tarballs/io-uring-0.7.12.tar.gz
qdrant> Fetching https://static.crates.io/crates/log/0.4.29/download -> tarballs/log-0.4.29.tar.gz
qdrant> Fetching https://static.crates.io/crates/num-derive/0.4.2/download -> tarballs/num-derive-0.4.2.tar.gz
qdrant> Fetching https://static.crates.io/crates/httpdate/1.0.3/download -> tarballs/httpdate-1.0.3.tar.gz
qdrant> Fetching https://static.crates.io/crates/loom/0.7.2/download -> tarballs/loom-0.7.2.tar.gz
qdrant> Fetching https://static.crates.io/crates/geo-types/0.7.19/download -> tarballs/geo-types-0.7.19.tar.gz
qdrant> Fetching https://static.crates.io/crates/num-format/0.4.4/download -> tarballs/num-format-0.4.4.tar.gz
qdrant> Fetching https://static.crates.io/crates/humantime/2.3.0/download -> tarballs/humantime-2.3.0.tar.gz
qdrant> Fetching https://static.crates.io/crates/ipnet/2.12.0/download -> tarballs/ipnet-2.12.0.tar.gz
qdrant> Fetching https://static.crates.io/crates/lru-slab/0.1.2/download -> tarballs/lru-slab-0.1.2.tar.gz
qdrant> Fetching https://static.crates.io/crates/geographiclib-rs/0.2.7/download -> tarballs/geographiclib-rs-0.2.7.tar.gz
qdrant> Fetching https://static.crates.io/crates/hybrid-array/0.4.9/download -> tarballs/hybrid-array-0.4.9.tar.gz
noctalia> [79/825] Compiling C++ object libluau.a.p/third_party_luau_Ast_src_Allocator.cpp.o
qdrant> Fetching https://static.crates.io/crates/irg-kvariants/0.1.1/download -> tarballs/irg-kvariants-0.1.1.tar.gz
qdrant> Fetching https://static.crates.io/crates/lz4/1.28.1/download -> tarballs/lz4-1.28.1.tar.gz
noctalia> [76/825] Compiling C++ object libmaterial_color_utilities.a.p/third_party_material_color_utilities_cpp_score_score.cc.o
qdrant> Fetching https://static.crates.io/crates/geohash/0.13.1/download -> tarballs/geohash-0.13.1.tar.gz
qdrant> Fetching https://static.crates.io/crates/hyper/1.8.1/download -> tarballs/hyper-1.8.1.tar.gz
qdrant> Fetching https://static.crates.io/crates/num-integer/0.1.46/download -> tarballs/num-integer-0.1.46.tar.gz
qdrant> Fetching https://static.crates.io/crates/lz4-sys/1.11.1+lz4-1.10.0/download -> tarballs/lz4-sys-1.11.1+lz4-1.10.0.tar.gz
qdrant> Fetching https://static.crates.io/crates/iri-string/0.7.10/download -> tarballs/iri-string-0.7.10.tar.gz
qdrant> Fetching https://static.crates.io/crates/hyper-rustls/0.27.7/download -> tarballs/hyper-rustls-0.27.7.tar.gz
qdrant> Fetching https://static.crates.io/crates/num-iter/0.1.45/download -> tarballs/num-iter-0.1.45.tar.gz
qdrant> Fetching https://static.crates.io/crates/getopts/0.2.24/download -> tarballs/getopts-0.2.24.tar.gz
noctalia> [80/825] Compiling C++ object libmaterial_color_utilities.a.p/third_party_material_color_utilities_cpp_temperature_temperature_cache.cc.o
anime-game-launcher>    Compiling anyhow v1.0.102
qdrant> Fetching https://static.crates.io/crates/is-terminal/0.4.17/download -> tarballs/is-terminal-0.4.17.tar.gz
qdrant> Fetching https://static.crates.io/crates/lz4_flex/0.13.1/download -> tarballs/lz4_flex-0.13.1.tar.gz
qdrant> Fetching https://static.crates.io/crates/hyper-timeout/0.4.1/download -> tarballs/hyper-timeout-0.4.1.tar.gz
qdrant> Fetching https://static.crates.io/crates/num-rational/0.4.2/download -> tarballs/num-rational-0.4.2.tar.gz
qdrant> Fetching https://static.crates.io/crates/getrandom/0.1.16/download -> tarballs/getrandom-0.1.16.tar.gz
qdrant> Fetching https://static.crates.io/crates/is_ci/1.2.0/download -> tarballs/is_ci-1.2.0.tar.gz
qdrant> Fetching https://static.crates.io/crates/hyper-timeout/0.5.2/download -> tarballs/hyper-timeout-0.5.2.tar.gz
qdrant> Fetching https://static.crates.io/crates/macho-unwind-info/0.5.0/download -> tarballs/macho-unwind-info-0.5.0.tar.gz
qdrant> Fetching https://static.crates.io/crates/num-traits/0.2.19/download -> tarballs/num-traits-0.2.19.tar.gz
qdrant> Fetching https://static.crates.io/crates/getrandom/0.2.17/download -> tarballs/getrandom-0.2.17.tar.gz
anime-game-launcher>    Compiling cc v1.2.60
qdrant> Fetching https://static.crates.io/crates/is_terminal_polyfill/1.70.2/download -> tarballs/is_terminal_polyfill-1.70.2.tar.gz
qdrant> Fetching https://static.crates.io/crates/macro_rules_attribute/0.2.2/download -> tarballs/macro_rules_attribute-0.2.2.tar.gz
qdrant> Fetching https://static.crates.io/crates/num_cpus/1.17.0/download -> tarballs/num_cpus-1.17.0.tar.gz
qdrant> Fetching https://static.crates.io/crates/getrandom/0.3.4/download -> tarballs/getrandom-0.3.4.tar.gz
qdrant> Fetching https://static.crates.io/crates/hyper-util/0.1.20/download -> tarballs/hyper-util-0.1.20.tar.gz
qdrant> Fetching https://static.crates.io/crates/itertools/0.10.5/download -> tarballs/itertools-0.10.5.tar.gz
qdrant> Fetching https://static.crates.io/crates/num_threads/0.1.7/download -> tarballs/num_threads-0.1.7.tar.gz
qdrant> Fetching https://static.crates.io/crates/macro_rules_attribute-proc_macro/0.2.2/download -> tarballs/macro_rules_attribute-proc_macro-0.2.2.tar.gz
qdrant> Fetching https://static.crates.io/crates/i_float/1.16.0/download -> tarballs/i_float-1.16.0.tar.gz
noctalia> [81/825] Compiling C++ object libluau.a.p/third_party_luau_Common_src_TimeTrace.cpp.o
qdrant> Fetching https://static.crates.io/crates/getrandom/0.4.2/download -> tarballs/getrandom-0.4.2.tar.gz
qdrant> Fetching https://static.crates.io/crates/itertools/0.12.1/download -> tarballs/itertools-0.12.1.tar.gz
qdrant> Fetching https://static.crates.io/crates/objc2-core-foundation/0.3.2/download -> tarballs/objc2-core-foundation-0.3.2.tar.gz
qdrant> Fetching https://static.crates.io/crates/mappings/0.7.2/download -> tarballs/mappings-0.7.2.tar.gz
qdrant> Fetching https://static.crates.io/crates/i_key_sort/0.10.1/download -> tarballs/i_key_sort-0.10.1.tar.gz
qdrant> Fetching https://static.crates.io/crates/getset/0.1.6/download -> tarballs/getset-0.1.6.tar.gz
qdrant> Fetching https://static.crates.io/crates/itertools/0.13.0/download -> tarballs/itertools-0.13.0.tar.gz
qdrant> Fetching https://static.crates.io/crates/objc2-io-kit/0.3.2/download -> tarballs/objc2-io-kit-0.3.2.tar.gz
noctalia> [82/825] Compiling C++ object libluau.a.p/third_party_luau_Ast_src_Cst.cpp.o
qdrant> Fetching https://static.crates.io/crates/matchers/0.2.0/download -> tarballs/matchers-0.2.0.tar.gz
qdrant> Fetching https://static.crates.io/crates/gimli/0.31.1/download -> tarballs/gimli-0.31.1.tar.gz
qdrant> Fetching https://static.crates.io/crates/object/0.29.0/download -> tarballs/object-0.29.0.tar.gz
qdrant> Fetching https://static.crates.io/crates/matchit/0.7.3/download -> tarballs/matchit-0.7.3.tar.gz
qdrant> Fetching https://static.crates.io/crates/gimli/0.32.3/download -> tarballs/gimli-0.32.3.tar.gz
qdrant> Fetching https://static.crates.io/crates/object/0.37.3/download -> tarballs/object-0.37.3.tar.gz
qdrant> Fetching https://static.crates.io/crates/matchit/0.8.4/download -> tarballs/matchit-0.8.4.tar.gz
qdrant> Fetching https://static.crates.io/crates/glob/0.3.3/download -> tarballs/glob-0.3.3.tar.gz
qdrant> Fetching https://static.crates.io/crates/matrixmultiply/0.3.10/download -> tarballs/matrixmultiply-0.3.10.tar.gz
qdrant> Fetching https://static.crates.io/crates/object_store/0.13.2/download -> tarballs/object_store-0.13.2.tar.gz
qdrant> Fetching https://static.crates.io/crates/md-5/0.10.6/download -> tarballs/md-5-0.10.6.tar.gz
qdrant> Fetching https://static.crates.io/crates/once_cell/1.21.4/download -> tarballs/once_cell-1.21.4.tar.gz
qdrant> Fetching https://static.crates.io/crates/p256/0.13.2/download -> tarballs/p256-0.13.2.tar.gz
qdrant> Fetching https://static.crates.io/crates/mea/0.6.3/download -> tarballs/mea-0.6.3.tar.gz
anime-game-launcher>    Compiling regex-syntax v0.8.10
anime-game-launcher>    Compiling zerocopy v0.8.48
qdrant> Fetching https://static.crates.io/crates/pprof_util/0.8.2/download -> tarballs/pprof_util-0.8.2.tar.gz
qdrant> Fetching https://static.crates.io/crates/once_cell_polyfill/1.70.2/download -> tarballs/once_cell_polyfill-1.70.2.tar.gz
qdrant> Fetching https://static.crates.io/crates/itertools/0.14.0/download -> tarballs/itertools-0.14.0.tar.gz
qdrant> Fetching https://static.crates.io/crates/memchr/2.8.0/download -> tarballs/memchr-2.8.0.tar.gz
qdrant> Fetching https://static.crates.io/crates/itoa/1.0.17/download -> tarballs/itoa-1.0.17.tar.gz
noctalia> [77/825] Compiling C++ object libluau.a.p/third_party_luau_Common_src_StringUtils.cpp.o
qdrant> Fetching https://static.crates.io/crates/oorandom/11.1.5/download -> tarballs/oorandom-11.1.5.tar.gz
qdrant> Fetching https://static.crates.io/crates/memmap2/0.5.10/download -> tarballs/memmap2-0.5.10.tar.gz
qdrant> Fetching https://static.crates.io/crates/jemalloc_pprof/0.8.2/download -> tarballs/jemalloc_pprof-0.8.2.tar.gz
qdrant> Fetching https://static.crates.io/crates/openssl-probe/0.2.1/download -> tarballs/openssl-probe-0.2.1.tar.gz
qdrant> Fetching https://static.crates.io/crates/memmap2/0.9.10/download -> tarballs/memmap2-0.9.10.tar.gz
noctalia> [78/825] Compiling C++ object libmaterial_color_utilities.a.p/third_party_material_color_utilities_cpp_temperature_temperature_cache.cc.o
qdrant> Fetching https://static.crates.io/crates/jieba-macros/0.8.1/download -> tarballs/jieba-macros-0.8.1.tar.gz
qdrant> Fetching https://static.crates.io/crates/ppv-lite86/0.2.21/download -> tarballs/ppv-lite86-0.2.21.tar.gz
qdrant> Fetching https://static.crates.io/crates/ordered-float/2.10.1/download -> tarballs/ordered-float-2.10.1.tar.gz
qdrant> Fetching https://static.crates.io/crates/p384/0.13.1/download -> tarballs/p384-0.13.1.tar.gz
qdrant> Fetching https://static.crates.io/crates/memoffset/0.9.1/download -> tarballs/memoffset-0.9.1.tar.gz
qdrant> Fetching https://static.crates.io/crates/jieba-rs/0.8.1/download -> tarballs/jieba-rs-0.8.1.tar.gz
qdrant> Fetching https://static.crates.io/crates/presser/0.3.1/download -> tarballs/presser-0.3.1.tar.gz
qdrant> Fetching https://static.crates.io/crates/mime/0.3.17/download -> tarballs/mime-0.3.17.tar.gz
qdrant> Fetching https://static.crates.io/crates/page_size/0.6.0/download -> tarballs/page_size-0.6.0.tar.gz
anime-game-launcher>    Compiling form_urlencoded v1.2.2
qdrant> Fetching https://static.crates.io/crates/ordered-float/5.3.0/download -> tarballs/ordered-float-5.3.0.tar.gz
qdrant> Fetching https://static.crates.io/crates/prettyplease/0.1.25/download -> tarballs/prettyplease-0.1.25.tar.gz
qdrant> Fetching https://static.crates.io/crates/mime_guess/2.0.5/download -> tarballs/mime_guess-2.0.5.tar.gz
qdrant> Fetching https://static.crates.io/crates/parking/2.2.1/download -> tarballs/parking-2.2.1.tar.gz
qdrant> Fetching https://static.crates.io/crates/ordered-stream/0.2.0/download -> tarballs/ordered-stream-0.2.0.tar.gz
qdrant> Fetching https://static.crates.io/crates/prettyplease/0.2.37/download -> tarballs/prettyplease-0.2.37.tar.gz
noctalia> [79/825] Compiling C++ object libmaterial_color_utilities.a.p/third_party_material_color_utilities_cpp_utils_utils.cc.o
qdrant> Fetching https://static.crates.io/crates/minimal-lexical/0.2.1/download -> tarballs/minimal-lexical-0.2.1.tar.gz
qdrant> Fetching https://static.crates.io/crates/parking_lot/0.12.5/download -> tarballs/parking_lot-0.12.5.tar.gz
qdrant> Fetching https://static.crates.io/crates/quick_cache/0.6.22/download -> tarballs/quick_cache-0.6.22.tar.gz
qdrant> Fetching https://static.crates.io/crates/primeorder/0.13.6/download -> tarballs/primeorder-0.13.6.tar.gz
qdrant> Fetching https://static.crates.io/crates/miniz_oxide/0.8.9/download -> tarballs/miniz_oxide-0.8.9.tar.gz
qdrant> Fetching https://static.crates.io/crates/parking_lot_core/0.9.12/download -> tarballs/parking_lot_core-0.9.12.tar.gz
anime-game-launcher>    Compiling http v1.4.0
anime-game-launcher>    Compiling getrandom v0.4.2
qdrant> Fetching https://static.crates.io/crates/proc-macro-crate/3.4.0/download -> tarballs/proc-macro-crate-3.4.0.tar.gz
qdrant> Fetching https://static.crates.io/crates/rmp-serde/1.3.1/download -> tarballs/rmp-serde-1.3.1.tar.gz
qdrant> Fetching https://static.crates.io/crates/parse-size/1.1.0/download -> tarballs/parse-size-1.1.0.tar.gz
qdrant> Fetching https://static.crates.io/crates/jiff/0.2.22/download -> tarballs/jiff-0.2.22.tar.gz
qdrant> Fetching https://static.crates.io/crates/proc-macro-error-attr2/2.0.0/download -> tarballs/proc-macro-error-attr2-2.0.0.tar.gz
qdrant> Fetching https://static.crates.io/crates/paste/1.0.15/download -> tarballs/paste-1.0.15.tar.gz
qdrant> Fetching https://static.crates.io/crates/proc-macro-error2/2.0.1/download -> tarballs/proc-macro-error2-2.0.1.tar.gz
qdrant> Fetching https://static.crates.io/crates/jiff-static/0.2.22/download -> tarballs/jiff-static-0.2.22.tar.gz
qdrant> Fetching https://static.crates.io/crates/path_facts/0.2.1/download -> tarballs/path_facts-0.2.1.tar.gz
qdrant> Fetching https://static.crates.io/crates/proc-macro2/1.0.106/download -> tarballs/proc-macro2-1.0.106.tar.gz
qdrant> Fetching https://static.crates.io/crates/quickcheck/1.1.0/download -> tarballs/quickcheck-1.1.0.tar.gz
qdrant> Fetching https://static.crates.io/crates/jni/0.21.1/download -> tarballs/jni-0.21.1.tar.gz
wavey-launcher>    Compiling gtk4 v0.8.2
qdrant> Fetching https://static.crates.io/crates/pathdiff/0.2.3/download -> tarballs/pathdiff-0.2.3.tar.gz
qdrant> Fetching https://static.crates.io/crates/proc-macro2-diagnostics/0.10.1/download -> tarballs/proc-macro2-diagnostics-0.10.1.tar.gz
qdrant> Fetching https://static.crates.io/crates/quinn/0.11.9/download -> tarballs/quinn-0.11.9.tar.gz
qdrant> Fetching https://static.crates.io/crates/roaring/0.11.4/download -> tarballs/roaring-0.11.4.tar.gz
qdrant> Fetching https://static.crates.io/crates/pe-unwind-info/0.4.0/download -> tarballs/pe-unwind-info-0.4.0.tar.gz
qdrant> Fetching https://static.crates.io/crates/procfs/0.18.0/download -> tarballs/procfs-0.18.0.tar.gz
qdrant> Fetching https://static.crates.io/crates/security-framework-sys/2.17.0/download -> tarballs/security-framework-sys-2.17.0.tar.gz
qdrant> Fetching https://static.crates.io/crates/quinn-proto/0.11.13/download -> tarballs/quinn-proto-0.11.13.tar.gz
qdrant> Fetching https://static.crates.io/crates/pem/3.0.6/download -> tarballs/pem-3.0.6.tar.gz
noctalia> [80/825] Compiling C++ object libluau.a.p/third_party_luau_Ast_src_Allocator.cpp.o
anime-game-launcher>    Compiling glib-sys v0.20.10
qdrant> Fetching https://static.crates.io/crates/procfs-core/0.18.0/download -> tarballs/procfs-core-0.18.0.tar.gz
qdrant> Fetching https://static.crates.io/crates/robust/1.2.0/download -> tarballs/robust-1.2.0.tar.gz
qdrant> Fetching https://static.crates.io/crates/pem-rfc7468/0.7.0/download -> tarballs/pem-rfc7468-0.7.0.tar.gz
qdrant> Fetching https://static.crates.io/crates/quinn-udp/0.5.14/download -> tarballs/quinn-udp-0.5.14.tar.gz
qdrant> Fetching https://static.crates.io/crates/prometheus/0.14.0/download -> tarballs/prometheus-0.14.0.tar.gz
qdrant> Fetching https://static.crates.io/crates/percent-encoding/2.3.2/download -> tarballs/percent-encoding-2.3.2.tar.gz
qdrant> Fetching https://static.crates.io/crates/roxmltree/0.20.0/download -> tarballs/roxmltree-0.20.0.tar.gz
qdrant> Fetching https://static.crates.io/crates/quote/1.0.45/download -> tarballs/quote-1.0.45.tar.gz
qdrant> Fetching https://static.crates.io/crates/proptest/1.11.0/download -> tarballs/proptest-1.11.0.tar.gz
qdrant> Fetching https://static.crates.io/crates/permutation_iterator/0.1.2/download -> tarballs/permutation_iterator-0.1.2.tar.gz
qdrant> Fetching https://static.crates.io/crates/seedable_hash/0.1.7/download -> tarballs/seedable_hash-0.1.7.tar.gz
anime-game-launcher>    Compiling gobject-sys v0.20.10
qdrant> Fetching https://static.crates.io/crates/rsa/0.9.10/download -> tarballs/rsa-0.9.10.tar.gz
qdrant> Fetching https://static.crates.io/crates/r-efi/5.3.0/download -> tarballs/r-efi-5.3.0.tar.gz
qdrant> Fetching https://static.crates.io/crates/prost/0.11.9/download -> tarballs/prost-0.11.9.tar.gz
qdrant> Fetching https://static.crates.io/crates/pest/2.8.6/download -> tarballs/pest-2.8.6.tar.gz
qdrant> Fetching https://static.crates.io/crates/rstack/0.3.3/download -> tarballs/rstack-0.3.3.tar.gz
qdrant> Fetching https://static.crates.io/crates/self_cell/1.2.2/download -> tarballs/self_cell-1.2.2.tar.gz
qdrant> Fetching https://static.crates.io/crates/r-efi/6.0.0/download -> tarballs/r-efi-6.0.0.tar.gz
qdrant> Fetching https://static.crates.io/crates/prost/0.12.6/download -> tarballs/prost-0.12.6.tar.gz
qdrant> Fetching https://static.crates.io/crates/pest_derive/2.8.6/download -> tarballs/pest_derive-2.8.6.tar.gz
qdrant> Fetching https://static.crates.io/crates/rstack-self/0.3.0/download -> tarballs/rstack-self-0.3.0.tar.gz
qdrant> Fetching https://static.crates.io/crates/semver/1.0.28/download -> tarballs/semver-1.0.28.tar.gz
qdrant> Fetching https://static.crates.io/crates/radium/0.7.0/download -> tarballs/radium-0.7.0.tar.gz
qdrant> Fetching https://static.crates.io/crates/prost/0.14.3/download -> tarballs/prost-0.14.3.tar.gz
qdrant> Fetching https://static.crates.io/crates/pest_generator/2.8.6/download -> tarballs/pest_generator-2.8.6.tar.gz
qdrant> Fetching https://static.crates.io/crates/rstar/0.12.2/download -> tarballs/rstar-0.12.2.tar.gz
qdrant> Fetching https://static.crates.io/crates/serde/1.0.228/download -> tarballs/serde-1.0.228.tar.gz
qdrant> Fetching https://static.crates.io/crates/rand/0.7.3/download -> tarballs/rand-0.7.3.tar.gz
qdrant> Fetching https://static.crates.io/crates/prost-build/0.11.9/download -> tarballs/prost-build-0.11.9.tar.gz
qdrant> Fetching https://static.crates.io/crates/pest_meta/2.8.6/download -> tarballs/pest_meta-2.8.6.tar.gz
qdrant> Fetching https://static.crates.io/crates/rstest/0.26.1/download -> tarballs/rstest-0.26.1.tar.gz
qdrant> Fetching https://static.crates.io/crates/rand/0.8.5/download -> tarballs/rand-0.8.5.tar.gz
qdrant> Fetching https://static.crates.io/crates/petgraph/0.6.5/download -> tarballs/petgraph-0.6.5.tar.gz
qdrant> Fetching https://static.crates.io/crates/serde-untagged/0.1.9/download -> tarballs/serde-untagged-0.1.9.tar.gz
qdrant> Fetching https://static.crates.io/crates/prost-build/0.12.6/download -> tarballs/prost-build-0.12.6.tar.gz
qdrant> Fetching https://static.crates.io/crates/rstest_macros/0.26.1/download -> tarballs/rstest_macros-0.26.1.tar.gz
qdrant> Fetching https://static.crates.io/crates/serde-value/0.7.0/download -> tarballs/serde-value-0.7.0.tar.gz
qdrant> Fetching https://static.crates.io/crates/rand/0.9.2/download -> tarballs/rand-0.9.2.tar.gz
qdrant> Fetching https://static.crates.io/crates/prost-derive/0.11.9/download -> tarballs/prost-derive-0.11.9.tar.gz
qdrant> Fetching https://static.crates.io/crates/rustc-demangle/0.1.27/download -> tarballs/rustc-demangle-0.1.27.tar.gz
qdrant> Fetching https://static.crates.io/crates/rand/0.10.1/download -> tarballs/rand-0.10.1.tar.gz
qdrant> Fetching https://static.crates.io/crates/ph/0.8.5/download -> tarballs/ph-0.8.5.tar.gz
qdrant> Fetching https://static.crates.io/crates/prost-derive/0.12.6/download -> tarballs/prost-derive-0.12.6.tar.gz
qdrant> Fetching https://static.crates.io/crates/serde_cbor/0.11.2/download -> tarballs/serde_cbor-0.11.2.tar.gz
qdrant> Fetching https://static.crates.io/crates/rustc-hash/2.1.1/download -> tarballs/rustc-hash-2.1.1.tar.gz
qdrant> Fetching https://static.crates.io/crates/rand_chacha/0.2.2/download -> tarballs/rand_chacha-0.2.2.tar.gz
qdrant> Fetching https://static.crates.io/crates/phf/0.13.1/download -> tarballs/phf-0.13.1.tar.gz
qdrant> Fetching https://static.crates.io/crates/prost-derive/0.14.3/download -> tarballs/prost-derive-0.14.3.tar.gz
qdrant> Fetching https://static.crates.io/crates/rustc_version/0.4.1/download -> tarballs/rustc_version-0.4.1.tar.gz
qdrant> Fetching https://static.crates.io/crates/rand_chacha/0.3.1/download -> tarballs/rand_chacha-0.3.1.tar.gz
qdrant> Fetching https://static.crates.io/crates/serde_core/1.0.228/download -> tarballs/serde_core-1.0.228.tar.gz
qdrant> Fetching https://static.crates.io/crates/phf_codegen/0.13.1/download -> tarballs/phf_codegen-0.13.1.tar.gz
qdrant> Fetching https://static.crates.io/crates/prost-types/0.11.9/download -> tarballs/prost-types-0.11.9.tar.gz
qdrant> Fetching https://static.crates.io/crates/rustix/0.38.44/download -> tarballs/rustix-0.38.44.tar.gz
qdrant> Fetching https://static.crates.io/crates/rand_chacha/0.9.0/download -> tarballs/rand_chacha-0.9.0.tar.gz
qdrant> Fetching https://static.crates.io/crates/serde_derive/1.0.228/download -> tarballs/serde_derive-1.0.228.tar.gz
qdrant> Fetching https://static.crates.io/crates/phf_generator/0.13.1/download -> tarballs/phf_generator-0.13.1.tar.gz
qdrant> Fetching https://static.crates.io/crates/prost-types/0.12.6/download -> tarballs/prost-types-0.12.6.tar.gz
qdrant> Fetching https://static.crates.io/crates/rand_core/0.5.1/download -> tarballs/rand_core-0.5.1.tar.gz
qdrant> Fetching https://static.crates.io/crates/rustix/1.1.4/download -> tarballs/rustix-1.1.4.tar.gz
qdrant> Fetching https://static.crates.io/crates/serde_derive_internals/0.29.1/download -> tarballs/serde_derive_internals-0.29.1.tar.gz
qdrant> Fetching https://static.crates.io/crates/phf_shared/0.13.1/download -> tarballs/phf_shared-0.13.1.tar.gz
qdrant> Fetching https://static.crates.io/crates/prost-types/0.14.3/download -> tarballs/prost-types-0.14.3.tar.gz
noctalia> [83/825] Compiling C++ object libluau.a.p/third_party_luau_Ast_src_Ast.cpp.o
qdrant> Fetching https://static.crates.io/crates/rustls/0.23.40/download -> tarballs/rustls-0.23.40.tar.gz
qdrant> Fetching https://static.crates.io/crates/rand_core/0.6.4/download -> tarballs/rand_core-0.6.4.tar.gz
qdrant> Fetching https://static.crates.io/crates/serde_json/1.0.149/download -> tarballs/serde_json-1.0.149.tar.gz
qdrant> Fetching https://static.crates.io/crates/pin-project/1.1.11/download -> tarballs/pin-project-1.1.11.tar.gz
qdrant> Fetching https://static.crates.io/crates/rand_core/0.9.5/download -> tarballs/rand_core-0.9.5.tar.gz
qdrant> Fetching https://static.crates.io/crates/prost-wkt/0.5.1/download -> tarballs/prost-wkt-0.5.1.tar.gz
anime-game-launcher>    Compiling getrandom v0.2.17
qdrant> Fetching https://static.crates.io/crates/rustls-native-certs/0.8.3/download -> tarballs/rustls-native-certs-0.8.3.tar.gz
qdrant> Fetching https://static.crates.io/crates/serde_plain/1.0.2/download -> tarballs/serde_plain-1.0.2.tar.gz
qdrant> Fetching https://static.crates.io/crates/pin-project-internal/1.1.11/download -> tarballs/pin-project-internal-1.1.11.tar.gz
qdrant> Fetching https://static.crates.io/crates/rand_core/0.10.0/download -> tarballs/rand_core-0.10.0.tar.gz
qdrant> Fetching https://static.crates.io/crates/prost-wkt-build/0.5.1/download -> tarballs/prost-wkt-build-0.5.1.tar.gz
qdrant> Fetching https://static.crates.io/crates/rustls-pemfile/2.2.0/download -> tarballs/rustls-pemfile-2.2.0.tar.gz
qdrant> Fetching https://static.crates.io/crates/serde_qs/0.13.0/download -> tarballs/serde_qs-0.13.0.tar.gz
qdrant> Fetching https://static.crates.io/crates/pin-project-lite/0.2.17/download -> tarballs/pin-project-lite-0.2.17.tar.gz
qdrant> Fetching https://static.crates.io/crates/rand_distr/0.6.0/download -> tarballs/rand_distr-0.6.0.tar.gz
noctalia> [84/825] Compiling C++ object libluau.a.p/third_party_luau_Ast_src_Lexer.cpp.o
noctalia> [81/825] Compiling C++ object libmaterial_color_utilities.a.p/third_party_material_color_utilities_cpp_dynamiccolor_material_dynamic_colors.cc.o
anime-game-launcher>    Compiling socket2 v0.6.3
qdrant> Fetching https://static.crates.io/crates/prost-wkt-types/0.5.1/download -> tarballs/prost-wkt-types-0.5.1.tar.gz
qdrant> Fetching https://static.crates.io/crates/rustls-pki-types/1.14.1/download -> tarballs/rustls-pki-types-1.14.1.tar.gz
qdrant> Fetching https://static.crates.io/crates/serde_repr/0.1.20/download -> tarballs/serde_repr-0.1.20.tar.gz
qdrant> Fetching https://static.crates.io/crates/pin-utils/0.1.0/download -> tarballs/pin-utils-0.1.0.tar.gz
qdrant> Fetching https://static.crates.io/crates/rand_hc/0.2.0/download -> tarballs/rand_hc-0.2.0.tar.gz
qdrant> Fetching https://static.crates.io/crates/protobuf-build/0.15.1/download -> tarballs/protobuf-build-0.15.1.tar.gz
qdrant> Fetching https://static.crates.io/crates/rustls-platform-verifier/0.6.2/download -> tarballs/rustls-platform-verifier-0.6.2.tar.gz
qdrant> Fetching https://static.crates.io/crates/serde_urlencoded/0.7.1/download -> tarballs/serde_urlencoded-0.7.1.tar.gz
qdrant> Fetching https://static.crates.io/crates/piper/0.2.5/download -> tarballs/piper-0.2.5.tar.gz
anime-game-launcher>    Compiling errno v0.3.14
qdrant> Fetching https://static.crates.io/crates/rand_pcg/0.10.2/download -> tarballs/rand_pcg-0.10.2.tar.gz
qdrant> Fetching https://static.crates.io/crates/pkcs1/0.7.5/download -> tarballs/pkcs1-0.7.5.tar.gz
qdrant> Fetching https://static.crates.io/crates/serde_variant/0.1.3/download -> tarballs/serde_variant-0.1.3.tar.gz
qdrant> Fetching https://static.crates.io/crates/rustls-platform-verifier-android/0.1.1/download -> tarballs/rustls-platform-verifier-android-0.1.1.tar.gz
qdrant> Fetching https://static.crates.io/crates/rand_xorshift/0.4.0/download -> tarballs/rand_xorshift-0.4.0.tar.gz
qdrant> Fetching https://static.crates.io/crates/pkcs8/0.10.2/download -> tarballs/pkcs8-0.10.2.tar.gz
qdrant> Fetching https://static.crates.io/crates/serde_with/3.20.0/download -> tarballs/serde_with-3.20.0.tar.gz
qdrant> Fetching https://static.crates.io/crates/rustls-webpki/0.103.13/download -> tarballs/rustls-webpki-0.103.13.tar.gz
qdrant> Fetching https://static.crates.io/crates/rawpointer/0.2.1/download -> tarballs/rawpointer-0.2.1.tar.gz
qdrant> Fetching https://static.crates.io/crates/protobuf-src/1.1.0+21.5/download -> tarballs/protobuf-src-1.1.0+21.5.tar.gz
qdrant> Fetching https://static.crates.io/crates/pkg-config/0.3.32/download -> tarballs/pkg-config-0.3.32.tar.gz
qdrant> Fetching https://static.crates.io/crates/serde_with_macros/3.20.0/download -> tarballs/serde_with_macros-3.20.0.tar.gz
qdrant> Fetching https://static.crates.io/crates/rustversion/1.0.22/download -> tarballs/rustversion-1.0.22.tar.gz
qdrant> Fetching https://static.crates.io/crates/rayon/1.12.0/download -> tarballs/rayon-1.12.0.tar.gz
qdrant> Fetching https://static.crates.io/crates/plain/0.2.3/download -> tarballs/plain-0.2.3.tar.gz
qdrant> Fetching https://static.crates.io/crates/serial_test/3.4.0/download -> tarballs/serial_test-3.4.0.tar.gz
qdrant> Fetching https://static.crates.io/crates/rusty-forkfork/0.4.0/download -> tarballs/rusty-forkfork-0.4.0.tar.gz
qdrant> Fetching https://static.crates.io/crates/rayon-core/1.13.0/download -> tarballs/rayon-core-1.13.0.tar.gz
qdrant> Fetching https://static.crates.io/crates/plotters/0.3.7/download -> tarballs/plotters-0.3.7.tar.gz
qdrant> Fetching https://static.crates.io/crates/serial_test_derive/3.4.0/download -> tarballs/serial_test_derive-3.4.0.tar.gz
noctalia> [82/825] Compiling C++ object libluau.a.p/third_party_luau_Ast_src_Cst.cpp.o
qdrant> Fetching https://static.crates.io/crates/rusty-hook/0.11.2/download -> tarballs/rusty-hook-0.11.2.tar.gz
qdrant> Fetching https://static.crates.io/crates/redox_syscall/0.5.18/download -> tarballs/redox_syscall-0.5.18.tar.gz
qdrant> Fetching https://static.crates.io/crates/plotters-backend/0.3.7/download -> tarballs/plotters-backend-0.3.7.tar.gz
qdrant> Fetching https://static.crates.io/crates/sha1/0.11.0/download -> tarballs/sha1-0.11.0.tar.gz
qdrant> Fetching https://static.crates.io/crates/ryu/1.0.23/download -> tarballs/ryu-1.0.23.tar.gz
qdrant> Fetching https://static.crates.io/crates/redox_syscall/0.7.3/download -> tarballs/redox_syscall-0.7.3.tar.gz
qdrant> Fetching https://static.crates.io/crates/plotters-svg/0.3.7/download -> tarballs/plotters-svg-0.3.7.tar.gz
qdrant> Fetching https://static.crates.io/crates/sha2/0.10.9/download -> tarballs/sha2-0.10.9.tar.gz
noctalia> [83/825] Compiling C++ object libluau.a.p/third_party_luau_Ast_src_Lexer.cpp.o
python3.14-twisted>     test_keygeneration ...                                                 [OK]
python3.14-twisted>     test_printFingerprint ...                                              [OK]
anime-game-launcher>    Compiling gio-sys v0.20.10
anime-game-launcher>    Compiling signal-hook-registry v1.4.8
qdrant> Fetching https://static.crates.io/crates/same-file/1.0.6/download -> tarballs/same-file-1.0.6.tar.gz
qdrant> Fetching https://static.crates.io/crates/ref-cast/1.0.25/download -> tarballs/ref-cast-1.0.25.tar.gz
qdrant> Fetching https://static.crates.io/crates/polling/3.11.0/download -> tarballs/polling-3.11.0.tar.gz
qdrant> Fetching https://static.crates.io/crates/sha2/0.11.0/download -> tarballs/sha2-0.11.0.tar.gz
qdrant> Fetching https://static.crates.io/crates/ref-cast-impl/1.0.25/download -> tarballs/ref-cast-impl-1.0.25.tar.gz
qdrant> Fetching https://static.crates.io/crates/scc/2.4.0/download -> tarballs/scc-2.4.0.tar.gz
qdrant> Fetching https://static.crates.io/crates/portable-atomic/1.13.1/download -> tarballs/portable-atomic-1.13.1.tar.gz
qdrant> Fetching https://static.crates.io/crates/shaderc/0.10.1/download -> tarballs/shaderc-0.10.1.tar.gz
python3.14-twisted>     test_printFingerprintBadFingerPrintFormat ...                          [OK]
python3.14-twisted>     test_printFingerprintHandleFileNotFound ...                            [OK]
python3.14-twisted>     test_printFingerprintSuffixAppended ...                                [OK]
python3.14-twisted>     test_printFingerprintsha256 ...                                        [OK]
qdrant> Fetching https://static.crates.io/crates/regex/1.12.3/download -> tarballs/regex-1.12.3.tar.gz
qdrant> Fetching https://static.crates.io/crates/schannel/0.1.28/download -> tarballs/schannel-0.1.28.tar.gz
qdrant> Fetching https://static.crates.io/crates/portable-atomic-util/0.2.5/download -> tarballs/portable-atomic-util-0.2.5.tar.gz
qdrant> Fetching https://static.crates.io/crates/pulldown-cmark/0.9.6/download -> tarballs/pulldown-cmark-0.9.6.tar.gz
qdrant> Fetching https://static.crates.io/crates/shaderc-sys/0.10.1/download -> tarballs/shaderc-sys-0.10.1.tar.gz
qdrant> Fetching https://static.crates.io/crates/regex-automata/0.4.14/download -> tarballs/regex-automata-0.4.14.tar.gz
qdrant> Fetching https://static.crates.io/crates/schemars/0.8.22/download -> tarballs/schemars-0.8.22.tar.gz
noctalia> [85/825] Compiling C++ object libluau.a.p/third_party_luau_Compiler_src_BuiltinFolding.cpp.o
anime-game-launcher>    Compiling mio v1.2.0
qdrant> Fetching https://static.crates.io/crates/potential_utf/0.1.4/download -> tarballs/potential_utf-0.1.4.tar.gz
qdrant> Fetching https://static.crates.io/crates/pulldown-cmark-to-cmark/10.0.4/download -> tarballs/pulldown-cmark-to-cmark-10.0.4.tar.gz
qdrant> Fetching https://static.crates.io/crates/schemars/0.9.0/download -> tarballs/schemars-0.9.0.tar.gz
qdrant> Fetching https://static.crates.io/crates/py_literal/0.4.0/download -> tarballs/py_literal-0.4.0.tar.gz
qdrant> Fetching https://static.crates.io/crates/powerfmt/0.2.0/download -> tarballs/powerfmt-0.2.0.tar.gz
qdrant> Fetching https://static.crates.io/crates/schemars/1.2.1/download -> tarballs/schemars-1.2.1.tar.gz
qdrant> Fetching https://static.crates.io/crates/regex-lite/0.1.9/download -> tarballs/regex-lite-0.1.9.tar.gz
qdrant> Fetching https://static.crates.io/crates/pyo3/0.28.3/download -> tarballs/pyo3-0.28.3.tar.gz
qdrant> Fetching https://static.crates.io/crates/pprof/0.15.0/download -> tarballs/pprof-0.15.0.tar.gz
qdrant> Fetching https://static.crates.io/crates/schemars_derive/0.8.22/download -> tarballs/schemars_derive-0.8.22.tar.gz
qdrant> Fetching https://static.crates.io/crates/regex-syntax/0.8.10/download -> tarballs/regex-syntax-0.8.10.tar.gz
qdrant> Fetching https://static.crates.io/crates/pprof-pyroscope-fork/0.1500.2/download -> tarballs/pprof-pyroscope-fork-0.1500.2.tar.gz
qdrant> Fetching https://static.crates.io/crates/schnellru/0.2.4/download -> tarballs/schnellru-0.2.4.tar.gz
qdrant> Fetching https://static.crates.io/crates/pyo3-build-config/0.28.3/download -> tarballs/pyo3-build-config-0.28.3.tar.gz
qdrant> Fetching https://static.crates.io/crates/scoped-tls/1.0.1/download -> tarballs/scoped-tls-1.0.1.tar.gz
qdrant> Fetching https://static.crates.io/crates/socket2/0.5.10/download -> tarballs/socket2-0.5.10.tar.gz
qdrant> Fetching https://static.crates.io/crates/relative-path/1.9.3/download -> tarballs/relative-path-1.9.3.tar.gz
qdrant> Fetching https://static.crates.io/crates/scopeguard/1.2.0/download -> tarballs/scopeguard-1.2.0.tar.gz
qdrant> Fetching https://static.crates.io/crates/reqwest/0.12.28/download -> tarballs/reqwest-0.12.28.tar.gz
qdrant> Fetching https://static.crates.io/crates/pyo3-ffi/0.28.3/download -> tarballs/pyo3-ffi-0.28.3.tar.gz
qdrant> Fetching https://static.crates.io/crates/scroll/0.11.0/download -> tarballs/scroll-0.11.0.tar.gz
qdrant> Fetching https://static.crates.io/crates/reqwest/0.13.3/download -> tarballs/reqwest-0.13.3.tar.gz
qdrant> Fetching https://static.crates.io/crates/pyo3-macros/0.28.3/download -> tarballs/pyo3-macros-0.28.3.tar.gz
noctalia> [86/825] Compiling C++ object libluau.a.p/third_party_luau_Compiler_src_CostModel.cpp.o
anime-game-launcher>    Compiling cairo-sys-rs v0.20.10
qdrant> Fetching https://static.crates.io/crates/scroll_derive/0.11.1/download -> tarballs/scroll_derive-0.11.1.tar.gz
qdrant> Fetching https://static.crates.io/crates/pyo3-macros-backend/0.28.3/download -> tarballs/pyo3-macros-backend-0.28.3.tar.gz
qdrant> Fetching https://static.crates.io/crates/rfc6979/0.4.0/download -> tarballs/rfc6979-0.4.0.tar.gz
qdrant> Fetching https://static.crates.io/crates/sharded-slab/0.1.7/download -> tarballs/sharded-slab-0.1.7.tar.gz
qdrant> Fetching https://static.crates.io/crates/sdd/3.0.10/download -> tarballs/sdd-3.0.10.tar.gz
noctalia> [84/825] Compiling C++ object libluau.a.p/third_party_luau_Compiler_src_Builtins.cpp.o
qdrant> Fetching https://static.crates.io/crates/pyroscope/2.0.3/download -> tarballs/pyroscope-2.0.3.tar.gz
qdrant> Fetching https://static.crates.io/crates/rgb/0.8.53/download -> tarballs/rgb-0.8.53.tar.gz
qdrant> Fetching https://static.crates.io/crates/shlex/1.3.0/download -> tarballs/shlex-1.3.0.tar.gz
qdrant> Fetching https://static.crates.io/crates/seahash/4.1.0/download -> tarballs/seahash-4.1.0.tar.gz
qdrant> Fetching https://static.crates.io/crates/socket2/0.6.3/download -> tarballs/socket2-0.6.3.tar.gz
qdrant> Fetching https://static.crates.io/crates/ring/0.17.14/download -> tarballs/ring-0.17.14.tar.gz
qdrant> Fetching https://static.crates.io/crates/sif-itree/0.4.1/download -> tarballs/sif-itree-0.4.1.tar.gz
qdrant> Fetching https://static.crates.io/crates/qdrant-rust-stemmers/1.2.2/download -> tarballs/qdrant-rust-stemmers-1.2.2.tar.gz
qdrant> Fetching https://static.crates.io/crates/sealed_test/1.1.0/download -> tarballs/sealed_test-1.1.0.tar.gz
qdrant> Fetching https://static.crates.io/crates/spade/2.15.0/download -> tarballs/spade-2.15.0.tar.gz
qdrant> Fetching https://static.crates.io/crates/signal-hook-registry/1.4.8/download -> tarballs/signal-hook-registry-1.4.8.tar.gz
qdrant> Fetching https://static.crates.io/crates/sealed_test_derive/1.1.0/download -> tarballs/sealed_test_derive-1.1.0.tar.gz
noctalia> [85/825] Compiling C++ object libluau.a.p/third_party_luau_Common_src_TimeTrace.cpp.o
anime-game-launcher>    Compiling gdk-pixbuf-sys v0.20.10
qdrant> Fetching https://static.crates.io/crates/ringbuffer/0.16.0/download -> tarballs/ringbuffer-0.16.0.tar.gz
qdrant> Fetching https://static.crates.io/crates/signature/2.2.0/download -> tarballs/signature-2.2.0.tar.gz
qdrant> Fetching https://static.crates.io/crates/sec1/0.7.3/download -> tarballs/sec1-0.7.3.tar.gz
qdrant> Fetching https://static.crates.io/crates/spin/0.9.8/download -> tarballs/spin-0.9.8.tar.gz
qdrant> Fetching https://static.crates.io/crates/simd-adler32/0.3.8/download -> tarballs/simd-adler32-0.3.8.tar.gz
qdrant> Fetching https://static.crates.io/crates/security-framework/3.7.0/download -> tarballs/security-framework-3.7.0.tar.gz
qdrant> Fetching https://static.crates.io/crates/quick-error/1.2.3/download -> tarballs/quick-error-1.2.3.tar.gz
qdrant> Fetching https://static.crates.io/crates/rle-decode-fast/1.0.3/download -> tarballs/rle-decode-fast-1.0.3.tar.gz
qdrant> Fetching https://static.crates.io/crates/similar/2.7.0/download -> tarballs/similar-2.7.0.tar.gz
qdrant> Fetching https://static.crates.io/crates/spin/0.10.0/download -> tarballs/spin-0.10.0.tar.gz
qdrant> Fetching https://static.crates.io/crates/quick-xml/0.26.0/download -> tarballs/quick-xml-0.26.0.tar.gz
qdrant> Fetching https://static.crates.io/crates/tinyvec/1.11.0/download -> tarballs/tinyvec-1.11.0.tar.gz
qdrant> Fetching https://static.crates.io/crates/rmp/0.8.15/download -> tarballs/rmp-0.8.15.tar.gz
qdrant> Fetching https://static.crates.io/crates/spki/0.7.3/download -> tarballs/spki-0.7.3.tar.gz
qdrant> Fetching https://static.crates.io/crates/unicode-width/0.2.2/download -> tarballs/unicode-width-0.2.2.tar.gz
qdrant> Fetching https://static.crates.io/crates/simple_asn1/0.6.4/download -> tarballs/simple_asn1-0.6.4.tar.gz
qdrant> Fetching https://static.crates.io/crates/quick-xml/0.39.2/download -> tarballs/quick-xml-0.39.2.tar.gz
qdrant> Fetching https://static.crates.io/crates/stable_deref_trait/1.2.1/download -> tarballs/stable_deref_trait-1.2.1.tar.gz
qdrant> Fetching https://static.crates.io/crates/siphasher/0.3.11/download -> tarballs/siphasher-0.3.11.tar.gz
qdrant> Fetching https://static.crates.io/crates/static_assertions/1.1.0/download -> tarballs/static_assertions-1.1.0.tar.gz
qdrant> Fetching https://static.crates.io/crates/winapi-x86_64-pc-windows-gnu/0.4.0/download -> tarballs/winapi-x86_64-pc-windows-gnu-0.4.0.tar.gz
noctalia> [86/825] Compiling C++ object libluau.a.p/third_party_luau_Compiler_src_BuiltinFolding.cpp.o
anime-game-launcher>    Compiling pango-sys v0.20.10
qdrant> Fetching https://static.crates.io/crates/siphasher/1.0.3/download -> tarballs/siphasher-1.0.3.tar.gz
qdrant> Fetching https://static.crates.io/crates/str_stack/0.1.0/download -> tarballs/str_stack-0.1.0.tar.gz
qdrant> Fetching https://static.crates.io/crates/tinyvec_macros/0.1.1/download -> tarballs/tinyvec_macros-0.1.1.tar.gz
qdrant> Fetching https://static.crates.io/crates/slab/0.4.12/download -> tarballs/slab-0.4.12.tar.gz
qdrant> Fetching https://static.crates.io/crates/strsim/0.10.0/download -> tarballs/strsim-0.10.0.tar.gz
qdrant> Fetching https://static.crates.io/crates/tokio/1.52.3/download -> tarballs/tokio-1.52.3.tar.gz
noctalia> [87/825] Compiling C++ object libmaterial_color_utilities.a.p/third_party_material_color_utilities_cpp_dynamiccolor_material_dynamic_colors.cc.o
qdrant> Fetching https://static.crates.io/crates/slice-group-by/0.3.1/download -> tarballs/slice-group-by-0.3.1.tar.gz
qdrant> Fetching https://static.crates.io/crates/strsim/0.11.1/download -> tarballs/strsim-0.11.1.tar.gz
qdrant> Fetching https://static.crates.io/crates/slog/2.8.2/download -> tarballs/slog-2.8.2.tar.gz
qdrant> Fetching https://static.crates.io/crates/unicode-xid/0.2.6/download -> tarballs/unicode-xid-0.2.6.tar.gz
qdrant> Fetching https://static.crates.io/crates/strum/0.28.0/download -> tarballs/strum-0.28.0.tar.gz
python3.14-twisted>     test_runBadKeytype ...                                                 [OK]
qdrant> Fetching https://static.crates.io/crates/unit-prefix/0.5.2/download -> tarballs/unit-prefix-0.5.2.tar.gz
qdrant> Fetching https://static.crates.io/crates/slog-scope/4.4.1/download -> tarballs/slog-scope-4.4.1.tar.gz
qdrant> Fetching https://static.crates.io/crates/strum_macros/0.28.0/download -> tarballs/strum_macros-0.28.0.tar.gz
qdrant> Fetching https://static.crates.io/crates/tokio-io-timeout/1.2.1/download -> tarballs/tokio-io-timeout-1.2.1.tar.gz
qdrant> Fetching https://static.crates.io/crates/untrusted/0.9.0/download -> tarballs/untrusted-0.9.0.tar.gz
noctalia> [88/825] Compiling C++ object libluau.a.p/third_party_luau_Compiler_src_lcode.cpp.o
noctalia> [89/825] Compiling C++ object libluau.a.p/third_party_luau_VM_src_lbaselib.cpp.o
anime-game-launcher>    Compiling tokio v1.52.1
qdrant> Fetching https://static.crates.io/crates/slog-stdlog/4.1.1/download -> tarballs/slog-stdlog-4.1.1.tar.gz
qdrant> Fetching https://static.crates.io/crates/tokio-macros/2.7.0/download -> tarballs/tokio-macros-2.7.0.tar.gz
qdrant> Fetching https://static.crates.io/crates/subtle/2.6.1/download -> tarballs/subtle-2.6.1.tar.gz
qdrant> Fetching https://static.crates.io/crates/unty/0.0.4/download -> tarballs/unty-0.0.4.tar.gz
qdrant> Fetching https://static.crates.io/crates/small_ctor/0.1.2/download -> tarballs/small_ctor-0.1.2.tar.gz
qdrant> Fetching https://static.crates.io/crates/tokio-rustls/0.26.4/download -> tarballs/tokio-rustls-0.26.4.tar.gz
qdrant> Fetching https://static.crates.io/crates/supports-color/3.0.2/download -> tarballs/supports-color-3.0.2.tar.gz
qdrant> Fetching https://static.crates.io/crates/unwind/0.4.2/download -> tarballs/unwind-0.4.2.tar.gz
anime-game-launcher>    Compiling regex-automata v0.4.14
qdrant> Fetching https://static.crates.io/crates/smallvec/1.15.1/download -> tarballs/smallvec-1.15.1.tar.gz
qdrant> Fetching https://static.crates.io/crates/symbolic-common/12.17.2/download -> tarballs/symbolic-common-12.17.2.tar.gz
qdrant> Fetching https://static.crates.io/crates/tokio-stream/0.1.18/download -> tarballs/tokio-stream-0.1.18.tar.gz
qdrant> Fetching https://static.crates.io/crates/windows/0.61.3/download -> tarballs/windows-0.61.3.tar.gz
qdrant> Fetching https://static.crates.io/crates/unwind-sys/0.1.4/download -> tarballs/unwind-sys-0.1.4.tar.gz
qdrant> Fetching https://static.crates.io/crates/socket2/0.4.10/download -> tarballs/socket2-0.4.10.tar.gz
noctalia> [90/825] Compiling C++ object libluau.a.p/third_party_luau_VM_src_lbuffer.cpp.o
python3.14-twisted>     test_saveKey ...                                                       [OK]
qdrant> Fetching https://static.crates.io/crates/symbolic-demangle/12.17.2/download -> tarballs/symbolic-demangle-12.17.2.tar.gz
qdrant> Fetching https://static.crates.io/crates/tokio-util/0.7.18/download -> tarballs/tokio-util-0.7.18.tar.gz
qdrant> Fetching https://static.crates.io/crates/windows_x86_64_gnu/0.52.6/download -> tarballs/windows_x86_64_gnu-0.52.6.tar.gz
qdrant> Fetching https://static.crates.io/crates/url/2.5.8/download -> tarballs/url-2.5.8.tar.gz
qdrant> Fetching https://static.crates.io/crates/toml/0.5.11/download -> tarballs/toml-0.5.11.tar.gz
qdrant> Fetching https://static.crates.io/crates/symlink/0.1.0/download -> tarballs/symlink-0.1.0.tar.gz
noctalia> [87/825] Compiling C++ object libluau.a.p/third_party_luau_Compiler_src_CostModel.cpp.o
qdrant> Fetching https://static.crates.io/crates/urlencoding/2.1.3/download -> tarballs/urlencoding-2.1.3.tar.gz
qdrant> Fetching https://static.crates.io/crates/toml_datetime/0.7.5+spec-1.1.0/download -> tarballs/toml_datetime-0.7.5+spec-1.1.0.tar.gz
qdrant> Fetching https://static.crates.io/crates/syn/1.0.109/download -> tarballs/syn-1.0.109.tar.gz
qdrant> Fetching https://static.crates.io/crates/utf8_iter/1.0.4/download -> tarballs/utf8_iter-1.0.4.tar.gz
qdrant> Fetching https://static.crates.io/crates/toml_edit/0.23.10+spec-1.0.0/download -> tarballs/toml_edit-0.23.10+spec-1.0.0.tar.gz
qdrant> Fetching https://static.crates.io/crates/syn/2.0.117/download -> tarballs/syn-2.0.117.tar.gz
qdrant> Fetching https://static.crates.io/crates/utf8parse/0.2.2/download -> tarballs/utf8parse-0.2.2.tar.gz
qdrant> Fetching https://static.crates.io/crates/toml_parser/1.0.9+spec-1.1.0/download -> tarballs/toml_parser-1.0.9+spec-1.1.0.tar.gz
qdrant> Fetching https://static.crates.io/crates/sync_wrapper/0.1.2/download -> tarballs/sync_wrapper-0.1.2.tar.gz
qdrant> Fetching https://static.crates.io/crates/uuid/1.23.1/download -> tarballs/uuid-1.23.1.tar.gz
noctalia> [88/825] Compiling C++ object libluau.a.p/third_party_luau_Compiler_src_lcode.cpp.o
python3.14-twisted>     test_saveKeyBadFingerPrintformat ...                                   [OK]
python3.14-twisted>     test_saveKeyECDSA ...                                                  [OK]
anime-game-launcher>    Compiling ring v0.17.14
noctalia> [91/825] Compiling C++ object libluau.a.p/third_party_luau_VM_src_laux.cpp.o
qdrant> Fetching https://static.crates.io/crates/tonic/0.14.5/download -> tarballs/tonic-0.14.5.tar.gz
qdrant> Fetching https://static.crates.io/crates/sync_wrapper/1.0.2/download -> tarballs/sync_wrapper-1.0.2.tar.gz
qdrant> Fetching https://static.crates.io/crates/v_htmlescape/0.15.8/download -> tarballs/v_htmlescape-0.15.8.tar.gz
qdrant> Fetching https://static.crates.io/crates/tonic-build/0.11.0/download -> tarballs/tonic-build-0.11.0.tar.gz
noctalia> [89/825] Compiling C++ object libluau.a.p/third_party_luau_Compiler_src_TableShape.cpp.o
python3.14-twisted>     test_saveKeyECDSAEmptyPassphrase ...                                   [OK]
qdrant> Fetching https://static.crates.io/crates/synstructure/0.13.2/download -> tarballs/synstructure-0.13.2.tar.gz
qdrant> Fetching https://static.crates.io/crates/windows_x86_64_gnu/0.53.1/download -> tarballs/windows_x86_64_gnu-0.53.1.tar.gz
qdrant> Fetching https://static.crates.io/crates/validator/0.20.0/download -> tarballs/validator-0.20.0.tar.gz
qdrant> Fetching https://static.crates.io/crates/sys-info/0.9.1/download -> tarballs/sys-info-0.9.1.tar.gz
qdrant> Fetching https://static.crates.io/crates/tonic-prost/0.14.5/download -> tarballs/tonic-prost-0.14.5.tar.gz
qdrant> Fetching https://static.crates.io/crates/validator_derive/0.20.0/download -> tarballs/validator_derive-0.20.0.tar.gz
noctalia> [90/825] Compiling C++ object libluau.a.p/third_party_luau_VM_src_lbaselib.cpp.o
noctalia> [91/825] Compiling C++ object libluau.a.p/third_party_luau_VM_src_laux.cpp.o
noctalia> [92/825] Compiling C++ object libluau.a.p/third_party_luau_VM_src_lcorolib.cpp.o
noctalia> [93/825] Compiling C++ object libluau.a.p/third_party_luau_Compiler_src_Builtins.cpp.o
qdrant> Fetching https://static.crates.io/crates/sysinfo/0.38.4/download -> tarballs/sysinfo-0.38.4.tar.gz
qdrant> Fetching https://static.crates.io/crates/tonic-reflection/0.11.0/download -> tarballs/tonic-reflection-0.11.0.tar.gz
qdrant> Fetching https://static.crates.io/crates/windows_x86_64_gnullvm/0.42.2/download -> tarballs/windows_x86_64_gnullvm-0.42.2.tar.gz
qdrant> Fetching https://static.crates.io/crates/valuable/0.1.1/download -> tarballs/valuable-0.1.1.tar.gz
qdrant> Fetching https://static.crates.io/crates/tango-bench/0.7.2/download -> tarballs/tango-bench-0.7.2.tar.gz
qdrant> Fetching https://static.crates.io/crates/tower/0.4.13/download -> tarballs/tower-0.4.13.tar.gz
qdrant> Fetching https://static.crates.io/crates/vaporetto/0.6.5/download -> tarballs/vaporetto-0.6.5.tar.gz
anime-game-launcher>    Compiling crypto-common v0.1.7
qdrant> Fetching https://static.crates.io/crates/tap/1.0.1/download -> tarballs/tap-1.0.1.tar.gz
qdrant> Fetching https://static.crates.io/crates/windows_x86_64_gnullvm/0.52.6/download -> tarballs/windows_x86_64_gnullvm-0.52.6.tar.gz
qdrant> Fetching https://static.crates.io/crates/tower/0.5.3/download -> tarballs/tower-0.5.3.tar.gz
qdrant> Fetching https://static.crates.io/crates/windows/0.62.2/download -> tarballs/windows-0.62.2.tar.gz
qdrant> Fetching https://static.crates.io/crates/version_check/0.9.5/download -> tarballs/version_check-0.9.5.tar.gz
qdrant> Fetching https://static.crates.io/crates/tar/0.4.46/download -> tarballs/tar-0.4.46.tar.gz
qdrant> Fetching https://static.crates.io/crates/windows_x86_64_gnullvm/0.53.1/download -> tarballs/windows_x86_64_gnullvm-0.53.1.tar.gz
qdrant> Fetching https://static.crates.io/crates/tower-http/0.6.8/download -> tarballs/tower-http-0.6.8.tar.gz
noctalia> [92/825] Compiling C++ object libluau.a.p/third_party_luau_VM_src_lbuffer.cpp.o
qdrant> Fetching https://static.crates.io/crates/virtue/0.0.18/download -> tarballs/virtue-0.0.18.tar.gz
qdrant> Fetching https://static.crates.io/crates/target-lexicon/0.13.5/download -> tarballs/target-lexicon-0.13.5.tar.gz
qdrant> Fetching https://static.crates.io/crates/tower-layer/0.3.3/download -> tarballs/tower-layer-0.3.3.tar.gz
qdrant> Fetching https://static.crates.io/crates/wait-timeout/0.2.1/download -> tarballs/wait-timeout-0.2.1.tar.gz
qdrant> Fetching https://static.crates.io/crates/windows_x86_64_msvc/0.42.2/download -> tarballs/windows_x86_64_msvc-0.42.2.tar.gz
qdrant> Fetching https://static.crates.io/crates/tempfile/3.27.0/download -> tarballs/tempfile-3.27.0.tar.gz
qdrant> Fetching https://static.crates.io/crates/tower-service/0.3.3/download -> tarballs/tower-service-0.3.3.tar.gz
qdrant> Fetching https://static.crates.io/crates/thiserror/1.0.69/download -> tarballs/thiserror-1.0.69.tar.gz
qdrant> Fetching https://static.crates.io/crates/windows_x86_64_msvc/0.52.6/download -> tarballs/windows_x86_64_msvc-0.52.6.tar.gz
qdrant> Fetching https://static.crates.io/crates/walkdir/2.5.0/download -> tarballs/walkdir-2.5.0.tar.gz
qdrant> Fetching https://static.crates.io/crates/tracing/0.1.44/download -> tarballs/tracing-0.1.44.tar.gz
noctalia> [93/825] Compiling C++ object libluau.a.p/third_party_luau_VM_src_lcorolib.cpp.o
noctalia> [94/825] Compiling C++ object libluau.a.p/third_party_luau_Compiler_src_ValueTracking.cpp.o
noctalia> [95/825] Compiling C++ object libluau.a.p/third_party_luau_VM_src_lbuflib.cpp.o
noctalia> [96/825] Compiling C++ object libluau.a.p/third_party_luau_VM_src_lbitlib.cpp.o
qdrant> Fetching https://static.crates.io/crates/thiserror/2.0.18/download -> tarballs/thiserror-2.0.18.tar.gz
qdrant> Fetching https://static.crates.io/crates/want/0.3.1/download -> tarballs/want-0.3.1.tar.gz
qdrant> Fetching https://static.crates.io/crates/windows-collections/0.2.0/download -> tarballs/windows-collections-0.2.0.tar.gz
qdrant> Fetching https://static.crates.io/crates/thiserror-impl/1.0.69/download -> tarballs/thiserror-impl-1.0.69.tar.gz
qdrant> Fetching https://static.crates.io/crates/windows_x86_64_msvc/0.53.1/download -> tarballs/windows_x86_64_msvc-0.53.1.tar.gz
qdrant> Fetching https://static.crates.io/crates/tracing-appender/0.2.5/download -> tarballs/tracing-appender-0.2.5.tar.gz
qdrant> Fetching https://static.crates.io/crates/wasi/0.9.0+wasi-snapshot-preview1/download -> tarballs/wasi-0.9.0+wasi-snapshot-preview1.tar.gz
qdrant> Fetching https://static.crates.io/crates/windows-collections/0.3.2/download -> tarballs/windows-collections-0.3.2.tar.gz
anime-game-launcher>    Compiling linux-raw-sys v0.12.1
qdrant> Fetching https://static.crates.io/crates/thiserror-impl/2.0.18/download -> tarballs/thiserror-impl-2.0.18.tar.gz
qdrant> Fetching https://static.crates.io/crates/tracing-attributes/0.1.31/download -> tarballs/tracing-attributes-0.1.31.tar.gz
qdrant> Fetching https://static.crates.io/crates/wasi/0.11.1+wasi-snapshot-preview1/download -> tarballs/wasi-0.11.1+wasi-snapshot-preview1.tar.gz
qdrant> Fetching https://static.crates.io/crates/windows-core/0.61.2/download -> tarballs/windows-core-0.61.2.tar.gz
qdrant> Fetching https://static.crates.io/crates/winnow/0.7.15/download -> tarballs/winnow-0.7.15.tar.gz
qdrant> Fetching https://static.crates.io/crates/thread-priority/3.0.0/download -> tarballs/thread-priority-3.0.0.tar.gz
qdrant> Fetching https://static.crates.io/crates/tracing-core/0.1.36/download -> tarballs/tracing-core-0.1.36.tar.gz
qdrant> Fetching https://static.crates.io/crates/wasip2/1.0.2+wasi-0.2.9/download -> tarballs/wasip2-1.0.2+wasi-0.2.9.tar.gz
anime-game-launcher>    Compiling rand_core v0.10.1
qdrant> Fetching https://static.crates.io/crates/windows-core/0.62.2/download -> tarballs/windows-core-0.62.2.tar.gz
qdrant> Fetching https://static.crates.io/crates/winnow/1.0.0/download -> tarballs/winnow-1.0.0.tar.gz
qdrant> Fetching https://static.crates.io/crates/thread_local/1.1.9/download -> tarballs/thread_local-1.1.9.tar.gz
qdrant> Fetching https://static.crates.io/crates/tracing-log/0.2.0/download -> tarballs/tracing-log-0.2.0.tar.gz
qdrant> Fetching https://static.crates.io/crates/windows-future/0.2.1/download -> tarballs/windows-future-0.2.1.tar.gz
qdrant> Fetching https://static.crates.io/crates/wasip3/0.4.0+wasi-0.3.0-rc-2026-01-06/download -> tarballs/wasip3-0.4.0+wasi-0.3.0-rc-2026-01-06.tar.gz
qdrant> Fetching https://static.crates.io/crates/wit-bindgen/0.51.0/download -> tarballs/wit-bindgen-0.51.0.tar.gz
qdrant> Fetching https://static.crates.io/crates/tikv-jemalloc-ctl/0.6.1/download -> tarballs/tikv-jemalloc-ctl-0.6.1.tar.gz
anime-game-launcher>    Compiling either v1.15.0
qdrant> Fetching https://static.crates.io/crates/tracing-serde/0.2.0/download -> tarballs/tracing-serde-0.2.0.tar.gz
qdrant> Fetching https://static.crates.io/crates/windows-future/0.3.2/download -> tarballs/windows-future-0.3.2.tar.gz
qdrant> Fetching https://static.crates.io/crates/wasm-bindgen/0.2.114/download -> tarballs/wasm-bindgen-0.2.114.tar.gz
qdrant> Fetching https://static.crates.io/crates/tikv-jemalloc-sys/0.6.1+5.3.0-1-ge13ca993e8ccb9ba9847cc330696e02839f328f7/download -> tarballs/tikv-jemalloc-sys-0.6.1+5.3.0-1-ge13ca993e8ccb9ba9847cc330696e02839f328f7.tar.gz
qdrant> Fetching https://static.crates.io/crates/wit-bindgen-core/0.51.0/download -> tarballs/wit-bindgen-core-0.51.0.tar.gz
qdrant> Fetching https://static.crates.io/crates/tracing-subscriber/0.3.23/download -> tarballs/tracing-subscriber-0.3.23.tar.gz
qdrant> Fetching https://static.crates.io/crates/windows-implement/0.60.2/download -> tarballs/windows-implement-0.60.2.tar.gz
noctalia> [94/825] Compiling C++ object libluau.a.p/third_party_luau_VM_src_lbuflib.cpp.o
noctalia> [97/825] Compiling C++ object libluau.a.p/third_party_luau_VM_src_lapi.cpp.o
qdrant> Fetching https://static.crates.io/crates/wasm-bindgen-futures/0.4.64/download -> tarballs/wasm-bindgen-futures-0.4.64.tar.gz
qdrant> Fetching https://static.crates.io/crates/wit-bindgen-rust/0.51.0/download -> tarballs/wit-bindgen-rust-0.51.0.tar.gz
qdrant> Fetching https://static.crates.io/crates/windows-interface/0.59.3/download -> tarballs/windows-interface-0.59.3.tar.gz
qdrant> Fetching https://static.crates.io/crates/tracing-tracy/0.11.4/download -> tarballs/tracing-tracy-0.11.4.tar.gz
qdrant> Fetching https://static.crates.io/crates/wasm-bindgen-macro/0.2.114/download -> tarballs/wasm-bindgen-macro-0.2.114.tar.gz
qdrant> Fetching https://static.crates.io/crates/tikv-jemallocator/0.6.1/download -> tarballs/tikv-jemallocator-0.6.1.tar.gz
qdrant> Fetching https://static.crates.io/crates/wit-bindgen-rust-macro/0.51.0/download -> tarballs/wit-bindgen-rust-macro-0.51.0.tar.gz
qdrant> Fetching https://static.crates.io/crates/windows-link/0.1.3/download -> tarballs/windows-link-0.1.3.tar.gz
qdrant> Fetching https://static.crates.io/crates/tracy-client/0.18.4/download -> tarballs/tracy-client-0.18.4.tar.gz
noctalia> [95/825] Compiling C++ object libluau.a.p/third_party_luau_VM_src_ldblib.cpp.o
noctalia> [98/825] Compiling C++ object libluau.a.p/third_party_luau_VM_src_ldblib.cpp.o
qdrant> Fetching https://static.crates.io/crates/wasm-bindgen-macro-support/0.2.114/download -> tarballs/wasm-bindgen-macro-support-0.2.114.tar.gz
qdrant> Fetching https://static.crates.io/crates/time/0.3.47/download -> tarballs/time-0.3.47.tar.gz
qdrant> Fetching https://static.crates.io/crates/wit-component/0.244.0/download -> tarballs/wit-component-0.244.0.tar.gz
qdrant> Fetching https://static.crates.io/crates/windows-link/0.2.1/download -> tarballs/windows-link-0.2.1.tar.gz
qdrant> Fetching https://static.crates.io/crates/tracy-client-sys/0.28.0/download -> tarballs/tracy-client-sys-0.28.0.tar.gz
qdrant> Fetching https://static.crates.io/crates/wasm-bindgen-shared/0.2.114/download -> tarballs/wasm-bindgen-shared-0.2.114.tar.gz
noctalia> [99/825] Compiling C++ object libluau.a.p/third_party_luau_VM_src_lfunc.cpp.o
qdrant> Fetching https://static.crates.io/crates/time-core/0.1.8/download -> tarballs/time-core-0.1.8.tar.gz
qdrant> Fetching https://static.crates.io/crates/windows-numerics/0.2.0/download -> tarballs/windows-numerics-0.2.0.tar.gz
qdrant> Fetching https://static.crates.io/crates/wit-parser/0.244.0/download -> tarballs/wit-parser-0.244.0.tar.gz
qdrant> Fetching https://static.crates.io/crates/wasm-encoder/0.244.0/download -> tarballs/wasm-encoder-0.244.0.tar.gz
qdrant> Fetching https://static.crates.io/crates/try-lock/0.2.5/download -> tarballs/try-lock-0.2.5.tar.gz
qdrant> Fetching https://static.crates.io/crates/time-macros/0.2.27/download -> tarballs/time-macros-0.2.27.tar.gz
qdrant> Fetching https://static.crates.io/crates/windows-numerics/0.3.1/download -> tarballs/windows-numerics-0.3.1.tar.gz
qdrant> Fetching https://static.crates.io/crates/wasm-metadata/0.244.0/download -> tarballs/wasm-metadata-0.244.0.tar.gz
qdrant> Fetching https://static.crates.io/crates/twox-hash/2.1.2/download -> tarballs/twox-hash-2.1.2.tar.gz
qdrant> Fetching https://static.crates.io/crates/tinystr/0.8.2/download -> tarballs/tinystr-0.8.2.tar.gz
qdrant> Fetching https://static.crates.io/crates/windows-result/0.3.4/download -> tarballs/windows-result-0.3.4.tar.gz
qdrant> Fetching https://static.crates.io/crates/wasm-streams/0.4.2/download -> tarballs/wasm-streams-0.4.2.tar.gz
qdrant> Fetching https://static.crates.io/crates/typeid/1.0.3/download -> tarballs/typeid-1.0.3.tar.gz
qdrant> Fetching https://static.crates.io/crates/tinytemplate/1.2.1/download -> tarballs/tinytemplate-1.2.1.tar.gz
qdrant> Fetching https://static.crates.io/crates/windows-result/0.4.1/download -> tarballs/windows-result-0.4.1.tar.gz
qdrant> Fetching https://static.crates.io/crates/wasm-streams/0.5.0/download -> tarballs/wasm-streams-0.5.0.tar.gz
noctalia> [100/825] Compiling C++ object libluau.a.p/third_party_luau_Compiler_src_TableShape.cpp.o
qdrant> Fetching https://static.crates.io/crates/typenum/1.19.0/download -> tarballs/typenum-1.19.0.tar.gz
qdrant> Fetching https://static.crates.io/crates/windows-strings/0.4.2/download -> tarballs/windows-strings-0.4.2.tar.gz
qdrant> Fetching https://static.crates.io/crates/wasmparser/0.244.0/download -> tarballs/wasmparser-0.244.0.tar.gz
qdrant> Fetching https://static.crates.io/crates/typetag/0.2.21/download -> tarballs/typetag-0.2.21.tar.gz
qdrant> Fetching https://static.crates.io/crates/windows-strings/0.5.1/download -> tarballs/windows-strings-0.5.1.tar.gz
anime-game-launcher>    Compiling itertools v0.14.0
qdrant> Fetching https://static.crates.io/crates/web-sys/0.3.91/download -> tarballs/web-sys-0.3.91.tar.gz
qdrant> Fetching https://static.crates.io/crates/writeable/0.6.2/download -> tarballs/writeable-0.6.2.tar.gz
qdrant> Fetching https://static.crates.io/crates/typetag-impl/0.2.21/download -> tarballs/typetag-impl-0.2.21.tar.gz
qdrant> Fetching https://static.crates.io/crates/windows-sys/0.45.0/download -> tarballs/windows-sys-0.45.0.tar.gz
qdrant> Fetching https://static.crates.io/crates/wyhash/0.5.0/download -> tarballs/wyhash-0.5.0.tar.gz
qdrant> Fetching https://static.crates.io/crates/ucd-trie/0.1.7/download -> tarballs/ucd-trie-0.1.7.tar.gz
noctalia> [96/825] Compiling C++ object libluau.a.p/third_party_luau_Ast_src_Ast.cpp.o
noctalia> [97/825] Compiling C++ object libluau.a.p/third_party_luau_VM_src_lbitlib.cpp.o
qdrant> Fetching https://static.crates.io/crates/web-time/1.1.0/download -> tarballs/web-time-1.1.0.tar.gz
qdrant> Fetching https://static.crates.io/crates/wyz/0.5.1/download -> tarballs/wyz-0.5.1.tar.gz
qdrant> Fetching https://static.crates.io/crates/uds_windows/1.1.0/download -> tarballs/uds_windows-1.1.0.tar.gz
qdrant> Fetching https://static.crates.io/crates/webpki-root-certs/1.0.6/download -> tarballs/webpki-root-certs-1.0.6.tar.gz
qdrant> Fetching https://static.crates.io/crates/xattr/1.6.1/download -> tarballs/xattr-1.6.1.tar.gz
qdrant> Fetching https://static.crates.io/crates/unarray/0.1.4/download -> tarballs/unarray-0.1.4.tar.gz
qdrant> Fetching https://static.crates.io/crates/windows-sys/0.52.0/download -> tarballs/windows-sys-0.52.0.tar.gz
noctalia> [98/825] Compiling C++ object libluau.a.p/third_party_luau_VM_src_lfunc.cpp.o
noctalia> [101/825] Compiling C++ object libluau.a.p/third_party_luau_VM_src_lclass.cpp.o
noctalia> [102/825] Compiling C++ object libluau.a.p/third_party_luau_VM_src_linit.cpp.o
qdrant> Fetching https://static.crates.io/crates/whatlang/0.16.4/download -> tarballs/whatlang-0.16.4.tar.gz
qdrant> Fetching https://static.crates.io/crates/xxhash-rust/0.8.15/download -> tarballs/xxhash-rust-0.8.15.tar.gz
qdrant> Fetching https://static.crates.io/crates/unicase/2.9.0/download -> tarballs/unicase-2.9.0.tar.gz
noctalia> [103/825] Compiling C++ object libluau.a.p/third_party_luau_VM_src_ldebug.cpp.o
qdrant> Fetching https://static.crates.io/crates/which/4.4.2/download -> tarballs/which-4.4.2.tar.gz
qdrant> Fetching https://static.crates.io/crates/yaml-rust2/0.11.0/download -> tarballs/yaml-rust2-0.11.0.tar.gz
qdrant> Fetching https://static.crates.io/crates/unicode-ident/1.0.24/download -> tarballs/unicode-ident-1.0.24.tar.gz
qdrant> Fetching https://static.crates.io/crates/windows-sys/0.59.0/download -> tarballs/windows-sys-0.59.0.tar.gz
qdrant> Fetching https://static.crates.io/crates/winapi/0.3.9/download -> tarballs/winapi-0.3.9.tar.gz
qdrant> Fetching https://static.crates.io/crates/yoke/0.8.1/download -> tarballs/yoke-0.8.1.tar.gz
qdrant> Fetching https://static.crates.io/crates/unicode-normalization/0.1.25/download -> tarballs/unicode-normalization-0.1.25.tar.gz
noctalia> [104/825] Compiling C++ object libluau.a.p/third_party_luau_VM_src_lclasslib.cpp.o
qdrant> Fetching https://static.crates.io/crates/yoke-derive/0.8.1/download -> tarballs/yoke-derive-0.8.1.tar.gz
qdrant> Fetching https://static.crates.io/crates/unicode-segmentation/1.12.0/download -> tarballs/unicode-segmentation-1.12.0.tar.gz
qdrant> Fetching https://static.crates.io/crates/winapi-i686-pc-windows-gnu/0.4.0/download -> tarballs/winapi-i686-pc-windows-gnu-0.4.0.tar.gz
qdrant> Fetching https://static.crates.io/crates/windows-sys/0.60.2/download -> tarballs/windows-sys-0.60.2.tar.gz
qdrant> Fetching https://static.crates.io/crates/zbus/5.14.0/download -> tarballs/zbus-5.14.0.tar.gz
qdrant> Fetching https://static.crates.io/crates/zbus_macros/5.14.0/download -> tarballs/zbus_macros-5.14.0.tar.gz
noctalia> [99/825] Compiling C++ object libluau.a.p/third_party_luau_VM_src_lapi.cpp.o
qdrant> Fetching https://static.crates.io/crates/zbus_names/4.3.1/download -> tarballs/zbus_names-4.3.1.tar.gz
qdrant> Fetching https://static.crates.io/crates/winapi-util/0.1.11/download -> tarballs/winapi-util-0.1.11.tar.gz
qdrant> Fetching https://static.crates.io/crates/windows-sys/0.61.2/download -> tarballs/windows-sys-0.61.2.tar.gz
qdrant> Fetching https://static.crates.io/crates/zerocopy/0.8.48/download -> tarballs/zerocopy-0.8.48.tar.gz
noctalia> [100/825] Compiling C++ object libluau.a.p/third_party_luau_VM_src_ldebug.cpp.o
noctalia> [101/825] Compiling C++ object libluau.a.p/third_party_luau_VM_src_lgc.cpp.o
anime-game-launcher>    Compiling synstructure v0.13.2
noctalia> [105/825] Compiling C++ object libluau.a.p/third_party_luau_VM_src_lgc.cpp.o
qdrant> Fetching https://static.crates.io/crates/zerocopy-derive/0.8.48/download -> tarballs/zerocopy-derive-0.8.48.tar.gz
qdrant> Fetching https://static.crates.io/crates/zerofrom/0.1.6/download -> tarballs/zerofrom-0.1.6.tar.gz
anime-game-launcher>    Compiling graphene-sys v0.20.10
noctalia> [106/825] Compiling C++ object libluau.a.p/third_party_luau_VM_src_lgcdebug.cpp.o
qdrant> Fetching https://static.crates.io/crates/zerofrom-derive/0.1.6/download -> tarballs/zerofrom-derive-0.1.6.tar.gz
qdrant> Fetching https://static.crates.io/crates/windows-targets/0.42.2/download -> tarballs/windows-targets-0.42.2.tar.gz
qdrant> Fetching https://static.crates.io/crates/zeroize/1.8.2/download -> tarballs/zeroize-1.8.2.tar.gz
qdrant> Fetching https://static.crates.io/crates/windows-targets/0.52.6/download -> tarballs/windows-targets-0.52.6.tar.gz
noctalia> [102/825] Compiling C++ object libluau.a.p/third_party_luau_VM_src_linit.cpp.o
anime-game-launcher>    Compiling gdk4-sys v0.9.6
qdrant> Fetching https://static.crates.io/crates/windows-targets/0.53.5/download -> tarballs/windows-targets-0.53.5.tar.gz
qdrant> Fetching https://static.crates.io/crates/zeroize_derive/1.4.3/download -> tarballs/zeroize_derive-1.4.3.tar.gz
qdrant> Fetching https://static.crates.io/crates/windows-threading/0.1.0/download -> tarballs/windows-threading-0.1.0.tar.gz
noctalia> [103/825] Compiling C++ object libluau.a.p/third_party_luau_VM_src_lclasslib.cpp.o
anime-game-launcher>    Compiling winnow v0.7.15
qdrant> Fetching https://static.crates.io/crates/zerotrie/0.2.3/download -> tarballs/zerotrie-0.2.3.tar.gz
qdrant> Fetching https://static.crates.io/crates/windows-threading/0.2.1/download -> tarballs/windows-threading-0.2.1.tar.gz
qdrant> Fetching https://static.crates.io/crates/zerovec/0.11.5/download -> tarballs/zerovec-0.11.5.tar.gz
qdrant> Fetching https://static.crates.io/crates/windows_aarch64_gnullvm/0.42.2/download -> tarballs/windows_aarch64_gnullvm-0.42.2.tar.gz
noctalia> [104/825] Compiling C++ object libluau.a.p/third_party_luau_Compiler_src_ValueTracking.cpp.o
qdrant> Fetching https://static.crates.io/crates/zerovec-derive/0.11.2/download -> tarballs/zerovec-derive-0.11.2.tar.gz
qdrant> Fetching https://static.crates.io/crates/windows_aarch64_gnullvm/0.52.6/download -> tarballs/windows_aarch64_gnullvm-0.52.6.tar.gz
qdrant> Fetching https://static.crates.io/crates/zmij/1.0.21/download -> tarballs/zmij-1.0.21.tar.gz
qdrant> Fetching https://static.crates.io/crates/windows_aarch64_gnullvm/0.53.1/download -> tarballs/windows_aarch64_gnullvm-0.53.1.tar.gz
qdrant> Fetching https://static.crates.io/crates/zstd/0.13.3/download -> tarballs/zstd-0.13.3.tar.gz
qdrant> Fetching https://static.crates.io/crates/zstd-safe/7.2.4/download -> tarballs/zstd-safe-7.2.4.tar.gz
python3.14-twisted>     test_saveKeyEd25519 ...                                                [OK]
noctalia> [107/825] Compiling C++ object libluau.a.p/third_party_luau_VM_src_lmem.cpp.o
qdrant> Fetching https://static.crates.io/crates/zstd-sys/2.0.16+zstd.1.5.7/download -> tarballs/zstd-sys-2.0.16+zstd.1.5.7.tar.gz
qdrant> Fetching https://static.crates.io/crates/windows_aarch64_msvc/0.42.2/download -> tarballs/windows_aarch64_msvc-0.42.2.tar.gz
noctalia> [105/825] Compiling C++ object libluau.a.p/third_party_luau_VM_src_lclass.cpp.o
python3.14-twisted>     test_saveKeyEd25519EmptyPassphrase ...                                 [OK]
noctalia> [108/825] Compiling C++ object libluau.a.p/third_party_luau_VM_src_lperf.cpp.o
noctalia> [109/825] Compiling C++ object libluau.a.p/third_party_luau_VM_src_ldo.cpp.o
noctalia> [110/825] Compiling C++ object libluau.a.p/third_party_luau_VM_src_loslib.cpp.o
qdrant> Fetching https://static.crates.io/crates/zvariant/5.10.0/download -> tarballs/zvariant-5.10.0.tar.gz
qdrant> Fetching https://static.crates.io/crates/windows_aarch64_msvc/0.52.6/download -> tarballs/windows_aarch64_msvc-0.52.6.tar.gz
noctalia> [111/825] Compiling C++ object libluau.a.p/third_party_luau_VM_src_lobject.cpp.o
qdrant> Fetching https://static.crates.io/crates/zvariant_derive/5.10.0/download -> tarballs/zvariant_derive-5.10.0.tar.gz
qdrant> Fetching https://static.crates.io/crates/windows_aarch64_msvc/0.53.1/download -> tarballs/windows_aarch64_msvc-0.53.1.tar.gz
qdrant> Fetching https://static.crates.io/crates/zvariant_utils/3.3.0/download -> tarballs/zvariant_utils-3.3.0.tar.gz
noctalia> [112/825] Compiling C++ object libluau.a.p/third_party_luau_Compiler_src_Types.cpp.o
qdrant> Fetching https://static.crates.io/crates/windows_i686_gnu/0.42.2/download -> tarballs/windows_i686_gnu-0.42.2.tar.gz
python3.14-twisted>     test_saveKeyEmptyPassphrase ...                                        [OK]
noctalia> [113/825] Compiling C++ object libluau.a.p/third_party_luau_VM_src_lintlib.cpp.o
qdrant> Fetching https://static.crates.io/crates/windows_i686_gnu/0.52.6/download -> tarballs/windows_i686_gnu-0.52.6.tar.gz
qdrant> Fetching https://static.crates.io/crates/windows_i686_gnu/0.53.1/download -> tarballs/windows_i686_gnu-0.53.1.tar.gz
qdrant> Fetching https://static.crates.io/crates/windows_i686_gnullvm/0.52.6/download -> tarballs/windows_i686_gnullvm-0.52.6.tar.gz
python3.14-twisted>     test_saveKeyFileExists ...                                             [OK]
noctalia> [114/825] Compiling C++ object libluau.a.p/third_party_luau_VM_src_lstate.cpp.o
qdrant> Fetching https://static.crates.io/crates/windows_i686_gnullvm/0.53.1/download -> tarballs/windows_i686_gnullvm-0.53.1.tar.gz
noctalia> [106/825] Compiling C++ object libluau.a.p/third_party_luau_VM_src_lmem.cpp.o
qdrant> Fetching https://static.crates.io/crates/windows_i686_msvc/0.42.2/download -> tarballs/windows_i686_msvc-0.42.2.tar.gz
qdrant> Fetching https://static.crates.io/crates/windows_i686_msvc/0.52.6/download -> tarballs/windows_i686_msvc-0.52.6.tar.gz
anime-game-launcher>    Compiling getrandom v0.3.4
noctalia> [115/825] Compiling C++ object libluau.a.p/third_party_luau_VM_src_ltm.cpp.o
qdrant> Fetching https://static.crates.io/crates/windows_i686_msvc/0.53.1/download -> tarballs/windows_i686_msvc-0.53.1.tar.gz
noctalia> [107/825] Compiling C++ object libluau.a.p/third_party_luau_VM_src_lgcdebug.cpp.o
noctalia> [116/825] Compiling C++ object libluau.a.p/third_party_luau_VM_src_ludata.cpp.o
qdrant> Fetching https://static.crates.io/crates/windows_x86_64_gnu/0.42.2/download -> tarballs/windows_x86_64_gnu-0.42.2.tar.gz
python3.14-twisted>     test_saveKeyNoFilename ...                                             [OK]
noctalia> [117/825] Compiling C++ object libluau.a.p/third_party_luau_VM_src_lstring.cpp.o
noctalia> [108/825] Compiling C++ object libluau.a.p/third_party_luau_VM_src_lintlib.cpp.o
noctalia> [109/825] Compiling C++ object libluau.a.p/third_party_luau_Ast_src_PrettyPrinter.cpp.o
noctalia> [110/825] Compiling C++ object libluau.a.p/third_party_luau_VM_src_loslib.cpp.o
noctalia> [111/825] Compiling C++ object libluau.a.p/third_party_luau_VM_src_ldo.cpp.o
noctalia> [112/825] Compiling C++ object libluau.a.p/third_party_luau_VM_src_lperf.cpp.o
noctalia> [118/825] Compiling C++ object libluau.a.p/third_party_luau_VM_src_lutf8lib.cpp.o
noctalia> [119/825] Compiling C++ object libluau.a.p/third_party_luau_VM_src_lbuiltins.cpp.o
noctalia> [113/825] Compiling C++ object libluau.a.p/third_party_luau_VM_src_lstate.cpp.o
noctalia> [114/825] Compiling C++ object libluau.a.p/third_party_luau_VM_src_lbuiltins.cpp.o
noctalia> [115/825] Compiling C++ object libluau.a.p/third_party_luau_Compiler_src_Types.cpp.o
noctalia> [120/825] Compiling C++ object libluau.a.p/third_party_luau_VM_src_lmathlib.cpp.o
noctalia> [121/825] Compiling C++ object libluau.a.p/third_party_luau_Compiler_src_ConstantFolding.cpp.o
noctalia> [116/825] Compiling C++ object libluau.a.p/third_party_luau_VM_src_lstring.cpp.o
noctalia> [122/825] Compiling C++ object libluau.a.p/third_party_luau_VM_src_lnumprint.cpp.o
noctalia> [117/825] Compiling C++ object libluau.a.p/third_party_luau_Compiler_src_ConstantFolding.cpp.o
noctalia> [118/825] Compiling C++ object libluau.a.p/third_party_luau_VM_src_ludata.cpp.o
noctalia> [119/825] Compiling C++ object libluau.a.p/third_party_luau_VM_src_ltm.cpp.o
noctalia> [120/825] Compiling C++ object libluau.a.p/third_party_luau_VM_src_lmathlib.cpp.o
noctalia> [123/825] Compiling C++ object libluau.a.p/third_party_luau_VM_src_ltablib.cpp.o
noctalia> [121/825] Compiling C++ object libluau.a.p/third_party_luau_VM_src_lobject.cpp.o
noctalia> [122/825] Compiling C++ object libluau.a.p/third_party_luau_VM_src_lnumprint.cpp.o
noctalia> [124/825] Compiling C object libnoctalia_core.a.p/meson-generated_.._xdg-output-unstable-v1-client-protocol.c.o
noctalia> [123/825] Compiling C object libnoctalia_core.a.p/meson-generated_.._xdg-output-unstable-v1-client-protocol.c.o
noctalia> [124/825] Compiling C object libnoctalia_core.a.p/meson-generated_.._ext-workspace-v1-client-protocol.c.o
anime-game-launcher>    Compiling zstd-sys v2.0.16+zstd.1.5.7
anime-game-launcher>    Compiling http-body v1.0.1
noctalia> [125/825] Compiling C++ object libluau.a.p/third_party_luau_Ast_src_PrettyPrinter.cpp.o
noctalia> [125/825] Compiling C++ object libluau.a.p/third_party_luau_VM_src_lveclib.cpp.o
anime-game-launcher>    Compiling block-buffer v0.10.4
noctalia> [126/825] Compiling C object libnoctalia_core.a.p/meson-generated_.._ext-foreign-toplevel-list-v1-client-protocol.c.o
noctalia> [126/825] Compiling C++ object libluau.a.p/third_party_luau_VM_src_lutf8lib.cpp.o
noctalia> [127/825] Compiling C object libnoctalia_core.a.p/meson-generated_.._ext-workspace-v1-client-protocol.c.o
noctalia> [128/825] Compiling C++ object libluau.a.p/third_party_luau_VM_src_lveclib.cpp.o
noctalia> [129/825] Compiling C object libnoctalia_core.a.p/meson-generated_.._xdg-shell-client-protocol.c.o
noctalia> [130/825] Compiling C object libnoctalia_core.a.p/meson-generated_.._ext-data-control-v1-client-protocol.c.o
noctalia> [127/825] Compiling C object libnoctalia_core.a.p/meson-generated_.._ext-data-control-v1-client-protocol.c.o
noctalia> [131/825] Compiling C object libnoctalia_core.a.p/meson-generated_.._xdg-activation-v1-client-protocol.c.o
noctalia> [128/825] Compiling C object libnoctalia_core.a.p/meson-generated_.._xdg-shell-client-protocol.c.o
noctalia> [129/825] Compiling C object libnoctalia_core.a.p/meson-generated_.._ext-foreign-toplevel-list-v1-client-protocol.c.o
noctalia> [130/825] Compiling C++ object libluau.a.p/third_party_luau_VM_src_ltablib.cpp.o
noctalia> [131/825] Compiling C object libnoctalia_core.a.p/meson-generated_.._xdg-activation-v1-client-protocol.c.o
anime-game-launcher>    Compiling zmij v1.0.21
noctalia> [132/825] Compiling C object libnoctalia_core.a.p/meson-generated_.._fractional-scale-v1-client-protocol.c.o
noctalia> [133/825] Compiling C object libnoctalia_core.a.p/meson-generated_.._ext-idle-notify-v1-client-protocol.c.o
noctalia> [134/825] Compiling C++ object libluau.a.p/third_party_luau_VM_src_ltable.cpp.o
noctalia> [135/825] Compiling C++ object libluau.a.p/third_party_luau_VM_src_lvmutils.cpp.o
noctalia> [132/825] Compiling C object libnoctalia_core.a.p/meson-generated_.._ext-session-lock-v1-client-protocol.c.o
noctalia> [136/825] Compiling C object libnoctalia_core.a.p/meson-generated_.._ext-background-effect-v1-client-protocol.c.o
noctalia> [137/825] Compiling C object libnoctalia_core.a.p/meson-generated_.._viewporter-client-protocol.c.o
noctalia> [138/825] Compiling C++ object libluau.a.p/third_party_luau_VM_src_lvmload.cpp.o
noctalia> [139/825] Compiling C object libnoctalia_core.a.p/meson-generated_.._ext-session-lock-v1-client-protocol.c.o
noctalia> [133/825] Compiling C object libnoctalia_core.a.p/meson-generated_.._ext-idle-notify-v1-client-protocol.c.o
noctalia> [134/825] Compiling C object libnoctalia_core.a.p/meson-generated_.._text-input-unstable-v3-client-protocol.c.o
noctalia> [135/825] Compiling C object libnoctalia_core.a.p/meson-generated_.._fractional-scale-v1-client-protocol.c.o
noctalia> [136/825] Compiling C object libnoctalia_core.a.p/meson-generated_.._ext-background-effect-v1-client-protocol.c.o
anime-game-launcher>    Compiling httparse v1.10.1
noctalia> [137/825] Compiling C object libnoctalia_core.a.p/meson-generated_.._viewporter-client-protocol.c.o
python3.14-twisted>     test_saveKeySubtypeV1 ...                                              [OK]
anime-game-launcher>    Compiling gio v0.20.12
noctalia> [140/825] Compiling C++ object libluau.a.p/third_party_luau_Bytecode_src_BytecodeBuilder.cpp.o
noctalia> [141/825] Compiling C object libnoctalia_core.a.p/meson-generated_.._idle-inhibit-unstable-v1-client-protocol.c.o
noctalia> [142/825] Compiling C object libnoctalia_core.a.p/meson-generated_.._dwl-ipc-unstable-v2-client-protocol.c.o
noctalia> [138/825] Compiling C object libnoctalia_core.a.p/meson-generated_.._idle-inhibit-unstable-v1-client-protocol.c.o
noctalia> [143/825] Compiling C++ object libluau.a.p/third_party_luau_VM_src_lstrlib.cpp.o
python3.14-twisted>     test_saveKeysha256 ...                                                 [OK]
python3.14-twisted>     test_useDefaultForKey ...                                              [OK]
noctalia> [144/825] Compiling C object libnoctalia_core.a.p/meson-generated_.._text-input-unstable-v3-client-protocol.c.o
noctalia> [139/825] Compiling C object libnoctalia_core.a.p/meson-generated_.._org-kde-plasma-virtual-desktop-client-protocol.c.o
noctalia> [145/825] Compiling C object libnoctalia_core.a.p/meson-generated_.._wlr-data-control-unstable-v1-client-protocol.c.o
noctalia> [140/825] Compiling C++ object libluau.a.p/third_party_luau_VM_src_ltable.cpp.o
noctalia> [146/825] Compiling C object libnoctalia_core.a.p/meson-generated_.._virtual-keyboard-unstable-v1-client-protocol.c.o
anime-game-launcher>    Compiling displaydoc v0.2.5
noctalia> [147/825] Compiling C object libnoctalia_core.a.p/meson-generated_.._wlr-foreign-toplevel-management-unstable-v1-client-protocol.c.o
noctalia> [141/825] Compiling C++ object libluau.a.p/third_party_luau_VM_src_lvmload.cpp.o
noctalia> [142/825] Compiling C object libnoctalia_core.a.p/meson-generated_.._virtual-keyboard-unstable-v1-client-protocol.c.o
noctalia> [143/825] Compiling C object libnoctalia_core.a.p/meson-generated_.._dwl-ipc-unstable-v2-client-protocol.c.o
noctalia> [144/825] Compiling C++ object libluau.a.p/third_party_luau_VM_src_lstrlib.cpp.o
noctalia> [148/825] Compiling C object libnoctalia_core.a.p/meson-generated_.._org-kde-plasma-virtual-desktop-client-protocol.c.o
anime-game-launcher>    Compiling zerofrom-derive v0.1.7
noctalia> [149/825] Compiling C object libnoctalia_core.a.p/meson-generated_.._cursor-shape-v1-client-protocol.c.o
noctalia> [145/825] Compiling C object libnoctalia_core.a.p/meson-generated_.._wlr-foreign-toplevel-management-unstable-v1-client-protocol.c.o
noctalia> [150/825] Compiling C object libnoctalia_core.a.p/meson-generated_.._hyprland-focus-grab-v1-client-protocol.c.o
noctalia> [151/825] Compiling C object libnoctalia_core.a.p/meson-generated_.._wlr-layer-shell-unstable-v1-client-protocol.c.o
noctalia> [146/825] Compiling C object libnoctalia_core.a.p/meson-generated_.._wlr-data-control-unstable-v1-client-protocol.c.o
noctalia> [147/825] Compiling C object libnoctalia_core.a.p/meson-generated_.._cursor-shape-v1-client-protocol.c.o
noctalia> [152/825] Compiling C object libnoctalia_core.a.p/meson-generated_.._hyprland-toplevel-mapping-v1-client-protocol.c.o
noctalia> [148/825] Compiling C++ object libluau.a.p/third_party_luau_VM_src_lvmutils.cpp.o
noctalia> [149/825] Compiling C object libnoctalia_core.a.p/meson-generated_.._wlr-gamma-control-unstable-v1-client-protocol.c.o
noctalia> [153/825] Compiling C object libnoctalia_core.a.p/meson-generated_.._wlr-gamma-control-unstable-v1-client-protocol.c.o
noctalia> [154/825] Compiling C object libnoctalia_core.a.p/meson-generated_.._wlr-screencopy-unstable-v1-client-protocol.c.o
noctalia> [150/825] Compiling C object libnoctalia_core.a.p/meson-generated_.._hyprland-focus-grab-v1-client-protocol.c.o
noctalia> [151/825] Compiling C object libnoctalia_core.a.p/meson-generated_.._wlr-screencopy-unstable-v1-client-protocol.c.o
anime-game-launcher>    Compiling futures-macro v0.3.32
anime-game-launcher>    Compiling yoke-derive v0.8.2
anime-game-launcher>    Compiling zerovec-derive v0.11.3
anime-game-launcher>    Compiling serde_derive v1.0.228
noctalia> [152/825] Compiling C object libnoctalia_core.a.p/meson-generated_.._wlr-layer-shell-unstable-v1-client-protocol.c.o
noctalia> [153/825] Compiling C++ object libluau.a.p/third_party_luau_Bytecode_src_BytecodeBuilder.cpp.o
noctalia> [154/825] Compiling C object libnoctalia_core.a.p/meson-generated_.._hyprland-toplevel-mapping-v1-client-protocol.c.o
anime-game-launcher>    Compiling glib-macros v0.20.12
anime-game-launcher>    Compiling tracing-attributes v0.1.31
python3.14-twisted> twisted.conch.test.test_conch
python3.14-twisted>   CmdLineClientTests
python3.14-twisted>     test_connectToInvalidHost ...                                          [OK]
anime-game-launcher>    Compiling zeroize_derive v1.4.3
anime-game-launcher>    Compiling enumflags2_derive v0.7.12
anime-game-launcher>    Compiling prost-derive v0.14.3
noctalia> [155/825] Compiling C++ object libluau.a.p/third_party_luau_Bytecode_src_BytecodeGraph.cpp.o
anime-game-launcher>    Compiling tinystr v0.8.3
linux-cachyos-latest-x86_64-v3> make[1]: Leaving directory '/nix/var/nix/b/20fdywb967b3fq113f5znapsq0/b/linux-src-patched/build'
linux-cachyos-latest-x86_64-v3> make[1]: Entering directory '/nix/var/nix/b/20fdywb967b3fq113f5znapsq0/b/linux-src-patched/build'
python3.14-twisted>     test_exec ...                                                          [OK]
anime-game-launcher>    Compiling unic-langid-impl v0.9.6
noctalia> [155/825] Compiling C++ object libluau.a.p/third_party_luau_Bytecode_src_BytecodeGraph.cpp.o
anime-game-launcher>    Compiling futures-util v0.3.32
anime-game-launcher>    Compiling zerofrom v0.1.7
noctalia> [156/825] Compiling C++ object libluau.a.p/third_party_luau_VM_src_lvmexecute.cpp.o
anime-game-launcher>    Compiling zeroize v1.8.2
noctalia> [156/825] Compiling C++ object libluau.a.p/third_party_luau_VM_src_lvmexecute.cpp.o
anime-game-launcher>    Compiling unic-langid-macros-impl v0.9.6
anime-game-launcher>    Compiling yoke v0.8.2
anime-game-launcher>    Compiling tokio-util v0.7.18
anime-game-launcher>    Compiling rustls-pki-types v1.14.0
python3.14-twisted>     test_localToRemoteForwarding ...                                       [OK]
noctalia> [157/825] Compiling C++ object libluau.a.p/third_party_luau_Ast_src_Parser.cpp.o
anime-game-launcher>    Compiling zerovec v0.11.6
anime-game-launcher>    Compiling zerotrie v0.2.4
anime-game-launcher>    Compiling digest v0.10.7
noctalia> [158/825] Compiling C++ object libluau.a.p/third_party_luau_Compiler_src_Compiler.cpp.o
anime-game-launcher>    Compiling tracing v0.1.44
anime-game-launcher>    Compiling gsk4-sys v0.9.6
noctalia> [157/825] Compiling C++ object libluau.a.p/third_party_luau_Compiler_src_Compiler.cpp.o
python3.14-twisted>     test_remoteToLocalForwarding ...                                       [OK]
anime-game-launcher>    Compiling rustls v0.23.38
anime-game-launcher>    Compiling prettyplease v0.2.37
anime-game-launcher>    Compiling base64 v0.22.1
anime-game-launcher>    Compiling potential_utf v0.1.5
anime-game-launcher>    Compiling serde_json v1.0.149
anime-game-launcher>    Compiling icu_locale_core v2.2.0
anime-game-launcher>    Compiling icu_collections v2.2.0
anime-game-launcher>    Compiling try-lock v0.2.5
noctalia> [158/825] Compiling C++ object libluau.a.p/third_party_luau_Ast_src_Parser.cpp.o
anime-game-launcher>    Compiling futures-executor v0.3.32
anime-game-launcher>    Compiling foldhash v0.1.5
linux-cachyos-latest-x86_64-v3>   UPD     arch/x86/include/generated/asm/cpufeaturemasks.h
linux-cachyos-latest-x86_64-v3>   GEN     arch/x86/include/generated/asm/orc_hash.h
anime-game-launcher>    Compiling simd-adler32 v0.3.9
anime-game-launcher>    Compiling atomic-waker v1.1.2
anime-game-launcher>    Compiling tower-service v0.3.3
anime-game-launcher>    Compiling fnv v1.0.7
linux-cachyos-latest-x86_64-v3>   SYSHDR  arch/x86/include/generated/uapi/asm/unistd_32.h
linux-cachyos-latest-x86_64-v3>   SYSHDR  arch/x86/include/generated/uapi/asm/unistd_64.h
python3.14-twisted>     test_runWithCompressionSpecified ...                                   [OK]
anime-game-launcher>    Compiling h2 v0.4.13
linux-cachyos-latest-x86_64-v3>   SYSHDR  arch/x86/include/generated/uapi/asm/unistd_x32.h
anime-game-launcher>    Compiling hashbrown v0.15.5
anime-game-launcher>    Compiling want v0.3.1
anime-game-launcher>    Compiling prost v0.14.3
linux-cachyos-latest-x86_64-v3>   SYSTBL  arch/x86/include/generated/asm/syscalls_32.h
anime-game-launcher>    Compiling icu_provider v2.2.0
linux-cachyos-latest-x86_64-v3>   SYSHDR  arch/x86/include/generated/asm/unistd_32_ia32.h
linux-cachyos-latest-x86_64-v3>   SYSHDR  arch/x86/include/generated/asm/unistd_64_x32.h
linux-cachyos-latest-x86_64-v3>   SYSTBL  arch/x86/include/generated/asm/syscalls_64.h
linux-cachyos-latest-x86_64-v3>   SYSTBL  arch/x86/include/generated/asm/syscalls_x32.h
linux-cachyos-latest-x86_64-v3>   HYPERCALLS arch/x86/include/generated/asm/xen-hypercalls.h
anime-game-launcher>    Compiling glib v0.20.12
linux-cachyos-latest-x86_64-v3>   HOSTCC  arch/x86/tools/relocs_32.o
anime-game-launcher>    Compiling icu_normalizer v2.2.0
anime-game-launcher>    Compiling icu_properties v2.2.0
noctalia> [159/825] Compiling C++ object libnoctalia_core.a.p/src_calendar_calendar_cache.cpp.o
anime-game-launcher>    Compiling zvariant_utils v3.3.0
python3.14-twisted>     test_runWithLogFile ...                                                [OK]
anime-game-launcher>    Compiling bzip2-sys v0.1.13+1.0.8
anime-game-launcher>    Compiling lzma-sys v0.1.20
anime-game-launcher>    Compiling gtk4-sys v0.9.6
anime-game-launcher>    Compiling wayland-sys v0.31.11
anime-game-launcher>    Compiling libloading v0.8.9
linux-cachyos-latest-x86_64-v3>   HOSTCC  arch/x86/tools/relocs_64.o
noctalia> [159/825] Compiling C++ object libnoctalia_core.a.p/src_calendar_calendar_cache.cpp.o
anime-game-launcher>    Compiling zvariant_derive v5.10.0
anime-game-launcher>    Compiling ident_case v1.0.1
anime-game-launcher>    Compiling fixedbitset v0.5.7
anime-game-launcher>    Compiling strsim v0.11.1
linux-cachyos-latest-x86_64-v3>   HOSTCC  arch/x86/tools/relocs_common.o
anime-game-launcher>    Compiling idna_adapter v1.2.1
linux-cachyos-latest-x86_64-v3>   HOSTLD  arch/x86/tools/relocs
python3.14-twisted>     test_runWithNoHostAlgorithmsSpecified ...                              [OK]
anime-game-launcher>    Compiling idna v1.1.0
anime-game-launcher>    Compiling autocfg v1.5.0
anime-game-launcher>    Compiling semver v1.0.28
anime-game-launcher>    Compiling fastrand v2.4.1
anime-game-launcher>    Compiling crc32fast v1.5.0
anime-game-launcher>    Compiling cpufeatures v0.3.0
anime-game-launcher>    Compiling zstd-safe v7.2.4
anime-game-launcher>    Compiling thiserror v1.0.69
anime-game-launcher>    Compiling parking v2.2.1
linux-cachyos-latest-x86_64-v3>   HOSTCC  arch/x86/tools/vdso2c
anime-game-launcher>    Compiling url v2.5.8
anime-game-launcher>    Compiling adler2 v2.0.1
noctalia> [160/825] Compiling C++ object libnoctalia_core.a.p/src_app_single_instance_lock.cpp.o
noctalia> [160/825] Compiling C++ object libnoctalia_core.a.p/src_app_single_instance_lock.cpp.o
anime-game-launcher>    Compiling rustc_version v0.4.1
anime-game-launcher>    Compiling miniz_oxide v0.8.9
anime-game-launcher>    Compiling memoffset v0.9.1
anime-game-launcher>    Compiling darling_core v0.20.11
noctalia> [161/825] Compiling C++ object libnoctalia_core.a.p/src_calendar_calendar_credential_store.cpp.o
anime-game-launcher>    Compiling petgraph v0.8.3
noctalia> [161/825] Compiling C++ object libnoctalia_core.a.p/src_calendar_calendar_credential_store.cpp.o
python3.14-twisted>     test_testFailure ...                                                   [OK]
python3.14-twisted>   OpenSSHClientForwardingTests
python3.14-twisted>     test_exec ...                                                     [SKIPPED]
python3.14-twisted>     test_localToRemoteForwarding ...                                  [SKIPPED]
python3.14-twisted>     test_localToRemoteForwardingV6 ...                                [SKIPPED]
python3.14-twisted>     test_remoteToLocalForwarding ...                                  [SKIPPED]
python3.14-twisted>   OpenSSHClientRekeyTests
python3.14-twisted>     test_clientRekey ...                                              [SKIPPED]
python3.14-twisted>   OpenSSHKeyExchangeTests
python3.14-twisted>     test_DH_GROUP14 ...                                               [SKIPPED]
python3.14-twisted>     test_DH_GROUP_EXCHANGE_SHA1 ...                                   [SKIPPED]
python3.14-twisted>     test_DH_GROUP_EXCHANGE_SHA256 ...                                 [SKIPPED]
python3.14-twisted>     test_ECDHSHA256 ...                                               [SKIPPED]
python3.14-twisted>     test_ECDHSHA384 ...                                               [SKIPPED]
python3.14-twisted>     test_ECDHSHA521 ...                                               [SKIPPED]
python3.14-twisted>     test_unsupported_algorithm ...                                    [SKIPPED]
python3.14-twisted>   StdioInteractingSessionTests
python3.14-twisted>     test_eofReceived ...                                                   [OK]
python3.14-twisted> twisted.conch.test.test_connection
python3.14-twisted>   CleanConnectionShutdownTests
python3.14-twisted>     test_serviceStoppedCausesLeftoverGlobalDeferredsToErrback ...          [OK]
python3.14-twisted>   ConnectionTests
python3.14-twisted>     test_CHANNEL_CLOSE ...                                                 [OK]
python3.14-twisted>     test_CHANNEL_DATA ...                                                  [OK]
python3.14-twisted>     test_CHANNEL_EOF ...                                                   [OK]
python3.14-twisted>     test_CHANNEL_EXTENDED_DATA ...                                         [OK]
python3.14-twisted>     test_CHANNEL_OPEN ...                                                  [OK]
python3.14-twisted>     test_CHANNEL_OPEN_CONFIRMATION ...                                     [OK]
python3.14-twisted>     test_CHANNEL_OPEN_FAILURE ...                                          [OK]
python3.14-twisted>     test_CHANNEL_REQUEST_FAILURE ...                                       [OK]
python3.14-twisted>     test_CHANNEL_REQUEST_SUCCESS ...                                       [OK]
python3.14-twisted>     test_CHANNEL_REQUEST_failure ...                                       [OK]
python3.14-twisted>     test_CHANNEL_REQUEST_success ...                                       [OK]
python3.14-twisted>     test_CHANNEL_WINDOW_ADJUST ...                                         [OK]
python3.14-twisted>     test_GLOBAL_REQUEST ...                                                [OK]
python3.14-twisted>     test_REQUEST_FAILURE ...                                               [OK]
python3.14-twisted>     test_REQUEST_SUCCESS ...                                               [OK]
python3.14-twisted>     test_adjustWindow ...                                                  [OK]
python3.14-twisted>     test_channelClosedCausesLeftoverChannelDeferredsToErrback ...          [OK]
python3.14-twisted>     test_getChannelWithAvatar ...                                          [OK]
python3.14-twisted>     test_gotGlobalRequestWithoutAvatar ...                                 [OK]
python3.14-twisted>     test_linkAvatar ...                                                    [OK]
python3.14-twisted>     test_lookupChannelError ...                                            [OK]
python3.14-twisted>     test_openChannel ...                                                   [OK]
python3.14-twisted>     test_sendClose ...                                                     [OK]
python3.14-twisted>     test_sendData ...                                                      [OK]
python3.14-twisted>     test_sendEOF ...                                                       [OK]
python3.14-twisted>     test_sendExtendedData ...                                              [OK]
python3.14-twisted>     test_sendGlobalRequest ...                                             [OK]
python3.14-twisted>     test_sendRequest ...                                                   [OK]
python3.14-twisted>     test_serviceStopped ...                                                [OK]
python3.14-twisted> twisted.conch.test.test_default
python3.14-twisted>   ConchOptionsParsing
python3.14-twisted>     test_host_key_algorithms ...                                           [OK]
python3.14-twisted>     test_macs ...                                                          [OK]
python3.14-twisted>   SSHUserAuthClientTests
python3.14-twisted>     test_agentGetPublicKey ...                                             [OK]
python3.14-twisted>     test_getGenericAnswers ...                                        [SKIPPED]
python3.14-twisted>     test_getPassword ...                                              [SKIPPED]
anime-game-launcher>    Compiling tempfile v3.27.0
python3.14-twisted>     test_getPasswordConchError ...                                    [SKIPPED]
python3.14-twisted>     test_getPasswordPrompt ...                                        [SKIPPED]
anime-game-launcher>    Compiling dlib v0.5.3
linux-cachyos-latest-x86_64-v3>   HOSTCC  scripts/dtc/dtc.o
python3.14-twisted>     test_getPrivateKey ...                                                 [OK]
noctalia> [162/825] Compiling C++ object libnoctalia_core.a.p/src_auth_pam_authenticator.cpp.o
anime-game-launcher>    Compiling prost-types v0.14.3
python3.14-twisted>     test_getPrivateKeyPassphrase ...                                       [OK]
python3.14-twisted>     test_getPublicKeyAgentFallback ...                                     [OK]
python3.14-twisted>     test_getPublicKeyBadKeyError ...                                       [OK]
python3.14-twisted>     test_getPublicKeyFromFile ...                                          [OK]
python3.14-twisted>     test_signDataWithAgent ...                                             [OK]
anime-game-launcher>    Compiling enumflags2 v0.7.12
python3.14-twisted> twisted.conch.test.test_endpoints
python3.14-twisted>   ExistingConnectionHelperTests
python3.14-twisted>     test_cleanupConnectionImmediately ...                                  [OK]
python3.14-twisted>     test_cleanupConnectionNotImmediately ...                               [OK]
python3.14-twisted>     test_interface ...                                                     [OK]
python3.14-twisted>     test_secureConnection ...                                              [OK]
anime-game-launcher>    Compiling unic-langid-macros v0.9.6
linux-cachyos-latest-x86_64-v3>   HOSTCC  scripts/dtc/flattree.o
python3.14-twisted>   ExistingConnectionTests
python3.14-twisted>     test_buildProtocol ...                                                 [OK]
anime-game-launcher>    Compiling thiserror-impl v1.0.69
python3.14-twisted>     test_channelOpenFailure ...                                            [OK]
anime-game-launcher>    Compiling regex v1.12.3
anime-game-launcher>    Compiling wayland-backend v0.3.15
linux-cachyos-latest-x86_64-v3>   HOSTCC  scripts/dtc/fstree.o
python3.14-twisted>     test_connectionLost ...                                                [OK]
anime-game-launcher>    Compiling md5-asm v0.5.2
anime-game-launcher>    Compiling concurrent-queue v2.5.0
linux-cachyos-latest-x86_64-v3>   HOSTCC  scripts/dtc/data.o
python3.14-twisted>     test_dataReceived ...                                                  [OK]
anime-game-launcher>    Compiling ahash v0.8.12
python3.14-twisted>     test_execCancelled ...                                                 [OK]
anime-game-launcher>    Compiling sync_wrapper v1.0.2
linux-cachyos-latest-x86_64-v3>   HOSTCC  scripts/dtc/livetree.o
python3.14-twisted>     test_execFailure ...                                                   [OK]
anime-game-launcher>    Compiling ipnet v2.12.0
python3.14-twisted>     test_makeConnection ...                                                [OK]
anime-game-launcher>    Compiling thiserror v2.0.18
python3.14-twisted>     test_nonZeroExitSignal ...                                             [OK]
anime-game-launcher>    Compiling tower-layer v0.3.3
anime-game-launcher>    Compiling multimap v0.10.1
noctalia> [163/825] Compiling C++ object libnoctalia_core.a.p/src_auth_fingerprint_authenticator.cpp.o
python3.14-twisted>     test_nonZeroExitStatus ...                                             [OK]
anime-game-launcher>    Compiling endi v1.1.1
noctalia> [162/825] Compiling C++ object libnoctalia_core.a.p/src_calendar_caldav_discovery.cpp.o
anime-game-launcher>    Compiling rustls v0.21.12
linux-cachyos-latest-x86_64-v3>   HOSTCC  scripts/dtc/treesource.o
anime-game-launcher>    Compiling base64 v0.21.7
anime-game-launcher>    Compiling zvariant v5.10.0
python3.14-twisted>     test_write ...                                                         [OK]
anime-game-launcher>    Compiling tower v0.5.3
anime-game-launcher>    Compiling event-listener v5.4.1
python3.14-twisted>     test_writeSequence ...                                                 [OK]
linux-cachyos-latest-x86_64-v3>   HOSTCC  scripts/dtc/srcpos.o
anime-game-launcher>    Compiling hyper v1.9.0
python3.14-twisted>     test_zeroExitCode ...                                                  [OK]
python3.14-twisted>   NewConnectionHelperTests
python3.14-twisted>     test_cleanupConnectionImmediately ...                                  [OK]
python3.14-twisted>     test_cleanupConnectionNotImmediately ...                               [OK]
python3.14-twisted>     test_defaultConsoleUI ...                                              [OK]
anime-game-launcher>    Compiling rustls-webpki v0.103.12
python3.14-twisted>     test_defaultKnownHosts ...                                             [OK]
python3.14-twisted>     test_defaultPath ...                                                   [OK]
python3.14-twisted>     test_defaultTTYFilename ...                                            [OK]
python3.14-twisted>     test_interface ...                                                     [OK]
python3.14-twisted>     test_nottyUI ...                                                       [OK]
python3.14-twisted>     test_readExisting ...                                                  [OK]
python3.14-twisted>     test_ttyConsoleUI ...                                                  [OK]
anime-game-launcher>    Compiling sct v0.7.1
noctalia> [164/825] Compiling C++ object libnoctalia_core.a.p/src_app_application_poll_sources.cpp.o
anime-game-launcher>    Compiling rustls-webpki v0.101.7
anime-game-launcher>    Compiling prost-build v0.14.3
linux-cachyos-latest-x86_64-v3>   HOSTCC  scripts/dtc/checks.o
anime-game-launcher>    Compiling rustls-pemfile v1.0.4
noctalia> [163/825] Compiling C++ object libnoctalia_core.a.p/src_calendar_caldav_client.cpp.o
python3.14-twisted>   NewConnectionTests
python3.14-twisted>     test_agentAuthentication ...                                           [OK]
noctalia> [164/825] Compiling C++ object libnoctalia_core.a.p/src_auth_pam_authenticator.cpp.o
anime-game-launcher>    Compiling unic-langid v0.9.6
python3.14-twisted>     test_authenticationFallback ...                                        [OK]
anime-game-launcher>    Compiling md-5 v0.10.6
python3.14-twisted>     test_buildProtocol ...                                                 [OK]
python3.14-twisted>     test_channelOpenFailure ...                                            [OK]
linux-cachyos-latest-x86_64-v3>   HOSTCC  scripts/dtc/util.o
python3.14-twisted>     test_connectionCancelledBeforeConnected ...                            [OK]
noctalia> [165/825] Compiling C++ object libnoctalia_core.a.p/src_calendar_caldav_client.cpp.o
anime-game-launcher>    Compiling hyper-util v0.1.20
anime-game-launcher>    Compiling field-offset v0.3.6
noctalia> [166/825] Compiling C++ object libnoctalia_core.a.p/src_config_atomic_file.cpp.o
python3.14-twisted>     test_connectionCancelledBeforeSecure ...                               [OK]
linux-cachyos-latest-x86_64-v3>   LEX     scripts/dtc/dtc-lexer.lex.c
anime-game-launcher>    Compiling darling_macro v0.20.11
linux-cachyos-latest-x86_64-v3>   YACC    scripts/dtc/dtc-parser.tab.[ch]
python3.14-twisted>     test_connectionClosedBeforeSecure ...                                  [OK]
linux-cachyos-latest-x86_64-v3>   HOSTCC  scripts/dtc/dtc-lexer.lex.o
python3.14-twisted>     test_connectionFailed ...                                              [OK]
python3.14-twisted>     test_connectionLost ...                                                [OK]
linux-cachyos-latest-x86_64-v3>   HOSTCC  scripts/dtc/dtc-parser.tab.o
python3.14-twisted>     test_dataReceived ...                                                  [OK]
python3.14-twisted>     test_defaultPort ...                                                   [OK]
anime-game-launcher>    Compiling webpki-roots v1.0.7
python3.14-twisted>     test_destination ...                                                   [OK]
python3.14-twisted>     test_execCancelled ...                                                 [OK]
anime-game-launcher>    Compiling thiserror-impl v2.0.18
anime-game-launcher>    Compiling inout v0.1.4
anime-game-launcher>    Compiling quick-xml v0.39.2
python3.14-twisted>     test_execFailure ...                                                   [OK]
python3.14-twisted>     test_interface ...                                                     [OK]
anime-game-launcher>    Compiling cpufeatures v0.2.17
noctalia> [165/825] Compiling C++ object libnoctalia_core.a.p/src_config_atomic_file.cpp.o
anime-game-launcher>    Compiling powerfmt v0.2.0
anime-game-launcher>    Compiling scoped-tls v1.0.1
anime-game-launcher>    Compiling ryu v1.0.23
python3.14-twisted>     test_loseConnection ...                                                [OK]
anime-game-launcher>    Compiling wayland-client v0.31.14
noctalia> [166/825] Compiling C++ object libnoctalia_core.a.p/src_auth_fingerprint_authenticator.cpp.o
anime-game-launcher>    Compiling scopeguard v1.2.0
anime-game-launcher>    Compiling downcast-rs v1.2.1
python3.14-twisted>     test_makeConnection ...                                                [OK]
anime-game-launcher>    Compiling crc-catalog v2.4.0
anime-game-launcher>    Compiling openssl-probe v0.1.6
anime-game-launcher>    Compiling iri-string v0.7.12
anime-game-launcher>    Compiling crc v3.4.0
anime-game-launcher>    Compiling lock_api v0.4.14
anime-game-launcher>    Compiling rustls-native-certs v0.6.3
python3.14-twisted>     test_mismatchedHostKey ...                                             [OK]
anime-game-launcher>    Compiling darling v0.20.11
noctalia> [167/825] Compiling C++ object libnoctalia_core.a.p/src_calendar_calendar_discovery_state.cpp.o
python3.14-twisted>     test_nonZeroExitSignal ...                                             [OK]
linux-cachyos-latest-x86_64-v3>   HOSTLD  scripts/dtc/dtc
anime-game-launcher>    Compiling wayland-scanner v0.31.10
anime-game-launcher>    Compiling serde_urlencoded v0.7.1
anime-game-launcher>    Compiling deranged v0.5.8
anime-game-launcher>    Compiling cipher v0.4.4
python3.14-twisted>     test_nonZeroExitStatus ...                                             [OK]
anime-game-launcher>    Compiling sophon-lib v0.1.6 (https://github.com/dawn-winery/sophon-tools.git?tag=v0.1.6#89f4a704)
anime-game-launcher>    Compiling zbus_names v4.3.1
anime-game-launcher>    Compiling xz2 v0.1.7
noctalia> [167/825] Compiling C++ object libnoctalia_core.a.p/src_calendar_caldav_discovery.cpp.o
linux-cachyos-latest-x86_64-v3>   HOSTCC  scripts/dtc/libfdt/fdt.o
python3.14-twisted>     test_passwordAuthenticationFailure ...                                 [OK]
anime-game-launcher>    Compiling crossbeam-epoch v0.9.18
noctalia> [168/825] Compiling C++ object libnoctalia_core.a.p/src_calendar_calendar_discovery_state.cpp.o
anime-game-launcher>    Compiling event-listener-strategy v0.5.4
linux-cachyos-latest-x86_64-v3>   HOSTCC  scripts/dtc/libfdt/fdt_ro.o
python3.14-twisted>     test_publicKeyAuthentication ...                                       [OK]
python3.14-twisted>     test_publicKeyAuthenticationFailure ...                                [OK]
anime-game-launcher>    Compiling cairo-rs v0.20.12
anime-game-launcher>    Compiling graphene-rs v0.20.10
linux-cachyos-latest-x86_64-v3>   HOSTCC  scripts/dtc/libfdt/fdt_wip.o
anime-game-launcher>    Compiling tower-http v0.6.8
anime-game-launcher>    Compiling chacha20 v0.10.0
linux-cachyos-latest-x86_64-v3>   HOSTCC  scripts/dtc/libfdt/fdt_sw.o
python3.14-twisted>     test_skipPasswordAuthentication ...                                    [OK]
python3.14-twisted>     test_specifiedPort ...                                                 [OK]
anime-game-launcher>    Compiling hmac v0.12.1
anime-game-launcher>    Compiling rand_core v0.9.5
noctalia> [169/825] Compiling C++ object libnoctalia_core.a.p/src_app_application_events.cpp.o
linux-cachyos-latest-x86_64-v3>   HOSTCC  scripts/dtc/libfdt/fdt_rw.o
anime-game-launcher>    Compiling ppv-lite86 v0.2.21
anime-game-launcher>    Compiling http-body-util v0.1.3
python3.14-twisted>     test_userRejectedHostKey ...                                           [OK]
noctalia> [170/825] Compiling C++ object libnoctalia_core.a.p/src_app_application_plugins.cpp.o
anime-game-launcher>    Compiling uuid v1.23.1
linux-cachyos-latest-x86_64-v3>   HOSTCC  scripts/dtc/libfdt/fdt_strerror.o
python3.14-twisted>     test_write ...                                                         [OK]
anime-game-launcher>    Compiling blake3 v1.8.4
anime-game-launcher>    Compiling libadwaita-sys v0.7.2
linux-cachyos-latest-x86_64-v3>   HOSTCC  scripts/dtc/libfdt/fdt_empty_tree.o
noctalia> [168/825] Compiling C++ object libnoctalia_core.a.p/src_app_application_poll_sources.cpp.o
anime-game-launcher>    Compiling bstr v1.12.1
python3.14-twisted>     test_writeSequence ...                                                 [OK]
linux-cachyos-latest-x86_64-v3>   HOSTCC  scripts/dtc/libfdt/fdt_addresses.o
python3.14-twisted>     test_zeroExitCode ...                                                  [OK]
python3.14-twisted> twisted.conch.test.test_filetransfer
python3.14-twisted>   ConstantsTests
python3.14-twisted>     test_constantsAgainstSpec ...                                          [OK]
python3.14-twisted>   FileTransferCloseTests
python3.14-twisted>     test_clientClosesChannelOnConnnection ...                              [OK]
python3.14-twisted>     test_sessionClose ...                                                  [OK]
python3.14-twisted>     test_stopConnectionServiceClosesChannel ...                            [OK]
python3.14-twisted>   OurServerOurClientTests
python3.14-twisted>     test_closedConnectionCancelsRequests ...                               [OK]
python3.14-twisted>     test_closedFileGetAttrs ...                                            [OK]
python3.14-twisted>     test_directoryBad ...                                                  [OK]
anime-game-launcher>    Compiling same-file v1.0.6
linux-cachyos-latest-x86_64-v3>   HOSTCC  scripts/dtc/libfdt/fdt_overlay.o
python3.14-twisted>     test_directoryCreation ...                                             [OK]
python3.14-twisted>     test_extendedRequest ...                                               [OK]
python3.14-twisted>     test_interface_implementation ...                                      [OK]
python3.14-twisted>     test_linkDoesntExist ...                                               [OK]
python3.14-twisted>     test_linkPath ...                                                      [OK]
python3.14-twisted>     test_linkSharesAttrs ...                                               [OK]
python3.14-twisted>     test_openDirectory ...                                                 [OK]
python3.14-twisted>     test_openDirectoryIteratorDeprecated ...                               [OK]
python3.14-twisted>     test_openFileAttributes ...                                            [OK]
python3.14-twisted>     test_openFileExtendedAttributes ...                                    [OK]
python3.14-twisted>     test_openFileIO ...                                                    [OK]
python3.14-twisted>     test_openFileSetAttrs ...                                              [OK]
anime-game-launcher>    Compiling byteorder v1.5.0
python3.14-twisted>     test_openedDirectoryClosedWithConnection ...                           [OK]
python3.14-twisted>     test_openedFileClosedWithConnection ...                                [OK]
python3.14-twisted>     test_removeFile ...                                                    [OK]
python3.14-twisted>     test_renameFile ...                                                    [OK]
noctalia> [171/825] Compiling C++ object libnoctalia_core.a.p/src_app_main_loop.cpp.o
python3.14-twisted>     test_serverVersion ...                                                 [OK]
python3.14-twisted>   RawPacketDataServerTests
python3.14-twisted>     test_closeInvalidHandle ...                                            [OK]
python3.14-twisted>   RawPacketDataTests
python3.14-twisted>     test_packetSTATUS ...                                                  [OK]
python3.14-twisted>     test_packetSTATUSShort ...                                             [OK]
python3.14-twisted>     test_packetSTATUSWithoutLang ...                                       [OK]
python3.14-twisted> twisted.conch.test.test_forwarding
python3.14-twisted>   TestSSHConnectForwardingChannel
python3.14-twisted>     test_channelOpenHostnameRequests ...                                   [OK]
python3.14-twisted> twisted.conch.test.test_helper
python3.14-twisted>   BufferTests
python3.14-twisted>     testColorAttributes ...                                                [OK]
python3.14-twisted>     testCursorBackward ...                                                 [OK]
python3.14-twisted>     testCursorDown ...                                                     [OK]
python3.14-twisted>     testCursorForward ...                                                  [OK]
python3.14-twisted>     testCursorPositioning ...                                              [OK]
python3.14-twisted>     testCursorUp ...                                                       [OK]
python3.14-twisted>     testEraseDisplay ...                                                   [OK]
python3.14-twisted>     testEraseLine ...                                                      [OK]
python3.14-twisted>     testEraseToDisplayBeginning ...                                        [OK]
python3.14-twisted>     testEraseToDisplayEnd ...                                              [OK]
anime-game-launcher>    Compiling tokio-rustls v0.26.4
python3.14-twisted>     testEraseToLineBeginning ...                                           [OK]
python3.14-twisted>     testEraseToLineEnd ...                                                 [OK]
python3.14-twisted>     testGraphicRendition ...                                               [OK]
python3.14-twisted>     testIndex ...                                                          [OK]
python3.14-twisted>     testInitialState ...                                                   [OK]
python3.14-twisted>     testInsert ...                                                         [OK]
python3.14-twisted>     testLineDeletion ...                                                   [OK]
python3.14-twisted>     testLineInsertion ...                                                  [OK]
python3.14-twisted>     testOvertype ...                                                       [OK]
python3.14-twisted>     testReverseIndex ...                                                   [OK]
python3.14-twisted>     testSaveCursor ...                                                     [OK]
python3.14-twisted>     testShifting ...                                                       [OK]
python3.14-twisted>     testSimpleWriting ...                                                  [OK]
python3.14-twisted>     testSingleShifts ...                                                   [OK]
python3.14-twisted>     testWritingInTheMiddle ...                                             [OK]
anime-game-launcher>    Compiling bumpalo v3.20.2
python3.14-twisted>     testWritingWrappedAtEndOfLine ...                                      [OK]
python3.14-twisted>     test_carriageReturn ...                                                [OK]
python3.14-twisted>     test_initialPrivateModes ...                                           [OK]
python3.14-twisted>     test_linefeed ...                                                      [OK]
python3.14-twisted>     test_newline ...                                                       [OK]
python3.14-twisted>     test_nextLine ...                                                      [OK]
python3.14-twisted>     test_resetPrivateModes ...                                             [OK]
python3.14-twisted>     test_setPrivateModes ...                                               [OK]
python3.14-twisted>   CharacterAttributeTests
python3.14-twisted>     test_equality ...                                                      [OK]
anime-game-launcher>    Compiling num-conv v0.2.1
python3.14-twisted>     test_wantOneDeprecated ...                                             [OK]
python3.14-twisted>   ExpectTests
python3.14-twisted>     testBrokenUpString ...                                                 [OK]
python3.14-twisted>     testMultiple ...                                                       [OK]
python3.14-twisted>     testMultipleSynchronous ...                                            [OK]
python3.14-twisted>     testOverlappingTimeout ...                                             [OK]
python3.14-twisted>     testSimpleString ...                                                   [OK]
python3.14-twisted>     testSynchronous ...                                                    [OK]
python3.14-twisted>     testTimeoutFailure ...                                                 [OK]
python3.14-twisted> twisted.conch.test.test_insults
python3.14-twisted>   ClientControlSequencesTests
python3.14-twisted>     testCharacterSet ...                                                   [OK]
python3.14-twisted>     testCursor ...                                                         [OK]
python3.14-twisted>     testCursorPosition ...                                                 [OK]
python3.14-twisted>     testErasure ...                                                        [OK]
python3.14-twisted>     testHeightAndWidth ...                                                 [OK]
python3.14-twisted>     testIndex ...                                                          [OK]
python3.14-twisted>     testKeypadMode ...                                                     [OK]
python3.14-twisted>     testLineDeletion ...                                                   [OK]
python3.14-twisted>     testLineInsertion ...                                                  [OK]
python3.14-twisted>     testModes ...                                                          [OK]
python3.14-twisted>     testReset ...                                                          [OK]
python3.14-twisted>     testScrollRegion ...                                                   [OK]
python3.14-twisted>     testShifting ...                                                       [OK]
python3.14-twisted>     testSimpleCardinals ...                                                [OK]
python3.14-twisted>     testSingleShifts ...                                                   [OK]
python3.14-twisted>     test_applicationDataBytes ...                                          [OK]
python3.14-twisted>     test_cursorBackwardAfterApplicationData ...                            [OK]
python3.14-twisted>     test_escapeAfterApplicationData ...                                    [OK]
python3.14-twisted>     test_shiftInAfterApplicationData ...                                   [OK]
python3.14-twisted>     test_shiftOutAfterApplicationData ...                                  [OK]
python3.14-twisted>   ClientCursorMovementTests
python3.14-twisted>     testBytePairs ...                                                      [OK]
python3.14-twisted>     testByteQuads ...                                                      [OK]
python3.14-twisted>     testByteQuints ...                                                     [OK]
python3.14-twisted>     testByteSexes ...                                                      [OK]
python3.14-twisted>     testByteTriples ...                                                    [OK]
python3.14-twisted>   PrintableCharactersTests
python3.14-twisted>     testBytePairs ...                                                      [OK]
python3.14-twisted>     testByteQuads ...                                                      [OK]
python3.14-twisted>     testByteQuints ...                                                     [OK]
python3.14-twisted>     testByteSexes ...                                                      [OK]
python3.14-twisted>     testByteTriples ...                                                    [OK]
python3.14-twisted>   ServerArrowKeysTests
python3.14-twisted>     testBytePairs ...                                                      [OK]
python3.14-twisted>     testByteQuads ...                                                      [OK]
python3.14-twisted>     testByteQuints ...                                                     [OK]
python3.14-twisted>     testByteSexes ...                                                      [OK]
python3.14-twisted>     testByteTriples ...                                                    [OK]
python3.14-twisted>   ServerFunctionKeysTests
python3.14-twisted>     testBytePairs ...                                                      [OK]
python3.14-twisted>     testByteQuads ...                                                      [OK]
python3.14-twisted>     testByteQuints ...                                                     [OK]
python3.14-twisted>     testByteSexes ...                                                      [OK]
error: build of '/nix/store/2j3vpw8cj4lnbfmx0wb1w6zmqvpfvifs-qdrant-1.18.1-vendor-staging.drv' on 'ssh-ng://j_kro@nexus' failed: hash mismatch in fixed-output derivation '/nix/store/2j3vpw8cj4lnbfmx0wb1w6zmqvpfvifs-qdrant-1.18.1-vendor-staging.drv':
           likely URL: (unknown)
            specified: sha256-QG4HMADZmOu5ilFZBqogdrwBaBegoqNP9GvsDddUYbs=
                  got: sha256-nYW1vZzDg2atNLqROFhzKLh0v6aZHoYKUeNNTb82tr4=
        expected path: /nix/store/hyfw6r48irl418ajs49919cjjv4jjqad-qdrant-1.18.1-vendor-staging
             got path: /nix/store/jzga6z37sjak4bj8gmavcvpkx17rrcq1-qdrant-1.18.1-vendor-staging
error: builder for '/nix/store/2j3vpw8cj4lnbfmx0wb1w6zmqvpfvifs-qdrant-1.18.1-vendor-staging.drv' failed on remote builder
error: 1 dependencies of derivation '/nix/store/j9igv04s08hsa9xlm2d6bs2hplix4f29-qdrant-1.18.1-vendor.drv' failed to build
error: 1 dependencies of derivation '/nix/store/c9jjcq1i8vmqndk99xb6kbh3aay8hn18-qdrant-1.18.1.drv' failed to build
error: 1 dependencies of derivation '/nix/store/mzw9bha86zr2lfsrpnhanbmd9k6lm9bi-unit-qdrant.service.drv' failed to build
error: 1 dependencies of derivation '/nix/store/c5i5pxbxf9rvixc3543bcbq9i5xpggwk-system-units.drv' failed to build
error: 1 dependencies of derivation '/nix/store/60sm6mdf94i390dcg4r3z6bcmzvbsnsv-etc.drv' failed to build
error: 1 dependencies of derivation '/nix/store/wjl0vdxs48xck26qy3px2dd8fyjbz6k6-activate.drv' failed to build
error: 1 dependencies of derivation '/nix/store/5rwmggr1mk6r5m39s6l8542jpyj8xzsw-nixos-system-zephyr-26.11.20260730.1559d3d.drv' failed to build
