fetching git input 'git+file:///data/projects/own/nixos-config-338'
warning: input 'flake-parts' has an override for a non-existent input 'nixpkgs'
these 7 derivations will be built:
  /nix/store/5ii6j24ajmffvy2q1rgjbjsgnhff5vxl-home-manager-path.drv
  /nix/store/i85dfbygsw8bxisziich5443r03h94cl-man-paths.drv
  /nix/store/blrvgrhrgnsmbvrh6l14v35670rhbixq-man-cache.drv
  /nix/store/9285bgpawqfqjfhxi6r889wvy5p6lkx7-hm_.manpath.drv
  /nix/store/brahm09lb0852gpxc2a1hp0962q7q1gj-home-manager-files.drv
  /nix/store/l17krqgh2j2szz6yryzk0y20a63xf3l3-activation-script.drv
  /nix/store/05rvjnj6lsdwgi3bn1vn1mp8cd47ql8n-home-manager-generation.drv
building '/nix/store/i85dfbygsw8bxisziich5443r03h94cl-man-paths.drv' on 'ssh-ng://j_kro@sentry'...
copying path '/nix/store/01j633bb0czciw8y4gz8ggy7qsal6xjm-python3.14-h11-0.16.0' from 'https://cache.nixos.org'...
copying path '/nix/store/0cpyz55qw6yasvamki5bwxzqb8wc419z-python3.14-pycparser-3.00' from 'https://cache.nixos.org'...
copying path '/nix/store/2740ksv6cpz7bflhh28xfg9ifzqdx36m-gmp-6.3.0' from 'https://cache.nixos.org'...
copying path '/nix/store/868g1ynnfc1yasyab2pidxmnrdgsp58j-libxcrypt-4.5.2-man' from 'https://cache.nixos.org'...
copying path '/nix/store/8rplx9yaq9n2hi97ac2asgg5a9lvf0s3-heroic-2.22.0-fhsenv-profile' from 'https://cache.nixos.org'...
copying path '/nix/store/9kjrfgpc1pzvvhfs21k9z6z25r2ix6z2-libqrtr-glib-1.2.2' from 'https://cache.nixos.org'...
copying path '/nix/store/009j5s94vyq61d40k40qm8vkf9xv45kp-dhcpcd-10.3.2' from 'https://cache.nixos.org'...
copying path '/nix/store/41d305g3x8bl0ab5d2hwja7h2r3kq8c5-nbytes-0.1.4' from 'https://cache.nixos.org'...
copying path '/nix/store/dikzgw0kinvli9fdhv7qxqbbmirilbn3-gnu-config-2024-01-01' from 'https://cache.nixos.org'...
copying path '/nix/store/przw0xf8cci4fa5gs421mcjr6yjfnpxr-xorg-locale' from 'https://cache.nixos.org'...
copying path '/nix/store/hdbl8j505nahvj9588k19a9gdr53mhrd-libmbim-1.34.0' from 'https://cache.nixos.org'...
copying path '/nix/store/gdmk2ngshfan1sh2yb77539linmz8lix-libudev0-shim-1' from 'https://cache.nixos.org'...
copying path '/nix/store/vz40xydgjfc6b886pn2y0a7gab3b9b9s-openresolv-3.17.4' from 'https://cache.nixos.org'...
copying path '/nix/store/86jz91q2m6czjm2dcpjl99bwrw5r88i9-python3.14-attrs-26.1.0' from 'https://cache.nixos.org'...
copying path '/nix/store/7mczr0s07dl8fdic9h4gwr96ykd3hqbw-python3.14-filelock-3.29.7' from 'https://cache.nixos.org'...
copying path '/nix/store/cx0c4kmfa7mfzqrlap6p5j22l42g243n-python3.14-pyzstd-0.19.1' from 'https://cache.nixos.org'...
copying path '/nix/store/787d3w8gcrcz2sbf79dd1sidkq4v3vfm-python3.14-requests-futures-1.0.2' from 'https://cache.nixos.org'...
copying path '/nix/store/6lzjfzzi5yz15xfi8qw4l75hyk0ybg0i-nghttp3-1.16.0-dev' from 'https://cache.nixos.org'...
copying path '/nix/store/j5r2kzhzb2x8avna8rb21xq7dxrrr6wv-gnutar-1.35' from 'https://cache.nixos.org'...
copying path '/nix/store/7z296rfjlnakkw6yjdvmhh1m2z3fil7n-python3.14-aiohappyeyeballs-2.7.1' from 'https://cache.nixos.org'...
copying path '/nix/store/8n6vl8g6p1c2zb9zb9hvlr708ihq61r5-libedit-20260508-3.1' from 'https://cache.nixos.org'...
copying path '/nix/store/ybwbyznli4kn7bvs21zwm5m5bg5pzadr-lutris-0.5.22-init' from 'https://cache.nixos.org'...
copying path '/nix/store/79lc6an9zq6bdl1a3h7g4yhn8yjp6gsr-python3.14-multidict-6.7.1' from 'https://cache.nixos.org'...
copying path '/nix/store/m1v66dhpvwk9jxpid0a3sc8p5jsg5ik4-mobile-broadband-provider-info-20240407' from 'https://cache.nixos.org'...
copying path '/nix/store/bgmncmzskxj8ab5q669cnmv4658kq7ss-usbutils-019' from 'https://cache.nixos.org'...
copying path '/nix/store/m2fdh0q8vwi2q9zjnivq5s68nnq5768h-mobile-broadband-provider-info-20240407' from 'https://cache.nixos.org'...
copying path '/nix/store/hwkp0y8nskmgbj02cnx97mny42vkn9bv-dhcpcd-10.3.2' from 'https://cache.nixos.org'...
copying path '/nix/store/991xcw4z3jnbq4rz0ifqcc8rysc69gar-vulkan-helper-0-unstable-2023-12-22' from 'https://cache.nixos.org'...
copying path '/nix/store/h3amhrsfhhig9j46xfinfvy5fzxv3lik-libndp-1.9' from 'https://cache.nixos.org'...
copying path '/nix/store/f6q6ksf9zxbhdjcw70jswrm15r3jsfwi-python3.14-cbor2-6.1.3' from 'https://cache.nixos.org'...
copying path '/nix/store/7xiij6c9b1vnnlr8n3nrzjmvh7ka43vl-ngtcp2-1.23.0-dev' from 'https://cache.nixos.org'...
copying path '/nix/store/6jvnsx7q7lyy5aqzx2dgyj5hm4xib2q6-ed-1.22.5' from 'https://cache.nixos.org'...
copying path '/nix/store/dzgap6zi80ax7lh3pgyfy7n301p40fdf-ppp-2.5.2' from 'https://cache.nixos.org'...
copying path '/nix/store/7b56riziw34vadk66i53zi9q0cb232ys-glibc-multi-2.42-67-bin' from 'https://cache.nixos.org'...
copying path '/nix/store/7p15w24cxiahjgm6ckd51ij4hwbaj07r-iputils-20250605' from 'https://cache.nixos.org'...
copying path '/nix/store/fnq8fmvrv0jl376n3rg92w0wjnj1d04j-python3.14-pycryptodomex-3.23.0' from 'https://cache.nixos.org'...
copying path '/nix/store/bvg6lb9pmsn4rs2nkl5krar134l5l2ni-libnfnetlink-1.0.2' from 'https://cache.nixos.org'...
copying path '/nix/store/9vsnj2cnznhfbad3h9sq6vqdp6dx2x77-python3.14-zstandard-0.25.0' from 'https://cache.nixos.org'...
copying path '/nix/store/q1iv11cgazcazrb0zs20hws1c8n81wf8-heroic-2.22.0-init' from 'https://cache.nixos.org'...
copying path '/nix/store/mxh873jns2x75ji7xrs8sk3f1xmaqy70-iputils-20250605' from 'https://cache.nixos.org'...
copying path '/nix/store/sfmryj9ycfd929295ak6qh23zig24blz-umu-launcher-1.4.4-fhsenv-profile' from 'https://cache.nixos.org'...
copying path '/nix/store/nn5bl9zs09zb4qrlj9f0myj21mrvkkmv-starship-1.26.0' from 'https://cache.nixos.org'...
copying path '/nix/store/fvf2k0ghrk2y2zxh83vrk88n8mhxg15c-groff-1.24.1' from 'https://cache.nixos.org'...
copying path '/nix/store/3i7gmy9m9kmigwpaxsp0507is073klhn-c-ares-1.34.8' from 'https://cache.nixos.org'...
copying path '/nix/store/v12aws0xnmcaxhv9j032d2gpxlqzb3sw-libuv-1.52.1-dev' from 'https://cache.nixos.org'...
copying path '/nix/store/q40zmh73qizzvak0zp38k79lzpx6fg54-simdutf-6.5.0' from 'https://cache.nixos.org'...
copying path '/nix/store/vn96iay9wd9jy57jgd3a226cp7mmh1jy-libnl-3.12.0' from 'https://cache.nixos.org'...
copying path '/nix/store/qn2hp5flh5cjppbxkdpw4ygy8s7kyf63-simdjson-4.6.4' from 'https://cache.nixos.org'...
copying path '/nix/store/0wvz9ga48f38xc5rlfiilw7wy91496vv-merve-1.2.2' from 'https://cache.nixos.org'...
copying path '/nix/store/ppij0kypm8b81lwj9c9yjnw4xdp6c7bi-hdrhistogram_c-0.11.10' from 'https://cache.nixos.org'...
copying path '/nix/store/0mfd7p4r3vpykjbnj5mxf9xlkbm4div9-python3.14-brotli-1.2.0' from 'https://cache.nixos.org'...
copying path '/nix/store/w49qa12l3qizfhhk15dj610cf9pnm189-usbutils-019-man' from 'https://cache.nixos.org'...
copying path '/nix/store/w6ki67c2i1099mii9vwavgzzm1v18f3m-file-5.48-man' from 'https://cache.nixos.org'...
copying path '/nix/store/3npsgs0d71wqn51czzbxc19bj1xsm8gv-c-ares-1.34.8' from 'https://cache.nixos.org'...
copying path '/nix/store/w5rsmvy2fcp7lrnn6y73zgf1rsjk6wn0-file-5.48' from 'https://cache.nixos.org'...
copying path '/nix/store/vq7flrnfhcyrig21v6kfqpdggsklwdn1-slang-2.3.3' from 'https://cache.nixos.org'...
copying path '/nix/store/xrj3v3k9v5hvx3vl0jgfp5if3syqgh8g-gnumake-4.4.1' from 'https://cache.nixos.org'...
copying path '/nix/store/y80i8ia3pkmna6la5l7bgmd81jfxgl2p-duktape-2.7.0' from 'https://cache.nixos.org'...
copying path '/nix/store/d112fq2i981xp27dl2knd6p5vwdx88il-gogdl-1.2.2' from 'https://cache.nixos.org'...
copying path '/nix/store/yj7apqxfkhjysgkc70mlwpmys1jyrxbk-llhttp-9.4.2' from 'https://cache.nixos.org'...
copying path '/nix/store/ynh169wg29348zmskfp5vfyb2nj0fk6r-python3.14-json5-0.13.0' from 'https://cache.nixos.org'...
copying path '/nix/store/zvgf90k3k6sk8sga6lgm2pi0492fq9x7-openresolv-3.17.4' from 'https://cache.nixos.org'...
copying path '/nix/store/hvhjda48m17gfrlb50bfxp0r1r1klmpi-gtest-1.17.0-dev' from 'https://cache.nixos.org'...
copying path '/nix/store/hz4s8wgk9qk9vbl3zx73qrvkg9y0r733-networkmanager-1.56.0-man' from 'https://cache.nixos.org'...
copying path '/nix/store/zs1vaw383qm9jagy3ybnwc8w8ld9jb2m-libnfnetlink-1.0.2' from 'https://cache.nixos.org'...
copying path '/nix/store/3wrd1qm4idkynhg1cnvqcv5vcnww26px-python3.14-propcache-0.5.2' from 'https://cache.nixos.org'...
copying path '/nix/store/a1a4rk1wwsris65bfiw3abfa53ih93hq-python3.14-pycryptodome-3.23.0' from 'https://cache.nixos.org'...
copying path '/nix/store/0paxkxsq5ql3pv02jfkp78dqfrk8570h-libndp-1.9' from 'https://cache.nixos.org'...
copying path '/nix/store/jxf9nvwn7hjpg4qycs4cjys91dlhcfdy-fish-4.8.1-doc' from 'https://cache.nixos.org'...
copying path '/nix/store/f13cgj4sypbjrwwpshfc2x4fd11is8dp-patchelf-0.15.2' from 'https://cache.nixos.org'...
copying path '/nix/store/03dld0nv8r2m3wpcyp26n8qpxhn6cqry-libev-4.33' from 'https://cache.nixos.org'...
copying path '/nix/store/jv25zss311mp46k3gj0lsm14gl2ymhcp-comet-gog-0.2.0' from 'https://cache.nixos.org'...
copying path '/nix/store/27724psjmd8fg7aa0g15nn26gyrpnkhh-python3.14-platformdirs-4.10.0' from 'https://cache.nixos.org'...
copying path '/nix/store/0lx5qpazg2vvm0d9vfcc5di41mgd4wyv-libpipeline-1.5.8' from 'https://cache.nixos.org'...
copying path '/nix/store/k0vd8fcm069sz51w41lwhzcazs1hd70g-libmnl-1.0.5' from 'https://cache.nixos.org'...
copying path '/nix/store/kdgh559d7274364xhk2gc9yyf02pxjwr-python3.14-six-1.17.0' from 'https://cache.nixos.org'...
copying path '/nix/store/cpdfyr6q2fj9vszq3m6p4290y0lxa9ws-libmnl-1.0.5' from 'https://cache.nixos.org'...
copying path '/nix/store/5ylm584hmqi7k9v34qbxva08bkhns0zv-python3.14-pyopenssl-26.3.0' from 'https://cache.nixos.org'...
copying path '/nix/store/5v7pxrfn8cwga579n5rhlr0zbd4s4s4j-python3.14-httpcore-1.0.9' from 'https://cache.nixos.org'...
copying path '/nix/store/1w7mfna4bvmpc0m183wl1j72m2n3hjxz-getopt-1.1.6' from 'https://cache.nixos.org'...
copying path '/nix/store/bx0a1ijcg9ss307lrizi1cavyfs4s2g5-diffutils-3.12' from 'https://cache.nixos.org'...
copying path '/nix/store/nic79xr4r6i43m7bap07jyn64hw7i5jj-python3.14-anyio-4.14.2' from 'https://cache.nixos.org'...
copying path '/nix/store/przm552w4q2ifhzjlf696vhgirhc6n5l-python3.14-xxhash-3.8.1' from 'https://cache.nixos.org'...
copying path '/nix/store/kqzhdbbfhl374ln9ph7acpddc27n0w67-speech-dispatcher-0.12.1' from 'https://cache.nixos.org'...
copying path '/nix/store/lzbjb8p76l6h03waijkpvc9sgixpzhxg-glibc-2.42-67-bin' from 'https://cache.nixos.org'...
copying path '/nix/store/5z5xz9jwvpkzchqm5na62s4mxbvrd8xg-python3.14-frozenlist-1.8.0' from 'https://cache.nixos.org'...
copying path '/nix/store/wkyl6bvcp2dcw1in5qhqrq1dbvrwi193-update-autotools-gnu-config-scripts-hook' from 'https://cache.nixos.org'...
copying path '/nix/store/y2k47wj3m2fa6id0j2fsvm2x9rm5bwc3-python3.14-cffi-2.1.0' from 'https://cache.nixos.org'...
copying path '/nix/store/8gilpf039i4kmafww1sffqc8ipgpgry8-isl-0.20' from 'https://cache.nixos.org'...
copying path '/nix/store/x5fbmi7cq6h3x5b7pz3mb3nlwpiw4aw6-mpfr-4.2.2' from 'https://cache.nixos.org'...
copying path '/nix/store/0wr9wdw3ifp5g3q545m8jbhn9qdg12jl-libqmi-1.38.0' from 'https://cache.nixos.org'...
copying path '/nix/store/xbdvi1a0mqzml869i0123pylhgjdyqi5-patch-2.8' from 'https://cache.nixos.org'...
copying path '/nix/store/0zj6s2cz3rklkldys7r6ykc9nq7bgrfw-c-ares-1.34.8-dev' from 'https://cache.nixos.org'...
copying path '/nix/store/kainya428kcn6al4r2wg0n2z91qbl723-uvwasi-0.0.23' from 'https://cache.nixos.org'...
copying path '/nix/store/bb855dmdc6aybfj8m4r56awvzb117c48-libpcap-1.10.6-lib' from 'https://cache.nixos.org'...
copying path '/nix/store/7zw2xgj4phwm4w5ibwlgqb1jzlc7f0w9-llhttp-9.4.2-dev' from 'https://cache.nixos.org'...
copying path '/nix/store/y6x9m5csgrssmcka561hin1s3kqjckn7-python3.14-yarl-1.24.2' from 'https://cache.nixos.org'...
copying path '/nix/store/9hycn2p5sg5dbrzvh1papiivf6k7nxpp-polkit-127' from 'https://cache.nixos.org'...
copying path '/nix/store/33x0z4bmggxn6zfyvmphiy63vl0vfldq-newt-0.52.24' from 'https://cache.nixos.org'...
copying path '/nix/store/qbjx1mvg3cb83inb5ziqpa4srhfm52h6-nghttp2-1.69.0' from 'https://cache.nixos.org'...
copying path '/nix/store/8zqlm4sf16vym600f0nymms4zncbsv6a-python3.14-python-xlib-0.33' from 'https://cache.nixos.org'...
copying path '/nix/store/3612i1xwgqd92nm48dpcd3yhm8gfnvk5-ethtool-7.0' from 'https://cache.nixos.org'...
copying path '/nix/store/vwgpcnf8pz2n7s6n54wp517mj23nx643-lsb_release' from 'https://cache.nixos.org'...
copying path '/nix/store/8plx2f70g6r7r8xg5cmdv343h50kf2l6-ethtool-7.0' from 'https://cache.nixos.org'...
copying path '/nix/store/lb5yk7g3rvz2jb36xab8n9wfb47wp1al-libnftnl-1.3.1' from 'https://cache.nixos.org'...
copying path '/nix/store/pcmbirvavsaqrhsahs0h472m2dki0vq4-libnftnl-1.3.1' from 'https://cache.nixos.org'...
copying path '/nix/store/mihhfivqpzrmzyciwlm18k2lm4q4qhwr-python3.14-aiosignal-1.4.0' from 'https://cache.nixos.org'...
copying path '/nix/store/szhy81v88kxa5911631f173ss9kgmfk0-electron-unwrapped-41.10.3' from 'https://cache.nixos.org'...
copying path '/nix/store/n0h4z5rxjhr3j4bgnkyy8xnd1xqpip70-stdenv-linux-no-cc' from 'https://cache.nixos.org'...
copying path '/nix/store/wwyh9vcsfqz2lr0msjncbsc8yvqs6h3z-libnetfilter_conntrack-1.1.1' from 'https://cache.nixos.org'...
copying path '/nix/store/ha3fvib388l9fm2pvy60ir2y0rhpi9na-libnetfilter_conntrack-1.1.1' from 'https://cache.nixos.org'...
copying path '/nix/store/c9ryi030mqnksqnrsmhkfk80h22j7msa-libmpc-1.4.1' from 'https://cache.nixos.org'...
copying path '/nix/store/4ccy0cq8mbgy420mvgzplcfjvhhc83vd-python3.14-httpx-0.28.1' from 'https://cache.nixos.org'...
copying path '/nix/store/dm2nlwr477x2gl5wjjaicxps4qygipci-python3.14-cryptography-49.0.0' from 'https://cache.nixos.org'...
copying path '/nix/store/3zwfwzpwbs5xxp5dq1dmjg8f63da07hf-ppp-2.5.2' from 'https://cache.nixos.org'...
copying path '/nix/store/1zkgzggf37g1j5d5wafmmg9xx1qv9824-legendary-heroic-0.20.43' from 'https://cache.nixos.org'...
copying path '/nix/store/ynl7abilrdfnbnlyxkzcw2vrhh55wqfm-python3.14-pycares-5.0.1' from 'https://cache.nixos.org'...
copying path '/nix/store/0r02g7d3lf6jskghnny0gbd8pwq2kmr9-man-db-2.13.1' from 'https://cache.nixos.org'...
copying path '/nix/store/naad5nln6qpkfqjlz9qww1i5n1jdh21d-ldconfig' from 'https://cache.nixos.org'...
copying path '/nix/store/xwsnjdhnn6gcmx8l7f2b963fgkkrg974-iptables-1.8.13-lib' from 'https://cache.nixos.org'...
copying path '/nix/store/ci6pnqpfgn1q46fd7hajjjyhdjph5wkf-iptables-1.8.13-lib' from 'https://cache.nixos.org'...
copying path '/nix/store/vzy3vb2ac0z6kdn0m6qmm2cgg88b444f-nghttp2-1.69.0-dev' from 'https://cache.nixos.org'...
copying path '/nix/store/cmjirs6g57ddbyjglwic2g2cjrwy3ppr-gcc-15.3.0' from 'https://cache.nixos.org'...
copying path '/nix/store/8r4gm9ddiqqx7b9a40b07yf5d318684y-nile-1.2.0' from 'https://cache.nixos.org'...
copying path '/nix/store/p8hbhn8hdqz5p3a7y6dvi1y1x8nriybl-nodejs-slim-24.18.0' from 'https://cache.nixos.org'...
copying path '/nix/store/7xx0ajkbdksbw7pqwhdwci6lwaj5czc0-python3.14-aiodns-4.0.4' from 'https://cache.nixos.org'...
building '/nix/store/5ii6j24ajmffvy2q1rgjbjsgnhff5vxl-home-manager-path.drv' on 'ssh-ng://j_kro@nexus'...
copying path '/nix/store/3v5hd3z6a2kkfyj9j7ki4qlqhcqv9jbi-nftables-1.1.6' from 'https://cache.nixos.org'...
copying path '/nix/store/1gq08v90cj73g2qycmz1vs5dyknqxfjp-iptables-1.8.13' from 'https://cache.nixos.org'...
copying path '/nix/store/xvl69dm1yww3sqqgwwarfn81s0f5j0jb-iptables-1.8.13' from 'https://cache.nixos.org'...
copying path '/nix/store/4grbh341mhr04vfz9wm1kjv1x2rpwgvw-nftables-1.1.6' from 'https://cache.nixos.org'...
copying path '/nix/store/83cnqxl545r5llak7xr4i0caskgdw8k4-python3.14-aiohttp-3.14.1' from 'https://cache.nixos.org'...
copying path '/nix/store/dfvmv4xsym6d57pzbhkvbza26q7mf9c9-fish-4.8.1' from 'https://cache.nixos.org'...
copying path '/nix/store/yrwk5rz04wlwkwcwhq1ckfp5m91h5zvx-dnsmasq-2.93' from 'https://cache.nixos.org'...
copying path '/nix/store/xsyv9my85fqyxivldx8vgc8jvmxnrfsj-python3.14-trustme-1.2.1' from 'https://cache.nixos.org'...
copying path '/nix/store/1cwxgg6xdcgn8n7a0swf0xrhdzzhzwc5-python3.14-pyopenssl-26.3.0-dev' from 'https://cache.nixos.org'...
copying path '/nix/store/4h6vdvp6z4x7idjinampjr8pqcydfqjb-dnsmasq-2.93' from 'https://cache.nixos.org'...
copying path '/nix/store/160fh1w4i6ypbnbd5cx3504xp14i5g2x-networkmanager-1.56.0' from 'https://cache.nixos.org'...
copying path '/nix/store/kynk3pixx4vzzgsypdzs6f06rsb2llwr-heroic-2.22.0' from 'https://cache.nixos.org'...
copying path '/nix/store/ansacdzlvb7sz3pm4kkmyfvh4k4lxkwl-opencode-1.18.9' from 'https://cache.nixos.org'...
copying path '/nix/store/8l88nfh2c304c30n5mg0qnpgrx7mg1k7-fastfetch-unwrapped-2.66.0' from 'https://cache.nixos.org'...
copying path '/nix/store/i2lwcyni64nrbqmxwdgjni51ng0nmbhz-vkbasalt-0.3.2.10' from 'https://cache.nixos.org'...
copying path '/nix/store/kdfc922z24wnsch84b4zn0jrgpxbqi7v-python3.14-truststore-0.10.4' from 'https://cache.nixos.org'...
copying path '/nix/store/61v0l06n2hgxb8qmcz2nyw91pspc28d3-vkbasalt-0.3.2.10' from 'https://cache.nixos.org'...
copying path '/nix/store/3dk7yidbkd76bgpjqsba3lj8im59j93l-fastfetch-2.66.0' from 'https://cache.nixos.org'...
copying path '/nix/store/m9j3fq5hak4a7a33dhxkm0hi6g5fhc12-python3.14-umu-launcher-unwrapped-1.4.4' from 'https://cache.nixos.org'...
copying path '/nix/store/y5w92pp7046cg8sajysrhrj8fmcbln07-modemmanager-1.24.2' from 'https://cache.nixos.org'...
copying path '/nix/store/iqqdfivskmacgk1srdzz9hps93yvnb1g-umu-launcher-1.4.4-init' from 'https://cache.nixos.org'...
copying 2 paths...
copying path '/nix/store/4149lj683yw6x31v6ww6xhnv0agz0zww-freebuff-desktop-0.0.42-bwrap' to 'ssh-ng://j_kro@nexus'...
copying path '/nix/store/b9yx1bx9i7s2rnx03lxd2skcax07zhhz-freebuff-desktop-0.0.42' to 'ssh-ng://j_kro@nexus'...
copying path '/nix/store/l8z30pi7zc4j043v2nsz7frwqffs7s8z-networkmanager-1.56.0' from 'https://cache.nixos.org'...
building '/nix/store/5ii6j24ajmffvy2q1rgjbjsgnhff5vxl-home-manager-path.drv'...
home-manager-path> structuredAttrs is enabled
copying path '/nix/store/fjbn9822xa58wn9g5p3zi1gyp34b1by8-umu-launcher-1.4.4-fhsenv-rootfs' from 'https://cache.nixos.org'...
home-manager-path> created 1348 symlinks in user environment
copying 1 paths...
copying path '/nix/store/z33g0f90z47iy7ig0dk7f0hfa1nxxapx-home-manager-path' from 'ssh-ng://j_kro@nexus'...
building '/nix/store/l17krqgh2j2szz6yryzk0y20a63xf3l3-activation-script.drv' on 'ssh-ng://j_kro@nexus'...
copying 1 paths...
copying path '/nix/store/dgws315vcc4ws71py4fh4aw9zpy93xb7-check-link-targets.sh' to 'ssh-ng://j_kro@nexus'...
building '/nix/store/l17krqgh2j2szz6yryzk0y20a63xf3l3-activation-script.drv'...
copying 1 paths...
copying path '/nix/store/7hw8q0i7mzn9lnlx7ra5pan9q4nb8wv1-activation-script' from 'ssh-ng://j_kro@nexus'...
copying path '/nix/store/g7lyz5079z17v74l3bz1iwiwzvrj6svl-umu-launcher-1.4.4-bwrap' from 'https://cache.nixos.org'...
copying path '/nix/store/rgdgls47i4l09dvip881is50a1qivqlj-umu-launcher-1.4.4' from 'https://cache.nixos.org'...
copying path '/nix/store/6crizgqnh1vmm7ax82y4as6p5f3pcp13-nodejs-slim-24.18.0-npm' from 'https://cache.nixos.org'...
copying path '/nix/store/amzxhrm2v7as6p0mq4xz7lmg4cxdv4lf-nodejs-slim-24.18.0-corepack' from 'https://cache.nixos.org'...
copying path '/nix/store/x98gls54ki3fmm2pv2cmi6z8mcda6glk-nodejs-24.18.0' from 'https://cache.nixos.org'...
copying path '/nix/store/adcz0m6qq2flmshdf0zz2xwjr5zbq1gr-gcc-wrapper-15.3.0' from 'https://cache.nixos.org'...
copying path '/nix/store/9ia1fn9dff512sy0r7ab66nwdhqsffcy-electron-41.10.3' from 'https://cache.nixos.org'...
copying path '/nix/store/48dw3mridwa6mk1pghxl61030n7d9ng8-heroic-unwrapped-2.22.0' from 'https://cache.nixos.org'...
copying path '/nix/store/7sxiyc7rj0rlgr5fb4wyhp4b1xd9h1iw-heroic-2.22.0-fhsenv-rootfs' from 'https://cache.nixos.org'...
copying path '/nix/store/qbr28fal51m21nnczzxlf48frvh874c9-heroic-2.22.0-bwrap' from 'https://cache.nixos.org'...
running auto-GC to free 102097670144 bytes
finding garbage collector roots...
deleting garbage...
deleting '/nix/store/44nflrxz15p6lnlynyfyjdwiymakcigh-hm-session-vars.sh'
deleting '/nix/store/4149lj683yw6x31v6ww6xhnv0agz0zww-freebuff-desktop-0.0.42-bwrap'
deleting '/nix/store/wndjq373q5y9ibdqncq8d2n79q20z910-freebuff-desktop-0.0.42-fhsenv-rootfs'
deleting '/nix/store/8d6pjz1bp8710z9rpiwjxzslds4w62ac-freebuff-desktop-0.0.42-fhsenv-profile'
deleting '/nix/store/rmk1b3h56lp77az17g2ayc1rpgq6d66a-freebuff-desktop-0.0.42-init'
deleting '/nix/store/fa2xgih9gaw91c55hr3sdcgs43pn4jsh-freebuff-desktop-0.0.42-extracted'
deleting '/nix/store/2h0kj7lcqp2g9g3vx3ld0xpp0y9mcvr7-dummy-xdg-mime-dirs2'
deleting '/nix/store/11ralmziixh0rv9ysdhcxbh4z8pj8gnm-toggle-get'
deleting '/nix/store/avncfvcb37swybh4q8vw1kj2i3sh7s9k-tesseract-5.5.2'
deleting '/nix/store/8yc7ksdm1qmg1fi0cs9dplbsydq8hx0h-sdl12-compat-1.2.76'
deleting '/nix/store/51ybhgxq0s7ywyzi1d7gkap9kjvf3vfr-sdl2-compat-2.32.70'
deleting '/nix/store/5r1ygql7fhi6ccsx63xlid7h8f1l3b0q-sdl3-3.4.12-lib'
deleting '/nix/store/m3mbmrsr5934z1k96idcakzds6hp6pjz-zenity-4.2.2'
deleting '/nix/store/b9zarg0qmf5xj16cf602h4pngjfpcnzq-libadwaita-1.9.2'
deleting '/nix/store/dgdklynhxrhh869fc3r1nc4ba1ndyfab-gtk4-4.22.4'
deleting '/nix/store/s13cw9pkc092ph6qh6rpfds5f5mcpqfk-gst-plugins-bad-1.28.4'
deleting '/nix/store/np34gq68a30qdzf9j3bbrivc015shfh3-openal-soft-1.24.3'
deleting '/nix/store/ii8y7cb9x6aisafmblldi51n2xysv17i-pipewire-1.6.8'
deleting '/nix/store/z71d68967g67zvmwpxbd6iyiw26qi00s-gst-libav-1.28.4'
deleting '/nix/store/7c0pvcb157l8b24z456pvm0i1220shv5-chromaprint-1.6.0'
deleting '/nix/store/ih6yfmmxl3jlfz98zn8yi1qhwr5v9l12-ffmpeg-headless-8.1.2-lib'
deleting '/nix/store/shla8w2m57441li5m06mkghhbbv26fqn-clang-21.1.8'
deleting '/nix/store/7j7m9xxq7214wd6ynsdxn7hspw134fl6-clang-21.1.8-lib'
deleting '/nix/store/avlwr5yx1wvj00hnzfy8qczn7drmlcaw-telegram-desktop-7.0.2'
deleting '/nix/store/53qi38lyi9yj7fbcm2fw6wkcca8s7i2q-lutris-unwrapped-0.5.22'
deleting '/nix/store/vgc919ay0bl4ca9s3jwpzwzvs2xiwjh1-mangohud-0.8.4'
deleting '/nix/store/jl8cxkybvm58q899lca3jhiris90cbkp-mangohud-0.8.4'
deleting '/nix/store/6rmcwzamlmzip4157fmpvzgcacsq3rv6-glfw-3.4'
deleting '/nix/store/fxm3aik4vqw19qvpsji10cjfy0wiihdz-libdecor-0.2.5'
deleting '/nix/store/qhd7yknv2g7q6zynw5v5d2a2ljf1jjpr-gst-plugins-ugly-1.28.4'
deleting '/nix/store/qjyak75dwhpwghp1i92xbzsnlixbw2pp-libcamera-0.7.0'
deleting '/nix/store/94llxmf8v6qfdzzysmpln1rvj32k2z87-gst-plugins-good-1.28.4'
deleting '/nix/store/bj9n0v0rf9agnx2lg4m3wak6xkha11pg-papirus-icon-theme-20250501'
deleting '/nix/store/hdwbfsx84vxnki85xdzl9qj26b96y6b1-sane-backends-1.4.0'
deleting '/nix/store/pz612gk98y0w90ji236cc1dv3m8a7niv-hyprland-0.56.1'
deleting '/nix/store/qbziprqs5xp9zsrdaar439lr7rmrzqxl-xdg-utils-1.2.1'
deleting '/nix/store/0rqks9rc2fx6fw3zk9vxmw7v7m4px2r0-ffmpeg-6.1.6-bin'
deleting '/nix/store/xya1709xqr8h9hxqmwbcv33ysg51ybk5-breeze-icons-6.28.0-dev'
deleting '/nix/store/d34h55zrvzhy8wjl0vzbdc031c6a8mh4-appstream-1.1.3'
deleting '/nix/store/iy1249790rx9i0l9zqsfzb3kyaw7jc8r-samba-4.23.8'
deleting '/nix/store/s90qlv2cxf9d6sc0s3lgb35r1vh6f2nf-qt5ct-1.9'
deleting '/nix/store/sdmxmj0h4jlr4cq3prc9rj6pijfv8bz6-libnice-0.1.23'
deleting '/nix/store/dl6pwsyv9x289zh9wbapcv7sz68h2qzn-libcanberra-0.30'
deleting '/nix/store/47xrmi5kywgfdh4pyyqzqaraip4v6ssk-gst-plugins-base-1.28.4'
deleting '/nix/store/53z30c3160kg7qc4rznbwrsgsbdhjdf8-protonup-qt-2.15.1'
deleting '/nix/store/ffcj8q5n0c2sivhhran6h86c2v5d4776-perl5.42.0-Net-DBus-1.2.0'
deleting '/nix/store/axgjhc1v395qy1d246b4f6xsd4fis3gw-uwsm-0.26.6'
deleting '/nix/store/rfh18dfih3hfb45kp6wid2fisb2id44q-qtsvg-6.11.1-dev'
deleting '/nix/store/n57zf5lf16nqsinx184gsa38kyp5a56k-tevent-0.17.1'
deleting '/nix/store/md9dw6l1rqq7nxpbp6jwhjf6wslaw4lq-gtk+3-3.24.52'
deleting '/nix/store/hyqq3ixhqzz50dlijjab1azhjsxcb29d-roc-toolkit-0.4.0'
deleting '/nix/store/968bs3x8kglyj59sjn4bglq0cmfwxjbn-libgphoto2-2.5.34'
deleting '/nix/store/gv0918zdm4kvschkjzk4r6ws9mdy2br3-qtwayland-5.15.19-bin'
deleting '/nix/store/jkpgv5mbvz66lalmk73irq1fdxzsxv5d-protonup-qt-2.15.1-bwrap'
deleting '/nix/store/5fsk7bwhaqx8s5acxy0mbwig1qq4jmsi-perl5.42.0-XML-Twig-3.52'
deleting '/nix/store/svdqgvkjqimbry7jkc2zwvq87xn66x0f-python3-3.14.6-env'
deleting '/nix/store/1mw7g43fvl4bs88wfpqksbyf45fbl0by-qtbase-6.11.1-dev'
deleting '/nix/store/w591p95z872bc5dj9n0m1x5y0c3f7z46-python3.14-markdown-3.10.2'
deleting '/nix/store/zmk5sqqx1lmfbc2m8biia1d2wjbajlpv-gstreamer-1.28.4'
deleting '/nix/store/3k6njmv3kkgpllyz6nq8mzp7x91l0v0n-qtmultimedia-5.15.19-bin'
deleting '/nix/store/cgiigg6yv3gj614kh4avnvifd4kpblw4-talloc-2.4.4'
deleting '/nix/store/yabmq8whddcalb95cwm47kx9hxk4zvxm-tdb-1.4.15'
deleting '/nix/store/57ws09drbgmfw2y6byxwk4648jq245v4-python3.14-dnspython-2.8.0'
deleting '/nix/store/mdpgis35iiqxjzsx1ahpisfrnk2fxcwz-libopenmpt-0.8.7'
deleting '/nix/store/l9spajgjm1kjwsn740djicqznfx09prw-gd-2.3.3'
deleting '/nix/store/a2w0zrq95kfkwia1mv3q9x6rph9mayy9-sox-unstable-2021-05-09-lib'
deleting '/nix/store/i3axrvbrlj5s3c1gjljx5vj8clm8kbdn-tinysparql-3.11.1'
deleting '/nix/store/mggzv25n9smy9gaph8lkxakifmyd92y9-gtk+-2.24.33'
deleting '/nix/store/1ymvgxyinhri3jz1gjr3xf05qxpc2khi-librsvg-2.62.3'
deleting '/nix/store/xx864jxlp20hw4sv4m0y3agynyipgdva-perl5.42.0-XML-Parser-2.46'
deleting '/nix/store/bj74xzhj0y877kcwy9wc08mjn4anqzx0-python3.14-pydbus-0.6.0'
deleting '/nix/store/r08x9zkl1ldizqcaidifqzc9gy6bcfbk-SDL_sound-1.0.3'
deleting '/nix/store/jw3dvf76c2rd7hdvcqv2kzqyn58s3a6i-agg-2.5'
deleting '/nix/store/gmd1r7fynysvxsbmsk9iyxw82bq25f6z-SDL_net-1.2.8-unstable-2026-05-27'
deleting '/nix/store/lbd75hap2zii1v7skmwkps7g2d96dsa3-protonup-qt-2.15.1-fhsenv-rootfs'
deleting '/nix/store/48wjal62pk0vszd77jmc9gsw35zfhqi3-qttools-5.15.19-bin'
deleting '/nix/store/2ymmfkym3vayr58fkp0dl0qy1hq9pzcb-qtwayland-5.15.19'
deleting '/nix/store/nwlgyg73z4wccsbf1cc88hhx46hw1xj9-qtdeclarative-5.15.19-bin'
deleting '/nix/store/c30mrmafcmhx895sg2qw4n7d1mwlbs2p-qtquickcontrols-5.15.19'
deleting '/nix/store/vg9drhnfiijvppna4a52vd0gd8lf6sf2-flite-2.2-lib'
deleting '/nix/store/iqhxy19r8ryj26in4jdyds268s9q1cwc-fluidsynth-2.5.5'
deleting '/nix/store/xnb4ghr1z95rfj5331f2yndhrfc37zp7-qtmultimedia-5.15.19'
deleting '/nix/store/f22i840005giysqjbcmmpgzl4bz88s5h-libao-1.2.2'
deleting '/nix/store/ak3v2dddlpjjjpq25iwfqmibahckadpy-mpg123-1.33.6'
deleting '/nix/store/xdwnb2v7jxhyzra0whsg8n6ppfq3h6l4-gtk+3-3.24.52-dev'
deleting '/nix/store/jsmb5za5678wkyf6w3f9vvixw0n5psms-hyprland-qtutils-0.1.5'
deleting '/nix/store/c5jlrbww2ggrfxiz5jqa0ss7rs5pby66-libavif-1.4.2'
deleting '/nix/store/32504g1h9lksy0dm57wa6k7j22bdrp2w-poppler-glib-26.06.0'
deleting '/nix/store/ql6dapjy6gy4ya4sv24cy8zgzh20axdc-qtstyleplugin-kvantum5-1.1.8'
deleting '/nix/store/4r84nnh1z2kiqpkv0jjs2b2q5s1y9kwk-qtsvg-5.15.19-bin'
deleting '/nix/store/vr4q37xxq34shiina3rqmzn2g6mbaf81-perl5.42.0-libwww-perl-6.83'
deleting '/nix/store/ss0pnw8ljrqfw5i65phb17k78iwkzsv0-gobject-introspection-1.86.0'
deleting '/nix/store/fmmykxipmhi2529nc7fw2zb6bjlzkm5r-pango-1.57.1'
deleting '/nix/store/b4sd2dgxlhwfzx82wqihcpl330krrxgq-python3.14-pygobject-3.56.3-dev'
deleting '/nix/store/bxldkcz578v2rrc9n8d9vv9s9l00rq7h-gupnp-igd-1.6.0'
deleting '/nix/store/20ibnckxhv2cg17c53nds5mylb030b2j-protonup-qt-2.15.1-init'
deleting '/nix/store/64hjqgzsrpgnhg4xzv6lsgfcgh5xxniw-gnupg-2.4.9'
deleting '/nix/store/5ix7z8h63yzhyi4ggkqkdkzcb3nr149q-sdl12-compat-1.2.76'
deleting '/nix/store/xdw2iz8hbqas23xnhzi07gk8my20fnf4-SDL2_image-2.8.12'
deleting '/nix/store/wqvfp2s8jvh7x6izy5ca64q237ms3jf3-ffmpeg-7.1.5-lib'
deleting '/nix/store/g929r0p20nwjr51xwfmy1zrapa57fiav-ffmpeg-6.1.6-lib'
deleting '/nix/store/8i3bqr1hfccmn81hbzqkhss53f6l4icl-SDL2_ttf-2.24.0'
deleting '/nix/store/73pwahf6c0gq3xy2zlxjm4wibcd8icib-SDL2_mixer-2.8.2'
deleting '/nix/store/kkx7d3mplnqb1p78xaabvbnmsci4k2fb-gdk-pixbuf-2.44.6-dev'
deleting '/nix/store/f3n4nx9zk7xpg5281i3ix5vjfyx017ij-hyprland-qt-support-0.1.0'
deleting '/nix/store/jwl7fcx33gyfmkwcdmwc6cn5wbmynhcr-hyprcursor-0.1.13-lib'
deleting '/nix/store/pykay7xck6z069dgvxdbmy3qxlfq9fmb-ffado-2.4.9'
deleting '/nix/store/sk0k356z5acg0j5ymhghzp7c4zv5nm3c-libpulseaudio-17.0'
deleting '/nix/store/p84gny70rbh78snfdvw6qvq4c6nmjng0-libbs2b-3.1.0'
deleting '/nix/store/svkxvydhm5gn2121ix39qsx5hqy1v4q3-cups-2.4.19'
deleting '/nix/store/hzwykhg5q00ckznfylp2ki755b15xvc2-twolame-2017-09-27'
deleting '/nix/store/6whw4pam8zp3b3v6kfjrkadlsg40hh79-lilv-0.28.0'
deleting '/nix/store/6ds8c4iv0pshr8k05palwc8mr6w7wiwx-spandsp-0.0.6'
deleting '/nix/store/kn47la3hrib9nmwnwm3wffmzh1xikync-gdk-pixbuf-2.44.6'
deleting '/nix/store/3dk7yidbkd76bgpjqsba3lj8im59j93l-fastfetch-2.66.0'
deleting '/nix/store/cd885iij4b85y5v3hrjzmiz539q60v22-openjpeg-2.5.4'
deleting '/nix/store/siay5k5bg8s3sc9l467zs6cs92nmxg3a-libwebp-1.6.0'
deleting '/nix/store/a20ifls2rylrva98i3khd9nfg8faxkc8-sane-backends-1.4.0'
deleting '/nix/store/wmza0wv5qvr5xkc0c7r3maqcjz3c2jmx-qtbase-5.15.19-bin'
deleting '/nix/store/5ciwzridcdg5hj5v8h16fxpd7i20s6bv-qtx11extras-5.15.19'
deleting '/nix/store/rqi43achiwiqakx7hb4cr8cayigiby2h-qtsvg-5.15.19'
deleting '/nix/store/r0qadwn22f1jwlc2i4p14k7kq36n0nfg-qtdeclarative-5.15.19'
deleting '/nix/store/nkyfxj5y5ljywv5gl2k9vghq3lvqw7qd-qttools-5.15.19'
deleting '/nix/store/2zm6ijf3zdq20n1d5yh06wzlz2b0vych-libass-0.17.4'
deleting '/nix/store/hx15jncsbn6l9x6jd407g5lgqdh35y02-perl5.42.0-HTTP-Daemon-6.17'
deleting '/nix/store/bwf9m1v3cvvd0a7ikm9c0yrg7ci2zfm1-perl5.42.0-HTTP-Negotiate-6.01'
deleting '/nix/store/qwa9i09bfsja092bdymf8y3fh2gv5gvs-perl5.42.0-HTML-Parser-3.85'
deleting '/nix/store/klkyk6wafsyq2iqldb6n7ggk936sk096-gobject-introspection-wrapped-1.86.0-dev'
deleting '/nix/store/ikzjqq5ihqaqhl9lcbvmkygfrzjy6q1m-perl5.42.0-HTTP-Cookies-6.10'
deleting '/nix/store/n0ca6n27p6fqr91dvfw6m6fm4pp9r2q8-gupnp-1.6.10'
deleting '/nix/store/qmdf0mv7k78z7zpiq3yj482nc6h90an6-libxft-2.3.9'
deleting '/nix/store/6v4pcavd298kb5ngibn8x1204g47xpb7-libbluray-1.4.1'
deleting '/nix/store/zw8a5gy3rkc43x29gyqmxbgc4x8wy030-cairo-1.18.4'
deleting '/nix/store/w4bj96wasy2fqcq6v72y0fbff6r8mvs5-aquamarine-0.14.0'
deleting '/nix/store/4d7y1ylyc7kaqj3adyprmjbdcby9gd01-niri-26.04'
deleting '/nix/store/i54snrx1bkzvzyil5ybzpgp6brviqbvd-pango-1.57.1-dev'
deleting '/nix/store/hvbg9ai0df8kf9m39sbgy3f1lzwavfy1-sdl2-compat-2.32.70'
deleting '/nix/store/clhasr1lfayv6akwlbfz84g05v55yys9-webkitgtk-2.52.5+abi=4.1'
deleting '/nix/store/7bqg6d108a4c9b9n5g8frha6jncajklr-libxaw-1.0.16'
deleting '/nix/store/2968d8c3d8v2i7ic981ib92d517sz7rs-util-linux-2.42.2-dev'
deleting '/nix/store/9gk4sk2xvk6c9jd7v1m2bmypihbhda9x-openldap-2.6.13'
deleting '/nix/store/9f05f6vx28rxqhj57b981l9xmh3c421h-libtiff-4.7.1-dev'
deleting '/nix/store/rq1vg974qcxzb9dazz9dbq2qm72r9fa4-git-2.55.0'
deleting '/nix/store/pdl7qdlvq687m684rw8d189gh3qw8kp5-openldap-2.6.13'
deleting '/nix/store/w38vp5if8ahzig7yjnaysap7i62ba4k9-curl-8.21.0-bin'
deleting '/nix/store/98mlg3z7vxbc0yah03d17mqzyq8mhpsy-libxml++-3.2.5'
deleting '/nix/store/rbp2xak6nysr2d4z647ahgxl4ygdzpvk-hyprlang-0.6.8'
deleting '/nix/store/q76b2n3ijiajzd6l38j7cmjsj36q0lvg-hyprwire-0.3.1'
deleting '/nix/store/gd74zw27vxfr3x18n3r8biahny1kd54q-hyprgraphics-0.5.1'
deleting '/nix/store/scr9n71hgfkgmhv11ljszx2h3smfds0d-libxslt-1.1.45-dev'
deleting '/nix/store/35sc26s3llp6ylsnh6v2iv7rbnszpiks-libsndfile-1.2.2'
deleting '/nix/store/60z6bmzqzp6zh3dxlc60zdhhjapr1qq7-lttng-ust-2.15.1-dev'
deleting '/nix/store/kgq374j7hh14khvlqa3gh6d5fd2hvznp-libshout-2.4.6'
deleting '/nix/store/804x805nqzpzyaszizv43gcgipdj366b-libtiff-4.7.1'
deleting '/nix/store/bxp7q1gyr26kwkj2ssp41cjfw3fnq6fy-cups-2.4.19-lib'
deleting '/nix/store/asgi951859idcd59ws1kq2bd8w719q05-zoxide-0.10.0'
deleting '/nix/store/zsciv7f4mz8v4wh5xdmcm62hlz7ai85h-jq-1.8.2-bin'
deleting '/nix/store/z61kj35ji7ryjz46jf8g2wpaj28p23r8-adwaita-icon-theme-50.0'
deleting '/nix/store/75rgrgwdvv796simgps5z5lfk9lawrq2-perl5.42.0-HTTP-Message-7.02'
deleting '/nix/store/5pda5a24rmar8p1q6yhhsv763csjhdjv-samba-4.23.8'
deleting '/nix/store/shyj49sj6h8ljks66qavm1plxwxnnbhp-perl5.42.0-File-MimeInfo-0.33'
deleting '/nix/store/25nfpbvq2x70q1zwzy0wddxibx859a22-gobject-introspection-1.86.0-dev'
deleting '/nix/store/wj4hfsp6zig4h6x1cys208dr3l9d156b-gssdp-1.6.6'
deleting '/nix/store/8q1pwxaw7xg9ahmg9lcl2d1nls520s5m-harfbuzz-13.2.1'
deleting '/nix/store/rci8k1445s43rqx7m960111l7hr29ffm-fontconfig-2.18.1-lib'
deleting '/nix/store/z6b3vkjx6q5dr7yymalsxsld2z80vg2b-libxft-2.3.9-dev'
deleting '/nix/store/3h6xnv0614bd6q4x57sjlrxy0hhshkkg-cairo-1.18.4-dev'
deleting '/nix/store/zxba5z5fmpxxk8a6imsprq86imcb44r8-libgphoto2-2.5.34'
deleting '/nix/store/ywvmyakqkzflp1mq6z0ly8widqrdgad5-libinput-1.31.3'
deleting '/nix/store/pp8ql47hzwlhzc80wx96dafrn58511i1-wildmidi-0.4.6'
deleting '/nix/store/clx4xcbrg16dhzyzm2faxjddfk9rz979-imagemagick-7.1.2-27'
deleting '/nix/store/z023yz4iy231wg3fwmnnnfywsyjm014y-enchant-2.6.9'
deleting '/nix/store/41visbgk83xmxrp0f88bqvx34khv66al-wf-recorder-0.6.0'
deleting '/nix/store/b8a9a4vrzi76w57zns6lyl4lsx201ykb-libxmu-1.3.1'
deleting '/nix/store/cgasz0b8x9k9cwl4j0spgsgcy3bwflii-wayland-scanner-1.26.0-dev'
deleting '/nix/store/g54ihfl6aas03s6lzjccq9mrwg057n7w-mjpegtools-2.2.1-lib'
deleting '/nix/store/0qpqiy5h52mpkyq6jp2p47nsnn9hl22i-sfml-3.0.2'
deleting '/nix/store/j051zy35mh9sqh828m38w4hs81p02p83-cyrus-sasl-2.1.28'
deleting '/nix/store/bl7vidf1qb4c8f34gs92s1da73as5b8z-libjpeg-turbo-3.1.4.1-dev'
deleting '/nix/store/ccbqdmp0jv3xayv93asc0w9dybv63xbi-at-spi2-core-2.60.4-dev'
deleting '/nix/store/zda83mlxzygbmfl6vxzdmbxnsxd8s0pm-xorg-server-21.1.24'
deleting '/nix/store/2pl6avcy056spi92ndhxjk10snqh74k9-perl5.42.0-CGI-Fast-2.16'
deleting '/nix/store/8c1l9rkx59rl998pxljg3akgg4ps1hyf-cyrus-sasl-2.1.28'
deleting '/nix/store/150mz85m0s6pvaiy37l48n4sqdw3qmjh-sdl3-3.4.12-lib'
deleting '/nix/store/x7hxdvs3z8yrk9rbanfypnnzx6m508ic-libxi-1.8.3-dev'
deleting '/nix/store/skwgcpg1dx47xlbdd3lckdnxwh3m5i43-tmux-3.7b'
deleting '/nix/store/0yccdjq0qhdsd1c0icspgw48df2syz92-libselinux-3.10-dev'
deleting '/nix/store/28x8g0vr8n6hq7lf0a9ifxmscm8bh3mf-curl-8.21.0'
deleting '/nix/store/xwzpbgx4mqxn1cr7pwjqsn82y3hrlrh5-util-linux-2.42.2-bin'
deleting '/nix/store/lp63k2rww4i1gfm23frbks0cq03qc3kr-glibmm-2.66.8'
deleting '/nix/store/7v6dxm2b3cl34cmh13hcnnn3sc9siwqz-net-snmp-5.9.5.2-lib'
deleting '/nix/store/ksxbisg367mxj09qlaz2dps4zh22qnzn-hyprutils-0.14.0'
deleting '/nix/store/g6jky75xrm0afkh3jas6cb1bjl3vkhyd-python3-3.14.6'
deleting '/nix/store/0jcwywrhm6ndnxn88fx75xpqz20b7xhw-alacritty-0.17.0'
deleting '/nix/store/8scpgkdjjqa198ycx8k3hhqgb5s9h0nk-pcre2-10.47-dev'
deleting '/nix/store/3hl26bndb4a2kim274ahqs7zysrqlfya-libxml2-2.15.3-dev'
deleting '/nix/store/cfqbcg3a5c09jc63397r6m4aqgix3vki-pkgconf-wrapper-2.5.1'
deleting '/nix/store/d34xwc75k6wvlvgh65qppicskd080r3w-python3.14-pillow-12.3.0'
deleting '/nix/store/h24ni9w7252i9zj1alj70zwc606hwk27-libstrangle-unstable-202202022'
deleting '/nix/store/qsccnnb4775l2ipkh1drjhd4dhqb1bha-librist-0.2.11'
deleting '/nix/store/7mnvrm1pwbkdsj8y3nf5q123cizjrn5y-libajantv2-17.5.0'
deleting '/nix/store/66p5cawjqd9kz62fiwm848cd8rxzqlxn-hostname-hostname-debian-3.25'
deleting '/nix/store/yafkah24m6i43rf4ak9xvq4pjhirp1a1-glfw-3.4'
deleting '/nix/store/7p3l2kf16f27r1rx6jpr8wjjrm78x125-mesa-demos-9.0.0'
deleting '/nix/store/9i8q29fv95cqg3q7ba2qs6vd0iy4dmfh-liburcu-0.15.6-dev'
deleting '/nix/store/b4hyi73zgc36dvzil8hm73jhz8bc2hx3-libcaca-0.99.beta20-bin'
deleting '/nix/store/v1csg8qa1p65dw0w6jsdp6h5i8grdiv8-p7zip-17.06'
deleting '/nix/store/i0hk66d98mv7pfcjhbpwcykxdiqp1wij-opusfile-0.12'
deleting '/nix/store/ghjblgd2ngki3vd6rq5hp7d3m8l108vh-flac-1.5.0'
deleting '/nix/store/h77iwhvjypkmnfg5ll6vca58phn7dl8y-tremor-unstable-2018-03-16'
deleting '/nix/store/18jh45y1a1gah89v125w9pzyyhj9n3xb-libtheora-1.2.0'
deleting '/nix/store/358z6fxrbjjy3qzwskmdsx5gl4kzzgp8-libvorbis-1.3.7'
deleting '/nix/store/xkdil0dp3qp62bdxr08fjwkndkjisz3h-libdatrie-2019-12-20-dev'
deleting '/nix/store/lxj6s2n60zp8ask8i1pxp65ixyz7khyj-bluez-5.86'
deleting '/nix/store/pixs49ggbdmalg7420c4zkqwlbrjsqkk-avahi-0.8'
deleting '/nix/store/7f33bpw3ah3s4aili3806baxszv0vvlj-nss-3.112.5'
deleting '/nix/store/16rdmvq926lrcxgwl3j89jf512pa1idz-xfconf-4.20.0'
deleting '/nix/store/x30xqnf3inrkscvfhwsbdi3gmfjr7pjk-jq-1.8.2'
deleting '/nix/store/9f50ydn12q2s9kzpkggxpmqd3hq7hwwg-libxpm-3.5.19'
deleting '/nix/store/bv7m377gbg7pmqzg9pmwg5xhsqi2b2n6-libwebp-1.6.0'
deleting '/nix/store/bw8sz07c9pqldrpkak2bz2l9plxg696y-hicolor-icon-theme-0.18-dev'
deleting '/nix/store/0cgwjh08pbwl1nwys4nqym81jhv22l91-v4l-utils-1.32.0'
deleting '/nix/store/bzkw45caalmf3q23himpphbx7q67hqj6-libyuv-1908'
deleting '/nix/store/ynlql0h4mlnz2cynfvwi1gvqajd4y625-perl5.42.0-IO-Compress-2.221'
deleting '/nix/store/y649wrwk0jrj5zajdjgv1avb1ly5dmv3-perl5.42.0-X11-Protocol-0.56'
deleting '/nix/store/v03l7pb09g7lq6jnm3wfw6qw8v7bzwar-tevent-0.17.1'
deleting '/nix/store/2c81n8yrcshylfi1vgz2140wc1wh2rn3-perl5.42.0-HTTP-CookieJar-0.014'
deleting '/nix/store/b36lx4szws4zf295krg85q7jkzvg5wp8-perl5.42.0-File-Listing-6.16'
deleting '/nix/store/d3f8r758ld8fg7rbh0g7g54gm7vvm4c3-e2fsprogs-1.47.4-bin'
deleting '/nix/store/l9zh8ni6x1byxjrcvsf22n1aln6ldwhq-fzf-0.74.1'
deleting '/nix/store/nx79fprarzkr07617b04phvgjmliq0b5-perl5.42.0-WWW-RobotRules-6.02'
deleting '/nix/store/bnxnlrlimzsnnlxvz6akh9w98rsc885r-perl5.42.0-File-DesktopEntry-0.22'
deleting '/nix/store/1sbdf05lii9l432r81s4gy3jhsjlmdym-perl5.42.0-Net-HTTP-6.23'
deleting '/nix/store/ndlqyv2dfr6iiw286y7lgk6hjhj57416-appimage-exec.sh'
deleting '/nix/store/abmg1f6gs9nb5vcglcj2pavqpvqk0bw5-libthai-0.1.30'
deleting '/nix/store/qnbczqwwb4cc4xz825hzjhqvc8znk610-python3-3.14.6-env'
deleting '/nix/store/jacw39x96vvkgmzddk7rqi0bgp8n221b-libiec61883-1.2.0'
deleting '/nix/store/brd1aaap05116a9lf7b0r3znzyj2ryzf-libavc1394-0.5.4'
deleting '/nix/store/3f05sbmd79p6fq44lnv0mm2pgki1xfay-util-linux-2.42.2-lib'
deleting '/nix/store/adlrv92lzrqv8yvhsaz054kkxx3nngba-libdc1394-2.2.7'
deleting '/nix/store/98zqgqwjdprqb59v1izjv4hxqrh7q8dl-libsoup-3.6.6'
deleting '/nix/store/cfri1l47b8qa81fm8rlnb52zbmr02kx4-poppler-glib-26.06.0'
deleting '/nix/store/jrn0kyz1dhxbgm55gy580criiw2g40yy-geoclue-2.7.2'
deleting '/nix/store/w6gaaykn9181qd8g1klrc435gj48ca83-freetype-2.14.3'
deleting '/nix/store/33f87kxjqd3p2fsx1ghrmlczs3nz4czn-sratom-0.6.22'
deleting '/nix/store/lp5dqcflpn6wnwnxcrv39yjsn45pwpys-fontconfig-2.18.1-dev'
deleting '/nix/store/z1mz15mk2w6hfyvq0mxq5ip69riag4ys-libsm-1.2.6-dev'
deleting '/nix/store/gs8r3p1d6fpcl6fsd5cahy72nqvybh4y-libxaw-1.0.16'
deleting '/nix/store/qkwyl6p59j29nm0n83k8k7hbsva3iryb-gd-2.3.3'
deleting '/nix/store/c4z5icxg2gww200yvp6iv9q1bixda27v-allegro-4.4.3.1'
deleting '/nix/store/8rq8chp9x968k6ivvkr2q7szfw2n2jgb-lrdf-0.6.1'
deleting '/nix/store/3md8rqlv3b0llqkf9dajx5pv7rpf86qm-openexr-3.4.11'
deleting '/nix/store/ylphsycxdcn94da3fknhwhd5syz9dzfa-qtbase-5.15.19'
deleting '/nix/store/33p5bg8lhp2xn3a3cwdvn446l18sfh0h-libmanette-0.2.13'
deleting '/nix/store/lyp5bvf4laxsxgidd8bpgh1530s71d7r-libwacom-2.19.1'
deleting '/nix/store/qg4h4y7v9zwqllbp02sq4fk21s5rhmi1-libei-1.6.0'
deleting '/nix/store/jy7nc2f0w04vzig4gg159vdjp1bnq1k0-wildmidi.cfg'
deleting '/nix/store/vvcvc20pfswk491c8ngyyhqhcwhzsrhy-libdvdnav-6.1.1'
deleting '/nix/store/08vfg6dpjb80kzs5c0s8pgsk1f0b2czq-at-spi2-core-2.60.4'
deleting '/nix/store/0c75nzmnrg0lw3ajry6v5bm0k75jfdz2-libxt-1.3.1'
deleting '/nix/store/vbv1zga9v8jvx2cbk3942pc21cjy2k6c-libvoikko-4.3.3'
deleting '/nix/store/lgc4kh30s6likwi8slw1hd055a6c3k6v-cups-2.4.19-dev'
deleting '/nix/store/bpjj2c0g88pfxddnl13gimss6kya7pdl-libxrandr-1.5.5-dev'
deleting '/nix/store/6h3w3g5zb7a4cnbvlmy3dnsdgy15nkks-gst-libav-1.28.4'
deleting '/nix/store/6f00dcmlxld3vl4j5nkgvhv5024101sl-wayland-scanner-1.26.0-bin'
deleting '/nix/store/65xjg04hk789lylvby6s0xq8z6kwxb87-libdv-1.0.0'
deleting '/nix/store/mnfh142fpivb38dfv7qav3zibzfvjrms-timidity-2.15.0'
deleting '/nix/store/p09285s63kcrdhd07q1zxz0fxfbgm2qh-djvulibre-3.5.30-lib'
deleting '/nix/store/5xw8c5yp5a05jhzmi9s411mbzfq2ffpp-zziplib-0.13.80'
deleting '/nix/store/61v0l06n2hgxb8qmcz2nyw91pspc28d3-vkbasalt-0.3.2.10'
deleting '/nix/store/96i0vgyrncq5nj39zhq8nzg78cmx62wz-libxcb-cursor-0.1.6-dev'
deleting '/nix/store/9nnxa5yvj7h0wv98wgha71hz1rzxsw9b-miniaudio-0.11.25'
deleting '/nix/store/5xnmrm01zwcip9ppxjrflpfcf69vlz5g-ffmpeg-6.1.6-data'
deleting '/nix/store/q0k3gx5pkac0fs7f51zsljv6pw3k01qn-libvpx-1.16.0-bin'
deleting '/nix/store/y95ys3325iwmnc3n15xl90q41ri8lba1-libjpeg-turbo-3.1.4.1-bin'
deleting '/nix/store/pgjlm3v0544z9imf7sv1lhl2x5b82bki-orc-0.4.42'
deleting '/nix/store/5x3lms083gpy42k5fxvmfcxa4jxwcb88-which-2.25-man'
deleting '/nix/store/b9m2lr6y7zsikdpnjhbbs40javjsb8n2-git-lfs-3.7.1'
deleting '/nix/store/w694bgqr8xi6hfp1djav6a63w7iqb88f-libpng-1.2.59-man'
deleting '/nix/store/56vg3q5n834k84xcqs879f9za56r2qws-python3.14-lxml-6.1.1'
deleting '/nix/store/k2wh64jqv5f7xqp57l6fj4gp1xz9x54j-libxfont_2-2.0.8'
deleting '/nix/store/ansacdzlvb7sz3pm4kkmyfvh4k4lxkwl-opencode-1.18.9'
deleting '/nix/store/jh1g7i25a3sd2giy1kxv16hyx7dhslx6-perl5.42.0-FCGI-0.82'
deleting '/nix/store/5v6p2ja858788wh2h4rgaq9rir4zrrvj-libxscrnsaver-1.2.5'
deleting '/nix/store/igfrv37vklm8vfcpfbs124hdwigj3ykm-utf8proc-2.11.3'
deleting '/nix/store/awpj2h4wiby7rsbvn2pz4g6wr94nkjjk-libzip-1.11.4'
deleting '/nix/store/nj10cbq8lvnqs9ffhv8nr5sfcgnxjijr-speex-1.2.1'
deleting '/nix/store/5rmkasxs986biznk1mzbcgl8slhjjly9-db-5.3.28'
deleting '/nix/store/jhmp55f7pj4p0hw24d6c7zygsvgsv56a-libxext-1.3.7-dev'
deleting '/nix/store/kyzgvd14fjzd49i6i28icvw247g8avq4-perl5.42.0-Test-RequiresInternet-0.05'
deleting '/nix/store/zxji9i3f15fm9x2xr2wfvxbhm1bhmkx0-net-snmp-5.9.5.2-lib'
deleting '/nix/store/zycamakzrr2m97qccp61r464466cv6fb-libselinux-3.10-bin'
deleting '/nix/store/zjxq41a25lqc4p2l3lwk2h8vk90il4d5-dbus-glib-0.114'
deleting '/nix/store/z17cvqqcvjllsn3j6chn656bl9diq6y5-libxinerama-1.1.6'
deleting '/nix/store/4aiinnwpz5372rx53rs4n4dxkl06dkw4-cabextract-1.11'
deleting '/nix/store/42vbx6wbzcid8w80k46vba5cg4qwjl8z-util-linux-2.42.2-mount'
deleting '/nix/store/44mdx7yx5mdpapgzq2lx4k0nnysxipvm-ngtcp2-1.25.0'
deleting '/nix/store/3n5mff6xg527ah76lhc0srf1z6yln7nh-bash-interactive-5.3p15-man'
deleting '/nix/store/593rzz2xs5i67biyv2hz898j6v5ylms0-glib-2.88.1-dev'
deleting '/nix/store/zs223sssm3dl280f095df9y303f8mcrr-zziplib-0.13.80'
deleting '/nix/store/5n5qhpg1f776g3jvxm6xdgcsia2w2d4p-gettext-1.0-man'
deleting '/nix/store/zzmspl8wdn2a3ancrz8dg3kci887nw6d-builder.pl'
deleting '/nix/store/0jvlcq0ncg4c602pjd6qi5saa7adp2c3-xdg-user-dirs-0.20'
deleting '/nix/store/zi4chp7f3vmsi57rrk1m9cglip4c5nq8-gnum4-1.4.21'
deleting '/nix/store/ydrx7d5vkrzsa4jcjxihskxi1ydpwh3l-harfbuzz-13.2.1-dev'
deleting '/nix/store/zcm0amr8bwy9xjyf9ax373ysps4dbyb4-libva-minimal-2.24.0'
deleting '/nix/store/zvd1qld5slrlhczr9r0s81bl0zsacbpl-xdg-user-dirs-0.20-man'
deleting '/nix/store/yvmyrp5zg0pk7n3lhk5w7lv8449339yf-gtk+-2.24.33'
deleting '/nix/store/ybn407cfm2ynh7ri4076rgip9hjsf7p1-pango-1.57.1-bin'
deleting '/nix/store/6dpizba3abfms8fnssa3nq44cqad6wpn-libsepol-3.11-dev'
deleting '/nix/store/zh03ab5jynlnrrc7k7iwsrw43fmqxfm6-keyutils-1.6.3-man'
deleting '/nix/store/zfdcd5d12qab62z9i2r3i4sg4qs695nj-net-snmp-5.9.5.2'
deleting '/nix/store/zbwxz8gvkrbi5dnq0sf4fd9f8yynsn55-mailcap-2.1.54'
deleting '/nix/store/yyrj8x1smzang7ibkq8qll3czwdbvbm9-cmark-gfm-0.29.0.gfm.13'
deleting '/nix/store/yn167m50y4bjhasxmmwza9w9z2y82w9x-db-5.3.28'
deleting '/nix/store/ypzid02x2fffhxpvpd8xyc2kywihl6f4-font-util-1.4.2'
deleting '/nix/store/paydkfngzxsg56vnvzb6xgcd4zfkfjab-vulkan-loader-1.4.350.0-dev'
deleting '/nix/store/0fmf7w13aig5vyima2abxvqla1csxdv8-sqlite-3.53.3-man'
deleting '/nix/store/z4cc7s5brm85z7x1xi8ck84kv5fmp28v-alacritty-0.17.0-terminfo'
deleting '/nix/store/ylm4x32202y4srn8h3z073wb3y92b14j-xxhash-0.8.3'
deleting '/nix/store/yjjaspi2ws5phnpfypi4djvzvsfrxbjg-glib-2.88.1-bin'
deleting '/nix/store/yyn2602fggin0dqgvicd4rhlj9391bl0-systemd-261-dev'
deleting '/nix/store/ygsrvg7ipnsszidrdrbg7015cmqp69b9-pcre2-10.47-bin'
deleting '/nix/store/y707s0s69zl317kfjvi48h7lsz2x7674-python3.14-evdev-1.9.3'
deleting '/nix/store/y8dii2bpn79psd1yygbfhqvwvihnj1wz-flex-2.6.4'
deleting '/nix/store/yhk1h75nj0grx29lclpkcw606v6x1dhr-readline-8.3p3-man'
deleting '/nix/store/y0h9vybb4225a5164hhp1hlgi0ra965c-pkgconf-2.5.1'
deleting '/nix/store/0zb1b8q1nsq29z5j1qra88s6qhz5h48s-muparser-2.3.5'
deleting '/nix/store/yfi4pgm70d5b6j4g2x4c57bdv218gfwl-libxdmcp-1.1.5-dev'
deleting '/nix/store/xj78zqcjfc12bamh2jdkjjnwwwl1wm8w-libxml2-2.15.3-bin'
deleting '/nix/store/yamgpynk0cbhd714hnipwj0973hiay3z-wayland-1.26.0-man'
deleting '/nix/store/8q5qqa954mpfds4557jp824kzxyvc9cd-tesseract-5.5.2'
deleting '/nix/store/wqbij6c4qvj3q2mldywzzxw3b31lr4sz-libusb-1.0.30'
deleting '/nix/store/xrpbxcrdbcb779h8vy678j6cpqvi0sxg-libmikmod-3.3.13'
deleting '/nix/store/wsgm51avxp80g12v2v48djyymzy420d6-graphite2-1.3.15'
deleting '/nix/store/wpzv0llyc3d6q48c1dydraz7kpmgis1m-libcaca-0.99.beta20'
deleting '/nix/store/y7144h4br414rl2fwnfsa5gsvp7z9ka6-hostname-debian-3.25-man'
deleting '/nix/store/xs7ji8iisnzxdl6mpf28nwal50fr6rj5-rnnoise-0.2'
deleting '/nix/store/xhanbggvig9kdnpxvl2lwwp5i103ssbf-libdecor-0.2.5'
deleting '/nix/store/97zby87a48vpfzsxmihb8hghnzrv0l5x-gst-plugins-ugly-1.28.4'
deleting '/nix/store/xni2qaiarwdq8arjj0ncgyxrgrm3li7s-svt-av1-4.1.0'
deleting '/nix/store/y5pffvkjd62g666byx5v8qlan8nm77s4-eza-0.23.5-man'
deleting '/nix/store/y5gp42k6fjps4qz6k6bzmd15q4mmbri0-util-linux-2.42.2'
deleting '/nix/store/wqk72cvywrxl9qwj3vpfcdajnv5pfwhc-liburcu-0.15.6'
deleting '/nix/store/y378yhkcgbq4pixkfbxc1d96grx38saq-gnome-shell-extension-user-themes-74'
deleting '/nix/store/2ym1262372n15a3vwb0j89r3bs4qw7dg-xz-5.8.3-dev'
deleting '/nix/store/wq27afiy5p8cmfvxaq8v6qh7bic75ygw-setxkbmap-1.3.4'
deleting '/nix/store/hq3s4kz2lr82ar1a8vicbvga13hrcqbx-gcc-16.1.0-lib'
deleting '/nix/store/xgcg9j0r0byg84nwfzk1npd47w6l79b3-libtiff-4.7.1-man'
deleting '/nix/store/wlkpz0fs3fkl0g64v36vklw9yi748axg-aspell-0.60.8.2'
deleting '/nix/store/4nlmdnpxpicq7bvk7628svzk3l9zhbpm-spdlog-1.17.0'
deleting '/nix/store/wvxn2i5nazylmginj8d6wda1jvrkdj27-e2fsprogs-1.47.4-man'
deleting '/nix/store/c60shj7kf2mzbnqcp4f4dbbik4dh7n4s-imlib2-1.12.6'
deleting '/nix/store/wk185aqkzzhpdp20p2jlzfk8hil6ybxx-psmisc-23.7'
deleting '/nix/store/wqs5zq270xd4vy7642wvmkrvjawy148j-gnupg-2.4.9-man'
deleting '/nix/store/wi4j8y3snsxpx2aj37jajywl19p9ri2h-libimagequant-4.4.1'
deleting '/nix/store/wiqpb56yb4d2d7mqj6hngr0ndj6hwr1k-libogg-1.3.6'
deleting '/nix/store/2vms9mm1miw6sd73wlr1zd11m0n2358z-libyaml-0.2.5'
deleting '/nix/store/wdrxh379j0kakvxc0j0n2pirxncmdfh9-snappy-1.2.2'
deleting '/nix/store/wd4gla46x5gwzr6pc4pcypr376qmbv9g-libutempter-1.2.3'
deleting '/nix/store/wflg37y1dqr7891naj57s12xixdx64h5-libdatrie-2019-12-20'
deleting '/nix/store/wfcsdkljmhi4n20pa4y6lk7hj935mcpp-hostname-debian-3.25'
deleting '/nix/store/w4rp1562cmis4h0g6ypyj7f67shqa5s9-nasm-3.02'
deleting '/nix/store/w67wq3hc0sl6ibif4r5dhfvw4bfx344h-libieee1284-0.2.11'
deleting '/nix/store/w21sdr5jmw6rbsl5m0bd61wga4y6qwka-libdaemon-0.14'
deleting '/nix/store/wapd64a2vizd0p4jpy85yc4bx57pzg2l-mbedtls-3.6.6'
deleting '/nix/store/w9xvwg3whh9i6rzka7rgk91i2sqivf1d-libpthread-stubs-0.5'
deleting '/nix/store/vz8z3f9dxxvcajaq7zv3fx4j06bg0s3x-nspr-4.39'
deleting '/nix/store/vyl39wg30qihjhsijh0d8mc3dn423nxj-libpng-1.2.59'
deleting '/nix/store/w398rpfllwxramh4qiwmg7r5dx3hmjz6-libxfce4util-4.20.1'
deleting '/nix/store/vs5wxs6zhhrsp7n9dkyaaf6yspzx6x47-ncompress-5.0'
deleting '/nix/store/vs7wr1q5yl2fq841p9iqwn2i7861i7lv-libical-3.0.20'
deleting '/nix/store/ig9av52n9ljv8j23q8nhyf8sps71k6gy-freeglut-3.8.0'
deleting '/nix/store/w0f0lnf1kj882s4kwjq0r3c9gv4v6zc2-oniguruma-6.9.10-lib'
deleting '/nix/store/vmynpl49523zxab5ycg2d8c1xw1239ms-opencore-amr-0.1.6'
deleting '/nix/store/vm1hci88vj6h1b15vs843fakrwgb9ph6-fribidi-1.0.16'
deleting '/nix/store/mmjim2hyz3djs0bpz4na2bm2nqf5wzd2-libidn-1.44-bin'
deleting '/nix/store/vmb6izn6ljblcrbw1hhhfvlm1rp627r2-glslang-16.3.0'
deleting '/nix/store/b3vjqmgrkadsln0g0lvygavnznwrbbgs-ffmpeg-8.1.2-lib'
deleting '/nix/store/vw9pbpgn8snxacdsi4w2941xn0qfsfwa-protonup-qt-2.15.1-fhsenv-profile'
deleting '/nix/store/vh0h56vpw7713kmfmhgymxgznyq8bpib-zimg-3.0.6'
deleting '/nix/store/vmgkjwkllh6m4xz9nscm7qcnsh3r2m67-hicolor-icon-theme-0.18'
deleting '/nix/store/gwwszarkdk5jzshnyhgxi4k76547vv50-xgamma-1.0.8'
deleting '/nix/store/v336gss3vrbmvpl6kp25fsjj3j1shamn-libunwind-1.8.3'
deleting '/nix/store/vjgjg4lgpilhwi7cvkmghhaw8br7pmgs-libmpg123-1.33.6-man'
deleting '/nix/store/cn5f95gpcizavxz2b8i7djnf5g1q6pc9-gcc-15.3.0-lib'
deleting '/nix/store/vbmbsqac1h44cz0w224lhg10z29apv1h-slurp-1.5.0'
deleting '/nix/store/vcbyfyl9p5dpclhwvk7bqg7pgp4pxxwd-libjpeg-turbo-3.1.4.1'
deleting '/nix/store/vfyvrv3w5s1g181xjkq2kqjkj3yrd9ki-libmikmod-3.3.13-man'
deleting '/nix/store/v0qgkssz2acl7nvw4sxzqys8nwa7ssgq-desktop-file-utils-0.28'
deleting '/nix/store/v2v738py4q8rsifl5j2979i7g5sx8cfh-perl5.42.0-HTTP-Date-6.06'
deleting '/nix/store/v314b1p58zb4ajdmixfa1rcknaw22ri4-talloc-2.4.4'
deleting '/nix/store/svxnmcsdx55gyrah5blfhggvymh15ikg-game-music-emu-0.6.5'
deleting '/nix/store/swk5m4v9l92j74i780316gk376ih6x9r-bc-1.08.2'
deleting '/nix/store/v20kfk6jrzsyzqzp7ss22hfckpi62vx1-ocl-icd-2.3.5'
deleting '/nix/store/pxwpd93max1h35nb3fs389ksvrsyi5jm-qtimageformats-6.11.1'
deleting '/nix/store/srpb3hblarmk1kkshd9dy3nb2iw3z6gq-grim-1.5.0'
deleting '/nix/store/svkfd7cahz1qcc14q32hh0z5kzmc97hc-libassuan-3.0.2'
deleting '/nix/store/v0gw4s3pkvw84k2xs92whh2rw993y3xx-libsodium-1.0.22-unstable-2026-04-16'
deleting '/nix/store/sqqngirp2p7s8yi15vqnrg78gcbvkxf4-bat-0.26.1'
deleting '/nix/store/srqsfdyw38bp309446iknwc3d47ga02d-libxcb-errors-1.0.1'
deleting '/nix/store/sml43cmnzzxxw9jl99a40dqlyridyjll-taglib-2.2.1'
deleting '/nix/store/n982vy71k6ihrwn79v1h9c61advl4078-speexdsp-1.2.1'
deleting '/nix/store/rqw0c1fd2g1gb2gikqbrqslhz645nygb-libaom-3.12.1'
deleting '/nix/store/sklxil6crnxyy5m26y5g4pdqbwh7dmar-p7zip-17.06-lib'
deleting '/nix/store/s6pg41np5n9rh2zynbpv29diwhy3vkll-srt-1.5.5'
deleting '/nix/store/s1gq4fmqjr5pkpyxy3ql8bismxhffmrq-xkbcomp-1.5.0'
deleting '/nix/store/sixs2zyg11v6f0sjf51brs622ffx1q73-tdb-1.4.15'
deleting '/nix/store/2mqcpb82d93by99mwr0p25pa308c5png-e2fsprogs-1.47.4'
deleting '/nix/store/sl3yx8v6paxkfhx0gxc6qa6snk3nx4in-perl5.42.0-URI-5.21'
deleting '/nix/store/sfknry2rj1wqxd9jclnximlgdbkpdadw-pcre-8.45-bin'
deleting '/nix/store/2kkckpkqyihkl837rw8q5fam8kaxkf0x-fftw-double-3.3.11'
deleting '/nix/store/mckj7mysgfxpsxshfvss77zpkji5v3qg-python3.14-moddb-0.12.0'
deleting '/nix/store/s9ffyn8yyc82bd4765xd8gsbzfi7sfna-libxv-1.0.13'
deleting '/nix/store/5b6m511zml9ks7iwijf81fhpisw317qk-pv-1.11.0'
deleting '/nix/store/s268d7msa51ca85b8dkdyv479ya7x5yv-zvbi-0.2.44'
deleting '/nix/store/riwia22zbmy1j83y84alw78x4qhcf60x-libcanberra-0.30'
deleting '/nix/store/rmwcdkjy40d5s4k5qpq5n16j9dqqp5yd-libdatrie-2019-12-20-lib'
deleting '/nix/store/k3r8yf4k9n9aij3a0yk1sddg4ylv0a91-fd-10.4.2'
deleting '/nix/store/rx6b8csv63vmi830m02shrzkiw9qwcvx-libsodium-1.0.22-unstable-2026-04-16'
deleting '/nix/store/rh7jyrwnc7bmk1vdhgg5q1nk2lgslkyi-python3.14-mako-1.3.12'
deleting '/nix/store/rk5wl7nxyl3zk173qvxl1k9aa8vrac7j-fdk-aac-2.0.3'
deleting '/nix/store/rh50gb2kwdypwwna31hr5qjfs03wqi5d-libraw1394-2.1.2'
deleting '/nix/store/rzlzgy8547lq1nnk23wik3ag5zba6pl7-pipewire-1.6.8-man'
deleting '/nix/store/rxvpi8a1my3slzlyajhks8is3969x9vm-gobject-introspection-wrapped-1.86.0'
deleting '/nix/store/rvjr00izapbv090dv17pvycyfl201rp4-nss-3.112.5-man'
deleting '/nix/store/qb51l9gfln2sqj0xa0qsh9zk1m6k152i-perl5.42.0-Net-SMTP-SSL-1.04'
deleting '/nix/store/rvdyia0wwf6dwdhvvh461nb3f48fwcc4-zlib-1.3.2-static'
deleting '/nix/store/4m86r1f87jafjm7vj7r6445lxl78xfd1-md4c-0.5.3-dev'
deleting '/nix/store/riissnlawbq37q9mzwr6s1zv8ajqjlfa-ell-0.83'
deleting '/nix/store/r949y43f01a310grhylirzk27lagg1da-aalib-1.4rc5'
deleting '/nix/store/rahw09myba5xb0pnfg1j5sp5wbzcj1cr-unixodbc-2.3.14'
deleting '/nix/store/lm6bs3ck1blwkidycsqal9p6s3bf2v8f-perl5.42.0-Test-Fatal-0.017'
deleting '/nix/store/qqp2f6c8hnpxb7mbz7rqscnr95l863am-glib-networking-2.80.1'
deleting '/nix/store/cl3byndcxmqabx35cz2frn50l7krjxxk-sord-0.16.22'
deleting '/nix/store/rg0zq3kf243bqvz41k5k4h5mb4w40sxb-util-linux-minimal-2.42.2-man'
deleting '/nix/store/qvrc5v11mj29xyviy7qh4cz3nc81hgp2-breeze-icons-6.28.0'
deleting '/nix/store/59jllzxvj33val4b3jnkm0n592fp06qs-libice-1.1.2-dev'
deleting '/nix/store/qmajm5vxiwziaw4d34d5mwiy39d65wj4-freetype-2.14.3-dev'
deleting '/nix/store/r4y8hp39vlik94drjr6czlpj5gvbxm09-libopus-1.6.1'
deleting '/nix/store/r6gfc6i95l2fjkrxbqkb0z6sdjfvqzrm-lzo-2.10'
deleting '/nix/store/qx5qaabr01sbjlnw3l6w30kayd1zyr0q-sqlite-3.53.3'
deleting '/nix/store/2k8fvki99n86l68ibsnimlzzzmxvh3h7-libxpm-3.5.19'
deleting '/nix/store/2k2zqkdqa42ccc9prqsqj288iml8nmvc-soxr-0.1.3'
deleting '/nix/store/f1gissbwwcy8q2ffcjd4q60vmacchfbl-raptor2-2.0.16'
deleting '/nix/store/qzdmwmbraym53di318jl2qagvvlkhgva-zip-3.0'
deleting '/nix/store/jqdabaqr42403n99bhr6qdk5qdb4h9li-fontconfig-2.18.1'
deleting '/nix/store/qxpjdqy0640lshk5wj0bbj8qcqy5hngc-libmpg123-1.33.6'
deleting '/nix/store/klshhq21f5kyd7kva1h8rxns5n88v5g4-webrtc-audio-processing-2.1'
deleting '/nix/store/qr5na0z359vibbg5q53smjrs6gf33m8l-ddcutil-2.2.7'
deleting '/nix/store/qsflq7p7fz49kb71ijcdba7611z3r1bz-libdeflate-1.25'
deleting '/nix/store/q9nb1b8cxaydkwn3s40krfs3pm9dlglz-gnome-desktop-44.5'
deleting '/nix/store/pq3vgy5lfp54q3zyx1ngq65arlqjnnlb-satty-0.21.1'
deleting '/nix/store/qwc1mhvk60ph1ikqsjwa77fsfyby94ri-ffmpeg-headless-8.1.2-data'
deleting '/nix/store/qis2c7y6dabysb4iazisfxi3bbg8jx0a-libbacktrace-0-unstable-2026-05-03'
deleting '/nix/store/qh2f6yq6k0jlr4x6d4rfry51pc6gddxi-libmpeg2-0.5.1'
deleting '/nix/store/qcm5yxdv46jfqlhx2ly4p41482sbkxa3-libxcb-keysyms-0.4.1-dev'
deleting '/nix/store/qjj6hpvs93wxxjx710c6gqvaqxga1jp0-poppler-data-0.4.12'
deleting '/nix/store/q8wkydqq9yymjx70f7grkgyyry6wq5zc-libxmp-4.7.1'
deleting '/nix/store/q99brxridhw0g2kj8w3cf5gzys4qqmyf-libxcb-render-util-0.3.10-dev'
deleting '/nix/store/17mczax5wsy9ahjk62za17z3hrsbk960-libxcomposite-0.4.7-dev'
deleting '/nix/store/ppqmnsvjkbhy3sfhyjaxvpdpy0ia548z-xdg-dbus-proxy-0.1.7'
deleting '/nix/store/q1i8hazacrx8bw7qd7lbx031r64nxy55-lame-3.100-lib'
deleting '/nix/store/py8wngjys0rzq3jbhrnm0nywyyjhdbmc-giflib-6.1.3'
deleting '/nix/store/ppzvhdpfzqbmg95n04dbm9ppnyj2xrz6-which-2.25'
deleting '/nix/store/i83hgz31lxz5nfk45nxgw6qzl91kqmxv-libepoxy-1.5.10-dev'
deleting '/nix/store/2iyj9hgv92aqdaykhziyl86zcga4jbgl-libevdev-1.13.6'
deleting '/nix/store/dibbirm82v8zj5kkjjd7bjhpz265nvyy-perl5.42.0-Authen-SASL-2.1900'
deleting '/nix/store/q80piv6amx4ikndjg7rpgw6zrdkgqji8-libbsd-0.12.2-man'
deleting '/nix/store/plxnz55nn7g4356qbcqw960lj64f7vvx-libepoxy-1.5.10'
deleting '/nix/store/58ha8qi151hrfcn5anzlg5x828s5z7i3-perl5.42.0-CGI-4.59'
deleting '/nix/store/pin3xqcdb62vj58y0ffklaqcvmfbv3an-libxcb-wm-0.4.2-dev'
deleting '/nix/store/54yn2hdk3bnw4yl1xc01qm4y4laaggcr-curl-8.21.0-bin'
deleting '/nix/store/ph5brr1x44js5gq0ml9gi2idwb7z8cjp-libssh-0.12.0'
deleting '/nix/store/pwqybd90qkzhc8773kwbslq8zn97v80r-util-linux-minimal-2.42.2'
deleting '/nix/store/gcp5fsz0w79q90p3ap8sq1iivxs7mwag-libdvdread-7.0.1'
deleting '/nix/store/pvvc50bypzhsjd7dkj0cdd9rildwxyl8-libelf-0.8.13'
deleting '/nix/store/pp0lw7gqjkhk87w1icd4ysg3c4ihqs3c-unzip-6.0'
deleting '/nix/store/i50ahvi9icmpq6pn5d8jlc0hq20lsmbs-libcdio-2.3.0'
deleting '/nix/store/2iah9yi1pvcwmbvj3c47p6p0c6rz6gjl-soundtouch-2.4.1'
deleting '/nix/store/c5dwjabcaivjvsx30q3alyrkij997mv7-gst-plugins-good-1.28.4'
deleting '/nix/store/4r4kafibzbv5bmrdn4jldri8s7mill3a-perl5.42.0-File-BaseDir-0.09'
deleting '/nix/store/pi1aimqfsyc650mhyxgav1r3d4ws76rp-lttng-ust-2.15.1-bin'
deleting '/nix/store/0w4b04fz6hghav0gcmvvq9gizlgp3jzy-systemd-minimal-libs-261-dev'
deleting '/nix/store/7k5m0cbl1i5whr9xh360wad9wvrgwfr4-libsm-1.2.6'
deleting '/nix/store/p568cmgp5wgksc1l2fa1xincmsxlig9z-hfst-ospell-0.5.4'
deleting '/nix/store/nlbm3hlzam1alm97ff5c4kr9pl7n4bj6-libxmlb-0.3.27-lib'
deleting '/nix/store/nrrwag5krsr7iz4svg93z05hffk5sj1c-portaudio-190700_20210406'
deleting '/nix/store/nrw1c0ksdvlr4mkdyivilsd1n4gh4vnz-keyutils-1.6.3'
deleting '/nix/store/nzw9z53vgvn89ggw3x1z9dgq57p8i0rw-perl5.42.0-Encode-Locale-1.05'
deleting '/nix/store/nkav49gdg8y8cyxff419i5rs46pvcwaq-libxcvt-0.1.3'
deleting '/nix/store/ny51s9fgahkzyzvwyp1vwdhrph0xj1qh-pcre-8.45-man'
deleting '/nix/store/nxgjwvzsyjhc4sgcm652iqih81w64vla-qttranslations-5.15.19'
deleting '/nix/store/nrflmif4vdg1na9j6p7gcgxmjyncd6rc-gmp-with-cxx-6.3.0-dev'
deleting '/nix/store/nhfxwfxaks4cy6kdh6bl6qgis3mkxzwy-vo-aacenc-0.1.3'
deleting '/nix/store/nbckvp63ddppw6gs5viw329qzgknbayp-libxdamage-1.1.7-dev'
deleting '/nix/store/nmwd270hf5f3mhy71hacy93dxgz81pb7-gsettings-desktop-schemas-50.1'
deleting '/nix/store/b6wld0pjv5mqkdmp0xmjd5k830alq4w2-libxrender-0.9.12-dev'
deleting '/nix/store/nabq0k3y4a8d9diz1py4v28pw5f49g48-hyphen-2.8.9'
deleting '/nix/store/nfp9szbrkyn31y0ly16ma7af0f2hanwp-sshpass-1.10'
deleting '/nix/store/n8zfabmhjpy88hf477ljp140lqx04fv8-python3.14-dbus-python-1.4.0-dev'
deleting '/nix/store/z6c7a10qbrcwbjkp5i11vwd6lzwamhjm-kimageformats-6.28.0'
deleting '/nix/store/n5pd3f6p8gi0jl2dddq6pjhn2daa0ry8-adw-gtk3-6.5'
deleting '/nix/store/n48zgcmjn2xvrs6grmp3zccarl6ld42p-gdbm-1.26-lib'
deleting '/nix/store/n4qvp3h2brr5bqkk4ch92jgn2z6d473r-libde265-1.1.1'
deleting '/nix/store/n0z5vgjjx9x256y8arlh51glksg2bah3-faad2-2.11.2'
deleting '/nix/store/dnrbrx06nrgl6ksi37fw5kk14qk6bqs0-fastfetch-2.66.0-man'
deleting '/nix/store/n3gsfzrnah3667mqf8n7fyl9hx3dmqlv-opencl-headers-2026.05.29'
deleting '/nix/store/2c1fckfkfrglichz8va4jrfsrrnhqw74-djvulibre-3.5.30'
deleting '/nix/store/54q91v32bvgbdp3cyzg4k1yf7nq6ynbc-llvm-21.1.8'
deleting '/nix/store/0lbqz91w5a28pj9mhc35xfmsdn5yaqgw-flac-1.5.0-man'
deleting '/nix/store/ml16wni8hszg0dqkwjsb6066sipykkix-libtiff-4.7.1-bin'
deleting '/nix/store/mgdhbk3bbm5z3dmw9fq3jx2glwj8c9c7-a52dec-0.8.0'
deleting '/nix/store/mx6qzg52zj51z8z50mr2rlzk13lvv4r2-libfreeaptx-0.2.2'
deleting '/nix/store/mc55ij274h17fcvflk11fgynk99km5mj-pulseaudio-17.0'
deleting '/nix/store/lc3aijs777az2rljjavhgapj4fk0mc3g-libsndfile-1.2.2-bin'
deleting '/nix/store/lwn23zjy48chgfgbw79q5zd7hhbq35mp-krb5-1.22.2'
deleting '/nix/store/mwxc80rwhya2dyc8bn9v1n81kiiyqwpf-libzip-1.11.4-man'
deleting '/nix/store/mcba8gb7qzfmafpj5lk36jyipr4iw18g-glibc-iconv-2.42'
deleting '/nix/store/lryzjyj06rip5j75qrr22wg0dk2scp45-webrtc-audio-processing-1.3'
deleting '/nix/store/mam4cp635sdw5qfnis9jn7nd7nrzbrpd-perl-5.42.0'
deleting '/nix/store/dgjxllrh0sf615j2dkv9i47rxgkjwljb-libblake3-1.8.5'
deleting '/nix/store/mh02j16lq2iplnw707xq3k86mpv3d1f6-xdg-user-dirs-0.20-lib'
deleting '/nix/store/9x58jgzssbgj0l64hd015ahy7nkw3gij-libxtst-1.2.5'
deleting '/nix/store/m6qxk1vl4fvi6v99k6fwp9szq2jyxx5v-ripgrep-15.2.0'
deleting '/nix/store/64b63h0id13bfnx9v9kwak7l46clpirg-libsepol-3.11-bin'
deleting '/nix/store/l322bzpb9gmcmwsajrcpl9j4saipfs13-libthai-0.1.30-dev'
deleting '/nix/store/m8n6pixzjzcg8jkq7lsb77k7wrb3whgz-zstd-1.5.7-man'
deleting '/nix/store/ky9r7fl8x5hm3klvs2sgg8akn2i4pbvl-kcoreaddons-6.28.0'
deleting '/nix/store/knh8bri3xvlfqln8cgw7j6kph9id0q3r-lua-5.4.7'
deleting '/nix/store/m3r3rxhja6rlnjgypg2h11aak7aia73q-samba-4.23.8-man'
deleting '/nix/store/m7i514dsvpm38zl7wfgapcyj48ilg677-libuv-1.52.1'
deleting '/nix/store/m0nk8m4bniq16zzwwqhsb9xl67ic3i6p-mpdecimal-4.0.1'
deleting '/nix/store/m3bg2cfpd4y47i6cb01b9wn6xhn7rbwq-libfyaml-0.9.6'
deleting '/nix/store/l59y09nb3wxnqzv56lqalvn54cp2mjqc-x265-4.2'
deleting '/nix/store/lrqrg1wa7hl1409bpxfk934vpcg5dpnx-curl-8.21.0-man'
deleting '/nix/store/lwn0c3hdv4vgsjfaa7qmilzxk7cxfwmm-p7zip-17.06-man'
deleting '/nix/store/lvpsmzy3fxmfb8f6q5x238lq6awy3rax-dbus-1.16.2-man'
deleting '/nix/store/jlrs00qs7ck8p7gf70r6viy5r583xlim-libxkbcommon-1.13.2'
deleting '/nix/store/7m54jyshpspb1ykv3yga1z7zvq04y6ga-alsa-lib-1.2.16.1'
deleting '/nix/store/l7ivscfriziqnkwr92avccb222y1xsrc-a52dec-0.8.0'
deleting '/nix/store/kjjnsmb5gby7hbln329ashwsscfj70m8-libxcursor-1.2.3'
deleting '/nix/store/kxk42mz88jqiqz96pazfm49bjkd1a44x-gcc-16.1.0-libgcc'
deleting '/nix/store/kiy8yxbaxbmh55xw63qgfb075w8hzls6-fmt-12.1.0'
deleting '/nix/store/k29wd67j9ia9gpwbyd5cr34n4zajxfbk-libid3tag-0.16.4'
deleting '/nix/store/k6gqdxhds7r8yrfpbxkslbvqjj6ilhzv-leptonica-1.87.0'
deleting '/nix/store/kmkgj2c2xvjcmh5w17v7gzg2sqvdvyrl-python3.14-packaging-26.2'
deleting '/nix/store/j2k11kpcbgy04yqg755j2nsjdjk5c39v-glew-2.3.1-bin'
deleting '/nix/store/kbxqladh12fbkbf0m2gdxwvrkcn0wfdr-lazygit-0.63.1'
deleting '/nix/store/js29if29mbcdwrkl7qhxnzsxhx3862m4-python3.14-pycairo-1.29.0'
deleting '/nix/store/kcjl04b8a9icq01fdgyvmba5pdk3nnxh-util-linux-2.42.2-man'
deleting '/nix/store/7wg0d8i7jsyvbpzzsdra3w98rnrlz3mw-glew-1.10.0'
deleting '/nix/store/k1nrfc0fcij5r9qsv50n5a753yhqzr0b-pkgconf-2.5.1-lib'
deleting '/nix/store/536ibi11d9vjz03ibdhaz203sjnqdqi9-llvm-21.1.8-lib'
deleting '/nix/store/kgcly52b85rrb26y65fk6iydzri48kq9-ffmpeg-8.1.2-data'
deleting '/nix/store/jfrb4f9xskgx3ghwgf3xh81hm1n2ph1h-gnutls-3.8.13-bin'
deleting '/nix/store/jyjr0hlxiw1pcjrk4zdlrmjawy4izily-vulkan-tools-1.4.350.0'
deleting '/nix/store/kbddl0iwydskifb753jn5zhzayazzfwm-git-2.55.0-doc'
deleting '/nix/store/jl9pgjl9ia4bqgrw5xv9prll94ngqky1-double-conversion-3.4.0-dev'
deleting '/nix/store/jpzqyplnqbnq0mh692d504kdyj43xd58-libidn-1.44'
deleting '/nix/store/k64ma43a3gh3k3w4hd274dgqjp16yw3i-vulkan-headers-1.4.350.0'
deleting '/nix/store/jmfpx5q5fga28s1mzglgq37iyr8kh2j1-fluidsynth-2.5.5-man'
deleting '/nix/store/j7nzc8rsbn3h44hzhhdbazyfz14c84g6-libxxf86vm-1.1.7'
deleting '/nix/store/jq42pi89nirdcrrznbfx653m22qxqjr3-procps-4.0.6'
deleting '/nix/store/26i0vmk6f9rprxv46bnf07fvrmmjv777-python3.14-pyxdg-0.28'
deleting '/nix/store/2870wjbyc9lan8fsp404x3za7zmnidx2-gcc-15.3.0-libgcc'
deleting '/nix/store/j2aqfplc64b1dh4j5i9mf78qkjxwiis5-libdisplay-info-0.4.0'
deleting '/nix/store/iybjn3mxd0iwdhxndyyyb10gq6wkl1lw-libxcb-util-0.4.1-dev'
deleting '/nix/store/irqc5crq2ba5a6r1df91d91qxpyywm8a-imath-3.2.2'
deleting '/nix/store/6p6h8kyz7pfz2jlpamh11p0a0q32fy11-jasper-4.2.9-lib'
deleting '/nix/store/j80dm59c6gmlgg889ajqh60nykl0963x-file-5.48'
deleting '/nix/store/innvfzn55mlgk0vjkki5qk1h4g3ppn0c-libvmaf-3.0.0'
deleting '/nix/store/ikmx5jxk76s10qsljf7gf2z8cmjhf6x1-fftw-single-3.3.11'
deleting '/nix/store/iiwfv37ma14qrs3hk8428n1f1xm4xnjr-pixman-0.46.4'
deleting '/nix/store/i6arpnv6cpxv23zr867hw0mxdkxdgqd4-python3.14-toolz-1.1.0'
deleting '/nix/store/agwxg8vzz3kfb0xsv5z2qm7xdz448h3i-libbsd-0.12.2'
deleting '/nix/store/irfjp7bfqaqimzxihnbpvng8i6nhmc97-noto-fonts-color-emoji-2.051'
deleting '/nix/store/i2lwcyni64nrbqmxwdgjni51ng0nmbhz-vkbasalt-0.3.2.10'
deleting '/nix/store/i9zb0fsdd2vxk4lap0q2apimqbl5a9d8-libpng-apng-1.6.58-man'
deleting '/nix/store/25zrh3x8n2d9m65kjp6azhcapxkf6fa5-libjack2-1.9.22'
deleting '/nix/store/idxbqx0ahwdb12vq530x030q8xqfgyir-jemalloc-5.3.1'
deleting '/nix/store/iajqdw745g9p9nzk1gzppkxj35477grb-eza-0.23.5'
deleting '/nix/store/ibb371psgjd6bccrqvfrjv49bpvm6jdm-wayland-protocols-1.49'
deleting '/nix/store/i7vpzhki045rj4qgpnx3nsgjar0dfy1h-perl5.42.0-IO-Socket-SSL-2.083'
deleting '/nix/store/i17jryw4mscvbjb9b4j653yss5aqfxj2-md4c-0.5.3'
deleting '/nix/store/i3f9w0x3vnspqxxbv56sak17bn8wilsp-cjson-1.7.19'
deleting '/nix/store/hmz4l26ji9z6raxnqbdbn6r0gwyg6bh2-dmenu-5.4'
deleting '/nix/store/5130ri1xdiwc91m81k9gbj7jc3w9hlhl-perl5.42.0-Try-Tiny-0.31'
deleting '/nix/store/45vfb8f69c6h0kv9108blgbfqhxkyzh9-lttng-ust-2.15.1'
deleting '/nix/store/hrj4nrakmqifv1l3y9j8xg54djyr4vfd-serd-0.32.10'
deleting '/nix/store/hlg21his5gxp3j3mvwz2by6n2wp11kin-pcre-8.45'
deleting '/nix/store/hv50xjq99jph5jssh5iffgwav3glr9ag-chafa-1.18.2'
deleting '/nix/store/hwd98wfmklll43472fnb9120lv7x9nhx-perl5.42.0-Compress-Raw-Zlib-2.222'
deleting '/nix/store/hp9vs3412gafkd7hcy9vdmdbmwxik1pj-python3.14-pyyaml-6.0.3'
deleting '/nix/store/hp7p3f4zz0kcc5h9p0r97snqlcsgmz7n-libevdev-1.13.6'
deleting '/nix/store/h4a0akapnqnr2a31c70bm3cixv4p7vds-libxslt-1.1.45'
deleting '/nix/store/24d7gck9b2dbca6i1vk0k0q73lppacjd-pkg-config-0.29.2'
deleting '/nix/store/awa3myvd34b64ripqklhr3j6db3p0s1b-python3.14-beautifulsoup4-4.15.0'
deleting '/nix/store/gxwk0j6mpbm0xav65bhdi3adfy1n9pr9-libxkbcommon-1.13.2-dev'
deleting '/nix/store/hiy5sm0xw9bgd3lcsv1nz7n0cc65v5w4-dejavu-fonts-minimal-2.37'
deleting '/nix/store/hhjay3rm5b1b36vz5yc0niy1sv5z5k29-liburing-2.14'
deleting '/nix/store/hagjx4xj4gc2a7jkg0lb65arljzisfr9-openh264-2.6.0'
deleting '/nix/store/4rjinrnncbl817ad367ljlhm0x8npzw0-mariadb-connector-odbc-3.2.6'
deleting '/nix/store/h8sc84c9lyn1gbn745iaf1rzi97kwi8z-libx11-1.8.13-man'
deleting '/nix/store/gv6v3s4lhaz7qfq84ippf7c80krybbpy-cdparanoia-iii-10.2'
deleting '/nix/store/gv5vg6v0j49qywidhipff7gnnkz4jvx0-sqlite-connector-odbc-0.99991'
deleting '/nix/store/gn2hkf03p5fx1s26f703jjiwqyj1lxqf-libksba-1.8.0'
deleting '/nix/store/4wai46rvh846zfxh9air2gwmwd16c1d3-libtool-2.5.4-lib'
deleting '/nix/store/gjy2i9rw946746qfmpvrn1hyc691llgy-abseil-cpp-20260107.1'
deleting '/nix/store/gs2zr9k6y6y9h111gdqwyhhjph691k75-perl5.42.0-Crypt-URandom-0.55'
deleting '/nix/store/gkfyj4v9s3nydllvgl6vw1iv4dfjhs5f-hunspell-1.7.3'
deleting '/nix/store/ggka42lphn1s5vllyfsw344n57ak4cdc-libvdpau-1.5'
deleting '/nix/store/gmjap7779bi62jq6gfnbc6qmhg3kzvps-libglvnd-1.7.0-dev'
deleting '/nix/store/g9233lb7899rdmaw3gr6jnc35g8jxhmi-bzip2-1.0.8-dev'
deleting '/nix/store/gc5ckk2bdf2zm2z9d2rvhncd48nn3m45-libieee1284-0.2.11'
deleting '/nix/store/9fhwi0gnsqz5cy7v5wkv1yzkcp2hx7gx-libxrandr-1.5.5'
deleting '/nix/store/g4qn7i30w110d2nk2b5rk7s2m2xp3xg3-libdvdcss-1.5.0'
deleting '/nix/store/fws1421cr8h1y4gb2wf66mr1c84005iv-libxau-1.0.12-dev'
deleting '/nix/store/fya1k7r938ad8h669nn792caz702nn3w-json-glib-1.10.8'
deleting '/nix/store/g2i7samwrlgmmgk6g5csfkphrszj1ggj-libcdio-2.3.0-lib'
deleting '/nix/store/fvlk3bhi6gbak2cfywzr50dqa94jcwh0-miniupnpc-2.3.3'
deleting '/nix/store/g0nnb14m078jyiwlhfmvj2jckz0cgmgx-expat-2.8.2-dev'
deleting '/nix/store/1z1fhz3b4csfhin2gxvcfry48xn1g98l-perl5.42.0-IPC-System-Simple-1.30'
deleting '/nix/store/fw02nk054hybn1swhrfgvln90rfav0iv-seatd-0.9.3'
deleting '/nix/store/g186dvb9a73zva9g459iq5868jamvzkx-libxfixes-6.0.2-dev'
deleting '/nix/store/fqcmzjasgj4phbnblhbz4782b71sg95h-aalib-1.4rc5'
deleting '/nix/store/fngcx9p9galsfy0wfp2jgqqws8cp8kli-lcms2-2.19.1-bin'
deleting '/nix/store/f836vvi3043krn4yf5ln13hv92ijhfys-libpcap-1.10.6'
deleting '/nix/store/fg36vvlh94q7cxfqq3qiyadwr18awaya-libice-1.1.2'
deleting '/nix/store/frbbvid2cbdjaxla5j74v959x318v0l7-libvpx-1.16.0'
deleting '/nix/store/fd0c2jch2pql7szsswn96hc3ni9ymdya-tmux-3.7b-man'
deleting '/nix/store/fv16w8pm8mv6z16r8anmfqa6k5bz1659-perl5.42.0-Digest-HMAC-1.05'
deleting '/nix/store/f3wfz2q9s50ay2p0fbl9r3h3b314bf36-util-linux-2.42.2-swap'
deleting '/nix/store/fgc5f34lprwd1d3g9065lyl7w1603gz0-libmpeg2-0.5.1'
deleting '/nix/store/dvc7n567f1xpxgp1m5spn2wb9m29659n-fuse-2.9.9'
deleting '/nix/store/fa69mr026fva1v0sy9p94jprga585sr1-openfec-1.4.2.12'
deleting '/nix/store/ffr3z8naxqmjny9z6s02nck1fs923vjq-util-linux-2.42.2-login'
deleting '/nix/store/f91s3lg7mhqig8fj7hby2hrwysxhlm9q-libexif-0.6.26'
deleting '/nix/store/f1f44z5zgyq0lsxxf6wn5y6jdn3mw297-ldconfig'
deleting '/nix/store/f7kgxfrak6yngbzj7gkzx7v7mq59fcml-libx11-1.8.13-dev'
deleting '/nix/store/f65h8izyd4ci4ih0lgldpdc08kfjfvbc-libfontenc-1.1.9'
deleting '/nix/store/dvgf1287kjs55q8s62hgkwslscg0j1wx-xrandr-1.5.4'
deleting '/nix/store/f4h4705q8gdd2vi12wp4qm9zqcrajpwl-libcdio-2.3.0-man'
deleting '/nix/store/dm0gqanpyc0mn64wbnchxr79w3gvsa9z-spdlog-1.17.0'
deleting '/nix/store/0jwrc9n1z0y318j7r3ndizzpds3yf90h-openapv-0.2.1.3'
deleting '/nix/store/dx9ipys6di8cs3w53vzg3y2zwdyzx3gz-potrace-1.16'
deleting '/nix/store/1wj9hjrys8gp7blgimj2pk6a60k0y4i7-zix-0.8.2'
deleting '/nix/store/dmzf6bg1rspz8prlhqsiig9bq2fk94vb-lua-5.2.4'
deleting '/nix/store/dnvdlpalyzm64q307p9rarq4ppfff1z4-libxcb-1.17.0-man'
deleting '/nix/store/6qjhkd01d1h005gl8n0bd9qy6hy4l5sh-libavif-1.4.2'
deleting '/nix/store/dkr48dmkxi9fvbh0aanc4csbwjal3gzy-extra-cmake-modules-6.28.0'
deleting '/nix/store/dmbzk7axy189j6z7v90z70x8gr0fvn2c-fastfetch-unwrapped-2.66.0-man'
deleting '/nix/store/djf4lsklwxkz1h6sb6m6x3gdly49hp6y-bison-3.8.2'
deleting '/nix/store/diynrsbld627wyfj4j7n9n92nvr3b654-vid.stab-1.1.1-unstable-2025-08-21'
deleting '/nix/store/djd4sdlr9x169p5h5zl79aciqc7h665g-iso-codes-4.20.1'
deleting '/nix/store/c4gww3y294bl6i31r6jdg55p1nwdhgjh-libxcb-image-0.4.1-dev'
deleting '/nix/store/d9gr4iccmndavs3si2yb6cwbbjwcvni2-sndio-1.10.0'
deleting '/nix/store/cxch3r7jmqk85kjs2pfiv1xlpsvd4v5k-gzip-1.14'
deleting '/nix/store/dgjlaag0dr5nx1vp6sknbmimg9kxzqfw-onetbb-2022.3.0'
deleting '/nix/store/db0p9l5hb2qqgmv2f8n6gccnmddrqxx2-libconfig-1.8.2'
deleting '/nix/store/cx73dbd9fjvz8k1f40vwdfs9vwmwghf0-glu-9.0.3'
deleting '/nix/store/d712qdgaa34ma5gc90ccf14wkchs08w4-libxslt-1.1.45-bin'
deleting '/nix/store/ckd0yxppqz426idyr7c62i99cawrmkjv-libxi-1.8.3'
deleting '/nix/store/di2rh66q9iyjqps9iq861qwmh42552mf-fzf-0.74.1-man'
deleting '/nix/store/bzb9gd8dhnfi15v9zm468y9dphp488i7-karchive-6.28.0'
deleting '/nix/store/da2qmc9ghj2ivn1xpbiplx7m7zl7d0wx-graphene-1.10.8'
deleting '/nix/store/cr8vm2kzc02h3wixcmaw852gdpla6m1f-libraw-0.22.1-lib'
deleting '/nix/store/cmqz731nvfcrgj362ria5g4kd9zhs3sj-dav1d-1.5.3'
deleting '/nix/store/cnc1wrqxhm3rani5vwpmjv70mq3c4zvc-libsepol-3.11'
deleting '/nix/store/cq57xrw40gsph6x04y4y7jjbbns47hw4-graphite2-1.3.15-dev'
deleting '/nix/store/d9f4nhm43l3c3dd1iyaqkl10jy42ynvs-wavpack-5.9.0'
deleting '/nix/store/ci2lxkyg12kygcpgm5vh8abav70p2gzi-alsa-ucm-conf-1.2.16.1'
deleting '/nix/store/cj81vhqvf6gyqkw3s7hbgspkrflxic1d-tomlplusplus-3.4.0'
deleting '/nix/store/crj4yzvvksjms5k93yqrg5hx3a8vakag-python3.14-dnspython-2.8.0'
deleting '/nix/store/cr56p46h3n380l55bm0bb6vn2g56r7i0-ffmpeg-7.1.5-data'
deleting '/nix/store/bxy7nd5za0df99qfqp9743fl92mrlqx5-libultrahdr-1.4.0'
deleting '/nix/store/7asxv7amn9fdp5jh5j2z6rvkzjb1vgdm-gcc-wrapper-15.3.0-man'
deleting '/nix/store/cdb74mdfbrhmw1w0aw8s7pg7a91n24fd-lksctp-tools-1.0.21'
deleting '/nix/store/cjw0qq93i91v9yfmvfz1n3p9ysm5y7v4-poppler-data-0.4.12'
deleting '/nix/store/kzz3x8d7228dqihx64qfbhaxb5d4w1xl-libxmu-1.3.1'
deleting '/nix/store/4lwgzi35604k7vwxdpnd12jvfwdjvfby-gnutls-3.8.13-man'
deleting '/nix/store/cg8xyrvi381nasdl9nqq53dqwkxxk1dn-liblqr-1-0.4.3'
deleting '/nix/store/cds34vgv1ijrzgjrm9nhli93swwl695i-btop-1.4.7'
deleting '/nix/store/c3k85ym938bxlw4q69jib9rl0qym7ihg-zlib-ng-2.3.3'
deleting '/nix/store/c253pxvmzn71hl3k1rv11k3dd73vxfbr-fuse-2.9.9-bin'
deleting '/nix/store/bvkgyhfkm016xl9b7qqx06ddb2w0qag2-libxxf86vm-1.1.7'
deleting '/nix/store/c1zcwag5x9i24jj9nxv3dfn35ng33yn3-libpng-apng-1.6.58-dev'
deleting '/nix/store/4dzfw75ch50r5prfim5hzbnhmgg7qvh5-harfbuzz-icu-13.2.1'
deleting '/nix/store/byaim040mjkx85y44ypcr0lx2rvyl8v7-freepats-20060219'
deleting '/nix/store/1v1lzpb3z638kz2ls5lfhwqvwnxhgki7-xkeyboard-config-2.48'
deleting '/nix/store/bivjfqnsdyjy3q2pk818sdaxg3l3a1vy-libtirpc-1.3.7'
deleting '/nix/store/bkc3sy7rn37ra5yq9x3whl12vipq7hc1-re2-2025-11-05'
deleting '/nix/store/av7ghmq73lgwp0p58jf9qp5q55cmkih1-psqlodbc-18.00.0002'
deleting '/nix/store/bgw132vh26bhzkpmkfxh8wzh504vgq73-twolame-2017-09-27'
deleting '/nix/store/4df1i3dxqda6lc89gps42nxp521qvaz4-libasyncns-0.8'
deleting '/nix/store/bah04ajsjb0w293cnci5ilf3663imklc-shared-mime-info-2.4'
deleting '/nix/store/bng63c63kwlaxym4dn70h2fw4akx26x4-libmd-1.2.0'
deleting '/nix/store/085fzsp11pd40mwzvldwj6f7znhh27hf-perl5.42.0-TermReadKey-2.38'
deleting '/nix/store/avpqyqbb7zv8rklb7cxdmvpfhprw7s17-rtmpdump-2.6'
deleting '/nix/store/bjcb51j637a17xaky6v16wm9pp95wbhf-cups-2.4.19-man'
deleting '/nix/store/b1xhinic92wkdz9iznvdwx9f5y5jn659-libheif-1.23.1-lib'
deleting '/nix/store/b7b0wnpc0j7f38sq5yr6r8s85g0iplv7-perl5.42.0-Clone-0.46'
deleting '/nix/store/am74xxk388kj43a89nigb4xpb7wx5pbc-libXNVCtrl-595.84'
deleting '/nix/store/bfbxxd62z90a2s8kjrnvbhag7rsmxbvw-perl5.42.0-FCGI-ProcManager-0.28'
deleting '/nix/store/b6bdj3l0ygil9mlhrpx69g57035gr1nw-libsrtp-2.8.0'
deleting '/nix/store/b6dhmy4jvdcxwp7s1ffksgf90knj32h0-gnugrep-3.12'
deleting '/nix/store/3fyrfwk11vlm61lw7n7ncl2sxxj37lws-bibata-cursors-2.0.7'
deleting '/nix/store/b2nqhsbgkhd5669r9vn0d7hyzkafgkx5-numactl-2.0.18'
deleting '/nix/store/ayqk74pbqgbz983d4jmg9q32wc95x9zz-libxext-1.3.7-man'
deleting '/nix/store/b060jif56499xrq7nk9a0dsb85j30cfy-libsamplerate-0.2.2'
deleting '/nix/store/1nh0njwrk5m9sp6dkf8w4j3r1cx2kgkl-opencore-amr-0.1.6'
deleting '/nix/store/al5yjrrkzyp8rmb04qnfbgpbdf3d67iz-lcms2-2.19.1'
deleting '/nix/store/angnav2ac1kx0m3nqf5xgqz20h1klr2a-wavpack-5.9.0-man'
deleting '/nix/store/1mgbrhzjccm5dpn7fh47bsajhd3gpa7c-libcddb-1.3.2'
deleting '/nix/store/ak4mxlfilgxwd2v89wn3qlkyhnr0p372-ldacbt-2.0.72'
deleting '/nix/store/a0qmzmq3z55npjfchmx19iw2x00l5x4z-wl-clipboard-2.3.0'
deleting '/nix/store/angp413gqw98hnh2x3pnjmsbv33dhph1-perl5.42.0-libnet-3.15'
deleting '/nix/store/aid88nvnfyi0a2407if5fs2a20aya9f1-libaio-0.3.113'
deleting '/nix/store/1l2q64dwza6bd5nzrz3wwp5xjh0awv6n-fontconfig-2.18.1-bin'
deleting '/nix/store/a9hcc23lk328c5irq79408k2b7gwhddh-dconf-0.49.0-lib'
deleting '/nix/store/1iybb9d60ix590nc7m1d48y94q8an6ql-libmng-2.0.3'
deleting '/nix/store/ab8z9inr4j6yhhx9jr87am4inbcch67p-python3.14-soupsieve-2.8.4'
deleting '/nix/store/aclryalbnnwidjhf21s0bpsm4v0v182l-libdisplay-info-0.3.0'
deleting '/nix/store/aa8g40y96q5qicf7v79bm7rb3vdj4qhw-libselinux-3.10-man'
deleting '/nix/store/9l24jczwf49haxs61wnhlpqkbj7x419g-libcaca-0.99.beta20'
deleting '/nix/store/9jyx6hrsjdcjx1gxmipj45bij5vzvq19-gh-2.96.0'
deleting '/nix/store/a0ibqz6mznsnkqwhlcx8hf0dm9hb9081-perl5.42.0-TimeDate-2.33'
deleting '/nix/store/9kdgacs8yrf76dvpvwr35sa4hdgaimrj-libgcrypt-1.12.2-bin'
deleting '/nix/store/9xhb5nzm65394pzj29vgcxx1grk6742p-openldap-2.6.13-man'
deleting '/nix/store/0xqg3ms9s331v1xblajj73ppm79bxkhb-python3.14-distro-1.9.0'
deleting '/nix/store/913wcyayj3miymsnm83273fd4ik6j1vk-libxrender-0.9.12'
deleting '/nix/store/99r27iygnd90n9n908l1914g74m6bxsk-taglib-2.2.1'
deleting '/nix/store/96bn3m3zw4drrr8gmr1k8phr220s0prq-libdatrie-2019-12-20-bin'
deleting '/nix/store/93rp80kc1pj1dpq9nv4gfmy4l5wpcjyw-libpaper-2.2.8'
deleting '/nix/store/92z6h8765kny5cw8d73p9zafrzih67yn-libjxl-0.12.0'
deleting '/nix/store/45dy4zic4z8jijfyrmh55fpx05h55nzz-perl5.42.0-LWP-MediaTypes-6.04'
deleting '/nix/store/1jncnixlflajcb85daq66kggsy2hb78f-all'
deleting '/nix/store/92wcs5i32gw2sfpjgb2l8rcrrrl3rvbx-glu-9.0.3'
deleting '/nix/store/9bgnz6r8fb7kk09dzz94wf13lkz2rbbq-jq-1.8.2-man'
deleting '/nix/store/8zf3ii2914zn5p87p34xvwkwpg9pi26v-perl5.42.0-HTML-TagCloud-0.38'
deleting '/nix/store/8qplx5v5ih76rhf3s9k85wb2hbm1jyzb-du-dust-1.2.4'
deleting '/nix/store/1b098yn9wzg8m996rdyi5rwdzh9fl8gi-ncurses-6.6-man'
deleting '/nix/store/8swq5fjxnxigsb4k1iqbjm7zv9wz23nk-npth-1.8'
deleting '/nix/store/8w9kknh826z8f6ha7z8mbixzbrf1fr60-curl-8.21.0-man'
deleting '/nix/store/8sxdsrvqxq33pkxqdmh34y7wapqyx2yg-perl5.42.0-Compress-Raw-Bzip2-2.218'
deleting '/nix/store/0hhq8qmdajh7ifbvq9z3rfsbig90jhm1-libxinerama-1.1.6-dev'
deleting '/nix/store/8q8l2mx8hmikkandhq9as511r5x7r00m-nuspell-5.1.7-lib'
deleting '/nix/store/8pdaqs6vancd1q3ryl4pcyn35f38n83d-libmysofa-1.3.3'
deleting '/nix/store/8l88nfh2c304c30n5mg0qnpgrx7mg1k7-fastfetch-unwrapped-2.66.0'
deleting '/nix/store/8p9xcc4dkvrs4wyk3gycsm8rjv4kzbrb-libxkbfile-1.2.0'
deleting '/nix/store/8iw7ggyj6b6v8l4272z0hfrrik7pzn2m-python3.14-markupsafe-3.0.3'
deleting '/nix/store/8hwc4g7w858h3iq1qpq79w07mh7mklx7-libmad-0.15.1b'
deleting '/nix/store/846bifavy25vprkf4wc8z1dd4957lv9r-libgnome-keyring-3.12.0'
deleting '/nix/store/8l7zfq8zbqizw2430mifpfwa4vidiwdk-perl5.42.0-HTML-Tagset-3.20'
deleting '/nix/store/88y7rvahrq1is4c7xj97x6q38m4qldll-sbc-2.2'
deleting '/nix/store/8ixwrq40jsr5gn541y9zhx91cp35lz7a-sane-backends-1.4.0-man'
deleting '/nix/store/6xh8d6h6gz4i8g4vr68ma27h8l8yc9qp-curl-8.21.0-bin'
deleting '/nix/store/82hm9bk2afmmns98qcp21jz2q3a3ja5c-delta-0.19.2'
deleting '/nix/store/8bgbyjkj9lkzp6ijnaaaiwa39h1m4iri-libjpeg-turbo-3.1.4.1-man'
deleting '/nix/store/84kgpnfbcxfl74bxhhypd1pm5bhqil8r-libaio-0.3.113'
deleting '/nix/store/870avd3im7pb362yw1h26l5vvqdk6nq4-liblc3-1.1.3'
deleting '/nix/store/6rn049b00i5pbgk8d4ggnvbzwa6506np-qt6ct-0.11'
deleting '/nix/store/05f92ikvjlkl6r3jqls81xf8v97sqfyk-python3.14-pyrate-limiter-4.4.0'
deleting '/nix/store/8277yxqy7w1d6hhw2spcmix83ldbpdv6-hwloc-2.14.0-lib'
deleting '/nix/store/749188w3jigns9f5rhzhmzq7zd63a453-libxscrnsaver-1.2.5'
deleting '/nix/store/7w2z7kbvifnwg57divcmygmysqwa59s2-libxcb-1.17.0-dev'
deleting '/nix/store/7rw553d9k10ksn2v8z0sakqnngaid1b7-flac-1.5.0-bin'
deleting '/nix/store/7k8ky6xg6jdk0s32ws8zmh8618sijwyf-libyuv-1908'
deleting '/nix/store/7n5hlmx8jrqhz6knsksczqq2x05k4llh-libexif-0.6.26'
deleting '/nix/store/40jmff2rm6ax8kcr7hnk08y4pgbdkrxy-gawk-5.4.1'
deleting '/nix/store/6n33cd4142x9r4hpj8dmsrmb4lknzp0r-boost-1.89.0'
deleting '/nix/store/81fa7fizrnip4yzw35rmzq0426rbhn5q-net-snmp-5.9.5.2'
deleting '/nix/store/7y24haz1mckl4qqsnb822zl3h671344b-ffmpeg-6.1.6-man'
deleting '/nix/store/7hbkyhmv30z812ljfm4arrya44kfcjp9-util-linux-2.42.2-lastlog'
deleting '/nix/store/7asm9ykvkjg0rpi9sx4l42yrz74p6qvw-libxxf86dga-1.1.7'
deleting '/nix/store/6zipgyy802ngga75s76sl4c7mjgr9p9j-python3.14-dbus-python-1.4.0'
deleting '/nix/store/7bqn65nragp9c6ilawjjw6m1dmg7rzri-xvidcore-1.3.7'
deleting '/nix/store/niwsincr90p9y3amm8q2v4l206842693-minizip-ng-compat-4.2.2'
deleting '/nix/store/6yh0vyr5fi037azgs75kawxgiqfjcmz5-libshout-2.4.6'
deleting '/nix/store/18vp3ym0d7pmhak0qc242cmx2nq0mqi0-libzip-1.11.4'
deleting '/nix/store/6zr1dv9m58i4y2i1sqajl1zxqf1dim7y-libpfm-4.13.0'
deleting '/nix/store/hdqn89s373mq8dcswdhpzpxd1hlwg2ml-libxt-1.3.1'
deleting '/nix/store/6vzk4xbzhbwi2r7bqk0zh4x3abrycrpf-libxi-1.8.3-man'
deleting '/nix/store/3j4fy9jqabv71kpq4jylhvh5npqb0g3h-gstreamer-1.28.4-bin'
deleting '/nix/store/3q6clb2j4c58g8fwvrpfklshcsbgrp0c-gcc-15.3.0-man'
deleting '/nix/store/64rs306pp7wzfjv0f02h2wswvbzj8yph-ncompress-5.0'
deleting '/nix/store/vkdfa1fiqk9kn2c37hg7pph636cml7n1-glew-2.3.1'
deleting '/nix/store/39y2w7fpjcgy5dcj4b6hnbnkypbhcgmk-python3.14-pygobject-3.56.3'
deleting '/nix/store/7acjr52jqb1mwm4a5bxpg4n4snksjv8n-lutris-0.5.22-fhsenv-profile'
deleting '/nix/store/78bs068disb58f78gg5cdavklqq1r8cm-liburing-2.14'
deleting '/nix/store/6vzhsxcs4jygpmaxihij6iavii0q31nx-lmdb-0.9.35'
deleting '/nix/store/3bhgp0ybhm0y38bhbp4dfqjwd2m4qvaw-mpg123-1.33.6-man'
deleting '/nix/store/6z7farv0y6hnx04h25k6182jaaaksrsl-perl5.42.0-IO-HTML-1.004'
deleting '/nix/store/n0rv518rf637hqhmi6zmpzypv9sh7qjy-libraqm-0.10.5'
deleting '/nix/store/3mqk3szlxzzdmr875j3fmnz810l1khr3-libcaca-0.99.beta20-man'
deleting '/nix/store/b6rgyimcy0nqzq3k8wcms4fm0q7yd39f-icu4c-78.3'
deleting '/nix/store/dr9mfbhis3hr5a73chksnmkd7j8hs8in-dash-0.5.13.4'
deleting '/nix/store/3mpzqlwxgbv8h62vav1ldbrgs0vyvrkm-perl-5.42.0-man'
deleting '/nix/store/6vpa7alxn81w94991ys1z43hn55cb1ny-hspell-1.4'
deleting '/nix/store/1ar905xwpvxdhdbbzdhd0sh290dls54m-dufs-0.46.0'
deleting '/nix/store/3d5hd1r73nq8r2fzsz68nra5h1s5avdg-libmodplug-0.8.9.0'
deleting '/nix/store/nj2vi9z026zmkxbmd4zhyxkc2ijldy0y-libxcomposite-0.4.7'
deleting '/nix/store/5d8pfylmxqszxvwlrdfs1d5hx5hdb3hx-p11-kit-0.26.2-bin'
deleting '/nix/store/1w5q8ckcmjsadxbnv5p7jcq536bbjv9z-lerc-4.1.1'
deleting '/nix/store/5knxx8722fm7k73kmy619n9vd39qmf44-minizip-1.3.2'
deleting '/nix/store/0w8isdvqrd6jmqayr2dwgd27rizdbpjr-libxdamage-1.1.7'
deleting '/nix/store/9s8hcqmpylsa5xljvblsx720ab6a5dv6-squashfs-4.7.5'
deleting '/nix/store/fzr9ih0b5d71hp33yzq2rwqhgi7l0frs-hidapi-0.15.0'
deleting '/nix/store/6c0xfa0fll369i6562q7sd76i5yab2mh-openssl-3.6.3-man'
deleting '/nix/store/652hh9lfhy54q45w2nhd6zlzc7z9ks0n-lerc-4.1.1-dev'
deleting '/nix/store/qpj2dnd5qkqgjk8yhd4vwvdwaijw4yhk-fmt-12.1.0'
deleting '/nix/store/1xllljl4lpgnsd3s5s2h3bc0p2flszcf-zxing-cpp-2.3.0'
deleting '/nix/store/63xs6h255bgmz4qaixhni58ha9j2m679-libebur128-1.2.6'
deleting '/nix/store/6224mzdynj3z43fgink1yw4czas74c18-libXNVCtrl-390.157'
deleting '/nix/store/0f7v73wfccb594s137p30fjj5gcpkwvx-wayland-1.26.0-dev'
deleting '/nix/store/ih6lag5c0iac6q60v67z1gg633gj98jy-crc32c-1.1.2'
deleting '/nix/store/qsscimyrwrbn7srvrawwm2ijwxrcmm16-python3.14-markdown-3.10.2'
deleting '/nix/store/hydmdka8b25sw9lrk373qz87ab0aq40i-lua-5.5.0'
deleting '/nix/store/ai3afb650mpb9r5byb8s28dvxcsi0krj-dbus-1.16.2'
deleting '/nix/store/044q70m6f8al1xhndarxikmwgxw181kc-libsigc++-2.12.1'
deleting '/nix/store/6sxv3pjlx8xb73jbnfgplbdn1qb42i7k-dejavu-fonts-2.37'
deleting '/nix/store/5cl9hr0hp63xa12d7w3fdqg5cckp6yq2-mangohud-0.8.4-man'
deleting '/nix/store/q1hc5bx1f02blk957andz02jzm8rqw40-perl5.42.0-Net-SSLeay-1.92'
deleting '/nix/store/lz22sg6qsz8dkib2l3bscx39790fzwfd-neon-0.37.1'
deleting '/nix/store/3gb56hrzk49b2wgc81ij96x58081arb3-libarchive-3.8.8'
deleting '/nix/store/s30fbmk9wr1clxmqw6nnsscjar8n9y06-gdk-pixbuf-2.44.6-man'
deleting '/nix/store/0qrxmq342xpjn3qfm0dzarskl5hz97v8-gtest-1.17.0'
deleting '/nix/store/h48inflhdn1qidxn1yswf8y9hl9yqhps-x264-0-unstable-2025-01-03-lib'
deleting '/nix/store/2c6j98js1zjgyvsfp3rq1p6piw7a7qhg-libcdio-2.3.0-lib'
deleting '/nix/store/8sc6wi9r2v9snjig8b0z8gvks0pn275p-libxshmfence-1.3.3'
deleting '/nix/store/3pqss082m6dgkdcv9jv0z248c7qi26ka-protonup-qt-2.15.1-extracted'
deleting '/nix/store/l2hbnn5lpnf84v18wi94jcsf15nnrjvn-tzdata-2026b'
deleting '/nix/store/mv106iq18k8ib99bi5l4qmk6bs1i9bfl-alsa-topology-conf-1.2.5.1'
deleting '/nix/store/jhy1lrdrvzhn85532adb4w1fgkf6r22f-xorgproto-2025.1'
deleting '/nix/store/7g0vkscaxnvar3s345bsry27i2y0j1jn-libao-1.2.2-man'
deleting '/nix/store/dwzc3glqps0g7w8jb8akcd2sgq4fr3sb-find-xml-catalogs-hook'
deleting '/nix/store/zarzxxbrwfl5rh579sbn8sw4xwr2lm9s-Fluid-3'
deleting '/nix/store/6hyghr8bpj6h9bavs8fp7v5w3qlc42i6-libffi-3.7.0-dev'
deleting '/nix/store/lckxgzx0yqkb465fjsvl1y8j6c18pacj-libproxy-0.5.12-dev'
deleting '/nix/store/3fijn4y9nskl51ak4xvlxsca4k7f2bgn-libsndfile-1.2.2-man'
deleting '/nix/store/cnf77zjffsdyncsm7q2kgcsfi21hvbd8-xorgproto-2025.1'
deleting '/nix/store/8pnpwaagw11bsqngcvya33syshzrsqq3-libxcursor-1.2.3-dev'
deleting '/nix/store/1gqf6ahx7qbzaparrkz0q6dzdfw7bkli-wayland-scanner-1.26.0'
deleting '/nix/store/52g0gas22prq5p27b0rklgri2d1ky8a3-fribidi-1.0.16-dev'
deleting '/nix/store/31c9r7j5pfkjiwyhvj7m0b3x04kg46ng-perl5.42.0-Test-Needs-0.002010'
deleting '/nix/store/0i4ndlqrw6j71wvx1n379zs566gv17g7-perl5.42.0-Mozilla-CA-20230821'
deleting '/nix/store/10b3jyh7226z9vns23lsxa3rnjya4zhx-python3.14-pypresence-4.6.1'
deleting '/nix/store/03s6md181sxrh664pscg2x63mh1cn0im-gsm-1.0.24'
deleting '/nix/store/rb2vfjpj77gfdx7jr4m2b02n1d9g4g4w-ffmpeg-8.1.2.drv'
deleting '/nix/store/zpjiywlmjxrbvkgdgb33hq577jmzpps3-libvdpau-1.5.drv'
deleting '/nix/store/ibfdwl6nizcqd4mx52sy7awkd332wcl0-libvdpau-1.5.tar.bz2.drv'
deleting '/nix/store/28vr3497i11iwfyv4vkwk2qkmdyhn3fa-sdl2-compat-2.32.70.drv'
deleting '/nix/store/sasmgr99zr8bffc48p5bm5j5qpgjcvh0-source.drv'
deleting '/nix/store/claxiqj3snldhxjqnk1mi0swxqjskw47-sdl3-3.4.12.drv'
deleting '/nix/store/rr33ycfxc8abw45zqvmr03wxwnvxicda-ibus-1.5.34.drv'
deleting '/nix/store/lv325bg5xis6arwlchgd46769avm34pw-python3-3.14.6-env.drv'
deleting '/nix/store/b1ambb7v5h6isgbrwfzpiyaylzs23g71-source.drv'
deleting '/nix/store/9l8652380f7gc0wm3x3b90rl64f6b8pp-fix-paths.patch.drv'
deleting '/nix/store/kk8nqs0y2m28c2avwzxd7pd2vk79pc4y-libdecor-0.2.5.drv'
deleting '/nix/store/b71qfblr53qn4v16p3rkiqxwfnqaq7r1-source.drv'
deleting '/nix/store/cl7z0rnzxmbbzvph5ill5ngp3g5n282p-source.drv'
deleting '/nix/store/q8v21hh3w5bj4pr4rham15ww718d8hvw-snappy-1.2.2.drv'
deleting '/nix/store/m8a8hzjhhd8mgsbw504xda4cmm58dymk-reenable-rtti.patch?rev=e3449869b466869fc6b8a03a1a528fa6.drv'
deleting '/nix/store/632sdm5v1raqbq4k8hn2kx7i78zzgv1q-source.drv'
deleting '/nix/store/i5vqb60dm2g9j5nl35y4fvhnb93ghwy7-minizip-1.3.2.drv'
deleting '/nix/store/3gyy7mc60nxdqkyxxcli8m1hcdfm7gxd-add-int.h.patch.drv'
deleting '/nix/store/6bv7fg7jiagcykpy9r83z1bxjn8c6082-git-lfs-3.7.1.drv'
deleting '/nix/store/yfwl69cjb59icv17zsd8q18y9qxlfadv-git-lfs-3.7.1-go-modules.drv'
deleting '/nix/store/6nivh6p2r6dfqzsxr5wvbas2jiw2048d-asciidoctor-2.0.26.drv'
deleting '/nix/store/21s4qjdi6cihpbvxki1w695l0y7qd2hi-asciidoctor-2.0.26.drv'
deleting '/nix/store/y242bcrh917hcjv4181vrad8as4787nm-ruby3.4-tilt-2.6.1.drv'
deleting '/nix/store/6m249jhjzzjvqa8faxvxnc5dq09av81l-tilt-2.6.1.gem.drv'
deleting '/nix/store/rghs1l34pxdhgl069rvvp5005hp49ja7-ruby3.4-pygments.rb-4.0.0.drv'
deleting '/nix/store/iin2krl9hgdd5ifvwzsbm7hbdl27jkgk-pygments.rb-4.0.0.gem.drv'
deleting '/nix/store/p4283ihs0wd54yvna9vjkxlxgknn7lrc-bundler-2.7.2.drv'
deleting '/nix/store/rqg3bxmykgjg2f96qfn2hhvr37ll93pm-bundler-2.7.2.gem.drv'
deleting '/nix/store/mhsmsx8hfifx8l7vx9sj2ykz8kzga642-ruby3.4-rouge-4.6.1.drv'
deleting '/nix/store/v6dqgyzjzkwl59xdyfgdn6h537cvg4zm-rouge-4.6.1.gem.drv'
deleting '/nix/store/k63hbagblcdmiq0n2kra1z4w2k46gnw4-ruby3.4-asciidoctor-pdf-2.3.24.drv'
deleting '/nix/store/yncgqh9dwvw04yc6mrxlbiq5bzam2992-ruby3.4-prawn-templates-0.1.2.drv'
deleting '/nix/store/lyyk83h0l0z0g70gjxf76p9igsq69ddn-ruby3.4-pdf-reader-2.15.0.drv'
deleting '/nix/store/mg1b3npx1im1g9ziqrjlamz9yp3y0ijz-ruby3.4-afm-1.0.0.drv'
deleting '/nix/store/qpzjqplknisqrvqsdl7m7ksacy51i4zd-afm-1.0.0.gem.drv'
deleting '/nix/store/ahxwkxxjmpa3b6z21mba2240rxnn2rlh-pdf-reader-2.15.0.gem.drv'
deleting '/nix/store/7r0jgjgqj96m7n1dldpr6lgxy0842ify-prawn-templates-0.1.2.gem.drv'
deleting '/nix/store/r17yqzbqn2ily38xh2j3wp459by4b8g2-ruby3.4-prawn-table-0.2.2.drv'
deleting '/nix/store/dr9yh2prgq2psb457zinkm3wgsxp7wvr-prawn-table-0.2.2.gem.drv'
deleting '/nix/store/p7izaqnc3md35ssrfxhcdzq9jsvyvaqr-ruby3.4-asciidoctor-2.0.26.drv'
deleting '/nix/store/v08vj8fhhmr4zwznr69wdqi245s6r3c7-asciidoctor-2.0.26.gem.drv'
deleting '/nix/store/mvvkc26w2w2grhnrqn5d91mc9c5jd5kg-ruby3.4-prawn-icon-3.0.0.drv'
deleting '/nix/store/zzjglyd9ax0dfgvsd6cmwr6z1k137q4b-prawn-icon-3.0.0.gem.drv'
deleting '/nix/store/7xcwi2yca7b7v97h5dvr2wbg8b1b8by0-asciidoctor-pdf-2.3.24.gem.drv'
deleting '/nix/store/jligdsi9gxxsxd3inqh34fnx86jfr6gb-ruby3.4-coderay-1.1.3.drv'
deleting '/nix/store/1i4xjxg0j6xnb1pzyzc8wa7s4csynpvs-coderay-1.1.3.gem.drv'
deleting '/nix/store/jilm1l8h8m3q6vx8ycdyvr6sjskawz15-gemfile-and-lockfile.drv'
deleting '/nix/store/g063fapjxvbhhqnl30j0f7k12yl2fy8j-ruby3.4-treetop-1.6.18.drv'
deleting '/nix/store/i914ps6zwxz893mqp5midihlmi4b5r7r-ruby3.4-polyglot-0.3.5.drv'
deleting '/nix/store/qsis08j9cqyz68war0fl32jv6z72y4ja-polyglot-0.3.5.gem.drv'
deleting '/nix/store/3h498ipsbxd4g6v74c46fbmybam5lhrb-treetop-1.6.18.gem.drv'
deleting '/nix/store/dyjdfmc6ih4h1cla6nj5wh4v8vi8mh0v-gen-bin-stubs.drv'
deleting '/nix/store/c9j37w08rndlrsg7c950axz0ksppwiy4-ruby3.4-ruby-rc4-0.1.5.drv'
deleting '/nix/store/x3djq3879vcg91jnbzrmpb89vmcs3483-ruby-rc4-0.1.5.gem.drv'
deleting '/nix/store/92mmr6b944yaflh34s64can4fvic2b1r-ruby3.4-hashery-2.1.2.drv'
deleting '/nix/store/45dr8pim8w7vfmkdzz0ss8v5fvz0q86r-hashery-2.1.2.gem.drv'
deleting '/nix/store/3f542jgk6rms9j95vxsd57y800yjhdmr-ruby3.4-concurrent-ruby-1.3.5.drv'
deleting '/nix/store/x44iqrp7z7czw8c7pnmijff3ykmgg6pp-concurrent-ruby-1.3.5.gem.drv'
deleting '/nix/store/1rj2kcc534sh1wqi5zqxfyza8v9zlbic-ruby3.4-prawn-svg-0.34.2.drv'
deleting '/nix/store/vbgzh4flylhikzgx80xali1kinfbric6-ruby3.4-css_parser-1.21.1.drv'
deleting '/nix/store/qx1dsf11n6jxsbg9fk8ixxwgpkgkhlfk-css_parser-1.21.1.gem.drv'
deleting '/nix/store/j7w8d53sfkcn26fj0k0kdrqbirlyjj36-ruby3.4-addressable-2.8.7.drv'
deleting '/nix/store/psvwcb31b1flz5ws17zklzag818ilpxa-addressable-2.8.7.gem.drv'
deleting '/nix/store/cczhkiqs7c2mih7mh9hgw4br93w1svqy-ruby3.4-public_suffix-6.0.2.drv'
deleting '/nix/store/a960j9knf3p3rnfyh6jmva7n3x80n48w-public_suffix-6.0.2.gem.drv'
deleting '/nix/store/d8x8mlhiaykngnkgq87cls79jvh2m8xk-ruby3.4-rexml-3.4.4.drv'
deleting '/nix/store/ajgzynm22im3ghy17wsnpz7k96yhii6c-rexml-3.4.4.gem.drv'
deleting '/nix/store/ccyrj6pgxgh2xlgk8vp21qzm8inx7ss3-ruby3.4-prawn-2.4.0.drv'
deleting '/nix/store/mlb3rc70cjhq68cg601angjalc80mdb5-ruby3.4-pdf-core-0.9.0.drv'
deleting '/nix/store/8g91y4d7zwhn5d2gkrnkda884nz1chx2-pdf-core-0.9.0.gem.drv'
deleting '/nix/store/8bc0wxxkk3gvla2jh4rzyjkgalhg53fj-ruby3.4-ttfunk-1.7.0.drv'
deleting '/nix/store/vxczlb98qp3ghbzapxb602ggvp5wmyh1-ttfunk-1.7.0.gem.drv'
deleting '/nix/store/4jdbcnbasp9j7i97d668ci426rf380yw-prawn-2.4.0.gem.drv'
deleting '/nix/store/21yffhqbp0nl0pqz6bwnjnkgpb3yagdi-ruby3.4-matrix-0.4.3.drv'
deleting '/nix/store/ik0s545w5hcnzcy3j5y626i2hd0gxrqj-matrix-0.4.3.gem.drv'
deleting '/nix/store/1x13aw1wsw1jmha0pkqikv4a2x65m91a-prawn-svg-0.34.2.gem.drv'
deleting '/nix/store/1dikzdhp01fm6gfczy8hphvxz1bjqjs3-source.drv'
deleting '/nix/store/h3sh0sn0x9j7ps6fp7ps21ln5wyrk0ni-libxscrnsaver-1.2.5.drv'
deleting '/nix/store/g8kjmlcpph237gklf599l28n1d4jyiy4-libXScrnSaver-1.2.5.tar.xz.drv'
deleting '/nix/store/lr23c16ml87i6mzdv28fv91da3pjhgxf-python3.14-pyxdg-0.28.drv'
deleting '/nix/store/d4inhllirmzyb4shlmh4mqarmpgswhkc-source.drv'
deleting '/nix/store/3ji32ymmj6awvy8z8igr4jlx3s5j7j6w-libevdev-1.13.6.drv'
deleting '/nix/store/rf4qpjzbky116yhz5008cd4yyh49yxi8-libevdev-1.13.6.tar.xz.drv'
deleting '/nix/store/23qcaahn3m5m0djc86kgcq08klym53y1-git-2.55.0.drv'
deleting '/nix/store/jq23h7xlw75qvhh340bskd1y4yjc2lvm-perl5.42.0-TermReadKey-2.38.drv'
deleting '/nix/store/spl6vd5glr4p3lmqj6qrsvp87hy7a8d3-TermReadKey-2.38.tar.gz.drv'
deleting '/nix/store/j4cai7cpmp335n1vjz3wza2kqaihz52m-perl5.42.0-libnet-3.15.drv'
deleting '/nix/store/n7ims23417ndggij59np20s6ypqnfd8d-libnet-3.15.tar.gz.drv'
deleting '/nix/store/icqh0xadprcqa6ph3wc0h8laf4vzq4rb-docbook2X-0.8.8.drv'
deleting '/nix/store/i82908zv6lyzzhlqx37dv9kbssqpiw2k-docbook2X-0.8.8.tar.gz.drv'
deleting '/nix/store/9hmshl1wjhkcpqrc66g2f4pp8s0s5g72-perl5.42.0-XML-SAX-1.02.drv'
deleting '/nix/store/srh456h1cz26qa3g0dh90d156hf3wxx1-perl5.42.0-XML-NamespaceSupport-1.12.drv'
deleting '/nix/store/ng2nr631ls412ab5npfj345qjqllx8cn-XML-NamespaceSupport-1.12.tar.gz.drv'
deleting '/nix/store/ifid1qd8bn2m23h39wbq9757c4mkqma1-XML-SAX-1.02.tar.gz.drv'
deleting '/nix/store/8lw8wn533cr52kzk31minmcm21bf3fhw-perl5.42.0-XML-SAX-Base-1.09.drv'
deleting '/nix/store/8crigmi4nzisbc08pmqggzdj8qp66r8g-XML-SAX-Base-1.09.tar.gz.drv'
deleting '/nix/store/gpfa47p1j85xxwpdhxy5jrv5gq19n837-perl5.42.0-CGI-Fast-2.16.drv'
deleting '/nix/store/bszpq3h1yv5hiywnad6a9hw5nrvi7807-CGI-Fast-2.16.tar.gz.drv'
deleting '/nix/store/dl71j956vnh0v6z1q5msznbfdyaxgwin-perl5.42.0-Authen-SASL-2.1900.drv'
deleting '/nix/store/qm1gy1420ksgrgs2bl85jgzvl0lccrq8-perl5.42.0-Digest-HMAC-1.05.drv'
deleting '/nix/store/f7pc6vf4j0hy85x478p1vmf3p2l57b5x-Digest-HMAC-1.05.tar.gz.drv'
deleting '/nix/store/j5kw8i0lplza1dkgh3vyfrqjz1zdzn9v-perl5.42.0-Crypt-URandom-0.55.drv'
deleting '/nix/store/a2hg26qfgixsifbp3mvp1cpq5r9n4gbr-perl5.42.0-FCGI-0.82.drv'
deleting '/nix/store/vx9zw5ni8g72k9c4q11gk3qnh9ijgp0w-perl5.42.0-FCGI-Client-0.09.drv'
deleting '/nix/store/l1d93rm91y8x8d3k6nfb5541xpk3m48m-FCGI-Client-0.09.tar.gz.drv'
deleting '/nix/store/h353kan1kzq23plcig0casfqpypzdpd4-perl5.42.0-Type-Tiny-2.004000.drv'
deleting '/nix/store/rsmcmhqgp4dwq66pdalpmc8d7jpw78zh-Type-Tiny-2.004000.tar.gz.drv'
deleting '/nix/store/j9mqbxblm6qv8g2q0b4adbh526w582ki-perl5.42.0-Exporter-Tiny-1.006002.drv'
deleting '/nix/store/vi3jingc6l5c10spjpyc57s0d252v904-Exporter-Tiny-1.006002.tar.gz.drv'
deleting '/nix/store/8di8sar5cvyy6wrm3r1rm0h2w94m5as5-perl5.42.0-Test-Memory-Cycle-1.06.drv'
deleting '/nix/store/rgjfyd2n1x2j7jrrpci139krabzpqa6i-perl5.42.0-Devel-Cycle-1.12.drv'
deleting '/nix/store/zcqx8ja4vsyr0py50va4329biswl3cj9-Devel-Cycle-1.12.tar.gz.drv'
deleting '/nix/store/fsbkamcn72gwsq55j7v4rd68d0rr65r0-Test-Memory-Cycle-1.06.tar.gz.drv'
deleting '/nix/store/8wlds4m6mc6x51szaq1djmrrlql6wwdr-perl5.42.0-Moo-2.005005.drv'
deleting '/nix/store/q9mlj9hdcr04564rk0rpi4j95vlr83y0-Moo-2.005005.tar.gz.drv'
deleting '/nix/store/nhfq9n6lzsx9jkm32pldh1gif058wy33-perl5.42.0-Sub-Quote-2.006008.drv'
deleting '/nix/store/gnjnf7dg9cl3hngxbzv3cx94lb5hh5pw-Sub-Quote-2.006008.tar.gz.drv'
deleting '/nix/store/aq47dby4vyjz9855m8ra79l6a3bsslxi-perl5.42.0-Module-Runtime-0.016.drv'
deleting '/nix/store/kms0vdlzly8cpg8sy8l0clhz7mgzbbdy-Module-Runtime-0.016.tar.gz.drv'
deleting '/nix/store/8jplpad1djckcxy5g71p6ywf7ivmzlwd-perl5.42.0-Class-Method-Modifiers-2.15.drv'
deleting '/nix/store/jkgx95xm83ajcgbki03ijmj9kzxrjff7-Class-Method-Modifiers-2.15.tar.gz.drv'
deleting '/nix/store/1v9lvzccj8riyav8ky0i8wjj5qx27f3q-perl5.42.0-Role-Tiny-2.002004.drv'
deleting '/nix/store/flq65412b1j3dhkfd93kxpjdga7awwmr-Role-Tiny-2.002004.tar.gz.drv'
deleting '/nix/store/2biv7dd27lbjfnm9kr853rqsy96l88zq-FCGI-0.82.tar.gz.drv'
deleting '/nix/store/6ngmnzak8q9y2zs8vnd20wdhg17hbmpc-perl5.42.0-CGI-4.59.drv'
deleting '/nix/store/w6yvd3j1hbpg0ffhra0kqxhi7pbghq4v-perl5.42.0-Test-Warn-0.37.drv'
deleting '/nix/store/zx67m33bkgdlgc4hj3jjwh54601hyvj6-perl5.42.0-Sub-Uplevel-0.2800.drv'
deleting '/nix/store/adp24nwbrna6h2kwfqzjlf04mv3ad11m-Sub-Uplevel-0.2800.tar.gz.drv'
deleting '/nix/store/fng34gkb6jr06l4amfk7cm5k0i8cwygm-Test-Warn-0.37.tar.gz.drv'
deleting '/nix/store/i69syx4v9v4l38w657xg3pyz7m0hy78s-CGI-4.59.tar.gz.drv'
deleting '/nix/store/6qw2sg6vwk0j68282y2669d3z2m2fx4j-perl5.42.0-Test-NoWarnings-1.06.drv'
deleting '/nix/store/m75nvqn47dxfhhpgmvjw96zgd8rwar4x-Test-NoWarnings-1.06.tar.gz.drv'
deleting '/nix/store/3j9171lb686cdwbxc3cirgclmd6a09i2-perl5.42.0-Net-SMTP-SSL-1.04.drv'
deleting '/nix/store/srv3lvrrpanvs16ldxb9xirjzvbqjy3z-Net-SMTP-SSL-1.04.tar.gz.drv'
deleting '/nix/store/h4rrbaaq4m6s3yfp0cwr044sk42jy69h-perl5.42.0-IO-Socket-SSL-2.083.drv'
deleting '/nix/store/jpynld3xz3wpwbj36fnq1sggqd2wm6v1-perl5.42.0-Mozilla-CA-20230821.drv'
deleting '/nix/store/aa1zpraysp0364qbgrxzmdxrybqlagpj-Mozilla-CA-20230821.tar.gz.drv'
deleting '/nix/store/fjia5xnxz03l8canyxk0ylghp3456p85-perl5.42.0-Net-SSLeay-1.92.drv'
deleting '/nix/store/bpwms7vr3grq2iwsfdlp37v85wblfy3f-Net-SSLeay-1.92.tar.gz.drv'
deleting '/nix/store/f6hpn3kb5xgspyx9b6zlcg5jcy7d6rr5-IO-Socket-SSL-2.083.tar.gz.drv'
deleting '/nix/store/2sivjy8mskkbi2sydy2pw9h5n34lydqd-perl5.42.0-FCGI-ProcManager-0.28.drv'
deleting '/nix/store/is028dldk950ylzlf780mc4przsnl0kv-FCGI-ProcManager-0.28.tar.gz.drv'
deleting '/nix/store/1vjqjxfz2kv0ahib44zlgdnrx5whjq01-perl5.42.0-HTML-TagCloud-0.38.drv'
deleting '/nix/store/dndijjch8mg9cqalkbzilgg01y20hrh9-HTML-TagCloud-0.38.tar.gz.drv'
deleting '/nix/store/7siq46x42467076403lj3ym5688ms9hh-python3.14-dnspython-2.8.0.drv'
deleting '/nix/store/rhxaa6h0341h5xw18azbyjbmh6p89gsq-dnspython-2.8.0.tar.gz.drv'
deleting '/nix/store/flx5x8db1slq6gzrdz0qks6bjpbd1pdk-python3.14-pillow-12.3.0.drv'
deleting '/nix/store/s7hwiils7zx0nqjg2md3xp0fv9gp5f2p-python3.14-olefile-0.47.drv'
deleting '/nix/store/f07cgwj6128y44p64v67ggf79m99r8wz-olefile-0.47.zip.drv'
deleting '/nix/store/mlikggwfxyr5qza2jc0hz7dh3nfsd3lk-libimagequant-4.4.1.drv'
deleting '/nix/store/n051yzg3g23dyrdilih1373qnwypfcwq-cargo-vendor-dir.drv'
deleting '/nix/store/yswvm1h7i7csv2wrsyam052mfd5na7ah-crc32fast-1.5.0.drv'
deleting '/nix/store/qwx5k8jj9a8cqg7gbh38bak9kijix7k3-crate-crc32fast-1.5.0.tar.gz.drv'
deleting '/nix/store/vzjv7w2qfg2qikhg76pi030h41061mwv-adler2-2.0.1.drv'
deleting '/nix/store/8a2hwy60p3k6n81szvknwf3b0pdny2aq-crate-adler2-2.0.1.tar.gz.drv'
deleting '/nix/store/pi6bg4r5d0in60yi4i3ml44yn81ypfhm-flate2-1.1.5.drv'
deleting '/nix/store/6zab2w2pdvadkyfi7icsahgbycfybb2a-crate-flate2-1.1.5.tar.gz.drv'
deleting '/nix/store/izzm6069f03cxn4hchk3a0005ny8piwd-miniz_oxide-0.8.9.drv'
deleting '/nix/store/hz6ljdbhwp63d92r96gaf0cdd50z8a87-crate-miniz_oxide-0.8.9.tar.gz.drv'
deleting '/nix/store/ddhvr3185201vfrcsc16zllkpimm6vkn-simd-adler32-0.3.7.drv'
deleting '/nix/store/251cvzd2dpjm33g6fvkxbiiq9h67wjzw-crate-simd-adler32-0.3.7.tar.gz.drv'
deleting '/nix/store/b82qvnsrpam4mwgj4ddbdvdl31ag1nri-libz-rs-sys-0.5.2.drv'
deleting '/nix/store/839x22iwmbxvblp9v4arir85jjsx7si8-crate-libz-rs-sys-0.5.2.tar.gz.drv'
deleting '/nix/store/azvzqvlks54cypiv9isjw0k3ji3mqs7q-arrayvec-0.7.6.drv'
deleting '/nix/store/wy7h3hcznfm845s3q6lvssmmqqa15y95-crate-arrayvec-0.7.6.tar.gz.drv'
deleting '/nix/store/ahm89cgk4vwsisl00bwwk1s84rrnrr78-lodepng-3.12.1.drv'
deleting '/nix/store/ja59hy3gpf7z7b03bvwgwbni8sjkrvji-crate-lodepng-3.12.1.tar.gz.drv'
deleting '/nix/store/8b3ywlh9xrbs8l7w4injxyjssjvq11ai-rgb-0.8.52.drv'
deleting '/nix/store/4vv91254i3xb045dbwc4jn9xpxbpbmrg-crate-rgb-0.8.52.tar.gz.drv'
deleting '/nix/store/69f0zvscnsm0rzxp00qhxvgj1zy96kkf-bytemuck-1.24.0.drv'
deleting '/nix/store/xz80z6r9yvhss0pr72r134j0fv189sca-crate-bytemuck-1.24.0.tar.gz.drv'
deleting '/nix/store/59m0jmmcwbpianv3xhyzl68hysb7qn41-zlib-rs-0.5.2.drv'
deleting '/nix/store/qrcclsmm43grwhcf9i4xzzmp6zy4b2pp-crate-zlib-rs-0.5.2.tar.gz.drv'
deleting '/nix/store/4s3807ljr84wlw2p06r8ilf59kirj900-thread_local-1.1.9.drv'
deleting '/nix/store/q5xx4syhp4p8m4vi4z2dhqxb89hwdfg5-crate-thread_local-1.1.9.tar.gz.drv'
deleting '/nix/store/2ac8yj2h97xdgxcnas3wm5bbg3slbskc-cc-1.2.46.drv'
deleting '/nix/store/ar3x6yfks0im48hdggaw8wk6ccyqdgv9-crate-cc-1.2.46.tar.gz.drv'
deleting '/nix/store/lmylzx64vlpm1sqaa7ns0ig9b69pw1gs-source.drv'
deleting '/nix/store/lqs2qv1ca3l3x8r9ypxhhmr5flbg8s89-libraqm-0.10.5.drv'
deleting '/nix/store/6p4xab7qm14d1mg7073qz3rcb0yyzndg-source.drv'
deleting '/nix/store/33y3d5j40wh3vk5crqaxf45si1k3j6pi-source.drv'
deleting '/nix/store/0hgqwawbm5jnphfdb6389z1vfqk7hrw1-Authen-SASL-2.1900.tar.gz.drv'
deleting '/nix/store/dbffv4g89x443rrqizrnsxxfsyf9fjmz-re2-2025-11-05.drv'
deleting '/nix/store/yv6xgkggy6k9drhiyi562bkdl9z3nsxc-source.drv'
deleting '/nix/store/0fbwfb8cvz0fdh4iv0423xs5l5r6h94h-ruby3.4-Ascii85-2.0.1.drv'
deleting '/nix/store/a4mx4cr5xdckrlv46hphpl3n6rp8alkk-Ascii85-2.0.1.gem.drv'
deleting '/nix/store/0826swsknmlmn6xziksxqbgg6rpig7kd-Crypt-URandom-0.55.tar.gz.drv'
deleting '/nix/store/07h68hldp9xxv6r6bcixiwys6ffj1wp9-sandbox-dbus-launch.drv'
deleting '/nix/store/00zqshgzjp76bp0lxwxmy38k0shiavrx-libc-0.2.177.drv'
deleting '/nix/store/pkkqa0b4f9a821sdvbq4qfk91famzviv-crate-libc-0.2.177.tar.gz.drv'
deleting '/nix/store/c4vl15p6s85bhbz8p9dhxi8syna5jl4y-build-without-dbus-launch.patch'
deleting '/nix/store/sjgnra7pjlmmb5bcm3zs4dfzf2rgs3w6-Gemfile'
deleting '/nix/store/swi2diza6kch6m2gpf50c9h79zg9b6q9-Gemfile.lock'
deleting '/nix/store/qjj178v5f2afrzqkp6mvpzsyi1856mf3-gem-post-build.rb'
deleting '/nix/store/ms70x7p056ba8s9w6c36qp65rr40wl4v-find-headers.patch'
deleting '/nix/store/ak9sy83a0vb34zlzs8m7xsrxcp48w2sn-fix-paths.patch'
deleting '/nix/store/m24r1b4syycb3n6xfk7l65ickf3jfp2x-gen-bin-stubs.rb'
deleting '/nix/store/541dn78690xq09l4smywkrsxgz7c994c-db2x_texixml-to-stdout.patch'
deleting '/nix/store/gzf564jcn3ll0m3caw2by2v4a60vfhlk-setup-hook.sh'
deleting '/nix/store/ci3mkcf32cpnfh57bm689x3n8mhfy6dj-Cargo.lock'
deleting '/nix/store/syhidamxkpp8g009w4vz3imf2xrz7bdl-tracing.patch'
deleting '/nix/store/hjb8pww53dqgfdqb5xkc30m6fcsbfibk-revert-PUBLIC.patch'
deleting '/nix/store/lmipz1ibi5fxkhlmqvjivz17cmliz7cg-jq-1.8.2.drv'
deleting '/nix/store/k61vsbamgpbmnn9wj9p749izq5dcgbfa-util-linux-2.42.2.drv'
deleting '/nix/store/zgrjhpb29zpma8z03811317dk3fld5l7-perl5.42.0-po4a-0.74.drv'
deleting '/nix/store/zyazmnwf1kmc4ddq5gzg5ldbfyvf60g8-kpsewhich.drv'
deleting '/nix/store/x1n60rxg73lbcr18zrcgpg7hjrz1iszw-perl5.42.0-Unicode-LineBreak-2019.001.drv'
deleting '/nix/store/yk21lg1qr722zdxkv7i3nd5q2w3l6vvi-Unicode-LineBreak-2019.001.tar.gz.drv'
deleting '/nix/store/id7pbd8q8x8z05mr5qrgz3kssljsc373-perl5.42.0-MIME-Charset-1.013.1.drv'
deleting '/nix/store/fl4vnm1k5bawi6djr66ig93vmmpimjb2-MIME-Charset-1.013.1.tar.gz.drv'
deleting '/nix/store/wv5smbqm76f3h0ny7s06wxn05yw3ldzx-perl5.42.0-Syntax-Keyword-Try-0.30.drv'
deleting '/nix/store/ps460gxzsmi0qh4xls3f7ccbj5kfvah4-perl5.42.0-Text-WrapI18N-0.06.drv'
deleting '/nix/store/ixjkyybpqqq9bppv49chxngyz7mgjfmj-locale-glibc-2.42-67.drv'
deleting '/nix/store/kyhhj559ghycb01j2pd4znyh3x967lwm-opensp-1.5.2.drv'
deleting '/nix/store/zn96gd0hn9qry0qckg3z371s4ab64ix3-OpenSP-1.5.2.tar.gz.drv'
deleting '/nix/store/ibkzh7fnk5a9cra9giz58956901016jj-opensp-1.5.2-gcc15-musl.patch.drv'
deleting '/nix/store/gvd50kmdsi60743qbllp5f9yjb8kcmma-docbook-sgml-4.1.drv'
deleting '/nix/store/v2x16q9zvdphwxplrm78rl9l77i3j02k-ISOEnts.zip.drv'
deleting '/nix/store/p655w0mgapiq683dw7idry9n23acfzp9-docbk41.zip.drv'
deleting '/nix/store/dd4f71cz32sr4i83gmg7pkmagji5c8cw-po4a-0.74.tar.gz.drv'
deleting '/nix/store/yx5h1x3p9372hpblmi83zd0fx2qwny38-shadow-4.19.4.drv'
deleting '/nix/store/w3y6jk2hqpgf48jm3h0fl8nwnlaiimf5-itstool-2.0.7.drv'
deleting '/nix/store/v2fc3bqs44zs6mjlhq9wa2nv2hhsqv8x-libbsd-0.12.2.drv'
deleting '/nix/store/kxgymcbd65wrw4p3ws34macqh5z4badq-libmd-1.2.0.drv'
deleting '/nix/store/hl24bcdlbd8pakvj0ycy1h89rbhkrfr8-tcb-1.2.drv'
deleting '/nix/store/dy30kyzb85wkamz01qlfi5fkcjdv53xw-source.drv'
deleting '/nix/store/g2amyw2vac5ikm9da3wknf04gqvh2763-util-linux-2.42.2.tar.xz.drv'
deleting '/nix/store/dqsfzm0hzgwxc3gcswmi1wykfb8rh4f9-bluez-5.86.drv'
deleting '/nix/store/wnsr7vwwsj2qf69bj9nhc0czn291rzsm-fix-btctl-noninteractive-regression-2.drv'
deleting '/nix/store/pikapxylxrshfxd5agp79w4nnyalb9am-libical-3.0.20.drv'
deleting '/nix/store/pcxk4prr6853zmpzvrpfxwwzvgx0rw6c-python3-3.14.6-env.drv'
deleting '/nix/store/n59y1hb2hn8ndwi0b59smlkgy3326fjl-source.drv'
deleting '/nix/store/pggbhmnxspgw6avs49bs8vc25srbajgz-fix-btctl-noninteractive-regression.drv'
deleting '/nix/store/nx9i6a7is5szym4mi5dx99x68cp2h3p5-alsa-lib-1.2.16.1.drv'
deleting '/nix/store/wpgjl486xvkiy3salfffq4dwg9lwbdvk-alsa-lib-1.2.16.1.tar.bz2.drv'
deleting '/nix/store/rm7c9wyqaaks8yc03qvyrhic66mly7ga-alsa-ucm-conf-1.2.16.1.drv'
deleting '/nix/store/kay8xm1p4p47p813dc6ng295m7m3ccyy-alsa-topology-conf-1.2.5.1.drv'
deleting '/nix/store/kmpb6sayagmk57li5flzvl4nsd53wwzd-python3.14-pygobject-3.56.3.drv'
deleting '/nix/store/kdawvccvadha3gw43ddqj1r6ibjfvcd0-pygobject-3.56.3.tar.gz.drv'
deleting '/nix/store/gzlwzm2m1g9lb0y9aybm49arw6fqli99-support-libical-4.0.patch.drv'
deleting '/nix/store/bnl6hy254kdjb0iws7zs91f1w3j6w0fv-Text-WrapI18N-0.06.tar.gz.drv'
deleting '/nix/store/bacg0mnr61jhask3ibyd9x3q534mdfaa-libmd-1.2.0.tar.xz.drv'
deleting '/nix/store/ky8bnw5kv7fbkcqw5qs8gahf351qgdrn-python3.14-dbus-python-1.4.0.drv'
deleting '/nix/store/lnrlrwgbb0mlqfv3irk3ky0yqi95az7n-d5e19698a8d6e1485f05b67a5b2daa2392819aaf.patch.drv'
deleting '/nix/store/h70ihcyiknxqbcvijl1wv243apvqpdkf-dbus-glib-0.114.drv'
deleting '/nix/store/wzk0dyjwa3psy5dq5nqf70xjn6nldxan-dbus-glib-0.114.tar.gz.drv'
deleting '/nix/store/aaqh0rhbnxgnipkhmsxy5iiqzrc1hbmj-perl5.42.0-XS-Parse-Keyword-0.48.drv'
deleting '/nix/store/vb94wcqwqq527i01j413bgfci689412b-perl5.42.0-ExtUtils-CChecker-0.11.drv'
deleting '/nix/store/qx3bbpddy42lk9djq4sqh811zyxy4v41-ExtUtils-CChecker-0.11.tar.gz.drv'
deleting '/nix/store/ahv0pwv9zglm96ld5b6q68rfki2psh1d-perl5.42.0-Test2-Suite-0.000156.drv'
deleting '/nix/store/xf7mrrg80sbyp08livnmnry3qhmapmfd-Test2-Suite-0.000156.tar.gz.drv'
deleting '/nix/store/k82k3s566rkf78vqhifba6blcid5qlgb-perl5.42.0-Sub-Info-0.002.drv'
deleting '/nix/store/rdpq8ammqzm8fz0sr2i3sh2jf655kc1x-Sub-Info-0.002.tar.gz.drv'
deleting '/nix/store/gq1h34gd67d58qvb2kz3snyy2bppzhyi-perl5.42.0-Module-Pluggable-5.2.drv'
deleting '/nix/store/l8lwgj99mb49ln60fhbig17a20d8xi0f-Module-Pluggable-5.2.tar.gz.drv'
deleting '/nix/store/gpr4632kizrkh7gs0hfs66ly82wr6jfx-perl5.42.0-App-FatPacker-0.010008.drv'
deleting '/nix/store/y7jb073npp5r5r3iqfdywfiipvcz75kv-App-FatPacker-0.010008.tar.gz.drv'
deleting '/nix/store/af742xryx267036cfjyw6w75ky84q84d-perl5.42.0-Term-Table-0.017.drv'
deleting '/nix/store/s2l74mqpwnmfxwyhsm082f15f52qv7b7-perl5.42.0-Importer-0.026.drv'
deleting '/nix/store/iy92niyv6vgxymjp4vfli0pzgsgk6f07-Importer-0.026.tar.gz.drv'
deleting '/nix/store/b8ld29f6asls2h8bkbgnisk552dwl7ay-Term-Table-0.017.tar.gz.drv'
deleting '/nix/store/a5sxlmli674hnfil60xz5d4yxvkg4hy2-perl5.42.0-Pod-Parser-1.66.drv'
deleting '/nix/store/bzf8csh1pp9r8zgk6h4n40yqhw547xsh-Pod-Parser-1.66.tar.gz.drv'
deleting '/nix/store/a2jmil16nnlbcd0cys6kfqi4226af4g6-alsa-ucm-conf-1.2.16.1.tar.bz2.drv'
deleting '/nix/store/9bxjhvrv0d668salhhmzq8ajiyl5h35y-python3.14-meson-python-0.20.0.drv'
deleting '/nix/store/rrh97q91gq67dkgr93mbas6wqf6pjlgd-python3.14-pyproject-metadata-0.12.1.drv'
deleting '/nix/store/r9rdqm1mxhczmji46j8fw58dncq59l1y-meson-1.10.2.drv'
deleting '/nix/store/j1spw1yr8qki32n45rg3qb02hxh141a8-meson_python-0.20.0.tar.gz.drv'
deleting '/nix/store/g0ni0fq4nb9wvjbk5yplf01w3pzg8kym-python3.14-cmake-4.3.4.drv'
deleting '/nix/store/913fa2b7bylqwhxd825bpw2c58zgkmma-docbook-xml-4.1.2.drv'
deleting '/nix/store/hjfal55igvxg1k9dz2cxjnprxv23sl5w-docbkx412.zip.drv'
deleting '/nix/store/8kx60cq5705yixd91fs73lw9nzjjhs5c-libxml2-2.15.3.drv'
deleting '/nix/store/8jdbnsjsi8bgh2xmmhb2z0yqzfj373kk-pyproject_metadata-0.12.1.tar.gz.drv'
deleting '/nix/store/72hm9x2nih4hkp9c6mk42r92352wix7x-perl5.42.0-Text-CharWidth-0.04.drv'
deleting '/nix/store/6wwxq5rqdblh2cw0vz5inz0c7k9gw8xl-libbsd-0.12.2.tar.xz.drv'
deleting '/nix/store/6rf5ppidlz1fnimihmzra0jsvc6n99bn-fix-insufficiently-quoted-regular-expressions-pr51.drv'
deleting '/nix/store/6fx3fg83psxn23s1dx4602lv9q5ymn76-jq-1.8.2.tar.gz.drv'
deleting '/nix/store/63apvz5cjfpl28wsszsfgr6p5cvy30bn-catalog.xml.drv'
deleting '/nix/store/62ml3hdr1afkcxh6xi4vvgj28cxngpvp-perl5.42.0-Scope-Guard-0.21.drv'
deleting '/nix/store/n3v7cmz122kimj5n7m53g1kljkdr555g-Scope-Guard-0.21.tar.gz.drv'
deleting '/nix/store/5dkzj387hids4ia1k3ppmxmhhy11hk8z-ell-0.83.drv'
deleting '/nix/store/pz6vsbxcg7a6fpz5cxybr30djiax28ca-ell.drv'
deleting '/nix/store/clvm33phfdhag7kl2f7pbb6a17g3m7s2-sysctl-procps-4.0.6.drv'
deleting '/nix/store/lkq5bf3hh4d5flf4sdgyj2asg8wny48j-procps-4.0.6.drv'
deleting '/nix/store/g3w2f4dqfxgczv9sl57fk68xhaq115ra-procps-ng-4.0.6.tar.xz.drv'
deleting '/nix/store/5b4calc358ardmnm84pgw7ncy9xg7bpw-Text-CharWidth-0.04.tar.gz.drv'
deleting '/nix/store/4sdikfk7h32nann8lfq7hlrf35pf84i0-source.drv'
deleting '/nix/store/417rpvmj4mkvznslmxhpxfbzkqjb3lpk-perl5.42.0-YAML-Tiny-1.74.drv'
deleting '/nix/store/ary03yhcc7cj88f78yamnzvxf1516m66-YAML-Tiny-1.74.tar.gz.drv'
deleting '/nix/store/2ydhi1b33vqrcxibnmrrlnrs6l58badd-python3.14-pycairo-1.29.0.drv'
deleting '/nix/store/hyda514iprmkhcqxd487xnf634qs5cb0-python3.14-ninja-1.13.2.drv'
deleting '/nix/store/5iyd7jf7mgb8h0hkcb3xwxnns2g25dhi-source.drv'
deleting '/nix/store/2gzh08sbh7xxar4v2rajkq9yr4xqw5y1-Syntax-Keyword-Try-0.30.tar.gz.drv'
deleting '/nix/store/1x99jyasjbqy0c6wmm6a571hmkgbni85-XS-Parse-Keyword-0.48.tar.gz.drv'
deleting '/nix/store/19ivnpzs28fsfqaqvcy7dh13lxvxglfh-oniguruma-6.9.10.drv'
deleting '/nix/store/414mqs4s1sq10rz0vgs9q3874bizxxbq-onig-6.9.10.tar.gz.drv'
deleting '/nix/store/168ckip5k7x1xm59ri2k9wkw8llp719p-opensp-1.5.2-c11-using.patch?id=688d9675782dfc162d4e6cff04c668f7516118d0.drv'
deleting '/nix/store/0x2i3rspm70vkrd0ac8558brd0ilgn73-perl5.42.0-SGMLSpm-1.1.drv'
deleting '/nix/store/v6yajyk8ldmig7qp53rpns8vyjpr3fwp-SGMLSpm-1.1.tar.gz.drv'
deleting '/nix/store/0j2rg5p73v1g8364adj25822mbfrsz2m-itstool-2.0.7.tar.bz2.drv'
deleting '/nix/store/09m1csr9wxh3k68c0v3fcgphp56fqpw5-alsa-topology-conf-1.2.5.1.tar.bz2.drv'
deleting '/nix/store/06d5iv1n2vlgpha3nwpg1wqs3w5bp89b-dbus-python-1.4.0.tar.gz.drv'
deleting '/nix/store/qgy2ck2wzmnsgpjz8havp7r41akw93hy-disable-end-of-epoch-conversion-test.patch'
deleting '/nix/store/743mpjal91qbcpz2zrh3y4wffi67j14n-lndir-1.0.5'
deleting '/nix/store/vclqn522vs8dlvwf7jb4bcib9w8qcmpf-qtstyleplugin-kvantum-1.1.8'
deleting '/nix/store/9jpq5z23jmpi4fkpx2ryzbs01vx1ibps-qtstyleplugin-kvantum-1.1.8.drv'
deleting '/nix/store/x0igq8sgk9x13bafs0i17r3ikskwirmn-kwindowsystem-6.28.0.drv'
deleting '/nix/store/1s4gz5sl94azbzj2sf6bhy44sz9nvgqp-kwindowsystem-6.28.0'
deleting '/nix/store/z6k73cdnzdpqgmpjkv25z7hk45dsn0bq-qtwayland-6.11.1.drv'
deleting '/nix/store/26dnnykcv81lrbnss8g82nl06mqwhqdl-qtwayland-6.11.1'
deleting '/nix/store/vzmwy52992jh73c1br0xsvycmifal9im-01989083f9ee75a013c2654e760efd0a1dea4a68.patch.drv'
deleting '/nix/store/fs7b4xl40gskxs233m53q0m8m3gk1h2x-source.drv'
deleting '/nix/store/9f2v4dkxgsi7p21cb8dw1vyd4lbzps13-kwindowsystem-6.28.0.tar.xz.drv'
deleting '/nix/store/416qys8c4pwlv0ikpsdpjy4vh5v9qvxn-qmake6-hook.drv'
deleting '/nix/store/2ylyjflw6vz7915vji86z1fv85cfan82-qtwayland-everywhere-src-6.11.1.tar.xz.drv'
deleting '/nix/store/2km1h1ykz42iyygqhp32kk8hb36bb3yf-plasma-wayland-protocols-1.21.0.drv'
deleting '/nix/store/r2jayjj4dqq3318fqpsi584vaz6cm2d6-extra-cmake-modules-6.28.0.drv'
deleting '/nix/store/yx75rs3rqa2x8z2l62dmxin7c33mfmlf-qmllint-validate-hook.drv'
deleting '/nix/store/y7w4745igkh3089jj369vsp8vafq5479-kf6-move-outputs-hook.drv'
deleting '/nix/store/4q9v64v3j29dk48ryyqg34imsqm279vs-extra-cmake-modules-6.28.0.tar.xz.drv'
deleting '/nix/store/7bl93wbnmflrr93qa1y33p4ihcqbzw6n-wrap-qt6-apps-hook.drv'
deleting '/nix/store/zc3ihmhlq23d5k434l6fsfii986p3ch5-qtbase-6.11.1-only-plugins-qml.drv'
deleting '/nix/store/qr87dbwnyfrwyvm7l1h0h92j29lipjfw-qtbase-6.11.1-only-plugins-qml'
deleting '/nix/store/55kqa3wgz3cxq9zl1i3zcplpakyg1b6i-plasma-wayland-protocols-1.21.0.tar.xz.drv'
deleting '/nix/store/q8i91kq31wfnas1hgg32l0755yjpsw04-qttools-6.11.1'
deleting '/nix/store/04wd6iszlmkyxdrhzlx3ykz8fqzamgds-qttools-6.11.1.drv'
deleting '/nix/store/yi79vfwp3qd2gxbm12snk109fbfsqxns-qtdeclarative-6.11.1'
deleting '/nix/store/2mad91zc1fan32bxg2khrx306wqi1lvp-qtdeclarative-6.11.1.drv'
deleting '/nix/store/rh1wpwnswy8f9m4yifjs1gh6fq8zfqhr-9d4d376726a6ce15c429128dc65b927e411e40da.diff.drv'
deleting '/nix/store/mbwzv41nzq9npq04rrgdabsk8n6mn02c-qtdeclarative-everywhere-src-6.11.1.tar.xz.drv'
deleting '/nix/store/m7k12fflygq7c975bdbnvbsivy1krzrg-qtsvg-6.11.1.drv'
deleting '/nix/store/an046g949izgw1phb8rjsz1yh1rqvh7m-qtsvg-6.11.1'
deleting '/nix/store/jd62x62vpk1b4sj0j9gp3wr25v9a0yf6-jasper-4.2.9.drv'
deleting '/nix/store/jrfllj46rp2h36b1my4xfn82krygbra1-libheif-1.23.1.drv'
deleting '/nix/store/hm40cwsrc4h4g9a4av3dpyz619y7mivh-source.drv'
deleting '/nix/store/9qhvah2hy4d7a6wwn5s73s78vxsxp7kj-rav1e-0.8.1.drv'
deleting '/nix/store/jdan5wair6mgwijk8xv98adyiaxhw221-rav1e-0.8.1-vendor.drv'
deleting '/nix/store/m60c62r12lvbwx47hqrm6v9g2qw34pxz-rav1e-0.8.1-vendor-staging.drv'
deleting '/nix/store/va4hqz9lrdx96g41a5jvvi8dj195k1qa-rav1e-0.8.1.tar.gz.drv'
deleting '/nix/store/f8z3zcwlk0jbzzrx1aimia0rw9rnzwrl-freeglut-3.8.0.drv'
deleting '/nix/store/l2gkxgpvr2fr8qjzv3pki6msj48kw80s-glu-9.0.3.drv'
deleting '/nix/store/anmgpa91yk44mx7c7blws22kbdnxywvg-glu-9.0.3.tar.xz.drv'
deleting '/nix/store/51cq28hp1sfghwljxf4s40gxg3h4ar7z-libxxf86vm-1.1.7.drv'
deleting '/nix/store/wg92j6x4lqj611475nakksgkaw372flv-libXxf86vm-1.1.7.tar.xz.drv'
deleting '/nix/store/3b1z159pvn7x0ildaqr1i50mbymg09ri-freeglut-3.8.0.tar.gz.drv'
deleting '/nix/store/18ycznl4q6qwdkvqm7x33xk0xa0ahkrk-source.drv'
deleting '/nix/store/782slinm03cibri5sxwci124k3r314qx-qtsvg-everywhere-src-6.11.1.tar.xz.drv'
deleting '/nix/store/2vb020cr2qv3z7fs31ldgjzdd4pkhx67-libmng-2.0.3.drv'
deleting '/nix/store/s042gv8iav61ky9w2vywxnj2cq3zi36n-libmng-2.0.3.tar.xz.drv'
deleting '/nix/store/frjmp8jya1hjjpvmaspj2p472wxivs5h-dont-cache-nix-store-paths.patch.drv'
deleting '/nix/store/cfg4rn4wsvb15li2zlhdp13qf5r13kjz-qtlanguageserver-6.11.1.drv'
deleting '/nix/store/pz9lfsrclahw2s3qkk6z8h6zxc1jzw5i-qtlanguageserver-everywhere-src-6.11.1.tar.xz.drv'
deleting '/nix/store/44hw8br217ckdv3axczf7ar4q5rr35qa-8a2c82be6ad90e3f2a0760d8bab1e3a8cdb2473a.diff.drv'
deleting '/nix/store/3faapdh6hhd4i2q6184x4fjkyrcy4drh-a7084abd9778b955d80e7419e82f6f7b92f7978d.diff.drv'
deleting '/nix/store/313k6a1ixsf21x2x9qcjp9iijl42wqv7-qtshadertools-6.11.1.drv'
deleting '/nix/store/pnzq8phvychvwpf15zphdhi367gy87d8-qtbase-6.11.1'
deleting '/nix/store/ikzcj2xfb3a2ji52ck8bbpp093g6l5ds-qtbase-6.11.1.drv'
deleting '/nix/store/h0sb71q8qk4v63jz3vcf4z7awdkrmpfp-qttranslations-6.11.1.drv'
deleting '/nix/store/drwcr6synkm792mg48mzdiapm7ymnhjl-qttranslations-6.11.1'
deleting '/nix/store/h2nr7r086y09wlsx43sxhjss3x541i6r-qttools-6.11.1.drv'
deleting '/nix/store/bpkhl3jaarw5468688m86bhlfmiikxyz-qtbase-6.11.1.drv'
deleting '/nix/store/ywjiyr7v23i0039hrf0jisa7xy6kl96f-libproxy-0.5.12'
deleting '/nix/store/y7ivshwh9sw8y00jk7fsa13866s7fcyd-libproxy-0.5.12.drv'
deleting '/nix/store/8h0nh0m0qdrzkk92y9i87i3106vq0a9q-hardcode-gsettings.patch.drv'
deleting '/nix/store/78z0y89kjnxrcvmykjrdkn9g8j1nr7ap-source.drv'
deleting '/nix/store/xb0rxx5ibk361g007bq41kyvglrqi0pa-libxcb-cursor-0.1.6.drv'
deleting '/nix/store/j8x6k0pvhgy3w3iz8ghd8ah4as9vvhiy-libxcb-cursor-0.1.6'
deleting '/nix/store/68mmabnmmcy2v32rhv57j42gq22y8by3-xcb-util-cursor-0.1.6.tar.xz.drv'
deleting '/nix/store/wlh2syh8p10ki84hc9i53hzfnsmvaryq-qtbase6-setup-hook.drv'
deleting '/nix/store/sirl0sbyzhg7qi7k8fjdz74fzqwzmzf3-sqlite-connector-odbc-0.99991.drv'
deleting '/nix/store/xzzg88q10mx5fgy5bqvgdn15m2gzmxb5-sqliteodbc-0.99991.tar.gz.drv'
deleting '/nix/store/f12jn1h2ilm4chz64d31hlvwm9vh4s1r-sqlite-connector-odbc-fix-incompatible-pointer-compilation-error.patch.drv'
deleting '/nix/store/rg17dwyr4506p5jrlk8h5b4yv7a0asyh-double-conversion-3.4.0.drv'
deleting '/nix/store/csqlshyjhj1hv83glgvfkdgrmi70n5py-double-conversion-3.4.0'
deleting '/nix/store/q2fgsa4kb8gpm8n6p2lrcwppxvlaj7dr-source.drv'
deleting '/nix/store/q7b0hgpxawxyknq1qsjbacsw57m60rrg-libb2-0.98.1'
deleting '/nix/store/kjwbzc0mafh1lx3fxy0i0hpxbazapqnv-libb2-0.98.1.drv'
deleting '/nix/store/6r54z3qhg219h70bhqcin1a6k1zs6prn-source.drv'
deleting '/nix/store/ifj6p3s1wwpn2a3hn30d8brrw2szbvnc-md4c-0.5.3.drv'
deleting '/nix/store/011azkkx7nz2mlx1cj1xmghmcyckn9lh-md4c-0.5.3-lib'
deleting '/nix/store/1jnwk3fr78l69pmwf04m17fl86vv331l-source.drv'
deleting '/nix/store/6h3w9xhkcr4bkq553nf0jlhaqa364g67-qttools-everywhere-src-6.11.1.tar.xz.drv'
deleting '/nix/store/3zwf196q6j0v321367vavaiyjawr5l8z-qttranslations-everywhere-src-6.11.1.tar.xz.drv'
deleting '/nix/store/mmd628vk9ks2d37lln2qs2gyxkmmmnv0-mtdev-1.1.7'
deleting '/nix/store/fv0y930d3icj93zl9cmz366cciwz4fhs-mtdev-1.1.7.drv'
deleting '/nix/store/npkc523whin9aanl0inj99c3r3mr13zg-mtdev-1.1.7.tar.bz2.drv'
deleting '/nix/store/d9frwkd3azjb7nj6k789jx1gc0zfw809-mariadb-connector-odbc-3.2.6.drv'
deleting '/nix/store/n6q3bdbwqsxgymik0ivp8cjw7ywzv85p-mariadb-connector-odbc-add-include-cstdint-gcc15.patch.drv'
deleting '/nix/store/0ksp7x8mj9s2fwc1isxl2s5fpw89rh9y-source.drv'
deleting '/nix/store/cznl3g6w3s3imcshjszw77rzp3zw4psr-515cbbacfba9f4259c9c3b0714a31222c2b4c879.diff.drv'
deleting '/nix/store/w9lqpfryndkb8m4d93868crcmpppmnbz-mariadb-connector-c-3.3.5'
deleting '/nix/store/98d5d9m008hlimbj5y2qmc1i3gjk7s63-mariadb-connector-c-3.3.5.drv'
deleting '/nix/store/kh68j089p23c03kb6dc7bfyhjy1bmh1q-mariadb-connector-c-fix-cmake-4.patch.drv'
deleting '/nix/store/gk90npvrg6yd33vrspp0ac6wwjihh02r-e8448137f3365568090d5c0d4051039ddc1cdb6f.patch.drv'
deleting '/nix/store/cl06j2qia2n7j05jbpzrfmvxha7bnpb8-source.drv'
deleting '/nix/store/3qcbggbsp30s0d20yns4l9jlicz70wnd-qtbase-everywhere-src-6.11.1.tar.xz.drv'
deleting '/nix/store/2w2z9nl59r23lnh0sxf11nihv00njw1j-psqlodbc-18.00.0002.drv'
deleting '/nix/store/jhw20dw9knhbn5ww522aib2cshn35gs9-source.drv'
deleting '/nix/store/hfis4159p9z3rj28nl9cr5pk8js8xlw4-unixodbc-2.3.14.drv'
deleting '/nix/store/5c5z7zqv0v61b4ycxr5bhz59n9phyzrd-unixodbc-2.3.14'
deleting '/nix/store/kzb50lqqamy1416bjdgbajamvsnhm5cg-source.drv'
deleting '/nix/store/gl00gxsp6xs31svwa781p6b48f8svbaf-libpq-18.4'
deleting '/nix/store/8z1cxclbmvapmhar9zrfm91s6r752lin-libpq-18.4.drv'
deleting '/nix/store/c1c9krdsnpzvkql6f0f0p4bpl7g9whcw-source.drv'
deleting '/nix/store/069f6qy0g7q6w4wrrssb3n23p47ryfwb-lksctp-tools-1.0.21.drv'
deleting '/nix/store/p86z5zg3q991ghiv0pzaj3qwvmjxvc10-source.drv'
deleting '/nix/store/76k365bzi9ph5gxid5q6qy0w2rhxy2ib-qtshadertools-everywhere-src-6.11.1.tar.xz.drv'
deleting '/nix/store/x3xchram49fh5gbcrn2p25khzds4r8ma-wrap-qt-apps-hook.sh'
deleting '/nix/store/5103krcj82l78xz6dkqw8scwf510wfz3-socketdir-in-run-13+.patch'
deleting '/nix/store/zbjwbi0qd07ck15lpz3ydp3p1gplh4ig-ecm-hook.sh'
deleting '/nix/store/z2ypavkbp406dqa031qf3xng9504js86-skip-missing-qml-directory.patch'
deleting '/nix/store/ymdnrvjhna3iglbb0nfgmlzslb44h82z-allow-translations-outside-prefix.patch'
deleting '/nix/store/srssgmm0pj7rm6za0liav535l38yc1qa-qmake-always-use-libname.patch'
deleting '/nix/store/r660m2rk7wxgs7aizsl8y0mykaa60pw1-qmake-hook.sh'
deleting '/nix/store/4rjjq927p87hvxk1kw76ljywcb9zmbcy-qmllint-hook.sh'
deleting '/nix/store/qdmg1gbhpb1wmhb8h8yb6k0yna38a6rk-move-outputs-hook.sh'
deleting '/nix/store/py4wicahq3k6jd51gr401cifpchqd4sm-fix-qmake-libtool.sh'
deleting '/nix/store/n4r7cqp41z3r98rsb67rf9968sr2pi16-pg_config.env.mk'
deleting '/nix/store/lcbw02cgcqq0yxfbrrmg5qblg47csmgv-skip-gsettings-detection.patch'
deleting '/nix/store/lqxh5f246m2c9srgmvmsk89f64bg4bnl-mariadb-connector-odbc-musl.patch'
deleting '/nix/store/lsmscjybgdssc6x0y13hf0qd6zzcy1ya-fix-qt-module-paths.sh'
deleting '/nix/store/kr4f52kfz3kl937q7nhky77qg2kmcmc5-search-qml.patch'
deleting '/nix/store/hgalagldxbjw7fxcm8wagndh4x496dkn-dont-cache-nix-store-paths.patch'
deleting '/nix/store/3p628p7rd2hjqi381p1cnbvm902j04yb-use-versioned-import-path.patch'
deleting '/nix/store/gscgv0zqch1w6akz8jncm392bnc3m1qf-find-qmlimportscanner.patch'
deleting '/nix/store/fxca908c0l65rwmwq0x6dgpz2dljg2l6-qtbase-setup-hook.sh'
deleting '/nix/store/biay1wyd969h2zqfdb2gm7aqbpwzl95d-derive-plugin-load-path-from-PATH.patch'
deleting '/nix/store/cimykk4hahlxly61dssgz5jvpf1fkm0m-no-sbom.patch'
deleting '/nix/store/bi5fawz29k94bbxhhiqpywg5j48h23aq-qmlimportscanner-import-path.patch'
deleting '/nix/store/b6bbs8crpj5ywr9ln4sh8ch7xfnbxjxb-fix-qt-builtin-paths.sh'
deleting '/nix/store/27bxqd8nf5dqmbhfsrg903n3zx7l6825-hardcode-gsettings.patch'
deleting '/nix/store/6w9gg7cxzvqd5xb9sm2dpn3rz7krn5zm-use-cmake-from-path.patch'
deleting '/nix/store/5n2ig92dalqiqidygnflmnq5xx224n2c-qmake-fix-includedir.patch'
deleting '/nix/store/1wh71gyw28sn0dk6y01nifiwcnbx8c2m-mariadb-connector-odbc-unistd.patch'
deleting '/nix/store/nkrwfpr0n0azf3r93n83r582rp7ymzid-use-cmake-path.patch'
deleting '/nix/store/q2k57cl417rd3p86l5ill19x4ysf7206-iana-etc-20251215'
deleting '/nix/store/5bb215hhd8izxnnhsh063m126fy9izll-cups-2.4.19'
deleting '/nix/store/1wm786v5ia3iprwv7bs04sbisd2gakhg-dbus-1.16.2-dev'
deleting '/nix/store/m4q3a226wx3qjd3yrmwv2q0rzsjqf5zg-util-linux-2.42.2-lib'
deleting '/nix/store/1il8dmi1pjsrfn7r82n4v8kfhakmkb6f-libxcb-image-0.4.1'
deleting '/nix/store/fc1k0pzdm08z4cvf17ab0yrwqbv71lq3-libxcb-util-0.4.1'
deleting '/nix/store/0mmb4a05m3bnj939qhk9cgjwpb1njvld-libxcb-keysyms-0.4.1'
deleting '/nix/store/09rmhgxxpaqb8qash3v1xjqag9f25lha-libxcb-wm-0.4.2'
deleting '/nix/store/vmcimnbyccdk9l3l8zsxm7cdn2vlsasi-libxcb-render-util-0.3.10'
deleting '/nix/store/swljvs2gz4mcb1avyjzb0cc2qrbslmbb-pkg-config-wrapper-0.29.2'
deleting '/nix/store/gbx4rmn5krw445knwfvlwy1v5ld28b02-libsm-1.2.6'
deleting '/nix/store/xvsi42jn605pkrfr9s5hzm96rqvbiy0l-libpaper-2.2.8'
deleting '/nix/store/k56l2624ccg65pnkqm1firvl0irwnkpn-pkg-config-0.29.2'
deleting '/nix/store/lgls5p6xqi95pwqbysk1m1dxns0jk3g5-libice-1.1.2'
deleting '/nix/store/dfxjafbb8hhglyv6s55r2by3crbcwwqb-expand-response-params'
deleting unused links...
note: currently hard linking saves 246.96 MiB
copying path '/nix/store/kynk3pixx4vzzgsypdzs6f06rsb2llwr-heroic-2.22.0' from 'https://cache.nixos.org'...
copying 913 paths...
copying path '/nix/store/011azkkx7nz2mlx1cj1xmghmcyckn9lh-md4c-0.5.3-lib' to 'ssh-ng://j_kro@sentry'...
copying path '/nix/store/03s6md181sxrh664pscg2x63mh1cn0im-gsm-1.0.24' to 'ssh-ng://j_kro@sentry'...
copying path '/nix/store/044q70m6f8al1xhndarxikmwgxw181kc-libsigc++-2.12.1' to 'ssh-ng://j_kro@sentry'...
copying path '/nix/store/05f92ikvjlkl6r3jqls81xf8v97sqfyk-python3.14-pyrate-limiter-4.4.0' to 'ssh-ng://j_kro@sentry'...
copying path '/nix/store/085fzsp11pd40mwzvldwj6f7znhh27hf-perl5.42.0-TermReadKey-2.38' to 'ssh-ng://j_kro@sentry'...
copying path '/nix/store/ckd0yxppqz426idyr7c62i99cawrmkjv-libxi-1.8.3' to 'ssh-ng://j_kro@sentry'...
copying path '/nix/store/9x58jgzssbgj0l64hd015ahy7nkw3gij-libxtst-1.2.5' to 'ssh-ng://j_kro@sentry'...
copying path '/nix/store/a9hcc23lk328c5irq79408k2b7gwhddh-dconf-0.49.0-lib' to 'ssh-ng://j_kro@sentry'...
copying path '/nix/store/nmwd270hf5f3mhy71hacy93dxgz81pb7-gsettings-desktop-schemas-50.1' to 'ssh-ng://j_kro@sentry'...
copying path '/nix/store/08vfg6dpjb80kzs5c0s8pgsk1f0b2czq-at-spi2-core-2.60.4' to 'ssh-ng://j_kro@sentry'...
copying path '/nix/store/094nq5f94s77kd5aqzb7ijhlr25jv3zh-home-configuration-reference-manpage' to 'ssh-ng://j_kro@sentry'...
copying path '/nix/store/09rmhgxxpaqb8qash3v1xjqag9f25lha-libxcb-wm-0.4.2' to 'ssh-ng://j_kro@sentry'...
copying path '/nix/store/fg36vvlh94q7cxfqq3qiyadwr18awaya-libice-1.1.2' to 'ssh-ng://j_kro@sentry'...
copying path '/nix/store/7k5m0cbl1i5whr9xh360wad9wvrgwfr4-libsm-1.2.6' to 'ssh-ng://j_kro@sentry'...
copying path '/nix/store/0c75nzmnrg0lw3ajry6v5bm0k75jfdz2-libxt-1.3.1' to 'ssh-ng://j_kro@sentry'...
copying path '/nix/store/vcbyfyl9p5dpclhwvk7bqg7pgp4pxxwd-libjpeg-turbo-3.1.4.1' to 'ssh-ng://j_kro@sentry'...
copying path '/nix/store/0cgwjh08pbwl1nwys4nqym81jhv22l91-v4l-utils-1.32.0' to 'ssh-ng://j_kro@sentry'...
copying path '/nix/store/0f7v73wfccb594s137p30fjj5gcpkwvx-wayland-1.26.0-dev' to 'ssh-ng://j_kro@sentry'...
copying path '/nix/store/0fmf7w13aig5vyima2abxvqla1csxdv8-sqlite-3.53.3-man' to 'ssh-ng://j_kro@sentry'...
copying path '/nix/store/cnf77zjffsdyncsm7q2kgcsfi21hvbd8-xorgproto-2025.1' to 'ssh-ng://j_kro@sentry'...
copying path '/nix/store/0hhq8qmdajh7ifbvq9z3rfsbig90jhm1-libxinerama-1.1.6-dev' to 'ssh-ng://j_kro@sentry'...
copying path '/nix/store/0i4ndlqrw6j71wvx1n379zs566gv17g7-perl5.42.0-Mozilla-CA-20230821' to 'ssh-ng://j_kro@sentry'...
copying path '/nix/store/j7nzc8rsbn3h44hzhhdbazyfz14c84g6-libxxf86vm-1.1.7' to 'ssh-ng://j_kro@sentry'...
copying path '/nix/store/z4cc7s5brm85z7x1xi8ck84kv5fmp28v-alacritty-0.17.0-terminfo' to 'ssh-ng://j_kro@sentry'...
copying path '/nix/store/0jcwywrhm6ndnxn88fx75xpqz20b7xhw-alacritty-0.17.0' to 'ssh-ng://j_kro@sentry'...
copying path '/nix/store/mh02j16lq2iplnw707xq3k86mpv3d1f6-xdg-user-dirs-0.20-lib' to 'ssh-ng://j_kro@sentry'...
copying path '/nix/store/0jvlcq0ncg4c602pjd6qi5saa7adp2c3-xdg-user-dirs-0.20' to 'ssh-ng://j_kro@sentry'...
copying path '/nix/store/0jwrc9n1z0y318j7r3ndizzpds3yf90h-openapv-0.2.1.3' to 'ssh-ng://j_kro@sentry'...
copying path '/nix/store/0lbqz91w5a28pj9mhc35xfmsdn5yaqgw-flac-1.5.0-man' to 'ssh-ng://j_kro@sentry'...
copying path '/nix/store/0mmb4a05m3bnj939qhk9cgjwpb1njvld-libxcb-keysyms-0.4.1' to 'ssh-ng://j_kro@sentry'...
copying path '/nix/store/d9gr4iccmndavs3si2yb6cwbbjwcvni2-sndio-1.10.0' to 'ssh-ng://j_kro@sentry'...
copying path '/nix/store/9nnxa5yvj7h0wv98wgha71hz1rzxsw9b-miniaudio-0.11.25' to 'ssh-ng://j_kro@sentry'...
copying path '/nix/store/cx73dbd9fjvz8k1f40vwdfs9vwmwghf0-glu-9.0.3' to 'ssh-ng://j_kro@sentry'...
copying path '/nix/store/0qpqiy5h52mpkyq6jp2p47nsnn9hl22i-sfml-3.0.2' to 'ssh-ng://j_kro@sentry'...
copying path '/nix/store/0qrxmq342xpjn3qfm0dzarskl5hz97v8-gtest-1.17.0' to 'ssh-ng://j_kro@sentry'...
copying path '/nix/store/5xnmrm01zwcip9ppxjrflpfcf69vlz5g-ffmpeg-6.1.6-data' to 'ssh-ng://j_kro@sentry'...
copying path '/nix/store/ggka42lphn1s5vllyfsw344n57ak4cdc-libvdpau-1.5' to 'ssh-ng://j_kro@sentry'...
copying path '/nix/store/5v6p2ja858788wh2h4rgaq9rir4zrrvj-libxscrnsaver-1.2.5' to 'ssh-ng://j_kro@sentry'...
copying path '/nix/store/xhanbggvig9kdnpxvl2lwwp5i103ssbf-libdecor-0.2.5' to 'ssh-ng://j_kro@sentry'...
copying path '/nix/store/150mz85m0s6pvaiy37l48n4sqdw3qmjh-sdl3-3.4.12-lib' to 'ssh-ng://j_kro@sentry'...
copying path '/nix/store/hvbg9ai0df8kf9m39sbgy3f1lzwavfy1-sdl2-compat-2.32.70' to 'ssh-ng://j_kro@sentry'...
copying path '/nix/store/g929r0p20nwjr51xwfmy1zrapa57fiav-ffmpeg-6.1.6-lib' to 'ssh-ng://j_kro@sentry'...
copying path '/nix/store/0rqks9rc2fx6fw3zk9vxmw7v7m4px2r0-ffmpeg-6.1.6-bin' to 'ssh-ng://j_kro@sentry'...
copying path '/nix/store/0w4b04fz6hghav0gcmvvq9gizlgp3jzy-systemd-minimal-libs-261-dev' to 'ssh-ng://j_kro@sentry'...
copying path '/nix/store/0w8isdvqrd6jmqayr2dwgd27rizdbpjr-libxdamage-1.1.7' to 'ssh-ng://j_kro@sentry'...
copying path '/nix/store/0xqg3ms9s331v1xblajj73ppm79bxkhb-python3.14-distro-1.9.0' to 'ssh-ng://j_kro@sentry'...
copying path '/nix/store/cnc1wrqxhm3rani5vwpmjv70mq3c4zvc-libsepol-3.11' to 'ssh-ng://j_kro@sentry'...
copying path '/nix/store/zycamakzrr2m97qccp61r464466cv6fb-libselinux-3.10-bin' to 'ssh-ng://j_kro@sentry'...
copying path '/nix/store/0yccdjq0qhdsd1c0icspgw48df2syz92-libselinux-3.10-dev' to 'ssh-ng://j_kro@sentry'...
copying path '/nix/store/0zb1b8q1nsq29z5j1qra88s6qhz5h48s-muparser-2.3.5' to 'ssh-ng://j_kro@sentry'...
copying path '/nix/store/10b3jyh7226z9vns23lsxa3rnjya4zhx-python3.14-pypresence-4.6.1' to 'ssh-ng://j_kro@sentry'...
copying path '/nix/store/11ralmziixh0rv9ysdhcxbh4z8pj8gnm-toggle-get' to 'ssh-ng://j_kro@sentry'...
copying path '/nix/store/rxvpi8a1my3slzlyajhks8is3969x9vm-gobject-introspection-wrapped-1.86.0' to 'ssh-ng://j_kro@sentry'...
copying path '/nix/store/w398rpfllwxramh4qiwmg7r5dx3hmjz6-libxfce4util-4.20.1' to 'ssh-ng://j_kro@sentry'...
copying path '/nix/store/16rdmvq926lrcxgwl3j89jf512pa1idz-xfconf-4.20.0' to 'ssh-ng://j_kro@sentry'...
copying path '/nix/store/g186dvb9a73zva9g459iq5868jamvzkx-libxfixes-6.0.2-dev' to 'ssh-ng://j_kro@sentry'...
copying path '/nix/store/17mczax5wsy9ahjk62za17z3hrsbk960-libxcomposite-0.4.7-dev' to 'ssh-ng://j_kro@sentry'...
copying path '/nix/store/wiqpb56yb4d2d7mqj6hngr0ndj6hwr1k-libogg-1.3.6' to 'ssh-ng://j_kro@sentry'...
copying path '/nix/store/18jh45y1a1gah89v125w9pzyyhj9n3xb-libtheora-1.2.0' to 'ssh-ng://j_kro@sentry'...
copying path '/nix/store/18vp3ym0d7pmhak0qc242cmx2nq0mqi0-libzip-1.11.4' to 'ssh-ng://j_kro@sentry'...
copying path '/nix/store/1ar905xwpvxdhdbbzdhd0sh290dls54m-dufs-0.46.0' to 'ssh-ng://j_kro@sentry'...
copying path '/nix/store/1b098yn9wzg8m996rdyi5rwdzh9fl8gi-ncurses-6.6-man' to 'ssh-ng://j_kro@sentry'...
copying path '/nix/store/1gqf6ahx7qbzaparrkz0q6dzdfw7bkli-wayland-scanner-1.26.0' to 'ssh-ng://j_kro@sentry'...
copying path '/nix/store/fc1k0pzdm08z4cvf17ab0yrwqbv71lq3-libxcb-util-0.4.1' to 'ssh-ng://j_kro@sentry'...
copying path '/nix/store/1il8dmi1pjsrfn7r82n4v8kfhakmkb6f-libxcb-image-0.4.1' to 'ssh-ng://j_kro@sentry'...
copying path '/nix/store/1iybb9d60ix590nc7m1d48y94q8an6ql-libmng-2.0.3' to 'ssh-ng://j_kro@sentry'...
copying path '/nix/store/1jncnixlflajcb85daq66kggsy2hb78f-all' to 'ssh-ng://j_kro@sentry'...
copying path '/nix/store/1l2q64dwza6bd5nzrz3wwp5xjh0awv6n-fontconfig-2.18.1-bin' to 'ssh-ng://j_kro@sentry'...
copying path '/nix/store/1mgbrhzjccm5dpn7fh47bsajhd3gpa7c-libcddb-1.3.2' to 'ssh-ng://j_kro@sentry'...
copying path '/nix/store/1wm786v5ia3iprwv7bs04sbisd2gakhg-dbus-1.16.2-dev' to 'ssh-ng://j_kro@sentry'...
copying path '/nix/store/m4q3a226wx3qjd3yrmwv2q0rzsjqf5zg-util-linux-2.42.2-lib' to 'ssh-ng://j_kro@sentry'...
copying path '/nix/store/42vbx6wbzcid8w80k46vba5cg4qwjl8z-util-linux-2.42.2-mount' to 'ssh-ng://j_kro@sentry'...
copying path '/nix/store/7hbkyhmv30z812ljfm4arrya44kfcjp9-util-linux-2.42.2-lastlog' to 'ssh-ng://j_kro@sentry'...
copying path '/nix/store/f3wfz2q9s50ay2p0fbl9r3h3b314bf36-util-linux-2.42.2-swap' to 'ssh-ng://j_kro@sentry'...
copying path '/nix/store/ffr3z8naxqmjny9z6s02nck1fs923vjq-util-linux-2.42.2-login' to 'ssh-ng://j_kro@sentry'...
copying path '/nix/store/xwzpbgx4mqxn1cr7pwjqsn82y3hrlrh5-util-linux-2.42.2-bin' to 'ssh-ng://j_kro@sentry'...
copying path '/nix/store/y5gp42k6fjps4qz6k6bzmd15q4mmbri0-util-linux-2.42.2' to 'ssh-ng://j_kro@sentry'...
copying path '/nix/store/2968d8c3d8v2i7ic981ib92d517sz7rs-util-linux-2.42.2-dev' to 'ssh-ng://j_kro@sentry'...
copying path '/nix/store/6hyghr8bpj6h9bavs8fp7v5w3qlc42i6-libffi-3.7.0-dev' to 'ssh-ng://j_kro@sentry'...
copying path '/nix/store/kmkgj2c2xvjcmh5w17v7gzg2sqvdvyrl-python3.14-packaging-26.2' to 'ssh-ng://j_kro@sentry'...
copying path '/nix/store/mcba8gb7qzfmafpj5lk36jyipr4iw18g-glibc-iconv-2.42' to 'ssh-ng://j_kro@sentry'...
copying path '/nix/store/593rzz2xs5i67biyv2hz898j6v5ylms0-glib-2.88.1-dev' to 'ssh-ng://j_kro@sentry'...
copying path '/nix/store/7w2z7kbvifnwg57divcmygmysqwa59s2-libxcb-1.17.0-dev' to 'ssh-ng://j_kro@sentry'...
copying path '/nix/store/f7kgxfrak6yngbzj7gkzx7v7mq59fcml-libx11-1.8.13-dev' to 'ssh-ng://j_kro@sentry'...
copying path '/nix/store/b6wld0pjv5mqkdmp0xmjd5k830alq4w2-libxrender-0.9.12-dev' to 'ssh-ng://j_kro@sentry'...
copying path '/nix/store/c1zcwag5x9i24jj9nxv3dfn35ng33yn3-libpng-apng-1.6.58-dev' to 'ssh-ng://j_kro@sentry'...
copying path '/nix/store/fws1421cr8h1y4gb2wf66mr1c84005iv-libxau-1.0.12-dev' to 'ssh-ng://j_kro@sentry'...
copying path '/nix/store/jhmp55f7pj4p0hw24d6c7zygsvgsv56a-libxext-1.3.7-dev' to 'ssh-ng://j_kro@sentry'...
copying path '/nix/store/g0nnb14m078jyiwlhfmvj2jckz0cgmgx-expat-2.8.2-dev' to 'ssh-ng://j_kro@sentry'...
copying path '/nix/store/g9233lb7899rdmaw3gr6jnc35g8jxhmi-bzip2-1.0.8-dev' to 'ssh-ng://j_kro@sentry'...
copying path '/nix/store/qmajm5vxiwziaw4d34d5mwiy39d65wj4-freetype-2.14.3-dev' to 'ssh-ng://j_kro@sentry'...
copying path '/nix/store/lp5dqcflpn6wnwnxcrv39yjsn45pwpys-fontconfig-2.18.1-dev' to 'ssh-ng://j_kro@sentry'...
copying path '/nix/store/3h6xnv0614bd6q4x57sjlrxy0hhshkkg-cairo-1.18.4-dev' to 'ssh-ng://j_kro@sentry'...
copying path '/nix/store/dwzc3glqps0g7w8jb8akcd2sgq4fr3sb-find-xml-catalogs-hook' to 'ssh-ng://j_kro@sentry'...
copying path '/nix/store/xj78zqcjfc12bamh2jdkjjnwwwl1wm8w-libxml2-2.15.3-bin' to 'ssh-ng://j_kro@sentry'...
copying path '/nix/store/3hl26bndb4a2kim274ahqs7zysrqlfya-libxml2-2.15.3-dev' to 'ssh-ng://j_kro@sentry'...
copying path '/nix/store/i17jryw4mscvbjb9b4j653yss5aqfxj2-md4c-0.5.3' to 'ssh-ng://j_kro@sentry'...
copying path '/nix/store/4m86r1f87jafjm7vj7r6445lxl78xfd1-md4c-0.5.3-dev' to 'ssh-ng://j_kro@sentry'...
copying path '/nix/store/5c5z7zqv0v61b4ycxr5bhz59n9phyzrd-unixodbc-2.3.14' to 'ssh-ng://j_kro@sentry'...
copying path '/nix/store/4rjinrnncbl817ad367ljlhm0x8npzw0-mariadb-connector-odbc-3.2.6' to 'ssh-ng://j_kro@sentry'...
copying path '/nix/store/wqk72cvywrxl9qwj3vpfcdajnv5pfwhc-liburcu-0.15.6' to 'ssh-ng://j_kro@sentry'...
copying path '/nix/store/9i8q29fv95cqg3q7ba2qs6vd0iy4dmfh-liburcu-0.15.6-dev' to 'ssh-ng://j_kro@sentry'...
copying path '/nix/store/pi1aimqfsyc650mhyxgav1r3d4ws76rp-lttng-ust-2.15.1-bin' to 'ssh-ng://j_kro@sentry'...
copying path '/nix/store/60z6bmzqzp6zh3dxlc60zdhhjapr1qq7-lttng-ust-2.15.1-dev' to 'ssh-ng://j_kro@sentry'...
copying path '/nix/store/64b63h0id13bfnx9v9kwak7l46clpirg-libsepol-3.11-bin' to 'ssh-ng://j_kro@sentry'...
copying path '/nix/store/6dpizba3abfms8fnssa3nq44cqad6wpn-libsepol-3.11-dev' to 'ssh-ng://j_kro@sentry'...
copying path '/nix/store/743mpjal91qbcpz2zrh3y4wffi67j14n-lndir-1.0.5' to 'ssh-ng://j_kro@sentry'...
copying path '/nix/store/ygsrvg7ipnsszidrdrbg7015cmqp69b9-pcre2-10.47-bin' to 'ssh-ng://j_kro@sentry'...
copying path '/nix/store/8scpgkdjjqa198ycx8k3hhqgb5s9h0nk-pcre2-10.47-dev' to 'ssh-ng://j_kro@sentry'...
copying path '/nix/store/vmcimnbyccdk9l3l8zsxm7cdn2vlsasi-libxcb-render-util-0.3.10' to 'ssh-ng://j_kro@sentry'...
copying path '/nix/store/j8x6k0pvhgy3w3iz8ghd8ah4as9vvhiy-libxcb-cursor-0.1.6' to 'ssh-ng://j_kro@sentry'...
copying path '/nix/store/96i0vgyrncq5nj39zhq8nzg78cmx62wz-libxcb-cursor-0.1.6-dev' to 'ssh-ng://j_kro@sentry'...
copying path '/nix/store/gl00gxsp6xs31svwa781p6b48f8svbaf-libpq-18.4' to 'ssh-ng://j_kro@sentry'...
copying path '/nix/store/av7ghmq73lgwp0p58jf9qp5q55cmkih1-psqlodbc-18.00.0002' to 'ssh-ng://j_kro@sentry'...
copying path '/nix/store/b6bbs8crpj5ywr9ln4sh8ch7xfnbxjxb-fix-qt-builtin-paths.sh' to 'ssh-ng://j_kro@sentry'...
copying path '/nix/store/y95ys3325iwmnc3n15xl90q41ri8lba1-libjpeg-turbo-3.1.4.1-bin' to 'ssh-ng://j_kro@sentry'...
copying path '/nix/store/bl7vidf1qb4c8f34gs92s1da73as5b8z-libjpeg-turbo-3.1.4.1-dev' to 'ssh-ng://j_kro@sentry'...
copying path '/nix/store/c4gww3y294bl6i31r6jdg55p1nwdhgjh-libxcb-image-0.4.1-dev' to 'ssh-ng://j_kro@sentry'...
copying path '/nix/store/ccbqdmp0jv3xayv93asc0w9dybv63xbi-at-spi2-core-2.60.4-dev' to 'ssh-ng://j_kro@sentry'...
copying path '/nix/store/cdb74mdfbrhmw1w0aw8s7pg7a91n24fd-lksctp-tools-1.0.21' to 'ssh-ng://j_kro@sentry'...
copying path '/nix/store/6f00dcmlxld3vl4j5nkgvhv5024101sl-wayland-scanner-1.26.0-bin' to 'ssh-ng://j_kro@sentry'...
copying path '/nix/store/cgasz0b8x9k9cwl4j0spgsgcy3bwflii-wayland-scanner-1.26.0-dev' to 'ssh-ng://j_kro@sentry'...
copying path '/nix/store/gmjap7779bi62jq6gfnbc6qmhg3kzvps-libglvnd-1.7.0-dev' to 'ssh-ng://j_kro@sentry'...
copying path '/nix/store/gv5vg6v0j49qywidhipff7gnnkz4jvx0-sqlite-connector-odbc-0.99991' to 'ssh-ng://j_kro@sentry'...
copying path '/nix/store/gxwk0j6mpbm0xav65bhdi3adfy1n9pr9-libxkbcommon-1.13.2-dev' to 'ssh-ng://j_kro@sentry'...
copying path '/nix/store/ybn407cfm2ynh7ri4076rgip9hjsf7p1-pango-1.57.1-bin' to 'ssh-ng://j_kro@sentry'...
copying path '/nix/store/cq57xrw40gsph6x04y4y7jjbbns47hw4-graphite2-1.3.15-dev' to 'ssh-ng://j_kro@sentry'...
copying path '/nix/store/ydrx7d5vkrzsa4jcjxihskxi1ydpwh3l-harfbuzz-13.2.1-dev' to 'ssh-ng://j_kro@sentry'...
copying path '/nix/store/z6b3vkjx6q5dr7yymalsxsld2z80vg2b-libxft-2.3.9-dev' to 'ssh-ng://j_kro@sentry'...
copying path '/nix/store/i54snrx1bkzvzyil5ybzpgp6brviqbvd-pango-1.57.1-dev' to 'ssh-ng://j_kro@sentry'...
copying path '/nix/store/i83hgz31lxz5nfk45nxgw6qzl91kqmxv-libepoxy-1.5.10-dev' to 'ssh-ng://j_kro@sentry'...
copying path '/nix/store/iybjn3mxd0iwdhxndyyyb10gq6wkl1lw-libxcb-util-0.4.1-dev' to 'ssh-ng://j_kro@sentry'...
copying path '/nix/store/csqlshyjhj1hv83glgvfkdgrmi70n5py-double-conversion-3.4.0' to 'ssh-ng://j_kro@sentry'...
copying path '/nix/store/jl9pgjl9ia4bqgrw5xv9prll94ngqky1-double-conversion-3.4.0-dev' to 'ssh-ng://j_kro@sentry'...
copying path '/nix/store/k64ma43a3gh3k3w4hd274dgqjp16yw3i-vulkan-headers-1.4.350.0' to 'ssh-ng://j_kro@sentry'...
copying path '/nix/store/2ym1262372n15a3vwb0j89r3bs4qw7dg-xz-5.8.3-dev' to 'ssh-ng://j_kro@sentry'...
copying path '/nix/store/652hh9lfhy54q45w2nhd6zlzc7z9ks0n-lerc-4.1.1-dev' to 'ssh-ng://j_kro@sentry'...
copying path '/nix/store/ml16wni8hszg0dqkwjsb6066sipykkix-libtiff-4.7.1-bin' to 'ssh-ng://j_kro@sentry'...
copying path '/nix/store/9f05f6vx28rxqhj57b981l9xmh3c421h-libtiff-4.7.1-dev' to 'ssh-ng://j_kro@sentry'...
copying path '/nix/store/kkx7d3mplnqb1p78xaabvbnmsci4k2fb-gdk-pixbuf-2.44.6-dev' to 'ssh-ng://j_kro@sentry'...
copying path '/nix/store/l322bzpb9gmcmwsajrcpl9j4saipfs13-libthai-0.1.30-dev' to 'ssh-ng://j_kro@sentry'...
copying path '/nix/store/ywjiyr7v23i0039hrf0jisa7xy6kl96f-libproxy-0.5.12' to 'ssh-ng://j_kro@sentry'...
copying path '/nix/store/lckxgzx0yqkb465fjsvl1y8j6c18pacj-libproxy-0.5.12-dev' to 'ssh-ng://j_kro@sentry'...
copying path '/nix/store/xvsi42jn605pkrfr9s5hzm96rqvbiy0l-libpaper-2.2.8' to 'ssh-ng://j_kro@sentry'...
copying path '/nix/store/5bb215hhd8izxnnhsh063m126fy9izll-cups-2.4.19' to 'ssh-ng://j_kro@sentry'...
copying path '/nix/store/nrflmif4vdg1na9j6p7gcgxmjyncd6rc-gmp-with-cxx-6.3.0-dev' to 'ssh-ng://j_kro@sentry'...
copying path '/nix/store/lgc4kh30s6likwi8slw1hd055a6c3k6v-cups-2.4.19-dev' to 'ssh-ng://j_kro@sentry'...
copying path '/nix/store/lsmscjybgdssc6x0y13hf0qd6zzcy1ya-fix-qt-module-paths.sh' to 'ssh-ng://j_kro@sentry'...
copying path '/nix/store/mmd628vk9ks2d37lln2qs2gyxkmmmnv0-mtdev-1.1.7' to 'ssh-ng://j_kro@sentry'...
copying path '/nix/store/paydkfngzxsg56vnvzb6xgcd4zfkfjab-vulkan-loader-1.4.350.0-dev' to 'ssh-ng://j_kro@sentry'...
copying path '/nix/store/pin3xqcdb62vj58y0ffklaqcvmfbv3an-libxcb-wm-0.4.2-dev' to 'ssh-ng://j_kro@sentry'...
copying path '/nix/store/drwcr6synkm792mg48mzdiapm7ymnhjl-qttranslations-6.11.1' to 'ssh-ng://j_kro@sentry'...
copying path '/nix/store/lgls5p6xqi95pwqbysk1m1dxns0jk3g5-libice-1.1.2' to 'ssh-ng://j_kro@sentry'...
copying path '/nix/store/gbx4rmn5krw445knwfvlwy1v5ld28b02-libsm-1.2.6' to 'ssh-ng://j_kro@sentry'...
copying path '/nix/store/q7b0hgpxawxyknq1qsjbacsw57m60rrg-libb2-0.98.1' to 'ssh-ng://j_kro@sentry'...
copying path '/nix/store/dfxjafbb8hhglyv6s55r2by3crbcwwqb-expand-response-params' to 'ssh-ng://j_kro@sentry'...
copying path '/nix/store/k56l2624ccg65pnkqm1firvl0irwnkpn-pkg-config-0.29.2' to 'ssh-ng://j_kro@sentry'...
copying path '/nix/store/swljvs2gz4mcb1avyjzb0cc2qrbslmbb-pkg-config-wrapper-0.29.2' to 'ssh-ng://j_kro@sentry'...
copying path '/nix/store/w9lqpfryndkb8m4d93868crcmpppmnbz-mariadb-connector-c-3.3.5' to 'ssh-ng://j_kro@sentry'...
copying path '/nix/store/pnzq8phvychvwpf15zphdhi367gy87d8-qtbase-6.11.1' to 'ssh-ng://j_kro@sentry'...
copying path '/nix/store/q99brxridhw0g2kj8w3cf5gzys4qqmyf-libxcb-render-util-0.3.10-dev' to 'ssh-ng://j_kro@sentry'...
copying path '/nix/store/qcm5yxdv46jfqlhx2ly4p41482sbkxa3-libxcb-keysyms-0.4.1-dev' to 'ssh-ng://j_kro@sentry'...
copying path '/nix/store/d712qdgaa34ma5gc90ccf14wkchs08w4-libxslt-1.1.45-bin' to 'ssh-ng://j_kro@sentry'...
copying path '/nix/store/scr9n71hgfkgmhv11ljszx2h3smfds0d-libxslt-1.1.45-dev' to 'ssh-ng://j_kro@sentry'...
copying path '/nix/store/x7hxdvs3z8yrk9rbanfypnnzx6m508ic-libxi-1.8.3-dev' to 'ssh-ng://j_kro@sentry'...
copying path '/nix/store/52g0gas22prq5p27b0rklgri2d1ky8a3-fribidi-1.0.16-dev' to 'ssh-ng://j_kro@sentry'...
copying path '/nix/store/59jllzxvj33val4b3jnkm0n592fp06qs-libice-1.1.2-dev' to 'ssh-ng://j_kro@sentry'...
copying path '/nix/store/8pnpwaagw11bsqngcvya33syshzrsqq3-libxcursor-1.2.3-dev' to 'ssh-ng://j_kro@sentry'...
copying path '/nix/store/bpjj2c0g88pfxddnl13gimss6kya7pdl-libxrandr-1.5.5-dev' to 'ssh-ng://j_kro@sentry'...
copying path '/nix/store/ibb371psgjd6bccrqvfrjv49bpvm6jdm-wayland-protocols-1.49' to 'ssh-ng://j_kro@sentry'...
copying path '/nix/store/nbckvp63ddppw6gs5viw329qzgknbayp-libxdamage-1.1.7-dev' to 'ssh-ng://j_kro@sentry'...
copying path '/nix/store/z1mz15mk2w6hfyvq0mxq5ip69riag4ys-libsm-1.2.6-dev' to 'ssh-ng://j_kro@sentry'...
copying path '/nix/store/xdwnb2v7jxhyzra0whsg8n6ppfq3h6l4-gtk+3-3.24.52-dev' to 'ssh-ng://j_kro@sentry'...
copying path '/nix/store/96bn3m3zw4drrr8gmr1k8phr220s0prq-libdatrie-2019-12-20-bin' to 'ssh-ng://j_kro@sentry'...
copying path '/nix/store/wflg37y1dqr7891naj57s12xixdx64h5-libdatrie-2019-12-20' to 'ssh-ng://j_kro@sentry'...
copying path '/nix/store/xkdil0dp3qp62bdxr08fjwkndkjisz3h-libdatrie-2019-12-20-dev' to 'ssh-ng://j_kro@sentry'...
copying path '/nix/store/yfi4pgm70d5b6j4g2x4c57bdv218gfwl-libxdmcp-1.1.5-dev' to 'ssh-ng://j_kro@sentry'...
copying path '/nix/store/yyn2602fggin0dqgvicd4rhlj9391bl0-systemd-261-dev' to 'ssh-ng://j_kro@sentry'...
copying path '/nix/store/1mw7g43fvl4bs88wfpqksbyf45fbl0by-qtbase-6.11.1-dev' to 'ssh-ng://j_kro@sentry'...
copying path '/nix/store/1nh0njwrk5m9sp6dkf8w4j3r1cx2kgkl-opencore-amr-0.1.6' to 'ssh-ng://j_kro@sentry'...
copying path '/nix/store/an046g949izgw1phb8rjsz1yh1rqvh7m-qtsvg-6.11.1' to 'ssh-ng://j_kro@sentry'...
copying path '/nix/store/yi79vfwp3qd2gxbm12snk109fbfsqxns-qtdeclarative-6.11.1' to 'ssh-ng://j_kro@sentry'...
copying path '/nix/store/1s4gz5sl94azbzj2sf6bhy44sz9nvgqp-kwindowsystem-6.28.0' to 'ssh-ng://j_kro@sentry'...
copying path '/nix/store/sl3yx8v6paxkfhx0gxc6qa6snk3nx4in-perl5.42.0-URI-5.21' to 'ssh-ng://j_kro@sentry'...
copying path '/nix/store/1sbdf05lii9l432r81s4gy3jhsjlmdym-perl5.42.0-Net-HTTP-6.23' to 'ssh-ng://j_kro@sentry'...
copying path '/nix/store/1v1lzpb3z638kz2ls5lfhwqvwnxhgki7-xkeyboard-config-2.48' to 'ssh-ng://j_kro@sentry'...
copying path '/nix/store/1w5q8ckcmjsadxbnv5p7jcq536bbjv9z-lerc-4.1.1' to 'ssh-ng://j_kro@sentry'...
copying path '/nix/store/1wj9hjrys8gp7blgimj2pk6a60k0y4i7-zix-0.8.2' to 'ssh-ng://j_kro@sentry'...
copying path '/nix/store/1xllljl4lpgnsd3s5s2h3bc0p2flszcf-zxing-cpp-2.3.0' to 'ssh-ng://j_kro@sentry'...
copying path '/nix/store/rvdyia0wwf6dwdhvvh461nb3f48fwcc4-zlib-1.3.2-static' to 'ssh-ng://j_kro@sentry'...
copying path '/nix/store/w6gaaykn9181qd8g1klrc435gj48ca83-freetype-2.14.3' to 'ssh-ng://j_kro@sentry'...
copying path '/nix/store/wsgm51avxp80g12v2v48djyymzy420d6-graphite2-1.3.15' to 'ssh-ng://j_kro@sentry'...
copying path '/nix/store/8q1pwxaw7xg9ahmg9lcl2d1nls520s5m-harfbuzz-13.2.1' to 'ssh-ng://j_kro@sentry'...
copying path '/nix/store/cmqz731nvfcrgj362ria5g4kd9zhs3sj-dav1d-1.5.3' to 'ssh-ng://j_kro@sentry'...
copying path '/nix/store/913wcyayj3miymsnm83273fd4ik6j1vk-libxrender-0.9.12' to 'ssh-ng://j_kro@sentry'...
copying path '/nix/store/rmwcdkjy40d5s4k5qpq5n16j9dqqp5yd-libdatrie-2019-12-20-lib' to 'ssh-ng://j_kro@sentry'...
copying path '/nix/store/abmg1f6gs9nb5vcglcj2pavqpvqk0bw5-libthai-0.1.30' to 'ssh-ng://j_kro@sentry'...
copying path '/nix/store/hiy5sm0xw9bgd3lcsv1nz7n0cc65v5w4-dejavu-fonts-minimal-2.37' to 'ssh-ng://j_kro@sentry'...
copying path '/nix/store/jqdabaqr42403n99bhr6qdk5qdb4h9li-fontconfig-2.18.1' to 'ssh-ng://j_kro@sentry'...
copying path '/nix/store/rci8k1445s43rqx7m960111l7hr29ffm-fontconfig-2.18.1-lib' to 'ssh-ng://j_kro@sentry'...
copying path '/nix/store/qmdf0mv7k78z7zpiq3yj482nc6h90an6-libxft-2.3.9' to 'ssh-ng://j_kro@sentry'...
copying path '/nix/store/vm1hci88vj6h1b15vs843fakrwgb9ph6-fribidi-1.0.16' to 'ssh-ng://j_kro@sentry'...
copying path '/nix/store/iiwfv37ma14qrs3hk8428n1f1xm4xnjr-pixman-0.46.4' to 'ssh-ng://j_kro@sentry'...
copying path '/nix/store/r6gfc6i95l2fjkrxbqkb0z6sdjfvqzrm-lzo-2.10' to 'ssh-ng://j_kro@sentry'...
copying path '/nix/store/zw8a5gy3rkc43x29gyqmxbgc4x8wy030-cairo-1.18.4' to 'ssh-ng://j_kro@sentry'...
copying path '/nix/store/fmmykxipmhi2529nc7fw2zb6bjlzkm5r-pango-1.57.1' to 'ssh-ng://j_kro@sentry'...
copying path '/nix/store/py8wngjys0rzq3jbhrnm0nywyyjhdbmc-giflib-6.1.3' to 'ssh-ng://j_kro@sentry'...
copying path '/nix/store/bv7m377gbg7pmqzg9pmwg5xhsqi2b2n6-libwebp-1.6.0' to 'ssh-ng://j_kro@sentry'...
copying path '/nix/store/qsflq7p7fz49kb71ijcdba7611z3r1bz-libdeflate-1.25' to 'ssh-ng://j_kro@sentry'...
copying path '/nix/store/804x805nqzpzyaszizv43gcgipdj366b-libtiff-4.7.1' to 'ssh-ng://j_kro@sentry'...
copying path '/nix/store/kn47la3hrib9nmwnwm3wffmzh1xikync-gdk-pixbuf-2.44.6' to 'ssh-ng://j_kro@sentry'...
copying path '/nix/store/1ymvgxyinhri3jz1gjr3xf05qxpc2khi-librsvg-2.62.3' to 'ssh-ng://j_kro@sentry'...
copying path '/nix/store/1z1fhz3b4csfhin2gxvcfry48xn1g98l-perl5.42.0-IPC-System-Simple-1.30' to 'ssh-ng://j_kro@sentry'...
copying path '/nix/store/3pqss082m6dgkdcv9jv0z248c7qi26ka-protonup-qt-2.15.1-extracted' to 'ssh-ng://j_kro@sentry'...
copying path '/nix/store/20ibnckxhv2cg17c53nds5mylb030b2j-protonup-qt-2.15.1-init' to 'ssh-ng://j_kro@sentry'...
copying path '/nix/store/24d7gck9b2dbca6i1vk0k0q73lppacjd-pkg-config-0.29.2' to 'ssh-ng://j_kro@sentry'...
copying path '/nix/store/8iw7ggyj6b6v8l4272z0hfrrik7pzn2m-python3.14-markupsafe-3.0.3' to 'ssh-ng://j_kro@sentry'...
copying path '/nix/store/qsscimyrwrbn7srvrawwm2ijwxrcmm16-python3.14-markdown-3.10.2' to 'ssh-ng://j_kro@sentry'...
copying path '/nix/store/rh7jyrwnc7bmk1vdhgg5q1nk2lgslkyi-python3.14-mako-1.3.12' to 'ssh-ng://j_kro@sentry'...
copying path '/nix/store/qnbczqwwb4cc4xz825hzjhqvc8znk610-python3-3.14.6-env' to 'ssh-ng://j_kro@sentry'...
copying path '/nix/store/25nfpbvq2x70q1zwzy0wddxibx859a22-gobject-introspection-1.86.0-dev' to 'ssh-ng://j_kro@sentry'...
copying path '/nix/store/b060jif56499xrq7nk9a0dsb85j30cfy-libsamplerate-0.2.2' to 'ssh-ng://j_kro@sentry'...
copying path '/nix/store/25zrh3x8n2d9m65kjp6azhcapxkf6fa5-libjack2-1.9.22' to 'ssh-ng://j_kro@sentry'...
copying path '/nix/store/26dnnykcv81lrbnss8g82nl06mqwhqdl-qtwayland-6.11.1' to 'ssh-ng://j_kro@sentry'...
copying path '/nix/store/26i0vmk6f9rprxv46bnf07fvrmmjv777-python3.14-pyxdg-0.28' to 'ssh-ng://j_kro@sentry'...
copying path '/nix/store/2870wjbyc9lan8fsp404x3za7zmnidx2-gcc-15.3.0-libgcc' to 'ssh-ng://j_kro@sentry'...
copying path '/nix/store/44mdx7yx5mdpapgzq2lx4k0nnysxipvm-ngtcp2-1.25.0' to 'ssh-ng://j_kro@sentry'...
copying path '/nix/store/28x8g0vr8n6hq7lf0a9ifxmscm8bh3mf-curl-8.21.0' to 'ssh-ng://j_kro@sentry'...
copying path '/nix/store/2c1fckfkfrglichz8va4jrfsrrnhqw74-djvulibre-3.5.30' to 'ssh-ng://j_kro@sentry'...
copying path '/nix/store/2c6j98js1zjgyvsfp3rq1p6piw7a7qhg-libcdio-2.3.0-lib' to 'ssh-ng://j_kro@sentry'...
copying path '/nix/store/a0ibqz6mznsnkqwhlcx8hf0dm9hb9081-perl5.42.0-TimeDate-2.33' to 'ssh-ng://j_kro@sentry'...
copying path '/nix/store/v2v738py4q8rsifl5j2979i7g5sx8cfh-perl5.42.0-HTTP-Date-6.06' to 'ssh-ng://j_kro@sentry'...
copying path '/nix/store/2c81n8yrcshylfi1vgz2140wc1wh2rn3-perl5.42.0-HTTP-CookieJar-0.014' to 'ssh-ng://j_kro@sentry'...
copying path '/nix/store/2h0kj7lcqp2g9g3vx3ld0xpp0y9mcvr7-dummy-xdg-mime-dirs2' to 'ssh-ng://j_kro@sentry'...
copying path '/nix/store/2iah9yi1pvcwmbvj3c47p6p0c6rz6gjl-soundtouch-2.4.1' to 'ssh-ng://j_kro@sentry'...
copying path '/nix/store/2iyj9hgv92aqdaykhziyl86zcga4jbgl-libevdev-1.13.6' to 'ssh-ng://j_kro@sentry'...
copying path '/nix/store/2k2zqkdqa42ccc9prqsqj288iml8nmvc-soxr-0.1.3' to 'ssh-ng://j_kro@sentry'...
copying path '/nix/store/64rs306pp7wzfjv0f02h2wswvbzj8yph-ncompress-5.0' to 'ssh-ng://j_kro@sentry'...
copying path '/nix/store/2k8fvki99n86l68ibsnimlzzzmxvh3h7-libxpm-3.5.19' to 'ssh-ng://j_kro@sentry'...
copying path '/nix/store/2kkckpkqyihkl837rw8q5fam8kaxkf0x-fftw-double-3.3.11' to 'ssh-ng://j_kro@sentry'...
copying path '/nix/store/2mqcpb82d93by99mwr0p25pa308c5png-e2fsprogs-1.47.4' to 'ssh-ng://j_kro@sentry'...
copying path '/nix/store/58ha8qi151hrfcn5anzlg5x828s5z7i3-perl5.42.0-CGI-4.59' to 'ssh-ng://j_kro@sentry'...
copying path '/nix/store/jh1g7i25a3sd2giy1kxv16hyx7dhslx6-perl5.42.0-FCGI-0.82' to 'ssh-ng://j_kro@sentry'...
copying path '/nix/store/2pl6avcy056spi92ndhxjk10snqh74k9-perl5.42.0-CGI-Fast-2.16' to 'ssh-ng://j_kro@sentry'...
copying path '/nix/store/2vms9mm1miw6sd73wlr1zd11m0n2358z-libyaml-0.2.5' to 'ssh-ng://j_kro@sentry'...
copying path '/nix/store/nxgjwvzsyjhc4sgcm652iqih81w64vla-qttranslations-5.15.19' to 'ssh-ng://j_kro@sentry'...
copying path '/nix/store/ylphsycxdcn94da3fknhwhd5syz9dzfa-qtbase-5.15.19' to 'ssh-ng://j_kro@sentry'...
copying path '/nix/store/r0qadwn22f1jwlc2i4p14k7kq36n0nfg-qtdeclarative-5.15.19' to 'ssh-ng://j_kro@sentry'...
copying path '/nix/store/2ymmfkym3vayr58fkp0dl0qy1hq9pzcb-qtwayland-5.15.19' to 'ssh-ng://j_kro@sentry'...
copying path '/nix/store/2zm6ijf3zdq20n1d5yh06wzlz2b0vych-libass-0.17.4' to 'ssh-ng://j_kro@sentry'...
copying path '/nix/store/31682ymyv35r9cr3w1kyibnv7wc243hy-steam-wrapped' to 'ssh-ng://j_kro@sentry'...
copying path '/nix/store/31c9r7j5pfkjiwyhvj7m0b3x04kg46ng-perl5.42.0-Test-Needs-0.002010' to 'ssh-ng://j_kro@sentry'...
copying path '/nix/store/qx5qaabr01sbjlnw3l6w30kayd1zyr0q-sqlite-3.53.3' to 'ssh-ng://j_kro@sentry'...
copying path '/nix/store/vz8z3f9dxxvcajaq7zv3fx4j06bg0s3x-nspr-4.39' to 'ssh-ng://j_kro@sentry'...
copying path '/nix/store/7f33bpw3ah3s4aili3806baxszv0vvlj-nss-3.112.5' to 'ssh-ng://j_kro@sentry'...
copying path '/nix/store/al5yjrrkzyp8rmb04qnfbgpbdf3d67iz-lcms2-2.19.1' to 'ssh-ng://j_kro@sentry'...
copying path '/nix/store/cd885iij4b85y5v3hrjzmiz539q60v22-openjpeg-2.5.4' to 'ssh-ng://j_kro@sentry'...
copying path '/nix/store/cjw0qq93i91v9yfmvfz1n3p9ysm5y7v4-poppler-data-0.4.12' to 'ssh-ng://j_kro@sentry'...
copying path '/nix/store/32504g1h9lksy0dm57wa6k7j22bdrp2w-poppler-glib-26.06.0' to 'ssh-ng://j_kro@sentry'...
copying path '/nix/store/hrj4nrakmqifv1l3y9j8xg54djyr4vfd-serd-0.32.10' to 'ssh-ng://j_kro@sentry'...
copying path '/nix/store/cl3byndcxmqabx35cz2frn50l7krjxxk-sord-0.16.22' to 'ssh-ng://j_kro@sentry'...
copying path '/nix/store/33f87kxjqd3p2fsx1ghrmlczs3nz4czn-sratom-0.6.22' to 'ssh-ng://j_kro@sentry'...
copying path '/nix/store/fzr9ih0b5d71hp33yzq2rwqhgi7l0frs-hidapi-0.15.0' to 'ssh-ng://j_kro@sentry'...
copying path '/nix/store/33p5bg8lhp2xn3a3cwdvn446l18sfh0h-libmanette-0.2.13' to 'ssh-ng://j_kro@sentry'...
copying path '/nix/store/358z6fxrbjjy3qzwskmdsx5gl4kzzgp8-libvorbis-1.3.7' to 'ssh-ng://j_kro@sentry'...
copying path '/nix/store/ghjblgd2ngki3vd6rq5hp7d3m8l108vh-flac-1.5.0' to 'ssh-ng://j_kro@sentry'...
copying path '/nix/store/q1i8hazacrx8bw7qd7lbx031r64nxy55-lame-3.100-lib' to 'ssh-ng://j_kro@sentry'...
copying path '/nix/store/qxpjdqy0640lshk5wj0bbj8qcqy5hngc-libmpg123-1.33.6' to 'ssh-ng://j_kro@sentry'...
copying path '/nix/store/r4y8hp39vlik94drjr6czlpj5gvbxm09-libopus-1.6.1' to 'ssh-ng://j_kro@sentry'...
copying path '/nix/store/35sc26s3llp6ylsnh6v2iv7rbnszpiks-libsndfile-1.2.2' to 'ssh-ng://j_kro@sentry'...
copying path '/nix/store/39y2w7fpjcgy5dcj4b6hnbnkypbhcgmk-python3.14-pygobject-3.56.3' to 'ssh-ng://j_kro@sentry'...
copying path '/nix/store/3bhgp0ybhm0y38bhbp4dfqjwd2m4qvaw-mpg123-1.33.6-man' to 'ssh-ng://j_kro@sentry'...
copying path '/nix/store/3d5hd1r73nq8r2fzsz68nra5h1s5avdg-libmodplug-0.8.9.0' to 'ssh-ng://j_kro@sentry'...
copying path '/nix/store/8l88nfh2c304c30n5mg0qnpgrx7mg1k7-fastfetch-unwrapped-2.66.0' to 'ssh-ng://j_kro@sentry'...
copying path '/nix/store/54yn2hdk3bnw4yl1xc01qm4y4laaggcr-curl-8.21.0-bin' to 'ssh-ng://j_kro@sentry'...
copying path '/nix/store/92z6h8765kny5cw8d73p9zafrzih67yn-libjxl-0.12.0' to 'ssh-ng://j_kro@sentry'...
copying path '/nix/store/b1xhinic92wkdz9iznvdwx9f5y5jn659-libheif-1.23.1-lib' to 'ssh-ng://j_kro@sentry'...
copying path '/nix/store/bxy7nd5za0df99qfqp9743fl92mrlqx5-libultrahdr-1.4.0' to 'ssh-ng://j_kro@sentry'...
copying path '/nix/store/cg8xyrvi381nasdl9nqq53dqwkxxk1dn-liblqr-1-0.4.3' to 'ssh-ng://j_kro@sentry'...
copying path '/nix/store/cr8vm2kzc02h3wixcmaw852gdpla6m1f-libraw-0.22.1-lib' to 'ssh-ng://j_kro@sentry'...
copying path '/nix/store/dx9ipys6di8cs3w53vzg3y2zwdyzx3gz-potrace-1.16' to 'ssh-ng://j_kro@sentry'...
copying path '/nix/store/hdqn89s373mq8dcswdhpzpxd1hlwg2ml-libxt-1.3.1' to 'ssh-ng://j_kro@sentry'...
copying path '/nix/store/n0rv518rf637hqhmi6zmpzypv9sh7qjy-libraqm-0.10.5' to 'ssh-ng://j_kro@sentry'...
copying path '/nix/store/p09285s63kcrdhd07q1zxz0fxfbgm2qh-djvulibre-3.5.30-lib' to 'ssh-ng://j_kro@sentry'...
copying path '/nix/store/clx4xcbrg16dhzyzm2faxjddfk9rz979-imagemagick-7.1.2-27' to 'ssh-ng://j_kro@sentry'...
copying path '/nix/store/hv50xjq99jph5jssh5iffgwav3glr9ag-chafa-1.18.2' to 'ssh-ng://j_kro@sentry'...
copying path '/nix/store/pvvc50bypzhsjd7dkj0cdd9rildwxyl8-libelf-0.8.13' to 'ssh-ng://j_kro@sentry'...
copying path '/nix/store/qr5na0z359vibbg5q53smjrs6gf33m8l-ddcutil-2.2.7' to 'ssh-ng://j_kro@sentry'...
copying path '/nix/store/3dk7yidbkd76bgpjqsba3lj8im59j93l-fastfetch-2.66.0' to 'ssh-ng://j_kro@sentry'...
copying path '/nix/store/3f05sbmd79p6fq44lnv0mm2pgki1xfay-util-linux-2.42.2-lib' to 'ssh-ng://j_kro@sentry'...
copying path '/nix/store/3fijn4y9nskl51ak4xvlxsca4k7f2bgn-libsndfile-1.2.2-man' to 'ssh-ng://j_kro@sentry'...
copying path '/nix/store/3fyrfwk11vlm61lw7n7ncl2sxxj37lws-bibata-cursors-2.0.7' to 'ssh-ng://j_kro@sentry'...
copying path '/nix/store/3gb56hrzk49b2wgc81ij96x58081arb3-libarchive-3.8.8' to 'ssh-ng://j_kro@sentry'...
copying path '/nix/store/3j4fy9jqabv71kpq4jylhvh5npqb0g3h-gstreamer-1.28.4-bin' to 'ssh-ng://j_kro@sentry'...
copying path '/nix/store/xnb4ghr1z95rfj5331f2yndhrfc37zp7-qtmultimedia-5.15.19' to 'ssh-ng://j_kro@sentry'...
copying path '/nix/store/3k6njmv3kkgpllyz6nq8mzp7x91l0v0n-qtmultimedia-5.15.19-bin' to 'ssh-ng://j_kro@sentry'...
copying path '/nix/store/irqc5crq2ba5a6r1df91d91qxpyywm8a-imath-3.2.2' to 'ssh-ng://j_kro@sentry'...
copying path '/nix/store/3md8rqlv3b0llqkf9dajx5pv7rpf86qm-openexr-3.4.11' to 'ssh-ng://j_kro@sentry'...
copying path '/nix/store/3mpzqlwxgbv8h62vav1ldbrgs0vyvrkm-perl-5.42.0-man' to 'ssh-ng://j_kro@sentry'...
copying path '/nix/store/3mqk3szlxzzdmr875j3fmnz810l1khr3-libcaca-0.99.beta20-man' to 'ssh-ng://j_kro@sentry'...
copying path '/nix/store/3n5mff6xg527ah76lhc0srf1z6yln7nh-bash-interactive-5.3p15-man' to 'ssh-ng://j_kro@sentry'...
copying path '/nix/store/3q6clb2j4c58g8fwvrpfklshcsbgrp0c-gcc-15.3.0-man' to 'ssh-ng://j_kro@sentry'...
copying path '/nix/store/40jmff2rm6ax8kcr7hnk08y4pgbdkrxy-gawk-5.4.1' to 'ssh-ng://j_kro@sentry'...
copying path '/nix/store/fa2xgih9gaw91c55hr3sdcgs43pn4jsh-freebuff-desktop-0.0.42-extracted' to 'ssh-ng://j_kro@sentry'...
copying path '/nix/store/rmk1b3h56lp77az17g2ayc1rpgq6d66a-freebuff-desktop-0.0.42-init' to 'ssh-ng://j_kro@sentry'...
copying path '/nix/store/5d8pfylmxqszxvwlrdfs1d5hx5hdb3hx-p11-kit-0.26.2-bin' to 'ssh-ng://j_kro@sentry'...
copying path '/nix/store/5x3lms083gpy42k5fxvmfcxa4jxwcb88-which-2.25-man' to 'ssh-ng://j_kro@sentry'...
copying path '/nix/store/6c0xfa0fll369i6562q7sd76i5yab2mh-openssl-3.6.3-man' to 'ssh-ng://j_kro@sentry'...
copying path '/nix/store/6vzk4xbzhbwi2r7bqk0zh4x3abrycrpf-libxi-1.8.3-man' to 'ssh-ng://j_kro@sentry'...
copying path '/nix/store/mnfh142fpivb38dfv7qav3zibzfvjrms-timidity-2.15.0' to 'ssh-ng://j_kro@sentry'...
copying path '/nix/store/q8wkydqq9yymjx70f7grkgyyry6wq5zc-libxmp-4.7.1' to 'ssh-ng://j_kro@sentry'...
copying path '/nix/store/73pwahf6c0gq3xy2zlxjm4wibcd8icib-SDL2_mixer-2.8.2' to 'ssh-ng://j_kro@sentry'...
copying path '/nix/store/7rw553d9k10ksn2v8z0sakqnngaid1b7-flac-1.5.0-bin' to 'ssh-ng://j_kro@sentry'...
copying path '/nix/store/kzz3x8d7228dqihx64qfbhaxb5d4w1xl-libxmu-1.3.1' to 'ssh-ng://j_kro@sentry'...
copying path '/nix/store/7wg0d8i7jsyvbpzzsdra3w98rnrlz3mw-glew-1.10.0' to 'ssh-ng://j_kro@sentry'...
copying path '/nix/store/8bgbyjkj9lkzp6ijnaaaiwa39h1m4iri-libjpeg-turbo-3.1.4.1-man' to 'ssh-ng://j_kro@sentry'...
copying path '/nix/store/8d6pjz1bp8710z9rpiwjxzslds4w62ac-freebuff-desktop-0.0.42-fhsenv-profile' to 'ssh-ng://j_kro@sentry'...
copying path '/nix/store/8i3bqr1hfccmn81hbzqkhss53f6l4icl-SDL2_ttf-2.24.0' to 'ssh-ng://j_kro@sentry'...
copying path '/nix/store/8p9xcc4dkvrs4wyk3gycsm8rjv4kzbrb-libxkbfile-1.2.0' to 'ssh-ng://j_kro@sentry'...
copying path '/nix/store/8sc6wi9r2v9snjig8b0z8gvks0pn275p-libxshmfence-1.3.3' to 'ssh-ng://j_kro@sentry'...
copying path '/nix/store/8w9kknh826z8f6ha7z8mbixzbrf1fr60-curl-8.21.0-man' to 'ssh-ng://j_kro@sentry'...
copying path '/nix/store/fgc5f34lprwd1d3g9065lyl7w1603gz0-libmpeg2-0.5.1' to 'ssh-ng://j_kro@sentry'...
copying path '/nix/store/g2i7samwrlgmmgk6g5csfkphrszj1ggj-libcdio-2.3.0-lib' to 'ssh-ng://j_kro@sentry'...
copying path '/nix/store/l7ivscfriziqnkwr92avccb222y1xsrc-a52dec-0.8.0' to 'ssh-ng://j_kro@sentry'...
copying path '/nix/store/97zby87a48vpfzsxmihb8hghnzrv0l5x-gst-plugins-ugly-1.28.4' to 'ssh-ng://j_kro@sentry'...
copying path '/nix/store/9kdgacs8yrf76dvpvwr35sa4hdgaimrj-libgcrypt-1.12.2-bin' to 'ssh-ng://j_kro@sentry'...
copying path '/nix/store/9l24jczwf49haxs61wnhlpqkbj7x419g-libcaca-0.99.beta20' to 'ssh-ng://j_kro@sentry'...
copying path '/nix/store/ayqk74pbqgbz983d4jmg9q32wc95x9zz-libxext-1.3.7-man' to 'ssh-ng://j_kro@sentry'...
copying path '/nix/store/k29wd67j9ia9gpwbyd5cr34n4zajxfbk-libid3tag-0.16.4' to 'ssh-ng://j_kro@sentry'...
copying path '/nix/store/c60shj7kf2mzbnqcp4f4dbbik4dh7n4s-imlib2-1.12.6' to 'ssh-ng://j_kro@sentry'...
copying path '/nix/store/b4hyi73zgc36dvzil8hm73jhz8bc2hx3-libcaca-0.99.beta20-bin' to 'ssh-ng://j_kro@sentry'...
copying path '/nix/store/bjcb51j637a17xaky6v16wm9pp95wbhf-cups-2.4.19-man' to 'ssh-ng://j_kro@sentry'...
copying path '/nix/store/d3f8r758ld8fg7rbh0g7g54gm7vvm4c3-e2fsprogs-1.47.4-bin' to 'ssh-ng://j_kro@sentry'...
copying path '/nix/store/dnvdlpalyzm64q307p9rarq4ppfff1z4-libxcb-1.17.0-man' to 'ssh-ng://j_kro@sentry'...
copying path '/nix/store/dvgf1287kjs55q8s62hgkwslscg0j1wx-xrandr-1.5.4' to 'ssh-ng://j_kro@sentry'...
copying path '/nix/store/f1f44z5zgyq0lsxxf6wn5y6jdn3mw297-ldconfig' to 'ssh-ng://j_kro@sentry'...
copying path '/nix/store/h8sc84c9lyn1gbn745iaf1rzi97kwi8z-libx11-1.8.13-man' to 'ssh-ng://j_kro@sentry'...
copying path '/nix/store/ig9av52n9ljv8j23q8nhyf8sps71k6gy-freeglut-3.8.0' to 'ssh-ng://j_kro@sentry'...
copying path '/nix/store/jpzqyplnqbnq0mh692d504kdyj43xd58-libidn-1.44' to 'ssh-ng://j_kro@sentry'...
copying path '/nix/store/lvpsmzy3fxmfb8f6q5x238lq6awy3rax-dbus-1.16.2-man' to 'ssh-ng://j_kro@sentry'...
copying path '/nix/store/lwn23zjy48chgfgbw79q5zd7hhbq35mp-krb5-1.22.2' to 'ssh-ng://j_kro@sentry'...
copying path '/nix/store/mmjim2hyz3djs0bpz4na2bm2nqf5wzd2-libidn-1.44-bin' to 'ssh-ng://j_kro@sentry'...
copying path '/nix/store/5b6m511zml9ks7iwijf81fhpisw317qk-pv-1.11.0' to 'ssh-ng://j_kro@sentry'...
copying path '/nix/store/9s8hcqmpylsa5xljvblsx720ab6a5dv6-squashfs-4.7.5' to 'ssh-ng://j_kro@sentry'...
copying path '/nix/store/ndlqyv2dfr6iiw286y7lgk6hjhj57416-appimage-exec.sh' to 'ssh-ng://j_kro@sentry'...
copying path '/nix/store/pwqybd90qkzhc8773kwbslq8zn97v80r-util-linux-minimal-2.42.2' to 'ssh-ng://j_kro@sentry'...
copying path '/nix/store/q0k3gx5pkac0fs7f51zsljv6pw3k01qn-libvpx-1.16.0-bin' to 'ssh-ng://j_kro@sentry'...
copying path '/nix/store/q2k57cl417rd3p86l5ill19x4ysf7206-iana-etc-20251215' to 'ssh-ng://j_kro@sentry'...
copying path '/nix/store/rg0zq3kf243bqvz41k5k4h5mb4w40sxb-util-linux-minimal-2.42.2-man' to 'ssh-ng://j_kro@sentry'...
copying path '/nix/store/rvjr00izapbv090dv17pvycyfl201rp4-nss-3.112.5-man' to 'ssh-ng://j_kro@sentry'...
copying path '/nix/store/rzlzgy8547lq1nnk23wik3ag5zba6pl7-pipewire-1.6.8-man' to 'ssh-ng://j_kro@sentry'...
copying path '/nix/store/s30fbmk9wr1clxmqw6nnsscjar8n9y06-gdk-pixbuf-2.44.6-man' to 'ssh-ng://j_kro@sentry'...
copying path '/nix/store/v0qgkssz2acl7nvw4sxzqys8nwa7ssgq-desktop-file-utils-0.28' to 'ssh-ng://j_kro@sentry'...
copying path '/nix/store/vfyvrv3w5s1g181xjkq2kqjkj3yrd9ki-libmikmod-3.3.13-man' to 'ssh-ng://j_kro@sentry'...
copying path '/nix/store/vjgjg4lgpilhwi7cvkmghhaw8br7pmgs-libmpg123-1.33.6-man' to 'ssh-ng://j_kro@sentry'...
copying path '/nix/store/vmgkjwkllh6m4xz9nscm7qcnsh3r2m67-hicolor-icon-theme-0.18' to 'ssh-ng://j_kro@sentry'...
copying path '/nix/store/vyl39wg30qihjhsijh0d8mc3dn423nxj-libpng-1.2.59' to 'ssh-ng://j_kro@sentry'...
copying path '/nix/store/w38vp5if8ahzig7yjnaysap7i62ba4k9-curl-8.21.0-bin' to 'ssh-ng://j_kro@sentry'...
copying path '/nix/store/w694bgqr8xi6hfp1djav6a63w7iqb88f-libpng-1.2.59-man' to 'ssh-ng://j_kro@sentry'...
copying path '/nix/store/wvxn2i5nazylmginj8d6wda1jvrkdj27-e2fsprogs-1.47.4-man' to 'ssh-ng://j_kro@sentry'...
copying path '/nix/store/xdw2iz8hbqas23xnhzi07gk8my20fnf4-SDL2_image-2.8.12' to 'ssh-ng://j_kro@sentry'...
copying path '/nix/store/xgcg9j0r0byg84nwfzk1npd47w6l79b3-libtiff-4.7.1-man' to 'ssh-ng://j_kro@sentry'...
copying path '/nix/store/xrpbxcrdbcb779h8vy678j6cpqvi0sxg-libmikmod-3.3.13' to 'ssh-ng://j_kro@sentry'...
copying path '/nix/store/yamgpynk0cbhd714hnipwj0973hiay3z-wayland-1.26.0-man' to 'ssh-ng://j_kro@sentry'...
copying path '/nix/store/zjxq41a25lqc4p2l3lwk2h8vk90il4d5-dbus-glib-0.114' to 'ssh-ng://j_kro@sentry'...
copying path '/nix/store/zvd1qld5slrlhczr9r0s81bl0zsacbpl-xdg-user-dirs-0.20-man' to 'ssh-ng://j_kro@sentry'...
copying path '/nix/store/wndjq373q5y9ibdqncq8d2n79q20z910-freebuff-desktop-0.0.42-fhsenv-rootfs' to 'ssh-ng://j_kro@sentry'...
copying path '/nix/store/4149lj683yw6x31v6ww6xhnv0agz0zww-freebuff-desktop-0.0.42-bwrap' to 'ssh-ng://j_kro@sentry'...
copying path '/nix/store/kgcly52b85rrb26y65fk6iydzri48kq9-ffmpeg-8.1.2-data' to 'ssh-ng://j_kro@sentry'...
copying path '/nix/store/b3vjqmgrkadsln0g0lvygavnznwrbbgs-ffmpeg-8.1.2-lib' to 'ssh-ng://j_kro@sentry'...
copying path '/nix/store/41visbgk83xmxrp0f88bqvx34khv66al-wf-recorder-0.6.0' to 'ssh-ng://j_kro@sentry'...
copying path '/nix/store/qmj90fp4fyhpmvpmi15s00plhcf9yvcs-steam-unwrapped-1.0.0.87' to 'ssh-ng://j_kro@sentry'...
copying path '/nix/store/w6vnk4pvxvvfp0vkfrrq98qawlh971xk-steam-1.0.0.87-fhsenv-profile' to 'ssh-ng://j_kro@sentry'...
copying path '/nix/store/43z8wkg528q3c7ap4f4j3pszir0cirri-steam-1.0.0.87-fhsenv-rootfs' to 'ssh-ng://j_kro@sentry'...
copying path '/nix/store/shzxjncfndxc2vqpwrhhxjqy4r72z6rl-stylix-kde-config' to 'ssh-ng://j_kro@sentry'...
copying path '/nix/store/44nflrxz15p6lnlynyfyjdwiymakcigh-hm-session-vars.sh' to 'ssh-ng://j_kro@sentry'...
copying path '/nix/store/45dy4zic4z8jijfyrmh55fpx05h55nzz-perl5.42.0-LWP-MediaTypes-6.04' to 'ssh-ng://j_kro@sentry'...
copying path '/nix/store/b2nqhsbgkhd5669r9vn0d7hyzkafgkx5-numactl-2.0.18' to 'ssh-ng://j_kro@sentry'...
copying path '/nix/store/45vfb8f69c6h0kv9108blgbfqhxkyzh9-lttng-ust-2.15.1' to 'ssh-ng://j_kro@sentry'...
copying path '/nix/store/ci2lxkyg12kygcpgm5vh8abav70p2gzi-alsa-ucm-conf-1.2.16.1' to 'ssh-ng://j_kro@sentry'...
copying path '/nix/store/mv106iq18k8ib99bi5l4qmk6bs1i9bfl-alsa-topology-conf-1.2.5.1' to 'ssh-ng://j_kro@sentry'...
copying path '/nix/store/7m54jyshpspb1ykv3yga1z7zvq04y6ga-alsa-lib-1.2.16.1' to 'ssh-ng://j_kro@sentry'...
copying path '/nix/store/da2qmc9ghj2ivn1xpbiplx7m7zl7d0wx-graphene-1.10.8' to 'ssh-ng://j_kro@sentry'...
copying path '/nix/store/djd4sdlr9x169p5h5zl79aciqc7h665g-iso-codes-4.20.1' to 'ssh-ng://j_kro@sentry'...
copying path '/nix/store/gv6v3s4lhaz7qfq84ippf7c80krybbpy-cdparanoia-iii-10.2' to 'ssh-ng://j_kro@sentry'...
copying path '/nix/store/h77iwhvjypkmnfg5ll6vca58phn7dl8y-tremor-unstable-2018-03-16' to 'ssh-ng://j_kro@sentry'...
copying path '/nix/store/pgjlm3v0544z9imf7sv1lhl2x5b82bki-orc-0.4.42' to 'ssh-ng://j_kro@sentry'...
copying path '/nix/store/s9ffyn8yyc82bd4765xd8gsbzfi7sfna-libxv-1.0.13' to 'ssh-ng://j_kro@sentry'...
copying path '/nix/store/l2hbnn5lpnf84v18wi94jcsf15nnrjvn-tzdata-2026b' to 'ssh-ng://j_kro@sentry'...
copying path '/nix/store/m0nk8m4bniq16zzwwqhsb9xl67ic3i6p-mpdecimal-4.0.1' to 'ssh-ng://j_kro@sentry'...
copying path '/nix/store/n48zgcmjn2xvrs6grmp3zccarl6ld42p-gdbm-1.26-lib' to 'ssh-ng://j_kro@sentry'...
copying path '/nix/store/zbwxz8gvkrbi5dnq0sf4fd9f8yynsn55-mailcap-2.1.54' to 'ssh-ng://j_kro@sentry'...
copying path '/nix/store/g6jky75xrm0afkh3jas6cb1bjl3vkhyd-python3-3.14.6' to 'ssh-ng://j_kro@sentry'...
copying path '/nix/store/v336gss3vrbmvpl6kp25fsjj3j1shamn-libunwind-1.8.3' to 'ssh-ng://j_kro@sentry'...
copying path '/nix/store/zmk5sqqx1lmfbc2m8biia1d2wjbajlpv-gstreamer-1.28.4' to 'ssh-ng://j_kro@sentry'...
copying path '/nix/store/47xrmi5kywgfdh4pyyqzqaraip4v6ssk-gst-plugins-base-1.28.4' to 'ssh-ng://j_kro@sentry'...
copying path '/nix/store/nkyfxj5y5ljywv5gl2k9vghq3lvqw7qd-qttools-5.15.19' to 'ssh-ng://j_kro@sentry'...
copying path '/nix/store/48wjal62pk0vszd77jmc9gsw35zfhqi3-qttools-5.15.19-bin' to 'ssh-ng://j_kro@sentry'...
copying path '/nix/store/4aiinnwpz5372rx53rs4n4dxkl06dkw4-cabextract-1.11' to 'ssh-ng://j_kro@sentry'...
copying path '/nix/store/aclryalbnnwidjhf21s0bpsm4v0v182l-libdisplay-info-0.3.0' to 'ssh-ng://j_kro@sentry'...
copying path '/nix/store/fw02nk054hybn1swhrfgvln90rfav0iv-seatd-0.9.3' to 'ssh-ng://j_kro@sentry'...
copying path '/nix/store/knh8bri3xvlfqln8cgw7j6kph9id0q3r-lua-5.4.7' to 'ssh-ng://j_kro@sentry'...
copying path '/nix/store/lyp5bvf4laxsxgidd8bpgh1530s71d7r-libwacom-2.19.1' to 'ssh-ng://j_kro@sentry'...
copying path '/nix/store/ywvmyakqkzflp1mq6z0ly8widqrdgad5-libinput-1.31.3' to 'ssh-ng://j_kro@sentry'...
copying path '/nix/store/4d7y1ylyc7kaqj3adyprmjbdcby9gd01-niri-26.04' to 'ssh-ng://j_kro@sentry'...
copying path '/nix/store/4df1i3dxqda6lc89gps42nxp521qvaz4-libasyncns-0.8' to 'ssh-ng://j_kro@sentry'...
copying path '/nix/store/4dzfw75ch50r5prfim5hzbnhmgg7qvh5-harfbuzz-icu-13.2.1' to 'ssh-ng://j_kro@sentry'...
copying path '/nix/store/4lwgzi35604k7vwxdpnd12jvfwdjvfby-gnutls-3.8.13-man' to 'ssh-ng://j_kro@sentry'...
copying path '/nix/store/kiy8yxbaxbmh55xw63qgfb075w8hzls6-fmt-12.1.0' to 'ssh-ng://j_kro@sentry'...
copying path '/nix/store/4nlmdnpxpicq7bvk7628svzk3l9zhbpm-spdlog-1.17.0' to 'ssh-ng://j_kro@sentry'...
copying path '/nix/store/4r4kafibzbv5bmrdn4jldri8s7mill3a-perl5.42.0-File-BaseDir-0.09' to 'ssh-ng://j_kro@sentry'...
copying path '/nix/store/rqi43achiwiqakx7hb4cr8cayigiby2h-qtsvg-5.15.19' to 'ssh-ng://j_kro@sentry'...
copying path '/nix/store/4r84nnh1z2kiqpkv0jjs2b2q5s1y9kwk-qtsvg-5.15.19-bin' to 'ssh-ng://j_kro@sentry'...
copying path '/nix/store/4wai46rvh846zfxh9air2gwmwd16c1d3-libtool-2.5.4-lib' to 'ssh-ng://j_kro@sentry'...
copying path '/nix/store/5130ri1xdiwc91m81k9gbj7jc3w9hlhl-perl5.42.0-Try-Tiny-0.31' to 'ssh-ng://j_kro@sentry'...
copying path '/nix/store/jhy1lrdrvzhn85532adb4w1fgkf6r22f-xorgproto-2025.1' to 'ssh-ng://j_kro@sentry'...
copying path '/nix/store/749188w3jigns9f5rhzhmzq7zd63a453-libxscrnsaver-1.2.5' to 'ssh-ng://j_kro@sentry'...
copying path '/nix/store/9fhwi0gnsqz5cy7v5wkv1yzkcp2hx7gx-libxrandr-1.5.5' to 'ssh-ng://j_kro@sentry'...
copying path '/nix/store/w21sdr5jmw6rbsl5m0bd61wga4y6qwka-libdaemon-0.14' to 'ssh-ng://j_kro@sentry'...
copying path '/nix/store/pixs49ggbdmalg7420c4zkqwlbrjsqkk-avahi-0.8' to 'ssh-ng://j_kro@sentry'...
copying path '/nix/store/bxp7q1gyr26kwkj2ssp41cjfw3fnq6fy-cups-2.4.19-lib' to 'ssh-ng://j_kro@sentry'...
copying path '/nix/store/98zqgqwjdprqb59v1izjv4hxqrh7q8dl-libsoup-3.6.6' to 'ssh-ng://j_kro@sentry'...
copying path '/nix/store/b6rgyimcy0nqzq3k8wcms4fm0q7yd39f-icu4c-78.3' to 'ssh-ng://j_kro@sentry'...
copying path '/nix/store/fya1k7r938ad8h669nn792caz702nn3w-json-glib-1.10.8' to 'ssh-ng://j_kro@sentry'...
copying path '/nix/store/ss0pnw8ljrqfw5i65phb17k78iwkzsv0-gobject-introspection-1.86.0' to 'ssh-ng://j_kro@sentry'...
copying path '/nix/store/i3axrvbrlj5s3c1gjljx5vj8clm8kbdn-tinysparql-3.11.1' to 'ssh-ng://j_kro@sentry'...
copying path '/nix/store/jlrs00qs7ck8p7gf70r6viy5r583xlim-libxkbcommon-1.13.2' to 'ssh-ng://j_kro@sentry'...
copying path '/nix/store/kjjnsmb5gby7hbln329ashwsscfj70m8-libxcursor-1.2.3' to 'ssh-ng://j_kro@sentry'...
copying path '/nix/store/nj2vi9z026zmkxbmd4zhyxkc2ijldy0y-libxcomposite-0.4.7' to 'ssh-ng://j_kro@sentry'...
copying path '/nix/store/plxnz55nn7g4356qbcqw960lj64f7vvx-libepoxy-1.5.10' to 'ssh-ng://j_kro@sentry'...
copying path '/nix/store/z17cvqqcvjllsn3j6chn656bl9diq6y5-libxinerama-1.1.6' to 'ssh-ng://j_kro@sentry'...
copying path '/nix/store/md9dw6l1rqq7nxpbp6jwhjf6wslaw4lq-gtk+3-3.24.52' to 'ssh-ng://j_kro@sentry'...
copying path '/nix/store/fxm3aik4vqw19qvpsji10cjfy0wiihdz-libdecor-0.2.5' to 'ssh-ng://j_kro@sentry'...
copying path '/nix/store/63xs6h255bgmz4qaixhni58ha9j2m679-libebur128-1.2.6' to 'ssh-ng://j_kro@sentry'...
copying path '/nix/store/6ds8c4iv0pshr8k05palwc8mr6w7wiwx-spandsp-0.0.6' to 'ssh-ng://j_kro@sentry'...
copying path '/nix/store/6whw4pam8zp3b3v6kfjrkadlsg40hh79-lilv-0.28.0' to 'ssh-ng://j_kro@sentry'...
copying path '/nix/store/870avd3im7pb362yw1h26l5vvqdk6nq4-liblc3-1.1.3' to 'ssh-ng://j_kro@sentry'...
copying path '/nix/store/88y7rvahrq1is4c7xj97x6q38m4qldll-sbc-2.2' to 'ssh-ng://j_kro@sentry'...
copying path '/nix/store/8pdaqs6vancd1q3ryl4pcyn35f38n83d-libmysofa-1.3.3' to 'ssh-ng://j_kro@sentry'...
copying path '/nix/store/ak4mxlfilgxwd2v89wn3qlkyhnr0p372-ldacbt-2.0.72' to 'ssh-ng://j_kro@sentry'...
copying path '/nix/store/ikmx5jxk76s10qsljf7gf2z8cmjhf6x1-fftw-single-3.3.11' to 'ssh-ng://j_kro@sentry'...
copying path '/nix/store/n982vy71k6ihrwn79v1h9c61advl4078-speexdsp-1.2.1' to 'ssh-ng://j_kro@sentry'...
copying path '/nix/store/sk0k356z5acg0j5ymhghzp7c4zv5nm3c-libpulseaudio-17.0' to 'ssh-ng://j_kro@sentry'...
copying path '/nix/store/dl6pwsyv9x289zh9wbapcv7sz68h2qzn-libcanberra-0.30' to 'ssh-ng://j_kro@sentry'...
copying path '/nix/store/8hwc4g7w858h3iq1qpq79w07mh7mklx7-libmad-0.15.1b' to 'ssh-ng://j_kro@sentry'...
copying path '/nix/store/d9f4nhm43l3c3dd1iyaqkl10jy42ynvs-wavpack-5.9.0' to 'ssh-ng://j_kro@sentry'...
copying path '/nix/store/f22i840005giysqjbcmmpgzl4bz88s5h-libao-1.2.2' to 'ssh-ng://j_kro@sentry'...
copying path '/nix/store/i0hk66d98mv7pfcjhbpwcykxdiqp1wij-opusfile-0.12' to 'ssh-ng://j_kro@sentry'...
copying path '/nix/store/j80dm59c6gmlgg889ajqh60nykl0963x-file-5.48' to 'ssh-ng://j_kro@sentry'...
copying path '/nix/store/a2w0zrq95kfkwia1mv3q9x6rph9mayy9-sox-unstable-2021-05-09-lib' to 'ssh-ng://j_kro@sentry'...
copying path '/nix/store/fa69mr026fva1v0sy9p94jprga585sr1-openfec-1.4.2.12' to 'ssh-ng://j_kro@sentry'...
copying path '/nix/store/m7i514dsvpm38zl7wfgapcyj48ilg677-libuv-1.52.1' to 'ssh-ng://j_kro@sentry'...
copying path '/nix/store/hyqq3ixhqzz50dlijjab1azhjsxcb29d-roc-toolkit-0.4.0' to 'ssh-ng://j_kro@sentry'...
copying path '/nix/store/6v4pcavd298kb5ngibn8x1204g47xpb7-libbluray-1.4.1' to 'ssh-ng://j_kro@sentry'...
copying path '/nix/store/7bqn65nragp9c6ilawjjw6m1dmg7rzri-xvidcore-1.3.7' to 'ssh-ng://j_kro@sentry'...
copying path '/nix/store/diynrsbld627wyfj4j7n9n92nvr3b654-vid.stab-1.1.1-unstable-2025-08-21' to 'ssh-ng://j_kro@sentry'...
copying path '/nix/store/frbbvid2cbdjaxla5j74v959x318v0l7-libvpx-1.16.0' to 'ssh-ng://j_kro@sentry'...
copying path '/nix/store/h48inflhdn1qidxn1yswf8y9hl9yqhps-x264-0-unstable-2025-01-03-lib' to 'ssh-ng://j_kro@sentry'...
copying path '/nix/store/l59y09nb3wxnqzv56lqalvn54cp2mjqc-x265-4.2' to 'ssh-ng://j_kro@sentry'...
copying path '/nix/store/ak3v2dddlpjjjpq25iwfqmibahckadpy-mpg123-1.33.6' to 'ssh-ng://j_kro@sentry'...
copying path '/nix/store/mdpgis35iiqxjzsx1ahpisfrnk2fxcwz-libopenmpt-0.8.7' to 'ssh-ng://j_kro@sentry'...
copying path '/nix/store/nj10cbq8lvnqs9ffhv8nr5sfcgnxjijr-speex-1.2.1' to 'ssh-ng://j_kro@sentry'...
copying path '/nix/store/ph5brr1x44js5gq0ml9gi2idwb7z8cjp-libssh-0.12.0' to 'ssh-ng://j_kro@sentry'...
copying path '/nix/store/i3f9w0x3vnspqxxbv56sak17bn8wilsp-cjson-1.7.19' to 'ssh-ng://j_kro@sentry'...
copying path '/nix/store/wapd64a2vizd0p4jpy85yc4bx57pzg2l-mbedtls-3.6.6' to 'ssh-ng://j_kro@sentry'...
copying path '/nix/store/qsccnnb4775l2ipkh1drjhd4dhqb1bha-librist-0.2.11' to 'ssh-ng://j_kro@sentry'...
copying path '/nix/store/qwc1mhvk60ph1ikqsjwa77fsfyby94ri-ffmpeg-headless-8.1.2-data' to 'ssh-ng://j_kro@sentry'...
copying path '/nix/store/innvfzn55mlgk0vjkki5qk1h4g3ppn0c-libvmaf-3.0.0' to 'ssh-ng://j_kro@sentry'...
copying path '/nix/store/rqw0c1fd2g1gb2gikqbrqslhz645nygb-libaom-3.12.1' to 'ssh-ng://j_kro@sentry'...
copying path '/nix/store/s268d7msa51ca85b8dkdyv479ya7x5yv-zvbi-0.2.44' to 'ssh-ng://j_kro@sentry'...
copying path '/nix/store/s6pg41np5n9rh2zynbpv29diwhy3vkll-srt-1.5.5' to 'ssh-ng://j_kro@sentry'...
copying path '/nix/store/536ibi11d9vjz03ibdhaz203sjnqdqi9-llvm-21.1.8-lib' to 'ssh-ng://j_kro@sentry'...
copying path '/nix/store/7j7m9xxq7214wd6ynsdxn7hspw134fl6-clang-21.1.8-lib' to 'ssh-ng://j_kro@sentry'...
copying path '/nix/store/shla8w2m57441li5m06mkghhbbv26fqn-clang-21.1.8' to 'ssh-ng://j_kro@sentry'...
copying path '/nix/store/siay5k5bg8s3sc9l467zs6cs92nmxg3a-libwebp-1.6.0' to 'ssh-ng://j_kro@sentry'...
copying path '/nix/store/v20kfk6jrzsyzqzp7ss22hfckpi62vx1-ocl-icd-2.3.5' to 'ssh-ng://j_kro@sentry'...
copying path '/nix/store/vh0h56vpw7713kmfmhgymxgznyq8bpib-zimg-3.0.6' to 'ssh-ng://j_kro@sentry'...
copying path '/nix/store/xni2qaiarwdq8arjj0ncgyxrgrm3li7s-svt-av1-4.1.0' to 'ssh-ng://j_kro@sentry'...
copying path '/nix/store/zcm0amr8bwy9xjyf9ax373ysps4dbyb4-libva-minimal-2.24.0' to 'ssh-ng://j_kro@sentry'...
copying path '/nix/store/ih6yfmmxl3jlfz98zn8yi1qhwr5v9l12-ffmpeg-headless-8.1.2-lib' to 'ssh-ng://j_kro@sentry'...
copying path '/nix/store/gjy2i9rw946746qfmpvrn1hyc691llgy-abseil-cpp-20260107.1' to 'ssh-ng://j_kro@sentry'...
copying path '/nix/store/klshhq21f5kyd7kva1h8rxns5n88v5g4-webrtc-audio-processing-2.1' to 'ssh-ng://j_kro@sentry'...
copying path '/nix/store/riissnlawbq37q9mzwr6s1zv8ajqjlfa-ell-0.83' to 'ssh-ng://j_kro@sentry'...
copying path '/nix/store/vs7wr1q5yl2fq841p9iqwn2i7861i7lv-libical-3.0.20' to 'ssh-ng://j_kro@sentry'...
copying path '/nix/store/lxj6s2n60zp8ask8i1pxp65ixyz7khyj-bluez-5.86' to 'ssh-ng://j_kro@sentry'...
copying path '/nix/store/mx6qzg52zj51z8z50mr2rlzk13lvv4r2-libfreeaptx-0.2.2' to 'ssh-ng://j_kro@sentry'...
copying path '/nix/store/zi4chp7f3vmsi57rrk1m9cglip4c5nq8-gnum4-1.4.21' to 'ssh-ng://j_kro@sentry'...
copying path '/nix/store/lp63k2rww4i1gfm23frbks0cq03qc3kr-glibmm-2.66.8' to 'ssh-ng://j_kro@sentry'...
copying path '/nix/store/98mlg3z7vxbc0yah03d17mqzyq8mhpsy-libxml++-3.2.5' to 'ssh-ng://j_kro@sentry'...
copying path '/nix/store/rh50gb2kwdypwwna31hr5qjfs03wqi5d-libraw1394-2.1.2' to 'ssh-ng://j_kro@sentry'...
copying path '/nix/store/brd1aaap05116a9lf7b0r3znzyj2ryzf-libavc1394-0.5.4' to 'ssh-ng://j_kro@sentry'...
copying path '/nix/store/db0p9l5hb2qqgmv2f8n6gccnmddrqxx2-libconfig-1.8.2' to 'ssh-ng://j_kro@sentry'...
copying path '/nix/store/jacw39x96vvkgmzddk7rqi0bgp8n221b-libiec61883-1.2.0' to 'ssh-ng://j_kro@sentry'...
copying path '/nix/store/pykay7xck6z069dgvxdbmy3qxlfq9fmb-ffado-2.4.9' to 'ssh-ng://j_kro@sentry'...
copying path '/nix/store/qjyak75dwhpwghp1i92xbzsnlixbw2pp-libcamera-0.7.0' to 'ssh-ng://j_kro@sentry'...
copying path '/nix/store/rk5wl7nxyl3zk173qvxl1k9aa8vrac7j-fdk-aac-2.0.3' to 'ssh-ng://j_kro@sentry'...
copying path '/nix/store/wqbij6c4qvj3q2mldywzzxw3b31lr4sz-libusb-1.0.30' to 'ssh-ng://j_kro@sentry'...
copying path '/nix/store/ii8y7cb9x6aisafmblldi51n2xysv17i-pipewire-1.6.8' to 'ssh-ng://j_kro@sentry'...
copying path '/nix/store/8277yxqy7w1d6hhw2spcmix83ldbpdv6-hwloc-2.14.0-lib' to 'ssh-ng://j_kro@sentry'...
copying path '/nix/store/dgjlaag0dr5nx1vp6sknbmimg9kxzqfw-onetbb-2022.3.0' to 'ssh-ng://j_kro@sentry'...
copying path '/nix/store/dgjxllrh0sf615j2dkv9i47rxgkjwljb-libblake3-1.8.5' to 'ssh-ng://j_kro@sentry'...
copying path '/nix/store/m3bg2cfpd4y47i6cb01b9wn6xhn7rbwq-libfyaml-0.9.6' to 'ssh-ng://j_kro@sentry'...
copying path '/nix/store/nlbm3hlzam1alm97ff5c4kr9pl7n4bj6-libxmlb-0.3.27-lib' to 'ssh-ng://j_kro@sentry'...
copying path '/nix/store/d34h55zrvzhy8wjl0vzbdc031c6a8mh4-appstream-1.1.3' to 'ssh-ng://j_kro@sentry'...
copying path '/nix/store/7c0pvcb157l8b24z456pvm0i1220shv5-chromaprint-1.6.0' to 'ssh-ng://j_kro@sentry'...
copying path '/nix/store/7mnvrm1pwbkdsj8y3nf5q123cizjrn5y-libajantv2-17.5.0' to 'ssh-ng://j_kro@sentry'...
copying path '/nix/store/h4a0akapnqnr2a31c70bm3cixv4p7vds-libxslt-1.1.45' to 'ssh-ng://j_kro@sentry'...
copying path '/nix/store/f1gissbwwcy8q2ffcjd4q60vmacchfbl-raptor2-2.0.16' to 'ssh-ng://j_kro@sentry'...
copying path '/nix/store/8rq8chp9x968k6ivvkr2q7szfw2n2jgb-lrdf-0.6.1' to 'ssh-ng://j_kro@sentry'...
copying path '/nix/store/adlrv92lzrqv8yvhsaz054kkxx3nngba-libdc1394-2.2.7' to 'ssh-ng://j_kro@sentry'...
copying path '/nix/store/avpqyqbb7zv8rklb7cxdmvpfhprw7s17-rtmpdump-2.6' to 'ssh-ng://j_kro@sentry'...
copying path '/nix/store/b6bdj3l0ygil9mlhrpx69g57035gr1nw-libsrtp-2.8.0' to 'ssh-ng://j_kro@sentry'...
copying path '/nix/store/65xjg04hk789lylvby6s0xq8z6kwxb87-libdv-1.0.0' to 'ssh-ng://j_kro@sentry'...
copying path '/nix/store/g54ihfl6aas03s6lzjccq9mrwg057n7w-mjpegtools-2.2.1-lib' to 'ssh-ng://j_kro@sentry'...
copying path '/nix/store/g4qn7i30w110d2nk2b5rk7s2m2xp3xg3-libdvdcss-1.5.0' to 'ssh-ng://j_kro@sentry'...
copying path '/nix/store/gcp5fsz0w79q90p3ap8sq1iivxs7mwag-libdvdread-7.0.1' to 'ssh-ng://j_kro@sentry'...
copying path '/nix/store/hagjx4xj4gc2a7jkg0lb65arljzisfr9-openh264-2.6.0' to 'ssh-ng://j_kro@sentry'...
copying path '/nix/store/iqhxy19r8ryj26in4jdyds268s9q1cwc-fluidsynth-2.5.5' to 'ssh-ng://j_kro@sentry'...
copying path '/nix/store/lryzjyj06rip5j75qrr22wg0dk2scp45-webrtc-audio-processing-1.3' to 'ssh-ng://j_kro@sentry'...
copying path '/nix/store/lz22sg6qsz8dkib2l3bscx39790fzwfd-neon-0.37.1' to 'ssh-ng://j_kro@sentry'...
copying path '/nix/store/n0z5vgjjx9x256y8arlh51glksg2bah3-faad2-2.11.2' to 'ssh-ng://j_kro@sentry'...
copying path '/nix/store/n4qvp3h2brr5bqkk4ch92jgn2z6d473r-libde265-1.1.1' to 'ssh-ng://j_kro@sentry'...
copying path '/nix/store/nhfxwfxaks4cy6kdh6bl6qgis3mkxzwy-vo-aacenc-0.1.3' to 'ssh-ng://j_kro@sentry'...
copying path '/nix/store/np34gq68a30qdzf9j3bbrivc015shfh3-openal-soft-1.24.3' to 'ssh-ng://j_kro@sentry'...
copying path '/nix/store/p84gny70rbh78snfdvw6qvq4c6nmjng0-libbs2b-3.1.0' to 'ssh-ng://j_kro@sentry'...
copying path '/nix/store/byaim040mjkx85y44ypcr0lx2rvyl8v7-freepats-20060219' to 'ssh-ng://j_kro@sentry'...
copying path '/nix/store/jy7nc2f0w04vzig4gg159vdjp1bnq1k0-wildmidi.cfg' to 'ssh-ng://j_kro@sentry'...
copying path '/nix/store/pp8ql47hzwlhzc80wx96dafrn58511i1-wildmidi-0.4.6' to 'ssh-ng://j_kro@sentry'...
copying path '/nix/store/wj4hfsp6zig4h6x1cys208dr3l9d156b-gssdp-1.6.6' to 'ssh-ng://j_kro@sentry'...
copying path '/nix/store/n0ca6n27p6fqr91dvfw6m6fm4pp9r2q8-gupnp-1.6.10' to 'ssh-ng://j_kro@sentry'...
copying path '/nix/store/bxldkcz578v2rrc9n8d9vv9s9l00rq7h-gupnp-igd-1.6.0' to 'ssh-ng://j_kro@sentry'...
copying path '/nix/store/sdmxmj0h4jlr4cq3prc9rj6pijfv8bz6-libnice-0.1.23' to 'ssh-ng://j_kro@sentry'...
copying path '/nix/store/svxnmcsdx55gyrah5blfhggvymh15ikg-game-music-emu-0.6.5' to 'ssh-ng://j_kro@sentry'...
copying path '/nix/store/vg9drhnfiijvppna4a52vd0gd8lf6sf2-flite-2.2-lib' to 'ssh-ng://j_kro@sentry'...
copying path '/nix/store/vvcvc20pfswk491c8ngyyhqhcwhzsrhy-libdvdnav-6.1.1' to 'ssh-ng://j_kro@sentry'...
copying path '/nix/store/s13cw9pkc092ph6qh6rpfds5f5mcpqfk-gst-plugins-bad-1.28.4' to 'ssh-ng://j_kro@sentry'...
copying path '/nix/store/dgdklynhxrhh869fc3r1nc4ba1ndyfab-gtk4-4.22.4' to 'ssh-ng://j_kro@sentry'...
copying path '/nix/store/b9zarg0qmf5xj16cf602h4pngjfpcnzq-libadwaita-1.9.2' to 'ssh-ng://j_kro@sentry'...
copying path '/nix/store/m3mbmrsr5934z1k96idcakzds6hp6pjz-zenity-4.2.2' to 'ssh-ng://j_kro@sentry'...
copying path '/nix/store/5r1ygql7fhi6ccsx63xlid7h8f1l3b0q-sdl3-3.4.12-lib' to 'ssh-ng://j_kro@sentry'...
copying path '/nix/store/51ybhgxq0s7ywyzi1d7gkap9kjvf3vfr-sdl2-compat-2.32.70' to 'ssh-ng://j_kro@sentry'...
copying path '/nix/store/56vg3q5n834k84xcqs879f9za56r2qws-python3.14-lxml-6.1.1' to 'ssh-ng://j_kro@sentry'...
copying path '/nix/store/6h3w3g5zb7a4cnbvlmy3dnsdgy15nkks-gst-libav-1.28.4' to 'ssh-ng://j_kro@sentry'...
copying path '/nix/store/6zipgyy802ngga75s76sl4c7mjgr9p9j-python3.14-dbus-python-1.4.0' to 'ssh-ng://j_kro@sentry'...
copying path '/nix/store/7p3l2kf16f27r1rx6jpr8wjjrm78x125-mesa-demos-9.0.0' to 'ssh-ng://j_kro@sentry'...
copying path '/nix/store/ab8z9inr4j6yhhx9jr87am4inbcch67p-python3.14-soupsieve-2.8.4' to 'ssh-ng://j_kro@sentry'...
copying path '/nix/store/awa3myvd34b64ripqklhr3j6db3p0s1b-python3.14-beautifulsoup4-4.15.0' to 'ssh-ng://j_kro@sentry'...
copying path '/nix/store/js29if29mbcdwrkl7qhxnzsxhx3862m4-python3.14-pycairo-1.29.0' to 'ssh-ng://j_kro@sentry'...
copying path '/nix/store/klkyk6wafsyq2iqldb6n7ggk936sk096-gobject-introspection-wrapped-1.86.0-dev' to 'ssh-ng://j_kro@sentry'...
copying path '/nix/store/b4sd2dgxlhwfzx82wqihcpl330krrxgq-python3.14-pygobject-3.56.3-dev' to 'ssh-ng://j_kro@sentry'...
copying path '/nix/store/6yh0vyr5fi037azgs75kawxgiqfjcmz5-libshout-2.4.6' to 'ssh-ng://j_kro@sentry'...
copying path '/nix/store/99r27iygnd90n9n908l1914g74m6bxsk-taglib-2.2.1' to 'ssh-ng://j_kro@sentry'...
copying path '/nix/store/bgw132vh26bhzkpmkfxh8wzh504vgq73-twolame-2017-09-27' to 'ssh-ng://j_kro@sentry'...
copying path '/nix/store/fqcmzjasgj4phbnblhbz4782b71sg95h-aalib-1.4rc5' to 'ssh-ng://j_kro@sentry'...
copying path '/nix/store/c5dwjabcaivjvsx30q3alyrkij997mv7-gst-plugins-good-1.28.4' to 'ssh-ng://j_kro@sentry'...
copying path '/nix/store/7k8ky6xg6jdk0s32ws8zmh8618sijwyf-libyuv-1908' to 'ssh-ng://j_kro@sentry'...
copying path '/nix/store/6qjhkd01d1h005gl8n0bd9qy6hy4l5sh-libavif-1.4.2' to 'ssh-ng://j_kro@sentry'...
copying path '/nix/store/nabq0k3y4a8d9diz1py4v28pw5f49g48-hyphen-2.8.9' to 'ssh-ng://j_kro@sentry'...
copying path '/nix/store/ppqmnsvjkbhy3sfhyjaxvpdpy0ia548z-xdg-dbus-proxy-0.1.7' to 'ssh-ng://j_kro@sentry'...
copying path '/nix/store/qis2c7y6dabysb4iazisfxi3bbg8jx0a-libbacktrace-0-unstable-2026-05-03' to 'ssh-ng://j_kro@sentry'...
copying path '/nix/store/6vpa7alxn81w94991ys1z43hn55cb1ny-hspell-1.4' to 'ssh-ng://j_kro@sentry'...
copying path '/nix/store/8q8l2mx8hmikkandhq9as511r5x7r00m-nuspell-5.1.7-lib' to 'ssh-ng://j_kro@sentry'...
copying path '/nix/store/gkfyj4v9s3nydllvgl6vw1iv4dfjhs5f-hunspell-1.7.3' to 'ssh-ng://j_kro@sentry'...
copying path '/nix/store/p568cmgp5wgksc1l2fa1xincmsxlig9z-hfst-ospell-0.5.4' to 'ssh-ng://j_kro@sentry'...
copying path '/nix/store/vbv1zga9v8jvx2cbk3942pc21cjy2k6c-libvoikko-4.3.3' to 'ssh-ng://j_kro@sentry'...
copying path '/nix/store/wlkpz0fs3fkl0g64v36vklw9yi748axg-aspell-0.60.8.2' to 'ssh-ng://j_kro@sentry'...
copying path '/nix/store/z023yz4iy231wg3fwmnnnfywsyjm014y-enchant-2.6.9' to 'ssh-ng://j_kro@sentry'...
copying path '/nix/store/clhasr1lfayv6akwlbfz84g05v55yys9-webkitgtk-2.52.5+abi=4.1' to 'ssh-ng://j_kro@sentry'...
copying path '/nix/store/wi4j8y3snsxpx2aj37jajywl19p9ri2h-libimagequant-4.4.1' to 'ssh-ng://j_kro@sentry'...
copying path '/nix/store/d34xwc75k6wvlvgh65qppicskd080r3w-python3.14-pillow-12.3.0' to 'ssh-ng://j_kro@sentry'...
copying path '/nix/store/gwwszarkdk5jzshnyhgxi4k76547vv50-xgamma-1.0.8' to 'ssh-ng://j_kro@sentry'...
copying path '/nix/store/cn5f95gpcizavxz2b8i7djnf5g1q6pc9-gcc-15.3.0-lib' to 'ssh-ng://j_kro@sentry'...
copying path '/nix/store/h24ni9w7252i9zj1alj70zwc606hwk27-libstrangle-unstable-202202022' to 'ssh-ng://j_kro@sentry'...
copying path '/nix/store/hp9vs3412gafkd7hcy9vdmdbmwxik1pj-python3.14-pyyaml-6.0.3' to 'ssh-ng://j_kro@sentry'...
copying path '/nix/store/i6arpnv6cpxv23zr867hw0mxdkxdgqd4-python3.14-toolz-1.1.0' to 'ssh-ng://j_kro@sentry'...
copying path '/nix/store/jyjr0hlxiw1pcjrk4zdlrmjawy4izily-vulkan-tools-1.4.350.0' to 'ssh-ng://j_kro@sentry'...
copying path '/nix/store/mc55ij274h17fcvflk11fgynk99km5mj-pulseaudio-17.0' to 'ssh-ng://j_kro@sentry'...
copying path '/nix/store/mckj7mysgfxpsxshfvss77zpkji5v3qg-python3.14-moddb-0.12.0' to 'ssh-ng://j_kro@sentry'...
copying path '/nix/store/n8zfabmhjpy88hf477ljp140lqx04fv8-python3.14-dbus-python-1.4.0-dev' to 'ssh-ng://j_kro@sentry'...
copying path '/nix/store/q9nb1b8cxaydkwn3s40krfs3pm9dlglz-gnome-desktop-44.5' to 'ssh-ng://j_kro@sentry'...
copying path '/nix/store/qqp2f6c8hnpxb7mbz7rqscnr95l863am-glib-networking-2.80.1' to 'ssh-ng://j_kro@sentry'...
copying path '/nix/store/s1gq4fmqjr5pkpyxy3ql8bismxhffmrq-xkbcomp-1.5.0' to 'ssh-ng://j_kro@sentry'...
copying path '/nix/store/sklxil6crnxyy5m26y5g4pdqbwh7dmar-p7zip-17.06-lib' to 'ssh-ng://j_kro@sentry'...
copying path '/nix/store/v1csg8qa1p65dw0w6jsdp6h5i8grdiv8-p7zip-17.06' to 'ssh-ng://j_kro@sentry'...
copying path '/nix/store/wk185aqkzzhpdp20p2jlzfk8hil6ybxx-psmisc-23.7' to 'ssh-ng://j_kro@sentry'...
copying path '/nix/store/wq27afiy5p8cmfvxaq8v6qh7bic75ygw-setxkbmap-1.3.4' to 'ssh-ng://j_kro@sentry'...
copying path '/nix/store/y707s0s69zl317kfjvi48h7lsz2x7674-python3.14-evdev-1.9.3' to 'ssh-ng://j_kro@sentry'...
copying path '/nix/store/bivjfqnsdyjy3q2pk818sdaxg3l3a1vy-libtirpc-1.3.7' to 'ssh-ng://j_kro@sentry'...
copying path '/nix/store/f65h8izyd4ci4ih0lgldpdc08kfjfvbc-libfontenc-1.1.9' to 'ssh-ng://j_kro@sentry'...
copying path '/nix/store/k2wh64jqv5f7xqp57l6fj4gp1xz9x54j-libxfont_2-2.0.8' to 'ssh-ng://j_kro@sentry'...
copying path '/nix/store/nkav49gdg8y8cyxff419i5rs46pvcwaq-libxcvt-0.1.3' to 'ssh-ng://j_kro@sentry'...
copying path '/nix/store/ypzid02x2fffhxpvpd8xyc2kywihl6f4-font-util-1.4.2' to 'ssh-ng://j_kro@sentry'...
copying path '/nix/store/zda83mlxzygbmfl6vxzdmbxnsxd8s0pm-xorg-server-21.1.24' to 'ssh-ng://j_kro@sentry'...
copying path '/nix/store/53qi38lyi9yj7fbcm2fw6wkcca8s7i2q-lutris-unwrapped-0.5.22' to 'ssh-ng://j_kro@sentry'...
copying path '/nix/store/m8n6pixzjzcg8jkq7lsb77k7wrb3whgz-zstd-1.5.7-man' to 'ssh-ng://j_kro@sentry'...
copying path '/nix/store/vw9pbpgn8snxacdsi4w2941xn0qfsfwa-protonup-qt-2.15.1-fhsenv-profile' to 'ssh-ng://j_kro@sentry'...
copying path '/nix/store/lbd75hap2zii1v7skmwkps7g2d96dsa3-protonup-qt-2.15.1-fhsenv-rootfs' to 'ssh-ng://j_kro@sentry'...
copying path '/nix/store/jkpgv5mbvz66lalmk73irq1fdxzsxv5d-protonup-qt-2.15.1-bwrap' to 'ssh-ng://j_kro@sentry'...
copying path '/nix/store/53z30c3160kg7qc4rznbwrsgsbdhjdf8-protonup-qt-2.15.1' to 'ssh-ng://j_kro@sentry'...
copying path '/nix/store/6zr1dv9m58i4y2i1sqajl1zxqf1dim7y-libpfm-4.13.0' to 'ssh-ng://j_kro@sentry'...
copying path '/nix/store/54q91v32bvgbdp3cyzg4k1yf7nq6ynbc-llvm-21.1.8' to 'ssh-ng://j_kro@sentry'...
copying path '/nix/store/57ws09drbgmfw2y6byxwk4648jq245v4-python3.14-dnspython-2.8.0' to 'ssh-ng://j_kro@sentry'...
copying path '/nix/store/5ciwzridcdg5hj5v8h16fxpd7i20s6bv-qtx11extras-5.15.19' to 'ssh-ng://j_kro@sentry'...
copying path '/nix/store/5cl9hr0hp63xa12d7w3fdqg5cckp6yq2-mangohud-0.8.4-man' to 'ssh-ng://j_kro@sentry'...
copying path '/nix/store/6z7farv0y6hnx04h25k6182jaaaksrsl-perl5.42.0-IO-HTML-1.004' to 'ssh-ng://j_kro@sentry'...
copying path '/nix/store/8sxdsrvqxq33pkxqdmh34y7wapqyx2yg-perl5.42.0-Compress-Raw-Bzip2-2.218' to 'ssh-ng://j_kro@sentry'...
copying path '/nix/store/b7b0wnpc0j7f38sq5yr6r8s85g0iplv7-perl5.42.0-Clone-0.46' to 'ssh-ng://j_kro@sentry'...
copying path '/nix/store/hwd98wfmklll43472fnb9120lv7x9nhx-perl5.42.0-Compress-Raw-Zlib-2.222' to 'ssh-ng://j_kro@sentry'...
copying path '/nix/store/nzw9z53vgvn89ggw3x1z9dgq57p8i0rw-perl5.42.0-Encode-Locale-1.05' to 'ssh-ng://j_kro@sentry'...
copying path '/nix/store/mam4cp635sdw5qfnis9jn7nd7nrzbrpd-perl-5.42.0' to 'ssh-ng://j_kro@sentry'...
copying path '/nix/store/ynlql0h4mlnz2cynfvwi1gvqajd4y625-perl5.42.0-IO-Compress-2.221' to 'ssh-ng://j_kro@sentry'...
copying path '/nix/store/75rgrgwdvv796simgps5z5lfk9lawrq2-perl5.42.0-HTTP-Message-7.02' to 'ssh-ng://j_kro@sentry'...
copying path '/nix/store/8l7zfq8zbqizw2430mifpfwa4vidiwdk-perl5.42.0-HTML-Tagset-3.20' to 'ssh-ng://j_kro@sentry'...
copying path '/nix/store/b36lx4szws4zf295krg85q7jkzvg5wp8-perl5.42.0-File-Listing-6.16' to 'ssh-ng://j_kro@sentry'...
copying path '/nix/store/bwf9m1v3cvvd0a7ikm9c0yrg7ci2zfm1-perl5.42.0-HTTP-Negotiate-6.01' to 'ssh-ng://j_kro@sentry'...
copying path '/nix/store/ikzjqq5ihqaqhl9lcbvmkygfrzjy6q1m-perl5.42.0-HTTP-Cookies-6.10' to 'ssh-ng://j_kro@sentry'...
copying path '/nix/store/nx79fprarzkr07617b04phvgjmliq0b5-perl5.42.0-WWW-RobotRules-6.02' to 'ssh-ng://j_kro@sentry'...
copying path '/nix/store/qwa9i09bfsja092bdymf8y3fh2gv5gvs-perl5.42.0-HTML-Parser-3.85' to 'ssh-ng://j_kro@sentry'...
copying path '/nix/store/hx15jncsbn6l9x6jd407g5lgqdh35y02-perl5.42.0-HTTP-Daemon-6.17' to 'ssh-ng://j_kro@sentry'...
copying path '/nix/store/kyzgvd14fjzd49i6i28icvw247g8avq4-perl5.42.0-Test-RequiresInternet-0.05' to 'ssh-ng://j_kro@sentry'...
copying path '/nix/store/lm6bs3ck1blwkidycsqal9p6s3bf2v8f-perl5.42.0-Test-Fatal-0.017' to 'ssh-ng://j_kro@sentry'...
copying path '/nix/store/vr4q37xxq34shiina3rqmzn2g6mbaf81-perl5.42.0-libwww-perl-6.83' to 'ssh-ng://j_kro@sentry'...
copying path '/nix/store/xx864jxlp20hw4sv4m0y3agynyipgdva-perl5.42.0-XML-Parser-2.46' to 'ssh-ng://j_kro@sentry'...
copying path '/nix/store/5fsk7bwhaqx8s5acxy0mbwig1qq4jmsi-perl5.42.0-XML-Twig-3.52' to 'ssh-ng://j_kro@sentry'...
copying path '/nix/store/5ix7z8h63yzhyi4ggkqkdkzcb3nr149q-sdl12-compat-1.2.76' to 'ssh-ng://j_kro@sentry'...
copying path '/nix/store/5knxx8722fm7k73kmy619n9vd39qmf44-minizip-1.3.2' to 'ssh-ng://j_kro@sentry'...
copying path '/nix/store/5n5qhpg1f776g3jvxm6xdgcsia2w2d4p-gettext-1.0-man' to 'ssh-ng://j_kro@sentry'...
copying path '/nix/store/6vzhsxcs4jygpmaxihij6iavii0q31nx-lmdb-0.9.35' to 'ssh-ng://j_kro@sentry'...
copying path '/nix/store/78bs068disb58f78gg5cdavklqq1r8cm-liburing-2.14' to 'ssh-ng://j_kro@sentry'...
copying path '/nix/store/crj4yzvvksjms5k93yqrg5hx3a8vakag-python3.14-dnspython-2.8.0' to 'ssh-ng://j_kro@sentry'...
copying path '/nix/store/sixs2zyg11v6f0sjf51brs622ffx1q73-tdb-1.4.15' to 'ssh-ng://j_kro@sentry'...
copying path '/nix/store/v314b1p58zb4ajdmixfa1rcknaw22ri4-talloc-2.4.4' to 'ssh-ng://j_kro@sentry'...
copying path '/nix/store/v03l7pb09g7lq6jnm3wfw6qw8v7bzwar-tevent-0.17.1' to 'ssh-ng://j_kro@sentry'...
copying path '/nix/store/5pda5a24rmar8p1q6yhhsv763csjhdjv-samba-4.23.8' to 'ssh-ng://j_kro@sentry'...
copying path '/nix/store/5rmkasxs986biznk1mzbcgl8slhjjly9-db-5.3.28' to 'ssh-ng://j_kro@sentry'...
copying path '/nix/store/5xw8c5yp5a05jhzmi9s411mbzfq2ffpp-zziplib-0.13.80' to 'ssh-ng://j_kro@sentry'...
copying path '/nix/store/61n7gs8zrlb1jlbz6054r6r2d129mf7b-hm-session-vars.fish' to 'ssh-ng://j_kro@sentry'...
copying path '/nix/store/i2lwcyni64nrbqmxwdgjni51ng0nmbhz-vkbasalt-0.3.2.10' to 'ssh-ng://j_kro@sentry'...
copying path '/nix/store/61v0l06n2hgxb8qmcz2nyw91pspc28d3-vkbasalt-0.3.2.10' to 'ssh-ng://j_kro@sentry'...
copying path '/nix/store/6224mzdynj3z43fgink1yw4czas74c18-libXNVCtrl-390.157' to 'ssh-ng://j_kro@sentry'...
copying path '/nix/store/8swq5fjxnxigsb4k1iqbjm7zv9wz23nk-npth-1.8' to 'ssh-ng://j_kro@sentry'...
copying path '/nix/store/j051zy35mh9sqh828m38w4hs81p02p83-cyrus-sasl-2.1.28' to 'ssh-ng://j_kro@sentry'...
copying path '/nix/store/v0gw4s3pkvw84k2xs92whh2rw993y3xx-libsodium-1.0.22-unstable-2026-04-16' to 'ssh-ng://j_kro@sentry'...
copying path '/nix/store/9gk4sk2xvk6c9jd7v1m2bmypihbhda9x-openldap-2.6.13' to 'ssh-ng://j_kro@sentry'...
copying path '/nix/store/gn2hkf03p5fx1s26f703jjiwqyj1lxqf-libksba-1.8.0' to 'ssh-ng://j_kro@sentry'...
copying path '/nix/store/svkfd7cahz1qcc14q32hh0z5kzmc97hc-libassuan-3.0.2' to 'ssh-ng://j_kro@sentry'...
copying path '/nix/store/64hjqgzsrpgnhg4xzv6lsgfcgh5xxniw-gnupg-2.4.9' to 'ssh-ng://j_kro@sentry'...
copying path '/nix/store/wfcsdkljmhi4n20pa4y6lk7hj935mcpp-hostname-debian-3.25' to 'ssh-ng://j_kro@sentry'...
copying path '/nix/store/y7144h4br414rl2fwnfsa5gsvp7z9ka6-hostname-debian-3.25-man' to 'ssh-ng://j_kro@sentry'...
copying path '/nix/store/66p5cawjqd9kz62fiwm848cd8rxzqlxn-hostname-hostname-debian-3.25' to 'ssh-ng://j_kro@sentry'...
copying path '/nix/store/6n33cd4142x9r4hpj8dmsrmb4lknzp0r-boost-1.89.0' to 'ssh-ng://j_kro@sentry'...
copying path '/nix/store/6p6h8kyz7pfz2jlpamh11p0a0q32fy11-jasper-4.2.9-lib' to 'ssh-ng://j_kro@sentry'...
copying path '/nix/store/bvkgyhfkm016xl9b7qqx06ddb2w0qag2-libxxf86vm-1.1.7' to 'ssh-ng://j_kro@sentry'...
copying path '/nix/store/6rmcwzamlmzip4157fmpvzgcacsq3rv6-glfw-3.4' to 'ssh-ng://j_kro@sentry'...
copying path '/nix/store/q8i91kq31wfnas1hgg32l0755yjpsw04-qttools-6.11.1' to 'ssh-ng://j_kro@sentry'...
copying path '/nix/store/qr87dbwnyfrwyvm7l1h0h92j29lipjfw-qtbase-6.11.1-only-plugins-qml' to 'ssh-ng://j_kro@sentry'...
copying path '/nix/store/6rn049b00i5pbgk8d4ggnvbzwa6506np-qt6ct-0.11' to 'ssh-ng://j_kro@sentry'...
copying path '/nix/store/6sxv3pjlx8xb73jbnfgplbdn1qb42i7k-dejavu-fonts-2.37' to 'ssh-ng://j_kro@sentry'...
copying path '/nix/store/6xh8d6h6gz4i8g4vr68ma27h8l8yc9qp-curl-8.21.0-bin' to 'ssh-ng://j_kro@sentry'...
copying path '/nix/store/7acjr52jqb1mwm4a5bxpg4n4snksjv8n-lutris-0.5.22-fhsenv-profile' to 'ssh-ng://j_kro@sentry'...
copying path '/nix/store/7asm9ykvkjg0rpi9sx4l42yrz74p6qvw-libxxf86dga-1.1.7' to 'ssh-ng://j_kro@sentry'...
copying path '/nix/store/7asxv7amn9fdp5jh5j2z6rvkzjb1vgdm-gcc-wrapper-15.3.0-man' to 'ssh-ng://j_kro@sentry'...
copying path '/nix/store/cxch3r7jmqk85kjs2pfiv1xlpsvd4v5k-gzip-1.14' to 'ssh-ng://j_kro@sentry'...
copying path '/nix/store/vs5wxs6zhhrsp7n9dkyaaf6yspzx6x47-ncompress-5.0' to 'ssh-ng://j_kro@sentry'...
copying path '/nix/store/9f50ydn12q2s9kzpkggxpmqd3hq7hwwg-libxpm-3.5.19' to 'ssh-ng://j_kro@sentry'...
copying path '/nix/store/b8a9a4vrzi76w57zns6lyl4lsx201ykb-libxmu-1.3.1' to 'ssh-ng://j_kro@sentry'...
copying path '/nix/store/7bqg6d108a4c9b9n5g8frha6jncajklr-libxaw-1.0.16' to 'ssh-ng://j_kro@sentry'...
copying path '/nix/store/7g0vkscaxnvar3s345bsry27i2y0j1jn-libao-1.2.2-man' to 'ssh-ng://j_kro@sentry'...
copying path '/nix/store/7n5hlmx8jrqhz6knsksczqq2x05k4llh-libexif-0.6.26' to 'ssh-ng://j_kro@sentry'...
copying path '/nix/store/zfdcd5d12qab62z9i2r3i4sg4qs695nj-net-snmp-5.9.5.2' to 'ssh-ng://j_kro@sentry'...
copying path '/nix/store/7v6dxm2b3cl34cmh13hcnnn3sc9siwqz-net-snmp-5.9.5.2-lib' to 'ssh-ng://j_kro@sentry'...
copying path '/nix/store/7y24haz1mckl4qqsnb822zl3h671344b-ffmpeg-6.1.6-man' to 'ssh-ng://j_kro@sentry'...
copying path '/nix/store/81fa7fizrnip4yzw35rmzq0426rbhn5q-net-snmp-5.9.5.2' to 'ssh-ng://j_kro@sentry'...
copying path '/nix/store/82hm9bk2afmmns98qcp21jz2q3a3ja5c-delta-0.19.2' to 'ssh-ng://j_kro@sentry'...
copying path '/nix/store/846bifavy25vprkf4wc8z1dd4957lv9r-libgnome-keyring-3.12.0' to 'ssh-ng://j_kro@sentry'...
copying path '/nix/store/84kgpnfbcxfl74bxhhypd1pm5bhqil8r-libaio-0.3.113' to 'ssh-ng://j_kro@sentry'...
copying path '/nix/store/8hfb52zshrsx75b4jaw88d5fa85m4wmp-steam-1.0.0.87-init' to 'ssh-ng://j_kro@sentry'...
copying path '/nix/store/893a6nspvsk1bw9380y7f4zgbh7snf9g-steam-1.0.0.87-bwrap' to 'ssh-ng://j_kro@sentry'...
copying path '/nix/store/yn167m50y4bjhasxmmwza9w9z2y82w9x-db-5.3.28' to 'ssh-ng://j_kro@sentry'...
copying path '/nix/store/8c1l9rkx59rl998pxljg3akgg4ps1hyf-cyrus-sasl-2.1.28' to 'ssh-ng://j_kro@sentry'...
copying path '/nix/store/8ixwrq40jsr5gn541y9zhx91cp35lz7a-sane-backends-1.4.0-man' to 'ssh-ng://j_kro@sentry'...
copying path '/nix/store/8ndpmdp1hx53fbbwd3isbajxzjlmxv0i-index.theme' to 'ssh-ng://j_kro@sentry'...
copying path '/nix/store/k6gqdxhds7r8yrfpbxkslbvqjj6ilhzv-leptonica-1.87.0' to 'ssh-ng://j_kro@sentry'...
copying path '/nix/store/8q5qqa954mpfds4557jp824kzxyvc9cd-tesseract-5.5.2' to 'ssh-ng://j_kro@sentry'...
copying path '/nix/store/8qplx5v5ih76rhf3s9k85wb2hbm1jyzb-du-dust-1.2.4' to 'ssh-ng://j_kro@sentry'...
copying path '/nix/store/8yc7ksdm1qmg1fi0cs9dplbsydq8hx0h-sdl12-compat-1.2.76' to 'ssh-ng://j_kro@sentry'...
copying path '/nix/store/8zf3ii2914zn5p87p34xvwkwpg9pi26v-perl5.42.0-HTML-TagCloud-0.38' to 'ssh-ng://j_kro@sentry'...
copying path '/nix/store/92wcs5i32gw2sfpjgb2l8rcrrrl3rvbx-glu-9.0.3' to 'ssh-ng://j_kro@sentry'...
copying path '/nix/store/93rp80kc1pj1dpq9nv4gfmy4l5wpcjyw-libpaper-2.2.8' to 'ssh-ng://j_kro@sentry'...
copying path '/nix/store/hzwykhg5q00ckznfylp2ki755b15xvc2-twolame-2017-09-27' to 'ssh-ng://j_kro@sentry'...
copying path '/nix/store/kgq374j7hh14khvlqa3gh6d5fd2hvznp-libshout-2.4.6' to 'ssh-ng://j_kro@sentry'...
copying path '/nix/store/r949y43f01a310grhylirzk27lagg1da-aalib-1.4rc5' to 'ssh-ng://j_kro@sentry'...
copying path '/nix/store/sml43cmnzzxxw9jl99a40dqlyridyjll-taglib-2.2.1' to 'ssh-ng://j_kro@sentry'...
copying path '/nix/store/vmynpl49523zxab5ycg2d8c1xw1239ms-opencore-amr-0.1.6' to 'ssh-ng://j_kro@sentry'...
copying path '/nix/store/wpzv0llyc3d6q48c1dydraz7kpmgis1m-libcaca-0.99.beta20' to 'ssh-ng://j_kro@sentry'...
copying path '/nix/store/94llxmf8v6qfdzzysmpln1rvj32k2z87-gst-plugins-good-1.28.4' to 'ssh-ng://j_kro@sentry'...
copying path '/nix/store/bzkw45caalmf3q23himpphbx7q67hqj6-libyuv-1908' to 'ssh-ng://j_kro@sentry'...
copying path '/nix/store/c5jlrbww2ggrfxiz5jqa0ss7rs5pby66-libavif-1.4.2' to 'ssh-ng://j_kro@sentry'...
copying path '/nix/store/l9spajgjm1kjwsn740djicqznfx09prw-gd-2.3.3' to 'ssh-ng://j_kro@sentry'...
copying path '/nix/store/968bs3x8kglyj59sjn4bglq0cmfwxjbn-libgphoto2-2.5.34' to 'ssh-ng://j_kro@sentry'...
copying path '/nix/store/9bgnz6r8fb7kk09dzz94wf13lkz2rbbq-jq-1.8.2-man' to 'ssh-ng://j_kro@sentry'...
copying path '/nix/store/9jyx6hrsjdcjx1gxmipj45bij5vzvq19-gh-2.96.0' to 'ssh-ng://j_kro@sentry'...
copying path '/nix/store/9xbj4h7i7pbd94dawhp1vn02lna5zwgm-toggle-enabled' to 'ssh-ng://j_kro@sentry'...
copying path '/nix/store/9xhb5nzm65394pzj29vgcxx1grk6742p-openldap-2.6.13-man' to 'ssh-ng://j_kro@sentry'...
copying path '/nix/store/a0qmzmq3z55npjfchmx19iw2x00l5x4z-wl-clipboard-2.3.0' to 'ssh-ng://j_kro@sentry'...
copying path '/nix/store/qjj6hpvs93wxxjx710c6gqvaqxga1jp0-poppler-data-0.4.12' to 'ssh-ng://j_kro@sentry'...
copying path '/nix/store/cfri1l47b8qa81fm8rlnb52zbmr02kx4-poppler-glib-26.06.0' to 'ssh-ng://j_kro@sentry'...
copying path '/nix/store/w67wq3hc0sl6ibif4r5dhfvw4bfx344h-libieee1284-0.2.11' to 'ssh-ng://j_kro@sentry'...
copying path '/nix/store/f91s3lg7mhqig8fj7hby2hrwysxhlm9q-libexif-0.6.26' to 'ssh-ng://j_kro@sentry'...
copying path '/nix/store/qkwyl6p59j29nm0n83k8k7hbsva3iryb-gd-2.3.3' to 'ssh-ng://j_kro@sentry'...
copying path '/nix/store/zxba5z5fmpxxk8a6imsprq86imcb44r8-libgphoto2-2.5.34' to 'ssh-ng://j_kro@sentry'...
copying path '/nix/store/zxji9i3f15fm9x2xr2wfvxbhm1bhmkx0-net-snmp-5.9.5.2-lib' to 'ssh-ng://j_kro@sentry'...
copying path '/nix/store/a20ifls2rylrva98i3khd9nfg8faxkc8-sane-backends-1.4.0' to 'ssh-ng://j_kro@sentry'...
copying path '/nix/store/aa8g40y96q5qicf7v79bm7rb3vdj4qhw-libselinux-3.10-man' to 'ssh-ng://j_kro@sentry'...
copying path '/nix/store/bng63c63kwlaxym4dn70h2fw4akx26x4-libmd-1.2.0' to 'ssh-ng://j_kro@sentry'...
copying path '/nix/store/agwxg8vzz3kfb0xsv5z2qm7xdz448h3i-libbsd-0.12.2' to 'ssh-ng://j_kro@sentry'...
copying path '/nix/store/ai3afb650mpb9r5byb8s28dvxcsi0krj-dbus-1.16.2' to 'ssh-ng://j_kro@sentry'...
copying path '/nix/store/aid88nvnfyi0a2407if5fs2a20aya9f1-libaio-0.3.113' to 'ssh-ng://j_kro@sentry'...
copying path '/nix/store/am74xxk388kj43a89nigb4xpb7wx5pbc-libXNVCtrl-595.84' to 'ssh-ng://j_kro@sentry'...
copying path '/nix/store/angnav2ac1kx0m3nqf5xgqz20h1klr2a-wavpack-5.9.0-man' to 'ssh-ng://j_kro@sentry'...
copying path '/nix/store/angp413gqw98hnh2x3pnjmsbv33dhph1-perl5.42.0-libnet-3.15' to 'ssh-ng://j_kro@sentry'...
copying path '/nix/store/m6qxk1vl4fvi6v99k6fwp9szq2jyxx5v-ripgrep-15.2.0' to 'ssh-ng://j_kro@sentry'...
copying path '/nix/store/ansacdzlvb7sz3pm4kkmyfvh4k4lxkwl-opencode-1.18.9' to 'ssh-ng://j_kro@sentry'...
copying path '/nix/store/swk5m4v9l92j74i780316gk376ih6x9r-bc-1.08.2' to 'ssh-ng://j_kro@sentry'...
copying path '/nix/store/l9zh8ni6x1byxjrcvsf22n1aln6ldwhq-fzf-0.74.1' to 'ssh-ng://j_kro@sentry'...
copying path '/nix/store/asgi951859idcd59ws1kq2bd8w719q05-zoxide-0.10.0' to 'ssh-ng://j_kro@sentry'...
copying path '/nix/store/bzb9gd8dhnfi15v9zm468y9dphp488i7-karchive-6.28.0' to 'ssh-ng://j_kro@sentry'...
copying path '/nix/store/ih6lag5c0iac6q60v67z1gg633gj98jy-crc32c-1.1.2' to 'ssh-ng://j_kro@sentry'...
copying path '/nix/store/jrn0kyz1dhxbgm55gy580criiw2g40yy-geoclue-2.7.2' to 'ssh-ng://j_kro@sentry'...
copying path '/nix/store/ky9r7fl8x5hm3klvs2sgg8akn2i4pbvl-kcoreaddons-6.28.0' to 'ssh-ng://j_kro@sentry'...
copying path '/nix/store/niwsincr90p9y3amm8q2v4l206842693-minizip-ng-compat-4.2.2' to 'ssh-ng://j_kro@sentry'...
copying path '/nix/store/pxwpd93max1h35nb3fs389ksvrsyi5jm-qtimageformats-6.11.1' to 'ssh-ng://j_kro@sentry'...
copying path '/nix/store/xs7ji8iisnzxdl6mpf28nwal50fr6rj5-rnnoise-0.2' to 'ssh-ng://j_kro@sentry'...
copying path '/nix/store/ylm4x32202y4srn8h3z073wb3y92b14j-xxhash-0.8.3' to 'ssh-ng://j_kro@sentry'...
copying path '/nix/store/yyrj8x1smzang7ibkq8qll3czwdbvbm9-cmark-gfm-0.29.0.gfm.13' to 'ssh-ng://j_kro@sentry'...
copying path '/nix/store/z6c7a10qbrcwbjkp5i11vwd6lzwamhjm-kimageformats-6.28.0' to 'ssh-ng://j_kro@sentry'...
copying path '/nix/store/avlwr5yx1wvj00hnzfy8qczn7drmlcaw-telegram-desktop-7.0.2' to 'ssh-ng://j_kro@sentry'...
copying path '/nix/store/avncfvcb37swybh4q8vw1kj2i3sh7s9k-tesseract-5.5.2' to 'ssh-ng://j_kro@sentry'...
copying path '/nix/store/awpj2h4wiby7rsbvn2pz4g6wr94nkjjk-libzip-1.11.4' to 'ssh-ng://j_kro@sentry'...
copying path '/nix/store/hmz4l26ji9z6raxnqbdbn6r0gwyg6bh2-dmenu-5.4' to 'ssh-ng://j_kro@sentry'...
copying path '/nix/store/bj74xzhj0y877kcwy9wc08mjn4anqzx0-python3.14-pydbus-0.6.0' to 'ssh-ng://j_kro@sentry'...
copying path '/nix/store/svdqgvkjqimbry7jkc2zwvq87xn66x0f-python3-3.14.6-env' to 'ssh-ng://j_kro@sentry'...
copying path '/nix/store/axgjhc1v395qy1d246b4f6xsd4fis3gw-uwsm-0.26.6' to 'ssh-ng://j_kro@sentry'...
copying path '/nix/store/b6dhmy4jvdcxwp7s1ffksgf90knj32h0-gnugrep-3.12' to 'ssh-ng://j_kro@sentry'...
copying path '/nix/store/b9m2lr6y7zsikdpnjhbbs40javjsb8n2-git-lfs-3.7.1' to 'ssh-ng://j_kro@sentry'...
copying path '/nix/store/b9yx1bx9i7s2rnx03lxd2skcax07zhhz-freebuff-desktop-0.0.42' to 'ssh-ng://j_kro@sentry'...
copying path '/nix/store/bah04ajsjb0w293cnci5ilf3663imklc-shared-mime-info-2.4' to 'ssh-ng://j_kro@sentry'...
copying path '/nix/store/bfbxxd62z90a2s8kjrnvbhag7rsmxbvw-perl5.42.0-FCGI-ProcManager-0.28' to 'ssh-ng://j_kro@sentry'...
copying path '/nix/store/bw8sz07c9pqldrpkak2bz2l9plxg696y-hicolor-icon-theme-0.18-dev' to 'ssh-ng://j_kro@sentry'...
copying path '/nix/store/qvrc5v11mj29xyviy7qh4cz3nc81hgp2-breeze-icons-6.28.0' to 'ssh-ng://j_kro@sentry'...
copying path '/nix/store/dkr48dmkxi9fvbh0aanc4csbwjal3gzy-extra-cmake-modules-6.28.0' to 'ssh-ng://j_kro@sentry'...
copying path '/nix/store/rfh18dfih3hfb45kp6wid2fisb2id44q-qtsvg-6.11.1-dev' to 'ssh-ng://j_kro@sentry'...
copying path '/nix/store/xya1709xqr8h9hxqmwbcv33ysg51ybk5-breeze-icons-6.28.0-dev' to 'ssh-ng://j_kro@sentry'...
copying path '/nix/store/bj9n0v0rf9agnx2lg4m3wak6xkha11pg-papirus-icon-theme-20250501' to 'ssh-ng://j_kro@sentry'...
copying path '/nix/store/bkc3sy7rn37ra5yq9x3whl12vipq7hc1-re2-2025-11-05' to 'ssh-ng://j_kro@sentry'...
copying path '/nix/store/bnxnlrlimzsnnlxvz6akh9w98rsc885r-perl5.42.0-File-DesktopEntry-0.22' to 'ssh-ng://j_kro@sentry'...
copying path '/nix/store/c0xw9xpyf6212rlvb4kzl2j0w6srwggi-screenrecord' to 'ssh-ng://j_kro@sentry'...
copying path '/nix/store/c253pxvmzn71hl3k1rv11k3dd73vxfbr-fuse-2.9.9-bin' to 'ssh-ng://j_kro@sentry'...
copying path '/nix/store/c30mrmafcmhx895sg2qw4n7d1mwlbs2p-qtquickcontrols-5.15.19' to 'ssh-ng://j_kro@sentry'...
copying path '/nix/store/c3k85ym938bxlw4q69jib9rl0qym7ihg-zlib-ng-2.3.3' to 'ssh-ng://j_kro@sentry'...
copying path '/nix/store/c4z5icxg2gww200yvp6iv9q1bixda27v-allegro-4.4.3.1' to 'ssh-ng://j_kro@sentry'...
copying path '/nix/store/c5l8a4p5yjl2kxl8x98a2zra3s3yqb05-dummy-xdg-mime-dirs1' to 'ssh-ng://j_kro@sentry'...
copying path '/nix/store/cds34vgv1ijrzgjrm9nhli93swwl695i-btop-1.4.7' to 'ssh-ng://j_kro@sentry'...
copying path '/nix/store/k1nrfc0fcij5r9qsv50n5a753yhqzr0b-pkgconf-2.5.1-lib' to 'ssh-ng://j_kro@sentry'...
copying path '/nix/store/y0h9vybb4225a5164hhp1hlgi0ra965c-pkgconf-2.5.1' to 'ssh-ng://j_kro@sentry'...
copying path '/nix/store/cfqbcg3a5c09jc63397r6m4aqgix3vki-pkgconf-wrapper-2.5.1' to 'ssh-ng://j_kro@sentry'...
copying path '/nix/store/cgiigg6yv3gj614kh4avnvifd4kpblw4-talloc-2.4.4' to 'ssh-ng://j_kro@sentry'...
copying path '/nix/store/cj81vhqvf6gyqkw3s7hbgspkrflxic1d-tomlplusplus-3.4.0' to 'ssh-ng://j_kro@sentry'...
copying path '/nix/store/cr56p46h3n380l55bm0bb6vn2g56r7i0-ffmpeg-7.1.5-data' to 'ssh-ng://j_kro@sentry'...
copying path '/nix/store/di2rh66q9iyjqps9iq861qwmh42552mf-fzf-0.74.1-man' to 'ssh-ng://j_kro@sentry'...
copying path '/nix/store/fv16w8pm8mv6z16r8anmfqa6k5bz1659-perl5.42.0-Digest-HMAC-1.05' to 'ssh-ng://j_kro@sentry'...
copying path '/nix/store/gs2zr9k6y6y9h111gdqwyhhjph691k75-perl5.42.0-Crypt-URandom-0.55' to 'ssh-ng://j_kro@sentry'...
copying path '/nix/store/dibbirm82v8zj5kkjjd7bjhpz265nvyy-perl5.42.0-Authen-SASL-2.1900' to 'ssh-ng://j_kro@sentry'...
copying path '/nix/store/djf4lsklwxkz1h6sb6m6x3gdly49hp6y-bison-3.8.2' to 'ssh-ng://j_kro@sentry'...
copying path '/nix/store/djlicjfz87dqi907gsxnkhgpmz78gwpl-stylix-kde-theme' to 'ssh-ng://j_kro@sentry'...
copying path '/nix/store/qpj2dnd5qkqgjk8yhd4vwvdwaijw4yhk-fmt-12.1.0' to 'ssh-ng://j_kro@sentry'...
copying path '/nix/store/dm0gqanpyc0mn64wbnchxr79w3gvsa9z-spdlog-1.17.0' to 'ssh-ng://j_kro@sentry'...
copying path '/nix/store/dmbzk7axy189j6z7v90z70x8gr0fvn2c-fastfetch-unwrapped-2.66.0-man' to 'ssh-ng://j_kro@sentry'...
copying path '/nix/store/dmzf6bg1rspz8prlhqsiig9bq2fk94vb-lua-5.2.4' to 'ssh-ng://j_kro@sentry'...
copying path '/nix/store/dnrbrx06nrgl6ksi37fw5kk14qk6bqs0-fastfetch-2.66.0-man' to 'ssh-ng://j_kro@sentry'...
copying path '/nix/store/dr9mfbhis3hr5a73chksnmkd7j8hs8in-dash-0.5.13.4' to 'ssh-ng://j_kro@sentry'...
copying path '/nix/store/dvc7n567f1xpxgp1m5spn2wb9m29659n-fuse-2.9.9' to 'ssh-ng://j_kro@sentry'...
copying path '/nix/store/gpym4a0vxj84kl0ixf3m6b614ykpj32n-freebuff-desktop-wrapper-0.0.42' to 'ssh-ng://j_kro@sentry'...
copying path '/nix/store/f2srqgsryqk4milc30dknryhg4np4lhq-freebuff-desktop.desktop' to 'ssh-ng://j_kro@sentry'...
copying path '/nix/store/kxk42mz88jqiqz96pazfm49bjkd1a44x-gcc-16.1.0-libgcc' to 'ssh-ng://j_kro@sentry'...
copying path '/nix/store/hq3s4kz2lr82ar1a8vicbvga13hrcqbx-gcc-16.1.0-lib' to 'ssh-ng://j_kro@sentry'...
copying path '/nix/store/ksxbisg367mxj09qlaz2dps4zh22qnzn-hyprutils-0.14.0' to 'ssh-ng://j_kro@sentry'...
copying path '/nix/store/rbp2xak6nysr2d4z647ahgxl4ygdzpvk-hyprlang-0.6.8' to 'ssh-ng://j_kro@sentry'...
copying path '/nix/store/f3n4nx9zk7xpg5281i3ix5vjfyx017ij-hyprland-qt-support-0.1.0' to 'ssh-ng://j_kro@sentry'...
copying path '/nix/store/f4h4705q8gdd2vi12wp4qm9zqcrajpwl-libcdio-2.3.0-man' to 'ssh-ng://j_kro@sentry'...
copying path '/nix/store/f836vvi3043krn4yf5ln13hv92ijhfys-libpcap-1.10.6' to 'ssh-ng://j_kro@sentry'...
copying path '/nix/store/fd0c2jch2pql7szsswn96hc3ni9ymdya-tmux-3.7b-man' to 'ssh-ng://j_kro@sentry'...
copying path '/nix/store/ffcj8q5n0c2sivhhran6h86c2v5d4776-perl5.42.0-Net-DBus-1.2.0' to 'ssh-ng://j_kro@sentry'...
copying path '/nix/store/fngcx9p9galsfy0wfp2jgqqws8cp8kli-lcms2-2.19.1-bin' to 'ssh-ng://j_kro@sentry'...
copying path '/nix/store/fvlk3bhi6gbak2cfywzr50dqa94jcwh0-miniupnpc-2.3.3' to 'ssh-ng://j_kro@sentry'...
copying path '/nix/store/gc5ckk2bdf2zm2z9d2rvhncd48nn3m45-libieee1284-0.2.11' to 'ssh-ng://j_kro@sentry'...
copying path '/nix/store/gd74zw27vxfr3x18n3r8biahny1kd54q-hyprgraphics-0.5.1' to 'ssh-ng://j_kro@sentry'...
copying path '/nix/store/gmd1r7fynysvxsbmsk9iyxw82bq25f6z-SDL_net-1.2.8-unstable-2026-05-27' to 'ssh-ng://j_kro@sentry'...
copying path '/nix/store/gs8r3p1d6fpcl6fsd5cahy72nqvybh4y-libxaw-1.0.16' to 'ssh-ng://j_kro@sentry'...
copying path '/nix/store/gv0918zdm4kvschkjzk4r6ws9mdy2br3-qtwayland-5.15.19-bin' to 'ssh-ng://j_kro@sentry'...
copying path '/nix/store/gz8cz2cjsc7y18svpvblyriy0hl096vh-firefox-policies.json' to 'ssh-ng://j_kro@sentry'...
copying path '/nix/store/l14jhd9kx3b6q3njsrz75pn6wvlkl65y-zen-twilight-bin-unwrapped-1.22t' to 'ssh-ng://j_kro@sentry'...
copying path '/nix/store/riwia22zbmy1j83y84alw78x4qhcf60x-libcanberra-0.30' to 'ssh-ng://j_kro@sentry'...
copying path '/nix/store/wqvfp2s8jvh7x6izy5ca64q237ms3jf3-ffmpeg-7.1.5-lib' to 'ssh-ng://j_kro@sentry'...
copying path '/nix/store/z61kj35ji7ryjz46jf8g2wpaj28p23r8-adwaita-icon-theme-50.0' to 'ssh-ng://j_kro@sentry'...
copying path '/nix/store/h5wwb3cb38rqic7hqrsvq1iinksz1dg1-zen-twilight-1.22t' to 'ssh-ng://j_kro@sentry'...
copying path '/nix/store/hdwbfsx84vxnki85xdzl9qj26b96y6b1-sane-backends-1.4.0' to 'ssh-ng://j_kro@sentry'...
copying path '/nix/store/hhjay3rm5b1b36vz5yc0niy1sv5z5k29-liburing-2.14' to 'ssh-ng://j_kro@sentry'...
copying path '/nix/store/hlg21his5gxp3j3mvwz2by6n2wp11kin-pcre-8.45' to 'ssh-ng://j_kro@sentry'...
copying path '/nix/store/hp7p3f4zz0kcc5h9p0r97snqlcsgmz7n-libevdev-1.13.6' to 'ssh-ng://j_kro@sentry'...
copying path '/nix/store/hydmdka8b25sw9lrk373qz87ab0aq40i-lua-5.5.0' to 'ssh-ng://j_kro@sentry'...
copying path '/nix/store/i50ahvi9icmpq6pn5d8jlc0hq20lsmbs-libcdio-2.3.0' to 'ssh-ng://j_kro@sentry'...
copying path '/nix/store/q1hc5bx1f02blk957andz02jzm8rqw40-perl5.42.0-Net-SSLeay-1.92' to 'ssh-ng://j_kro@sentry'...
copying path '/nix/store/i7vpzhki045rj4qgpnx3nsgjar0dfy1h-perl5.42.0-IO-Socket-SSL-2.083' to 'ssh-ng://j_kro@sentry'...
copying path '/nix/store/i9zb0fsdd2vxk4lap0q2apimqbl5a9d8-libpng-apng-1.6.58-man' to 'ssh-ng://j_kro@sentry'...
copying path '/nix/store/iajqdw745g9p9nzk1gzppkxj35477grb-eza-0.23.5' to 'ssh-ng://j_kro@sentry'...
copying path '/nix/store/idxbqx0ahwdb12vq530x030q8xqfgyir-jemalloc-5.3.1' to 'ssh-ng://j_kro@sentry'...
copying path '/nix/store/igfrv37vklm8vfcpfbs124hdwigj3ykm-utf8proc-2.11.3' to 'ssh-ng://j_kro@sentry'...
copying path '/nix/store/irfjp7bfqaqimzxihnbpvng8i6nhmc97-noto-fonts-color-emoji-2.051' to 'ssh-ng://j_kro@sentry'...
copying path '/nix/store/n57zf5lf16nqsinx184gsa38kyp5a56k-tevent-0.17.1' to 'ssh-ng://j_kro@sentry'...
copying path '/nix/store/w591p95z872bc5dj9n0m1x5y0c3f7z46-python3.14-markdown-3.10.2' to 'ssh-ng://j_kro@sentry'...
copying path '/nix/store/yabmq8whddcalb95cwm47kx9hxk4zvxm-tdb-1.4.15' to 'ssh-ng://j_kro@sentry'...
copying path '/nix/store/iy1249790rx9i0l9zqsfzb3kyaw7jc8r-samba-4.23.8' to 'ssh-ng://j_kro@sentry'...
copying path '/nix/store/j2aqfplc64b1dh4j5i9mf78qkjxwiis5-libdisplay-info-0.4.0' to 'ssh-ng://j_kro@sentry'...
running auto-GC to free 102032699392 bytes
finding garbage collector roots...
copying path '/nix/store/vkdfa1fiqk9kn2c37hg7pph636cml7n1-glew-2.3.1' to 'ssh-ng://j_kro@sentry'...
copying path '/nix/store/j2k11kpcbgy04yqg755j2nsjdjk5c39v-glew-2.3.1-bin' to 'ssh-ng://j_kro@sentry'...
copying path '/nix/store/jfrb4f9xskgx3ghwgf3xh81hm1n2ph1h-gnutls-3.8.13-bin' to 'ssh-ng://j_kro@sentry'...
deleting garbage...
deleting unused links...
note: currently hard linking saves 755.00 MiB
copying path '/nix/store/jq42pi89nirdcrrznbfx653m22qxqjr3-procps-4.0.6' to 'ssh-ng://j_kro@sentry'...
copying path '/nix/store/ppzvhdpfzqbmg95n04dbm9ppnyj2xrz6-which-2.25' to 'ssh-ng://j_kro@sentry'...
copying path '/nix/store/shyj49sj6h8ljks66qavm1plxwxnnbhp-perl5.42.0-File-MimeInfo-0.33' to 'ssh-ng://j_kro@sentry'...
copying path '/nix/store/y649wrwk0jrj5zajdjgv1avb1ly5dmv3-perl5.42.0-X11-Protocol-0.56' to 'ssh-ng://j_kro@sentry'...
copying path '/nix/store/yjjaspi2ws5phnpfypi4djvzvsfrxbjg-glib-2.88.1-bin' to 'ssh-ng://j_kro@sentry'...
copying path '/nix/store/w0f0lnf1kj882s4kwjq0r3c9gv4v6zc2-oniguruma-6.9.10-lib' to 'ssh-ng://j_kro@sentry'...
copying path '/nix/store/x30xqnf3inrkscvfhwsbdi3gmfjr7pjk-jq-1.8.2' to 'ssh-ng://j_kro@sentry'...
copying path '/nix/store/zsciv7f4mz8v4wh5xdmcm62hlz7ai85h-jq-1.8.2-bin' to 'ssh-ng://j_kro@sentry'...
copying path '/nix/store/qbziprqs5xp9zsrdaar439lr7rmrzqxl-xdg-utils-1.2.1' to 'ssh-ng://j_kro@sentry'...
copying path '/nix/store/jl8cxkybvm58q899lca3jhiris90cbkp-mangohud-0.8.4' to 'ssh-ng://j_kro@sentry'...
copying path '/nix/store/jmfpx5q5fga28s1mzglgq37iyr8kh2j1-fluidsynth-2.5.5-man' to 'ssh-ng://j_kro@sentry'...
copying path '/nix/store/jsmb5za5678wkyf6w3f9vvixw0n5psms-hyprland-qtutils-0.1.5' to 'ssh-ng://j_kro@sentry'...
copying path '/nix/store/jw3dvf76c2rd7hdvcqv2kzqyn58s3a6i-agg-2.5' to 'ssh-ng://j_kro@sentry'...
copying path '/nix/store/jwl7fcx33gyfmkwcdmwc6cn5wbmynhcr-hyprcursor-0.1.13-lib' to 'ssh-ng://j_kro@sentry'...
copying path '/nix/store/k3r8yf4k9n9aij3a0yk1sddg4ylv0a91-fd-10.4.2' to 'ssh-ng://j_kro@sentry'...
copying path '/nix/store/kbddl0iwydskifb753jn5zhzayazzfwm-git-2.55.0-doc' to 'ssh-ng://j_kro@sentry'...
copying path '/nix/store/kbxqladh12fbkbf0m2gdxwvrkcn0wfdr-lazygit-0.63.1' to 'ssh-ng://j_kro@sentry'...
copying path '/nix/store/kcjl04b8a9icq01fdgyvmba5pdk3nnxh-util-linux-2.42.2-man' to 'ssh-ng://j_kro@sentry'...
copying path '/nix/store/lc3aijs777az2rljjavhgapj4fk0mc3g-libsndfile-1.2.2-bin' to 'ssh-ng://j_kro@sentry'...
copying path '/nix/store/lrqrg1wa7hl1409bpxfk934vpcg5dpnx-curl-8.21.0-man' to 'ssh-ng://j_kro@sentry'...
copying path '/nix/store/lwn0c3hdv4vgsjfaa7qmilzxk7cxfwmm-p7zip-17.06-man' to 'ssh-ng://j_kro@sentry'...
copying path '/nix/store/m3r3rxhja6rlnjgypg2h11aak7aia73q-samba-4.23.8-man' to 'ssh-ng://j_kro@sentry'...
copying path '/nix/store/m78r7c1qb0a5w32rkixr0znq997q32ym-toggle' to 'ssh-ng://j_kro@sentry'...
copying path '/nix/store/mgdhbk3bbm5z3dmw9fq3jx2glwj8c9c7-a52dec-0.8.0' to 'ssh-ng://j_kro@sentry'...
copying path '/nix/store/mggzv25n9smy9gaph8lkxakifmyd92y9-gtk+-2.24.33' to 'ssh-ng://j_kro@sentry'...
copying path '/nix/store/mmn1npzqpdpjji99vfx8pq8ll8wd3ml1-steam-1.0.0.87' to 'ssh-ng://j_kro@sentry'...
copying path '/nix/store/mwxc80rwhya2dyc8bn9v1n81kiiyqwpf-libzip-1.11.4-man' to 'ssh-ng://j_kro@sentry'...
copying path '/nix/store/n3gsfzrnah3667mqf8n7fyl9hx3dmqlv-opencl-headers-2026.05.29' to 'ssh-ng://j_kro@sentry'...
copying path '/nix/store/n5pd3f6p8gi0jl2dddq6pjhn2daa0ry8-adw-gtk3-6.5' to 'ssh-ng://j_kro@sentry'...
copying path '/nix/store/srpb3hblarmk1kkshd9dy3nb2iw3z6gq-grim-1.5.0' to 'ssh-ng://j_kro@sentry'...
copying path '/nix/store/vbmbsqac1h44cz0w224lhg10z29apv1h-slurp-1.5.0' to 'ssh-ng://j_kro@sentry'...
copying path '/nix/store/n8kmajs9w600ffb4fsc7x0322w922i5d-ocr-extract' to 'ssh-ng://j_kro@sentry'...
copying path '/nix/store/nrrwag5krsr7iz4svg93z05hffk5sj1c-portaudio-190700_20210406' to 'ssh-ng://j_kro@sentry'...
copying path '/nix/store/nrw1c0ksdvlr4mkdyivilsd1n4gh4vnz-keyutils-1.6.3' to 'ssh-ng://j_kro@sentry'...
copying path '/nix/store/ny51s9fgahkzyzvwyp1vwdhrph0xj1qh-pcre-8.45-man' to 'ssh-ng://j_kro@sentry'...
copying path '/nix/store/rx6b8csv63vmi830m02shrzkiw9qwcvx-libsodium-1.0.22-unstable-2026-04-16' to 'ssh-ng://j_kro@sentry'...
copying path '/nix/store/pdl7qdlvq687m684rw8d189gh3qw8kp5-openldap-2.6.13' to 'ssh-ng://j_kro@sentry'...
copying path '/nix/store/pp0lw7gqjkhk87w1icd4ysg3c4ihqs3c-unzip-6.0' to 'ssh-ng://j_kro@sentry'...
copying path '/nix/store/q80piv6amx4ikndjg7rpgw6zrdkgqji8-libbsd-0.12.2-man' to 'ssh-ng://j_kro@sentry'...
copying path '/nix/store/qh2f6yq6k0jlr4x6d4rfry51pc6gddxi-libmpeg2-0.5.1' to 'ssh-ng://j_kro@sentry'...
copying path '/nix/store/qhd7yknv2g7q6zynw5v5d2a2ljf1jjpr-gst-plugins-ugly-1.28.4' to 'ssh-ng://j_kro@sentry'...
copying path '/nix/store/qzdmwmbraym53di318jl2qagvvlkhgva-zip-3.0' to 'ssh-ng://j_kro@sentry'...
copying path '/nix/store/r08x9zkl1ldizqcaidifqzc9gy6bcfbk-SDL_sound-1.0.3' to 'ssh-ng://j_kro@sentry'...
copying path '/nix/store/rahw09myba5xb0pnfg1j5sp5wbzcj1cr-unixodbc-2.3.14' to 'ssh-ng://j_kro@sentry'...
copying path '/nix/store/sfknry2rj1wqxd9jclnximlgdbkpdadw-pcre-8.45-bin' to 'ssh-ng://j_kro@sentry'...
copying path '/nix/store/svkxvydhm5gn2121ix39qsx5hqy1v4q3-cups-2.4.19' to 'ssh-ng://j_kro@sentry'...
copying path '/nix/store/vx01d42g6b252a5lf6i74bjmy1khvjff-gtksourceview-3.24.11' to 'ssh-ng://j_kro@sentry'...
copying path '/nix/store/w4rp1562cmis4h0g6ypyj7f67shqa5s9-nasm-3.02' to 'ssh-ng://j_kro@sentry'...
copying path '/nix/store/w9xvwg3whh9i6rzka7rgk91i2sqivf1d-libpthread-stubs-0.5' to 'ssh-ng://j_kro@sentry'...
copying path '/nix/store/wdrxh379j0kakvxc0j0n2pirxncmdfh9-snappy-1.2.2' to 'ssh-ng://j_kro@sentry'...
copying path '/nix/store/wmza0wv5qvr5xkc0c7r3maqcjz3c2jmx-qtbase-5.15.19-bin' to 'ssh-ng://j_kro@sentry'...
copying path '/nix/store/y8dii2bpn79psd1yygbfhqvwvihnj1wz-flex-2.6.4' to 'ssh-ng://j_kro@sentry'...
copying path '/nix/store/yhk1h75nj0grx29lclpkcw606v6x1dhr-readline-8.3p3-man' to 'ssh-ng://j_kro@sentry'...
copying path '/nix/store/yvmyrp5zg0pk7n3lhk5w7lv8449339yf-gtk+-2.24.33' to 'ssh-ng://j_kro@sentry'...
copying path '/nix/store/z71d68967g67zvmwpxbd6iyiw26qi00s-gst-libav-1.28.4' to 'ssh-ng://j_kro@sentry'...
copying path '/nix/store/zarzxxbrwfl5rh579sbn8sw4xwr2lm9s-Fluid-3' to 'ssh-ng://j_kro@sentry'...
copying path '/nix/store/zh03ab5jynlnrrc7k7iwsrw43fmqxfm6-keyutils-1.6.3-man' to 'ssh-ng://j_kro@sentry'...
copying path '/nix/store/zs223sssm3dl280f095df9y303f8mcrr-zziplib-0.13.80' to 'ssh-ng://j_kro@sentry'...
running auto-GC to free 102318329856 bytes
finding garbage collector roots...
copying path '/nix/store/na4bi74zdhj6dyc0cixgawrsnpka4ax6-lutris-0.5.22-fhsenv-rootfs' to 'ssh-ng://j_kro@sentry'...
deleting garbage...
deleting unused links...
note: currently hard linking saves 792.83 MiB
copying path '/nix/store/nfp9szbrkyn31y0ly16ma7af0f2hanwp-sshpass-1.10' to 'ssh-ng://j_kro@sentry'...
copying path '/nix/store/nwlgyg73z4wccsbf1cc88hhx46hw1xj9-qtdeclarative-5.15.19-bin' to 'ssh-ng://j_kro@sentry'...
copying path '/nix/store/pq3vgy5lfp54q3zyx1ngq65arlqjnnlb-satty-0.21.1' to 'ssh-ng://j_kro@sentry'...
copying path '/nix/store/q76b2n3ijiajzd6l38j7cmjsj36q0lvg-hyprwire-0.3.1' to 'ssh-ng://j_kro@sentry'...
copying path '/nix/store/qg4h4y7v9zwqllbp02sq4fk21s5rhmi1-libei-1.6.0' to 'ssh-ng://j_kro@sentry'...
copying path '/nix/store/srqsfdyw38bp309446iknwc3d47ga02d-libxcb-errors-1.0.1' to 'ssh-ng://j_kro@sentry'...
copying path '/nix/store/vmb6izn6ljblcrbw1hhhfvlm1rp627r2-glslang-16.3.0' to 'ssh-ng://j_kro@sentry'...
copying path '/nix/store/w4bj96wasy2fqcq6v72y0fbff6r8mvs5-aquamarine-0.14.0' to 'ssh-ng://j_kro@sentry'...
copying path '/nix/store/pz612gk98y0w90ji236cc1dv3m8a7niv-hyprland-0.56.1' to 'ssh-ng://j_kro@sentry'...
copying path '/nix/store/qb51l9gfln2sqj0xa0qsh9zk1m6k152i-perl5.42.0-Net-SMTP-SSL-1.04' to 'ssh-ng://j_kro@sentry'...
copying path '/nix/store/vclqn522vs8dlvwf7jb4bcib9w8qcmpf-qtstyleplugin-kvantum-1.1.8' to 'ssh-ng://j_kro@sentry'...
copying path '/nix/store/ql6dapjy6gy4ya4sv24cy8zgzh20axdc-qtstyleplugin-kvantum5-1.1.8' to 'ssh-ng://j_kro@sentry'...
copying path '/nix/store/ra6cz0mafwjf00a0kjx4yp5acdf3am2z-screenshot' to 'ssh-ng://j_kro@sentry'...
copying path '/nix/store/rq1vg974qcxzb9dazz9dbq2qm72r9fa4-git-2.55.0' to 'ssh-ng://j_kro@sentry'...
copying path '/nix/store/s90qlv2cxf9d6sc0s3lgb35r1vh6f2nf-qt5ct-1.9' to 'ssh-ng://j_kro@sentry'...
copying path '/nix/store/x90h9wpkyags5fajcvfvc5jp2vs34phc-lutris-0.5.22-bwrap' to 'ssh-ng://j_kro@sentry'...
copying path '/nix/store/scg5g04ml9bvvf9ni45a8hmxnk85q8ls-lutris-0.5.22' to 'ssh-ng://j_kro@sentry'...
copying path '/nix/store/wd4gla46x5gwzr6pc4pcypr376qmbv9g-libutempter-1.2.3' to 'ssh-ng://j_kro@sentry'...
copying path '/nix/store/skwgcpg1dx47xlbdd3lckdnxwh3m5i43-tmux-3.7b' to 'ssh-ng://j_kro@sentry'...
copying path '/nix/store/sqqngirp2p7s8yi15vqnrg78gcbvkxf4-bat-0.26.1' to 'ssh-ng://j_kro@sentry'...
copying path '/nix/store/yafkah24m6i43rf4ak9xvq4pjhirp1a1-glfw-3.4' to 'ssh-ng://j_kro@sentry'...
copying path '/nix/store/vgc919ay0bl4ca9s3jwpzwzvs2xiwjh1-mangohud-0.8.4' to 'ssh-ng://j_kro@sentry'...
copying path '/nix/store/wqs5zq270xd4vy7642wvmkrvjawy148j-gnupg-2.4.9-man' to 'ssh-ng://j_kro@sentry'...
copying path '/nix/store/y378yhkcgbq4pixkfbxc1d96grx38saq-gnome-shell-extension-user-themes-74' to 'ssh-ng://j_kro@sentry'...
copying path '/nix/store/y5pffvkjd62g666byx5v8qlan8nm77s4-eza-0.23.5-man' to 'ssh-ng://j_kro@sentry'...
copying path '/nix/store/ya6hgmc7shbkiw7fd3b20fxbix4gxg5j-theme-switch' to 'ssh-ng://j_kro@sentry'...
copying path '/nix/store/zzmspl8wdn2a3ancrz8dg3kci887nw6d-builder.pl' to 'ssh-ng://j_kro@sentry'...
copying path '/nix/store/009viiygp6xw25y9idrf4xicd41zjpvw-copy-desktop-items.sh' from 'https://cache.nixos.org'...
copying path '/nix/store/00ks5lnp65s62jpi5ab6r48f7qfln4pm-pg_config.sh' from 'https://cache.nixos.org'...
copying path '/nix/store/08307j5x1ip16s0b0nik01i77pz6zch1-currency-date-range-jdk10.patch' from 'https://cache.nixos.org'...
copying path '/nix/store/0i5i9mj0n4nry46qvzlmi6h1k9d3pbcn-gtk2-theme-paths.patch' from 'https://cache.nixos.org'...
copying path '/nix/store/1cgv521pm7f85vgnffgypbb2fc8mvs9n-ghc-9.6-or-later-docs-sphinx-9.patch' from 'https://cache.nixos.org'...
copying path '/nix/store/1wh71gyw28sn0dk6y01nifiwcnbx8c2m-mariadb-connector-odbc-unistd.patch' from 'https://cache.nixos.org'...
copying path '/nix/store/2g56yy66z2xz7zjhndwq5z7v5lbhj1l5-move-qt-dev-tools.sh' from 'https://cache.nixos.org'...
copying path '/nix/store/3p628p7rd2hjqi381p1cnbvm902j04yb-use-versioned-import-path.patch' from 'https://cache.nixos.org'...
copying path '/nix/store/4gzqsgma3hy9lgk9338gkxhksb7k7dam-objdump.patch' from 'https://cache.nixos.org'...
copying path '/nix/store/5178mgwr5zqhx91w6a515kxbk5bajg29-0010-qtbase-assert.patch' from 'https://cache.nixos.org'...
copying path '/nix/store/5n2ig92dalqiqidygnflmnq5xx224n2c-qmake-fix-includedir.patch' from 'https://cache.nixos.org'...
copying path '/nix/store/7kp55l487b55vmghidi97xdi4mvd22sj-malloc.diff' from 'https://cache.nixos.org'...
copying path '/nix/store/ak9sy83a0vb34zlzs8m7xsrxcp48w2sn-fix-paths.patch' from 'https://cache.nixos.org'...
copying path '/nix/store/cydfsqlg2j3hvnmprcai0sanmjx272fa-gnu-install-dirs.patch' from 'https://cache.nixos.org'...
copying path '/nix/store/gr2kw9bd7l8qi0ral0xkif6qvl53wp94-0011-fix-header_module.patch' from 'https://cache.nixos.org'...
copying path '/nix/store/ix110qv5yz74qq59c3k7fi2y920sg4l0-zlib-not-found.patch' from 'https://cache.nixos.org'...
running auto-GC to free 102513508352 bytes
finding garbage collector roots...
deleting garbage...
deleting unused links...
note: currently hard linking saves 804.91 MiB
copying path '/nix/store/lvgbasb9nczf3b9qdr2rp2667ljswx8k-qtwayland-app_id.patch' from 'https://cache.nixos.org'...
copying path '/nix/store/nmk0cq000n7c0sv6afy55r3bfhw57k7i-qttools.patch' from 'https://cache.nixos.org'...
copying path '/nix/store/r660m2rk7wxgs7aizsl8y0mykaa60pw1-qmake-hook.sh' from 'https://cache.nixos.org'...
copying path '/nix/store/syhidamxkpp8g009w4vz3imf2xrz7bdl-tracing.patch' from 'https://cache.nixos.org'...
copying path '/nix/store/y77qyk97kvdvc31zzsccxnbd79mnwz3q-nixos.patch' from 'https://cache.nixos.org'...
copying path '/nix/store/3zfcang88j3y15viz1b4c83dwxpl9ps6-read-truststore-from-env-jdk10.patch' from 'https://cache.nixos.org'...
copying path '/nix/store/40dmwwmx2arx4rzz4m4bws6i2wbxfgk1-utils.sh' from 'https://cache.nixos.org'...
copying path '/nix/store/48ajjpkfbm9vidq9nqxxr930b7z2ik9j-0008-qtbase-tzdir.patch' from 'https://cache.nixos.org'...
copying path '/nix/store/1d8fcw1bk4cc352apzsbgih3jmlbilnh-chromium-141-rust.patch' from 'https://cache.nixos.org'...
copying path '/nix/store/4gswhh5kpbiy5a82n928qlyhxp54f6my-disable-failing-test.patch' from 'https://cache.nixos.org'...
copying path '/nix/store/1gbfvw2v9rjkx7yjsgd97cgirj4127yg-fix-paths.patch' from 'https://cache.nixos.org'...
copying path '/nix/store/4hqdf2wjx8v0cp2vpzhg0vl788pyr28v-pyproject.toml' from 'https://cache.nixos.org'...
copying path '/nix/store/4iajzk584irkkcpj5wyr4adcrdhcqf4d-qtbase-setup-hook.sh' from 'https://cache.nixos.org'...
copying path '/nix/store/4k65bb1kygjmddbvl0rwgqcff1hzwrxm-nix-unstable-sandbox-fix.patch' from 'https://cache.nixos.org'...
copying path '/nix/store/4mdp8nhyfddh7bllbi7xszz7k9955n79-Setup.hs' from 'https://cache.nixos.org'...
copying path '/nix/store/4px620m27vf0pdb8d60pxaq9kmprbw0n-qttools-libclang-main-header.patch' from 'https://cache.nixos.org'...
copying path '/nix/store/4rjjq927p87hvxk1kw76ljywcb9zmbcy-qmllint-hook.sh' from 'https://cache.nixos.org'...
copying path '/nix/store/4x6xdil348r3dmamw1ris8bj2wzgq3z3-libxnvctrl-build-shared.patch' from 'https://cache.nixos.org'...
copying path '/nix/store/1ijqh1xks7i3lvxyjzl5fr1lwvdil8n9-qtdeclarative-default-disable-qmlcache.patch' from 'https://cache.nixos.org'...
copying path '/nix/store/5103krcj82l78xz6dkqw8scwf510wfz3-socketdir-in-run-13+.patch' from 'https://cache.nixos.org'...
copying path '/nix/store/0fa1skwiak4mmdf3v0kqqmay2nrgyx1m-unvendor-miniaudio.patch' from 'https://cache.nixos.org'...
copying path '/nix/store/51wc3sbz982g1pyq2q13j1lcv9mnq6nx-qtdeclarative.patch' from 'https://cache.nixos.org'...
copying path '/nix/store/520vmvinsbc6g0w7z7k66y4vcwy9dmb0-appimage-exec.sh' from 'https://cache.nixos.org'...
copying path '/nix/store/522zdm8kx87kkhggaq5hh1mbmjyqlxbb-gitSetupHook.sh' from 'https://cache.nixos.org'...
copying path '/nix/store/541dn78690xq09l4smywkrsxgz7c994c-db2x_texixml-to-stdout.patch' from 'https://cache.nixos.org'...
copying path '/nix/store/559vfyxps9xkcxy90qf64wsqchkza3kq-v24-32bit.patch' from 'https://cache.nixos.org'...
copying path '/nix/store/55j42cqmyrzskz6kg9rxp8d4anmhpglq-0007-qtbase-xcursor.patch' from 'https://cache.nixos.org'...
copying path '/nix/store/57w4xa43g7ilkdjd7mplrn8l3pvmyklf-ghc-paths-nix.patch' from 'https://cache.nixos.org'...
copying path '/nix/store/5izfn84pl9bcja2h5gavl7pd9dx5izss-ignore-LegalNoticeFilePlugin-jdk17.patch' from 'https://cache.nixos.org'...
copying path '/nix/store/1k6r7nnd9cxggbl94k9nfmcyfk6wplbi-lua-dso.make' from 'https://cache.nixos.org'...
copying path '/nix/store/5kqw0l5s940vbp7gxz59vk9fad25v3wr-increase-javadoc-heap-jdk13.patch' from 'https://cache.nixos.org'...
copying path '/nix/store/11cpbz8r824a1fyc0a9n1jjpw4bw893w-qtdeclarative-qml-paths.patch' from 'https://cache.nixos.org'...
copying path '/nix/store/5sphnaamclxddlnp5l94pj3h2samz4nb-disable-pkcs11-tests.patch' from 'https://cache.nixos.org'...
copying path '/nix/store/68l1vmlxxciands1rgd83d6v4lzs7agp-3.x-nix_share_path.patch' from 'https://cache.nixos.org'...
copying path '/nix/store/6bg9vfjgccx7ppsmrj7y22173yx4h5i2-setup-hook.sh' from 'https://cache.nixos.org'...
copying path '/nix/store/6brhzahnasy6dqcyj5yf0w95l8zbahas-Makefile-add-STATIC-and-DYNAMIC-build-variables.patch' from 'https://cache.nixos.org'...
copying path '/nix/store/6jgca9vjnyyc151pf7y2nsc77klnldgx-qttools-setup-hook.sh' from 'https://cache.nixos.org'...
copying path '/nix/store/6w9gg7cxzvqd5xb9sm2dpn3rz7krn5zm-use-cmake-from-path.patch' from 'https://cache.nixos.org'...
copying path '/nix/store/75ws6zwrvdn8l3a3cnf7rqp22vigmdkw-requires-glib.patch' from 'https://cache.nixos.org'...
copying path '/nix/store/7f26mgj9vx5izbkbfirkd4m0dyxlrkvv-platform-triplet-detection.patch' from 'https://cache.nixos.org'...
copying path '/nix/store/7hhva53zi0mpnrxxwa9xjjbdnnnvl1bd-custom-flags.patch' from 'https://cache.nixos.org'...
copying path '/nix/store/1x1icc55kia7l2c8ljd673mwv25l862l-add-Cargo.lock.patch' from 'https://cache.nixos.org'...
copying path '/nix/store/7iylwh0i2daiin05nzl1pdn7l8h8x162-encoding.patch' from 'https://cache.nixos.org'...
copying path '/nix/store/1zinwq0ih1qkdpbxa2wvs6b2qk6lc3z2-qmake-hook.sh' from 'https://cache.nixos.org'...
copying path '/nix/store/881pcwinv35z9f6c5max2m7il0sxvg3n-fix-java-home-jdk10.patch' from 'https://cache.nixos.org'...
copying path '/nix/store/89f7xg76qsshcax0bp4y1lh1cawlnvqv-set-java-classpath.sh' from 'https://cache.nixos.org'...
copying path '/nix/store/89wd53hyx587z1z24l67mba9vqjq124l-smartmontools.patch' from 'https://cache.nixos.org'...
copying path '/nix/store/8ndm18a9yyr3srfcwnr08jd4vn7qwq7h-wayland-scanner.patch' from 'https://cache.nixos.org'...
copying path '/nix/store/907d7wf2d113vlv8dlhi1i3d683gc1rs-unpretty-cabal-conf.awk' from 'https://cache.nixos.org'...
copying path '/nix/store/9nw18sabp0c3r854j8fjz7wivjwl2zyb-disable-telemetry.patch' from 'https://cache.nixos.org'...
copying path '/nix/store/a214m14b49jdnxypn6wjhp201sawjmdk-timidity-iA-Oj.patch' from 'https://cache.nixos.org'...
copying path '/nix/store/a4v79g1ww6cqx4hlz5zdigxidwq855yy-zoneinfo.patch' from 'https://cache.nixos.org'...
copying path '/nix/store/a69cjprhdk1n250vxgp5giq7fxzzwwqy-0003-libbacktrace-Support-multiple-build-id-directories.patch' from 'https://cache.nixos.org'...
copying path '/nix/store/aajr6cmchrkpc61cfm5rravnm0ki2pzk-0001-Make-hunspell-look-in-XDG_DATA_DIRS-for-dictionaries.patch' from 'https://cache.nixos.org'...
copying path '/nix/store/20zlw4dlqs962ldbmcwfzyki1n1ymm06-sane-desc-cross.patch' from 'https://cache.nixos.org'...
copying path '/nix/store/af24dq46v6ajacvlsm4qf9711da2zpzj-pyproject-version-patch-hook.sh' from 'https://cache.nixos.org'...
copying path '/nix/store/25dc3fr77cric9cqbf5hxg62648pymk2-setup-hook.sh' from 'https://cache.nixos.org'...
copying path '/nix/store/awvjy5agz1xsv0xc7c87kmpm1wm49j7h-data-dirs-from-nix-profiles.patch' from 'https://cache.nixos.org'...
copying path '/nix/store/b9yvfpr0z228448wczigkzqbyvnrp37g-source' from 'https://cache.nixos.org'...
copying path '/nix/store/bfhd48m318nz4p2qbvnvcr927w8crgsy-duplicated-xlowerwindow.patch' from 'https://cache.nixos.org'...
copying path '/nix/store/bgfvp4dh8fxzvb2lvm9026wi9bvil3qf-0003-qtbase-mkspecs.patch' from 'https://cache.nixos.org'...
copying path '/nix/store/bi5fawz29k94bbxhhiqpywg5j48h23aq-qmlimportscanner-import-path.patch' from 'https://cache.nixos.org'...
copying path '/nix/store/biay1wyd969h2zqfdb2gm7aqbpwzl95d-derive-plugin-load-path-from-PATH.patch' from 'https://cache.nixos.org'...
copying path '/nix/store/bm774z5jr8acb7fhcmcdb5hhagqkidib-locales-path.patch' from 'https://cache.nixos.org'...
copying path '/nix/store/c4vl15p6s85bhbz8p9dhxi8syna5jl4y-build-without-dbus-launch.patch' from 'https://cache.nixos.org'...
copying path '/nix/store/ch2k5myz2sbnx3x43b43qpd4p8grm71h-0004-libbacktrace-Support-NIX_DEBUG_INFO_DIRS-environment.patch' from 'https://cache.nixos.org'...
copying path '/nix/store/ci3mkcf32cpnfh57bm689x3n8mhfy6dj-Cargo.lock' from 'https://cache.nixos.org'...
copying path '/nix/store/cimykk4hahlxly61dssgz5jvpf1fkm0m-no-sbom.patch' from 'https://cache.nixos.org'...
copying path '/nix/store/180qiqlfc66i3zacvzpzfzf83wcq4hqx-tk-8_6_13-find-library.patch' from 'https://cache.nixos.org'...
copying path '/nix/store/ckllka61n06x7s5cb97ach3s4k15rcks-gn-object-sorted.patch' from 'https://cache.nixos.org'...
copying path '/nix/store/27bxqd8nf5dqmbhfsrg903n3zx7l6825-hardcode-gsettings.patch' from 'https://cache.nixos.org'...
copying path '/nix/store/dfrhsyd7akqby2n56hkmq0b7rmnzq710-dart-install-hook.sh' from 'https://cache.nixos.org'...
copying path '/nix/store/dh5nb6a3i5fvmvvipvdjbxvxi5kjr10f-4.x-fix-systemd-detection.patch' from 'https://cache.nixos.org'...
copying path '/nix/store/dhprs8ablxsy7qxhvrl51jvlakrrh0fi-configure-compat.patch' from 'https://cache.nixos.org'...
copying path '/nix/store/dif8s2crsfjay7dirqwhxcvjv1487x90-fix-qmake-libtool.sh' from 'https://cache.nixos.org'...
copying path '/nix/store/dyasldivjvz7rdfw5pmh4sn607gby6fd-timidity.cfg' from 'https://cache.nixos.org'...
copying path '/nix/store/f3hr87y93d9laix41m74shag2ql8ky1i-qttools-QT_HOST_DATA-refs.patch' from 'https://cache.nixos.org'...
copying path '/nix/store/f9nas31x8cj9jsaamay4ih6448lhni2v-fix-clang16.patch' from 'https://cache.nixos.org'...
copying path '/nix/store/fjrcvjbm60cyssfsh24y1fjhb3m4af9g-no-build-timestamps.patch' from 'https://cache.nixos.org'...
copying path '/nix/store/fxca908c0l65rwmwq0x6dgpz2dljg2l6-qtbase-setup-hook.sh' from 'https://cache.nixos.org'...
copying path '/nix/store/g0n0fh1iy8yw3m7lb6wrwypsmx91bwp7-python314-compat.patch' from 'https://cache.nixos.org'...
copying path '/nix/store/g21804pkckbv8q7k2xwqqrkas5rgky6q-4.x-no-persistent-install.patch' from 'https://cache.nixos.org'...
copying path '/nix/store/ggi7sf6llwgv4lgx6las7z19w6fj19v7-berry-4-offline.patch' from 'https://cache.nixos.org'...
copying path '/nix/store/0d0x34svkix4cvjmvhbz2b0f1hbcbcw3-fuse2-gettext-0.25.patch' from 'https://cache.nixos.org'...
copying path '/nix/store/gn0z12wnxcjx7k1vgigdlkpkgrswdfz5-unbundle-icu.patch' from 'https://cache.nixos.org'...
copying path '/nix/store/2vag7l00xmrqbxj67k8c2wix9isgp9j7-pyproject-version-patch-hook.py' from 'https://cache.nixos.org'...
copying path '/nix/store/gscgv0zqch1w6akz8jncm392bnc3m1qf-find-qmlimportscanner.patch' from 'https://cache.nixos.org'...
copying path '/nix/store/gxb24zqy87cz9xpr5g48pwpmdmzf5c20-find-headers.patch' from 'https://cache.nixos.org'...
copying path '/nix/store/gzf564jcn3ll0m3caw2by2v4a60vfhlk-setup-hook.sh' from 'https://cache.nixos.org'...
copying path '/nix/store/h5r1msp00rmifkwnnan57jkh16hwgqlp-rootfs-builder' from 'https://cache.nixos.org'...
copying path '/nix/store/hb0qizyzafw50kk7yc1fw5l1jmwvab9p-unifdef-fix-build-with-gcc15.patch' from 'https://cache.nixos.org'...
copying path '/nix/store/hgalagldxbjw7fxcm8wagndh4x496dkn-dont-cache-nix-store-paths.patch' from 'https://niri.cachix.org'...
copying path '/nix/store/hjb8pww53dqgfdqb5xkc30m6fcsbfibk-revert-PUBLIC.patch' from 'https://cache.nixos.org'...
copying path '/nix/store/hwv0d1ih5dqshg6m3drihbgiqvd76y4r-use_system_jemalloc.patch' from 'https://cache.nixos.org'...
copying path '/nix/store/hzaydmcy7q2s8vchhhsbm81cb3yl7kw2-package-graph.py' from 'https://cache.nixos.org'...
copying path '/nix/store/i6qjr9v3dx7s4b436fmd929gwpicj5lm-skip-database-tests.patch' from 'https://cache.nixos.org'...
copying path '/nix/store/ibc3s9hr2wrwqra4rry3sgkgbrsp00i9-xmlcatalog_patch.patch' from 'https://cache.nixos.org'...
copying path '/nix/store/igibcw1lrs31b74360vrd63229fp0lav-preload-nix-workaround.patch' from 'https://cache.nixos.org'...
copying path '/nix/store/ih5xwq3bjmb6c9pgv58bi886riim8435-dont-build-the-selenium-manager.patch' from 'https://cache.nixos.org'...
copying path '/nix/store/2yiipb90vpjdv4hha5h4996zsl2krjgp-setup-hook.sh' from 'https://cache.nixos.org'...
copying path '/nix/store/ijzif1kbhgcjlm97r9ng06n259nd8gpb-skip-sgr-tests.patch' from 'https://cache.nixos.org'...
copying path '/nix/store/3010ipfhwvcf20iz7cpvqqxln5q2rn2y-fix-paths.patch' from 'https://cache.nixos.org'...
copying path '/nix/store/iyc092w3nzbfjhpgs9pgpgg8vjjyzpxk-base.json' from 'https://cache.nixos.org'...
copying path '/nix/store/j1wwrlg2sf69z69xj2w5w6h6qamj4pgm-dart-build-hook.sh' from 'https://cache.nixos.org'...
copying path '/nix/store/jjs7mm4wjbsy11nbcax6kchmzp91g3rj-libxnvctrl-build-shared-3xx.patch' from 'https://cache.nixos.org'...
copying path '/nix/store/jv97yib4cvi166ck04gw40qfb3zjhwhx-disable_suid_test.patch' from 'https://cache.nixos.org'...
copying path '/nix/store/k2lsp4qvynh2jsqbj8qya8faxzg9wr3y-gtest.patch' from 'https://cache.nixos.org'...
copying path '/nix/store/k2sxlqrcwgdj8dxp7k9qrvzg0l37201q-clang.patch' from 'https://cache.nixos.org'...
copying path '/nix/store/kjc90wi451l3jxp13dhm254bqz70vmyq-0005-qtbase-cmake.patch' from 'https://cache.nixos.org'...
copying path '/nix/store/kr4f52kfz3kl937q7nhky77qg2kmcmc5-search-qml.patch' from 'https://cache.nixos.org'...
copying path '/nix/store/kygjdlgxs0vw39nqdnr60s1fk97wk8v4-fix-oldstyle-hookimpl-setup.patch' from 'https://cache.nixos.org'...
copying path '/nix/store/kysac7gkm7480yqa85v494kh4vycc97q-angle-wayland-include-protocol.patch' from 'https://cache.nixos.org'...
copying path '/nix/store/kzhs0iqzhs4iscivr27rbgz3hc27zyfc-lua-setup-hook' from 'https://cache.nixos.org'...
copying path '/nix/store/lbgbb5971w26vqxknycfhwz6rs226d0n-setup-hook.sh' from 'https://cache.nixos.org'...
copying path '/nix/store/lcbw02cgcqq0yxfbrrmg5qblg47csmgv-skip-gsettings-detection.patch' from 'https://cache.nixos.org'...
copying path '/nix/store/lkqdzcw5kjx20v2icx0lzd97x5kw4jsa-basement-add-cast.patch' from 'https://cache.nixos.org'...
copying path '/nix/store/33p9ajg7n3k71p7xkn2kxhghgis2rc8g-bin-ext.patch' from 'https://cache.nixos.org'...
copying path '/nix/store/lqxh5f246m2c9srgmvmsk89f64bg4bnl-mariadb-connector-odbc-musl.patch' from 'https://cache.nixos.org'...
copying path '/nix/store/3mbhrbx0746qsxx92sw3vdjh1wk42p35-fix-qt-builtin-paths.sh' from 'https://cache.nixos.org'...
copying path '/nix/store/lz2sdvrxpgj85m5k1i9hihqv5469k5p8-fix-bubblewrap-paths.patch' from 'https://cache.nixos.org'...
copying path '/nix/store/lzjw8yyqgnrab62spyvc04cq4mwr8bmw-efl-elua.patch' from 'https://cache.nixos.org'...
copying path '/nix/store/lzrq8vv9bw3s2rxqkp3v4zfvmdhkr9ss-exec_path.patch' from 'https://cache.nixos.org'...
copying path '/nix/store/m24r1b4syycb3n6xfk7l65ickf3jfp2x-gen-bin-stubs.rb' from 'https://cache.nixos.org'...
copying path '/nix/store/m2qc8a9c4yr5xmqck50fpzzwzpqggbbw-stacksize-detection.patch' from 'https://cache.nixos.org'...
copying path '/nix/store/m8bqgjx8656wyssalfffq8dxlx2sgalz-dart-config-hook.sh' from 'https://cache.nixos.org'...
copying path '/nix/store/mhyngqsh2grd9bkrsszwqh68cf12344n-ncurses-6.5.patch' from 'https://cache.nixos.org'...
copying path '/nix/store/mrq4wqh4c9m8xp2fdcvrnb9cpv3mq39j-hardcode-graphviz-path.patch' from 'https://cache.nixos.org'...
copying path '/nix/store/ms70x7p056ba8s9w6c36qp65rr40wl4v-find-headers.patch' from 'https://cache.nixos.org'...
copying path '/nix/store/myfmmb90gz2aywkwc1791nlbji6g0db0-wrapper.sh' from 'https://cache.nixos.org'...
copying path '/nix/store/n14rxg9lby5gz2vr5q4y5nijv90cm9bv-fix-libusb-include-path.patch' from 'https://cache.nixos.org'...
copying path '/nix/store/n1pr5rl5c237fr489fqwj9ghvsz59xb4-include-dir-issue-379757.patch' from 'https://cache.nixos.org'...
copying path '/nix/store/n2jf8b450wi480vqm6z35x8amd43lyx9-fix-include-qt-headers.patch' from 'https://cache.nixos.org'...
copying path '/nix/store/n4r7cqp41z3r98rsb67rf9968sr2pi16-pg_config.env.mk' from 'https://cache.nixos.org'...
copying path '/nix/store/nj9vhjbgsmnnwpqn2flrrh94025cvgkf-install.patch' from 'https://cache.nixos.org'...
copying path '/nix/store/1by6b7aajjk4b5im14f63kw3cgjjhsip-link-pulseaudio.patch' from 'https://cache.nixos.org'...
copying path '/nix/store/nkrwfpr0n0azf3r93n83r582rp7ymzid-use-cmake-path.patch' from 'https://cache.nixos.org'...
copying path '/nix/store/3p1cxw82s4w4mq43q70lfqq904d9bbpk-yarn-berry-config-hook.sh' from 'https://cache.nixos.org'...
copying path '/nix/store/nwkd5pi28dngfsf9lm210vs8k6jfa4kf-cross-file.conf' from 'https://cache.nixos.org'...
copying path '/nix/store/p57bs1svsz91d2vm41knifi2j327zlxs-chromium-initial-prefs.patch' from 'https://cache.nixos.org'...
copying path '/nix/store/p87ki1g93i9f1v6ksdz69kprvx6zzgdl-CVE-2022-28805.patch' from 'https://cache.nixos.org'...
copying path '/nix/store/pc8z1s71l7kry2qn0g9zk8bh9dsyd880-libzip-revert-to-old-versionneeded-behavior.patch' from 'https://cache.nixos.org'...
copying path '/nix/store/pk5lqx6gm6mcxcm4972g56fxr5w8jnbi-installed-tests-path.patch' from 'https://cache.nixos.org'...
copying path '/nix/store/pp1pyvsc0n0snclkpfhqqka0vf432xqy-xkb-includes.patch' from 'https://cache.nixos.org'...
copying path '/nix/store/pri6h73ac1q076pb858jarpnh5lgd0p6-2.0-immodules.cache.patch' from 'https://cache.nixos.org'...
copying path '/nix/store/py4wicahq3k6jd51gr401cifpchqd4sm-fix-qmake-libtool.sh' from 'https://cache.nixos.org'...
copying path '/nix/store/q20d6d6lkd6b58r5ncg5398cn8vr7nqr-fuse2-Do-not-set-FUSERMOUNT_DIR.patch' from 'https://cache.nixos.org'...
copying path '/nix/store/qaa6lwj055517vz0yha4bskq07k4r8ri-setuptools-rust-hook.sh' from 'https://cache.nixos.org'...
copying path '/nix/store/qdmg1gbhpb1wmhb8h8yb6k0yna38a6rk-move-outputs-hook.sh' from 'https://cache.nixos.org'...
copying path '/nix/store/qgy2ck2wzmnsgpjz8havp7r41akw93hy-disable-end-of-epoch-conversion-test.patch' from 'https://cache.nixos.org'...
copying path '/nix/store/qjj178v5f2afrzqkp6mvpzsyi1856mf3-gem-post-build.rb' from 'https://cache.nixos.org'...
copying path '/nix/store/qn9vd010ylciqv44d6wahrmkshysqphl-cross-compile.patch' from 'https://cache.nixos.org'...
copying path '/nix/store/qsj2y3aqg5580c0dy21an83wvmbbb5ck-dart-fixup-hook.sh' from 'https://cache.nixos.org'...
copying path '/nix/store/r112dk8w7zvdjipki58ch00m825li7fq-virtualenv-permissions.patch' from 'https://cache.nixos.org'...
copying path '/nix/store/01f8phyqkxm18dp4afixv2mpp2g3h8ab-gclient-unpack-hook.sh' from 'https://cache.nixos.org'...
copying path '/nix/store/r8z8rqsp5pnkc565njjbnilr5ipbmf3r-fix-qt-module-paths.sh' from 'https://cache.nixos.org'...
copying path '/nix/store/r9c634vliyn306cv9s2gjbdcmp0q50wj-fix-paths.patch' from 'https://cache.nixos.org'...
copying path '/nix/store/rd8lxji2fvpjfz9m3s4n7j4v5m9bjzpj-hardcode-dependencies.patch' from 'https://cache.nixos.org'...
copying path '/nix/store/rdmxj7y1dx0m0dnzgbwkzk0j8xzwn88x-paths.patch' from 'https://cache.nixos.org'...
copying path '/nix/store/rp2xjbrjqbdsbg9jmqx6jn053yxmw9bl-skip_broken_tests.patch' from 'https://cache.nixos.org'...
copying path '/nix/store/rpbn1wq5541y8v4lpfrzpv2v0q2waiik-yarn-4.14-support.patch' from 'https://cache.nixos.org'...
copying path '/nix/store/rpdqy4kf708fn93rmvwh8qrp997dcvwl-fix-non-steam-shortcuts.patch' from 'https://cache.nixos.org'...
copying path '/nix/store/rr2gcam5680gfd04x2v2lfbqpvc9rw5i-souploader.diff' from 'https://cache.nixos.org'...
copying path '/nix/store/s0cc8n87x1f222md5mq2liic28k6jgkq-redis-test-hook.sh' from 'https://cache.nixos.org'...
copying path '/nix/store/sjgnra7pjlmmb5bcm3zs4dfzf2rgs3w6-Gemfile' from 'https://cache.nixos.org'...
copying path '/nix/store/snm86hgmnb2wn6gkixcgr8d392i7ni0w-fix-install-paths.patch' from 'https://cache.nixos.org'...
copying path '/nix/store/srcv3788yv3zpknswik1xi8gs8smzyiv-gcc13.patch' from 'https://cache.nixos.org'...
copying path '/nix/store/srssgmm0pj7rm6za0liav535l38yc1qa-qmake-always-use-libname.patch' from 'https://cache.nixos.org'...
copying path '/nix/store/sskjw4xdml099ygsnn9j0893vlxa443m-pythonpath.patch' from 'https://cache.nixos.org'...
copying path '/nix/store/sw8x5jdi5f2vmgrzrc237lmk8k5ngfzc-Cargo.lock' from 'https://cache.nixos.org'...
copying path '/nix/store/swi2diza6kch6m2gpf50c9h79zg9b6q9-Gemfile.lock' from 'https://cache.nixos.org'...
copying path '/nix/store/3v7jr622lqcrjisv0b8ryamvvma8ivlv-export-heap-methods.patch' from 'https://cache.nixos.org'...
copying path '/nix/store/v94kxy6xgiyvjr20bwyvykjvfq5jk594-0009-qtbase-qtpluginpath.patch' from 'https://cache.nixos.org'...
copying path '/nix/store/vfsz428k08c21cnrh67yw2xc950z01wh-hardcoded-compiler.patch' from 'https://cache.nixos.org'...
copying path '/nix/store/vfykpvxv4yw1v2y9flwyyh67qcn48p6n-src' from 'https://cache.nixos.org'...
copying path '/nix/store/vwilhm0v02l1bx4kj2y6irqj609y6dck-pytest9-compat.patch' from 'https://cache.nixos.org'...
copying path '/nix/store/w16z1hx9kzlz7v42f4x1wy0cdsnlz5np-4.x-no-persistent-install-dynconfig.patch' from 'https://cache.nixos.org'...
copying path '/nix/store/w83fz8myrqyhsypiwdb48q640p1619hx-setup-hook.sh' from 'https://cache.nixos.org'...
copying path '/nix/store/w9b5f1c0f1v69k9rmcjb5x7hqkwxlr0p-static.patch' from 'https://cache.nixos.org'...
copying path '/nix/store/w9llz9iwy123h9k1li0xkiilmxvxhapl-clang.patch' from 'https://cache.nixos.org'...
copying path '/nix/store/wqn84373j7jxy0vqwcq6qrhp6avimh30-lsb_release.sh' from 'https://cache.nixos.org'...
copying path '/nix/store/wvh0rr4z8mp60lk7ax8gd6g370dx9qrq-setup-hook.sh' from 'https://cache.nixos.org'...
copying path '/nix/store/x3xchram49fh5gbcrn2p25khzds4r8ma-wrap-qt-apps-hook.sh' from 'https://niri.cachix.org'...
copying path '/nix/store/x8lwmd1gdrk7hi8vc6925k60bj59cj59-jq-path.patch' from 'https://cache.nixos.org'...
copying path '/nix/store/xr9pz9ndd13lpia2f0jzamjfk5c12985-source' from 'https://cache.nixos.org'...
copying path '/nix/store/xx9l3z4bqwjg1h9qs7h5abpl05dlv1ki-0006-qtbase-gtk3.patch' from 'https://cache.nixos.org'...
copying path '/nix/store/y0zy8a90fdx5y68r9zkg8rm1gmkcdjba-add-option-for-installation-sysconfdir.patch' from 'https://cache.nixos.org'...
copying path '/nix/store/y77c6z5dvy0nzmi9g1f2a9c35szd2cl9-x11.patch' from 'https://cache.nixos.org'...
copying path '/nix/store/3vgbf2nc7c53gfrvh7j8cpkp7nqvym7b-remove-unmaintained-d2to1.diff' from 'https://cache.nixos.org'...
copying path '/nix/store/y96rjsb0aa2gnllifnz5s5k8zp7rp8qv-bubblewrap-paths.patch' from 'https://cache.nixos.org'...
copying path '/nix/store/yar7i652zwjkqsyrrqxaxlk1zl3zlfx8-mergeJSON.py' from 'https://cache.nixos.org'...
copying path '/nix/store/ydgi9chqpgk1xy3fqlmgyk2ilma5wn19-workspace-package-config.py' from 'https://cache.nixos.org'...
copying path '/nix/store/yjpnp9i1bksxqf8rqbh2wvbjkq3pqihi-win-dll-link.sh' from 'https://cache.nixos.org'...
copying path '/nix/store/ymdnrvjhna3iglbb0nfgmlzslb44h82z-allow-translations-outside-prefix.patch' from 'https://cache.nixos.org'...
copying path '/nix/store/z1bgxf6idi9rcxp55l7rzipb9mhb0dy3-foundation-ghcjs.patch' from 'https://cache.nixos.org'...
copying path '/nix/store/z2ypavkbp406dqa031qf3xng9504js86-skip-missing-qml-directory.patch' from 'https://cache.nixos.org'...
copying path '/nix/store/z6kfxmd52j0pcz5cx6nka318cl524iiz-basement-ghcjs.patch' from 'https://cache.nixos.org'...
copying path '/nix/store/z6wq6d86q9v99ga73rwxwhzg7nmvinka-ghc-define-undefined-elf-st-visibility.patch' from 'https://cache.nixos.org'...
copying path '/nix/store/z9z2697ysw5p2dr5ncc8inwk2wrv11s1-0004-qtbase-replace-libdir.patch' from 'https://cache.nixos.org'...
copying path '/nix/store/zb442yymdd5hn488vgqjza96i4jgic2k-unbundle.patch' from 'https://cache.nixos.org'...
copying path '/nix/store/zbjwbi0qd07ck15lpz3ydp3p1gplh4ig-ecm-hook.sh' from 'https://cache.nixos.org'...
copying path '/nix/store/zh5xih0d75dbv3xax77rvibvp72k30ng-builder.sh' from 'https://cache.nixos.org'...
copying path '/nix/store/zhmhl5lwxi2c1c5kryh3g2kc0kib5gdk-fix-library-path-jdk17.patch' from 'https://cache.nixos.org'...
copying path '/nix/store/zjkdgalr5dfh9vms6yfjnfinck2sjh6z-chromium-136-nodejs-assert-minimal-version-instead-of-exact-match.patch' from 'https://cache.nixos.org'...
copying path '/nix/store/zlzd7fkn07zyy51l3fjr6qw055y1jir1-hardcode-gsettings.patch' from 'https://cache.nixos.org'...
copying path '/nix/store/3ypc15xqm4zamh3bazrjmlnz33ibr3cx-remove-shared-library-checks.patch' from 'https://cache.nixos.org'...
copying 4971 paths...
copying path '/nix/store/riy25bxj3bc9gcyqr16mspdpxl5040bw-setup-hook.sh.drv' to 'ssh-ng://j_kro@sentry'...
copying path '/nix/store/a8g468zbn77dal7vqp9ni6m0k5v0c7ks-python-setup-hook.sh.drv' to 'ssh-ng://j_kro@sentry'...
copying path '/nix/store/gjhhmsq3kgb6ibzq33vd673yailx1k5d-Python-3.12.13.tar.xz.drv' to 'ssh-ng://j_kro@sentry'...
copying path '/nix/store/7p30yj10af3xar6p510cp0ryb5wkcszw-python3-3.12.13.drv' to 'ssh-ng://j_kro@sentry'...
copying path '/nix/store/81ykr5nxj99ag6s8l204fn16mrc9xrbj-wrap-python-hook.drv' to 'ssh-ng://j_kro@sentry'...
copying path '/nix/store/a1jy8hig0310q4q31sd893rl3j6ypcsg-python-remove-tests-dir-hook.drv' to 'ssh-ng://j_kro@sentry'...
copying path '/nix/store/y6k2p8wg9maxq8w03na47bxbdl97n02k-python3.12-bootstrap-flit-core-3.12.0.drv' to 'ssh-ng://j_kro@sentry'...
copying path '/nix/store/67pkcpq5shg1ngwl4fg0i8abbh41s4dh-python3.12-bootstrap-installer-1.0.1.drv' to 'ssh-ng://j_kro@sentry'...
copying path '/nix/store/8w1vvq26l7v4v2wlacvjjff4sns5hbcn-python3.12-bootstrap-packaging-26.2.drv' to 'ssh-ng://j_kro@sentry'...
copying path '/nix/store/dr45afs9kbj2ps27ir9jc07i5n0lcjl7-python-runtime-deps-check-hook.sh.drv' to 'ssh-ng://j_kro@sentry'...
copying path '/nix/store/ff1xl7mmsg3m7mwnp06ipsnvrpr4zsw6-python-imports-check-hook.sh.drv' to 'ssh-ng://j_kro@sentry'...
copying path '/nix/store/3cmb4qlbynbx97lnwwhbbi4pgvhjf9af-python3.12-bootstrap-tomli-2.4.1.drv' to 'ssh-ng://j_kro@sentry'...
copying path '/nix/store/la3mx8jq5p74s6cy8ycz9zasdinnacfl-python3.12-bootstrap-packaging-26.2.drv' to 'ssh-ng://j_kro@sentry'...
copying path '/nix/store/lqy0mga1q66g6x566jkzbgpw9ikkp819-python3.12-bootstrap-pyproject-hooks-1.2.0.drv' to 'ssh-ng://j_kro@sentry'...
copying path '/nix/store/8gcy3mk7i8rzn8vf6d5229zb0f1z02b9-python3.12-bootstrap-build-1.5.1.drv' to 'ssh-ng://j_kro@sentry'...
copying path '/nix/store/fr4fwkc0450al56r2rj34bijrci72h1w-pypa-build-hook.sh.drv' to 'ssh-ng://j_kro@sentry'...
copying path '/nix/store/qxaqlwkaa6dnagagiji3qbxzsm96zjgj-python-namespaces-hook.sh.drv' to 'ssh-ng://j_kro@sentry'...
copying path '/nix/store/vmf80j4h1s17z2pgfmlh7x07250g62lf-pypa-install-hook.drv' to 'ssh-ng://j_kro@sentry'...
copying path '/nix/store/nrpcn3z8apljl08swnv0h9gfc7vwp7fy-python3.12-flit-core-3.12.0.drv' to 'ssh-ng://j_kro@sentry'...
copying path '/nix/store/c1rsnr13p7igvn4zm46xqhpv1wiylcnl-python3.12-installer-1.0.1.drv' to 'ssh-ng://j_kro@sentry'...
copying path '/nix/store/rfp7jbkb2yrr7cgjv44wnfmlvz8kzxxc-pypa-install-hook.drv' to 'ssh-ng://j_kro@sentry'...
copying path '/nix/store/z3jwqwi91rnms6s6kbgym48zsw3f490m-python3.12-packaging-26.2.drv' to 'ssh-ng://j_kro@sentry'...
copying path '/nix/store/9gm3b9f6q3zd0b39iqpm1s718mhn8qnd-python-runtime-deps-check-hook.sh.drv' to 'ssh-ng://j_kro@sentry'...
copying path '/nix/store/9znh83pw0yy8ran7s7v2hskqjrf29ahz-python-catch-conflicts-hook.drv' to 'ssh-ng://j_kro@sentry'...
copying path '/nix/store/7i8h7fc4x3yxnfwdq4kcirfs0bzlshvh-python3-3.12.13-env.drv' to 'ssh-ng://j_kro@sentry'...
copying path '/nix/store/sv9iz0yn8yccms2vxd28qqxy6ka7di66-python-metadata-check-hook.sh.drv' to 'ssh-ng://j_kro@sentry'...
copying path '/nix/store/r9hna4wg0n4b0f0wiiyzkr7q5x7a7xw6-python3.12-pyproject-hooks-1.2.0.drv' to 'ssh-ng://j_kro@sentry'...
copying path '/nix/store/r3xxhfxsidm2d3bpkxzqm3rhsl0j0a8r-python3.12-wheel-0.47.0.drv' to 'ssh-ng://j_kro@sentry'...
copying path '/nix/store/s1cl008gvyxzgzwsn7c81sr0j33z8wcq-python-relax-deps-hook.drv' to 'ssh-ng://j_kro@sentry'...
copying path '/nix/store/9pl5z7ib3ypkmndl3zydfp9slgf1c3rp-python3.12-build-1.5.1.drv' to 'ssh-ng://j_kro@sentry'...
copying path '/nix/store/v6mp5d841bfs9xf3d8l0l6nkdkkkzi9i-pypa-build-hook.sh.drv' to 'ssh-ng://j_kro@sentry'...
copying path '/nix/store/4kw08lcrhzavx2jxhp2i1xhkczc4k37h-python3.12-ninja-1.13.2.drv' to 'ssh-ng://j_kro@sentry'...
copying path '/nix/store/nkqrchrqphv1m4flmrpc5yx38y7hizr1-source.drv' to 'ssh-ng://j_kro@sentry'...
copying path '/nix/store/wn6yhcc0achqki17q15psfkad7zrbr89-unittest-check-hook.drv' to 'ssh-ng://j_kro@sentry'...
copying path '/nix/store/8zr0ans59lqhnkzni4593gb5lq0h3xqb-python3.12-pathspec-1.1.1.drv' to 'ssh-ng://j_kro@sentry'...
copying path '/nix/store/pd21md892sx8if1sfn5xdrh3pd56ibkq-python3.12-setuptools-83.0.0.drv' to 'ssh-ng://j_kro@sentry'...
copying path '/nix/store/y9xj29xxzmq91c2fqj6hkwrnx2d8lklh-python3.12-vcs-versioning-1.1.1.drv' to 'ssh-ng://j_kro@sentry'...
copying path '/nix/store/8xs5dfbyzgjx5sqvsqv3js97fhc2ssqp-python3.12-setuptools-scm-10.0.5.drv' to 'ssh-ng://j_kro@sentry'...
copying path '/nix/store/01fp8hnzbhc4mmfksnj24adazy8hx388-python3.12-iniconfig-2.3.0.drv' to 'ssh-ng://j_kro@sentry'...
copying path '/nix/store/09kyzliqph8knllmh1pyhimhmyjwfzas-python3.12-pluggy-1.6.0.drv' to 'ssh-ng://j_kro@sentry'...
copying path '/nix/store/j44na9lligfsdjya1h64hc134i9n6qj4-python3.12-editables-0.6.drv' to 'ssh-ng://j_kro@sentry'...
copying path '/nix/store/2g1xqjqdrgq10icl10w7pjgq6pl0phlh-python3.12-calver-2025.10.20.drv' to 'ssh-ng://j_kro@sentry'...
copying path '/nix/store/jkvg7mpkvs7vcybyan7v5pqp2wzqq750-python3.12-trove-classifiers-2026.6.1.19.drv' to 'ssh-ng://j_kro@sentry'...
copying path '/nix/store/j21d2ylmkvqrgfjivn9b2xacxkadfb12-python3.12-hatchling-1.31.0.drv' to 'ssh-ng://j_kro@sentry'...
copying path '/nix/store/pgk1r6k81hkrpq04a92c5vlrfrnbbzp4-python3.12-pygments-2.20.0.drv' to 'ssh-ng://j_kro@sentry'...
copying path '/nix/store/jj6m9i683cnwkk14dac56fad2w19xlq6-python3.12-pytest-9.1.1.drv' to 'ssh-ng://j_kro@sentry'...
copying path '/nix/store/3h0cps9qgcg6lcpislp62rj3fqvxxa0h-pytest-check-hook.drv' to 'ssh-ng://j_kro@sentry'...
copying path '/nix/store/ajacpdpamwpdrfb73n3yq8mb5x59mjhz-python3.12-hatch-vcs-0.5.0.drv' to 'ssh-ng://j_kro@sentry'...
copying path '/nix/store/97mz8jx37y1sm537bphsqhbsx81n27xw-python3.12-scikit-build-core-1.0.2.drv' to 'ssh-ng://j_kro@sentry'...
copying path '/nix/store/c9ha90aid8srpqjyv0jjkh6arnqbkm1b-python3.12-cmake-4.3.4.drv' to 'ssh-ng://j_kro@sentry'...
copying path '/nix/store/gw6cgp52y9qvpsjfb80v3jg232z8dsw9-boost-1.89.0.drv' to 'ssh-ng://j_kro@sentry'...
copying path '/nix/store/raq1s1wb337320lh2yx855xkp45g0jq0-pybind11-setup-hook.drv' to 'ssh-ng://j_kro@sentry'...
copying path '/nix/store/56ajkf9fwrqqs29xp963khf693qp1wym-python3.12-cython-3.2.5.drv' to 'ssh-ng://j_kro@sentry'...
copying path '/nix/store/6jr41rf4djafdfsgr3rv5s25133pp26h-python3.12-typing-extensions-4.16.0.drv' to 'ssh-ng://j_kro@sentry'...
copying path '/nix/store/4llxb06j7izgnvsyxzxb1z0lcn01d235-python3.12-zope-interface-8.2.drv' to 'ssh-ng://j_kro@sentry'...
copying path '/nix/store/a67v7l9i9wxkngvpnr3nmj1j94mhl8vz-python3.12-setuptools-80.10.2.drv' to 'ssh-ng://j_kro@sentry'...
copying path '/nix/store/880fz53m6fww7lslgwwkdqlfjp46091l-python3.12-zope-event-6.2.drv' to 'ssh-ng://j_kro@sentry'...
copying path '/nix/store/5w3lr1blq37hnsxsp0ij5xyhsxbpxn33-python3.12-pycparser-3.00.drv' to 'ssh-ng://j_kro@sentry'...
copying path '/nix/store/b3y33x8spm158n97m9pd7q74k437rfx1-python3.12-cffi-2.1.0.drv' to 'ssh-ng://j_kro@sentry'...
copying path '/nix/store/33blmjk9ma913cgps2dcmaczrm6cvsa3-python3.12-zipp-4.1.0.drv' to 'ssh-ng://j_kro@sentry'...
copying path '/nix/store/nix17jx9am209mkf0gbkx8jmypcml64v-setuptools-build-hook.drv' to 'ssh-ng://j_kro@sentry'...
copying path '/nix/store/87xbysfp10bpphgvchbkngc7jqqcrklb-python3.12-toml-0.10.2.drv' to 'ssh-ng://j_kro@sentry'...
copying path '/nix/store/mr6zrlz5wy6x60wdlprgnjjdb9vd11ps-python3.12-importlib-metadata-9.0.0.drv' to 'ssh-ng://j_kro@sentry'...
copying path '/nix/store/zswz3ilrrd1250hrbarbm36mj7p6d5zh-python3.12-greenlet-3.5.3.drv' to 'ssh-ng://j_kro@sentry'...
copying path '/nix/store/1zsb8zf93s09b26s1p0akg7qamr5qg35-python3.12-gevent-26.5.0.drv' to 'ssh-ng://j_kro@sentry'...
copying path '/nix/store/ij8zzvaxlwfx4iqbl4r30v1m0hpv1q8z-python3.12-execnet-2.1.2.drv' to 'ssh-ng://j_kro@sentry'...
copying path '/nix/store/6265wz33bhx15d307bh3aqrd1b2ddc2v-python3.12-pytest-asyncio-1.4.0.drv' to 'ssh-ng://j_kro@sentry'...
copying path '/nix/store/r6pq6lk0wj23c9kjvncz2wfzcadz33gi-python3.12-ptyprocess-0.7.0.drv' to 'ssh-ng://j_kro@sentry'...
copying path '/nix/store/dsqvvy3hrn8f7wgz6zlamc40gpfkjnbz-python3.12-pexpect-4.9.0.drv' to 'ssh-ng://j_kro@sentry'...
copying path '/nix/store/iyljdkcgcfkqgpxhwph716iyckd3s79v-python3.12-pytest-timeout-2.4.0.drv' to 'ssh-ng://j_kro@sentry'...
copying path '/nix/store/q6d7jzlpc4mba9z39zcnrylxj6czvi0d-python3.12-pytest-mock-3.15.1.drv' to 'ssh-ng://j_kro@sentry'...
copying path '/nix/store/wqq107vdlmdq0n557rnas702skx326hq-python3.12-filelock-3.29.7.drv' to 'ssh-ng://j_kro@sentry'...
copying path '/nix/store/acwv5kzhjagkbfzbnikcyn39s2xm3700-python3.12-pytest-xdist-3.8.0.drv' to 'ssh-ng://j_kro@sentry'...
copying path '/nix/store/s1wv1zmdb21ha6dnxy54dy928i9fjzhy-python3.12-pyproject-metadata-0.12.1.drv' to 'ssh-ng://j_kro@sentry'...
copying path '/nix/store/zdin1ascqm91vnpf0n6fjn24hb17nc90-meson-1.10.2.drv' to 'ssh-ng://j_kro@sentry'...
copying path '/nix/store/v8hhrqs3fladh5g5n92qc3z426749kpa-python3.12-meson-python-0.20.0.drv' to 'ssh-ng://j_kro@sentry'...
copying path '/nix/store/f1s8nnwsmsf310582pqajn3yv29mq7hw-python3.12-syrupy-5.5.3.drv' to 'ssh-ng://j_kro@sentry'...
copying path '/nix/store/ibndxi9fs0hf8mxi1m1yrq0yayinwki8-python3.12-attrs-26.1.0.drv' to 'ssh-ng://j_kro@sentry'...
copying path '/nix/store/wkh7cbzgaqj9arisdcjrzidfr7ay91da-python3.12-sortedcontainers-2.4.0.drv' to 'ssh-ng://j_kro@sentry'...
copying path '/nix/store/wbddh1690s0br71fc5gp6kqna0aal502-python3.12-hypothesis-6.156.1.drv' to 'ssh-ng://j_kro@sentry'...
copying path '/nix/store/s1sh7rn11lw5zqr3wpsll58f3nacvahi-python3.12-numpy-2.5.1.drv' to 'ssh-ng://j_kro@sentry'...
copying path '/nix/store/rd57zw1pncrlclbdgny1bringlyhwjwp-python3.12-pybind11-3.0.4.drv' to 'ssh-ng://j_kro@sentry'...
copying path '/nix/store/0057sjp03dwncax213r37jl9is3gylqv-python3.12-contourpy-1.3.3.drv' to 'ssh-ng://j_kro@sentry'...
copying path '/nix/store/mv5wm6x4dags71gqd2i44ccck9yi1q8z-source.drv' to 'ssh-ng://j_kro@sentry'...
copying path '/nix/store/k39c61x1anhl1zd4xaw0pbl3ypx1ky9h-tomlkit-0.15.0.tar.gz.drv' to 'ssh-ng://j_kro@sentry'...
copying path '/nix/store/21822r124if8yc224cf32qixs1wnd8wc-python3.14-tomlkit-0.15.0.drv' to 'ssh-ng://j_kro@sentry'...
copying path '/nix/store/8b9d8q02zdrwkqlih46nfgd3wmixfsyd-python3-3.14.6-env.drv' to 'ssh-ng://j_kro@sentry'...
copying path '/nix/store/rgvgzpn42zpyrngyb4ackv9ry3ka9yfl-pyproject-version-patch-hook.sh.drv' to 'ssh-ng://j_kro@sentry'...
copying path '/nix/store/00936c12k803nma155jscx228cf2dphf-python3.14-regex-2026.7.11.drv' to 'ssh-ng://j_kro@sentry'...
copying path '/nix/store/rn2vlvsza10xh21c6apr3gg6m063332m-follow-RPCGEN_CPP-env-var.drv' to 'ssh-ng://j_kro@sentry'...
copying path '/nix/store/vzrwlm8q4baj35jl5h789plqyhv0hc6z-source.drv' to 'ssh-ng://j_kro@sentry'...
copying path '/nix/store/00s138xnd08a7rgk4r61wfxxmbqd5f4q-rpcsvc-proto-1.4.4.drv' to 'ssh-ng://j_kro@sentry'...
copying path '/nix/store/00sjbn17qds3p6579pxmd7kfqlfy5n9q-u-msgpack-python-2.8.0.tar.gz.drv' to 'ssh-ng://j_kro@sentry'...
copying path '/nix/store/9rmhpxaj6k6dz7k4kn8drgpyc9qphily-hscolour-1.25.tar.gz.drv' to 'ssh-ng://j_kro@sentry'...
copying path '/nix/store/01glxbn0gzj8qhkcivw3clwk1vfm4v7f-ghc-9.4-llvm-support-16-17-18.patch.drv' to 'ssh-ng://j_kro@sentry'...
copying path '/nix/store/0g279ybn6a8bpayj82qq6h691zn9wxpm-ghc-rts-adjustor-fix-i386-stack-overrun.patch.drv' to 'ssh-ng://j_kro@sentry'...
copying path '/nix/store/43475xqy6gr5v96c1ymdvwr8ccn931pp-ghc-9.10.3-src.tar.xz.drv' to 'ssh-ng://j_kro@sentry'...
copying path '/nix/store/56da5fph95rhm5a8jx8rdwar3bl7h4bk-ghc-ppc-support-elf-v2-on-powerpc64-big-endian.patch.drv' to 'ssh-ng://j_kro@sentry'...
copying path '/nix/store/5hsfvz3v2rdvx72jz9dnv54zz0a8syhb-include-modern-utimbuf.patch.drv' to 'ssh-ng://j_kro@sentry'...
copying path '/nix/store/5ibslb1ghlapmjcl91x8xw7b51z2vq76-enable-ignore-build-platform-mismatch.patch.drv' to 'ssh-ng://j_kro@sentry'...
copying path '/nix/store/9d5mdm7zgiqwfm05c7bg14h3qn682nfm-ghc-rts-Fix-compile-on-powerpc64-elf-v1.patch.drv' to 'ssh-ng://j_kro@sentry'...
copying path '/nix/store/p942kq2jkgk0vj5as15kf52yhs75jmfa-ghc-9.4-llvm-support-20.patch.drv' to 'ssh-ng://j_kro@sentry'...
copying path '/nix/store/px6bf4cgspnlba6gc8cm5m9scf3cd9x0-ghc-9.4-llvm-support-19.patch.drv' to 'ssh-ng://j_kro@sentry'...
copying path '/nix/store/fd2mljw8x32sml75imn8ikiwjn6nmjd0-ghc-9.10.3-source.drv' to 'ssh-ng://j_kro@sentry'...
copying path '/nix/store/4dv35vl112ppbh7q46c8k9i14nq4xqah-ghc-9.8.4-x86_64-deb11-linux.tar.xz.drv' to 'ssh-ng://j_kro@sentry'...
copying path '/nix/store/k95wmlhj3bpl6gcz6iir9pxj460z43wv-ghc-binary-9.8.4.drv' to 'ssh-ng://j_kro@sentry'...
copying path '/nix/store/lfnly483icbsyk9n7i7wcwsxfhl6ap7m-haskell-generic-builder-test-wrapper.sh.drv' to 'ssh-ng://j_kro@sentry'...
copying path '/nix/store/6avkss8pv42wla6nj9l0p5phmglaxsyq-hscolour-1.25.drv' to 'ssh-ng://j_kro@sentry'...
copying path '/nix/store/rzm5p3q44i5l5k3simxscin83mwq0znc-happy-lib-2.1.7.tar.gz.drv' to 'ssh-ng://j_kro@sentry'...
copying path '/nix/store/4s63mz0hyxg34fax3ys4w6smk5a1mdyh-happy-lib-2.1.7.drv' to 'ssh-ng://j_kro@sentry'...
copying path '/nix/store/dg8s7p4h22bxch0lg63nmr5g9xkszv8i-happy-2.1.7.tar.gz.drv' to 'ssh-ng://j_kro@sentry'...
copying path '/nix/store/jkf5ja9ji60czw3mr5cr6lfqa6yli0nl-happy-2.1.7.drv' to 'ssh-ng://j_kro@sentry'...
copying path '/nix/store/nkglqlnn1nqq270qgixx1b2axf4648b3-alex-3.5.4.2.tar.gz.drv' to 'ssh-ng://j_kro@sentry'...
copying path '/nix/store/irpapg27z00q15rqs2ggkksnrmgq25h2-alex-3.5.4.2.drv' to 'ssh-ng://j_kro@sentry'...
copying path '/nix/store/nvkcqygfvkkz2iirqi1qszxip6qp2qfp-ghc-settings-edit-0.1.0.drv' to 'ssh-ng://j_kro@sentry'...
copying path '/nix/store/zsxz55wvf4pj5qdadcz19vqi4sb2xnmi-ghc-platform-9.10.3.drv' to 'ssh-ng://j_kro@sentry'...
copying path '/nix/store/03vsh7kwdmjblrx5ffjdiprggdbi8m45-ghc-toolchain-9.10.3.drv' to 'ssh-ng://j_kro@sentry'...
copying path '/nix/store/gh4bhz3kiq68l573c40c1mv1zhcfz6xd-cryptohash-sha256-0.11.102.1.tar.gz.drv' to 'ssh-ng://j_kro@sentry'...
copying path '/nix/store/z1ahx23xyznpgmdihwfl1bifkky7b82n-cryptohash-sha256-0.11.102.1-r6.cabal.drv' to 'ssh-ng://j_kro@sentry'...
copying path '/nix/store/2hir22lv8cp9623xh36h67wl749gs016-cryptohash-sha256-0.11.102.1.drv' to 'ssh-ng://j_kro@sentry'...
copying path '/nix/store/8cpamhm5nd4vcd847nw9qbjws2ah0ryj-base16-bytestring-1.0.2.0-r1.cabal.drv' to 'ssh-ng://j_kro@sentry'...
copying path '/nix/store/r2wmqvyg49yyjn5ihqlihjqjd5bch8lf-base16-bytestring-1.0.2.0.tar.gz.drv' to 'ssh-ng://j_kro@sentry'...
copying path '/nix/store/4d4j0ic9h4q0jjp9ih6kgh2gav5ijabq-base16-bytestring-1.0.2.0.drv' to 'ssh-ng://j_kro@sentry'...
copying path '/nix/store/afgajyykyhjx7419hzkpcxy3nyr30qk6-UserSettings.hs.drv' to 'ssh-ng://j_kro@sentry'...
copying path '/nix/store/l2ra995kgk3bcr98f3d3kc1kw48fmmvq-js-flot-0.8.3.tar.gz.drv' to 'ssh-ng://j_kro@sentry'...
copying path '/nix/store/68xbbz8bkvyk89dnfvpp9jwxk0600jr6-js-flot-0.8.3.drv' to 'ssh-ng://j_kro@sentry'...
copying path '/nix/store/i27ih0g1ws7433jy1133d2z7vwhb76d5-splitmix-0.1.3.2.tar.gz.drv' to 'ssh-ng://j_kro@sentry'...
copying path '/nix/store/1aikvxwaq5jdxazc0ky2qgrqdcpcn2sy-splitmix-0.1.3.2.drv' to 'ssh-ng://j_kro@sentry'...
copying path '/nix/store/z0cr293r1ipvgnwjj8zg9qdywd2j2kjn-random-1.2.1.3.tar.gz.drv' to 'ssh-ng://j_kro@sentry'...
copying path '/nix/store/8rhd20c9lppq4sx1fr8cgaq7wv5w12d8-random-1.2.1.3.drv' to 'ssh-ng://j_kro@sentry'...
copying path '/nix/store/4lanhxahf6h7hp7ypangv8zmawaxrvyw-js-dgtable-0.5.2.tar.gz.drv' to 'ssh-ng://j_kro@sentry'...
copying path '/nix/store/g3wi660s4j8yd7xrfn5s10mrfdyw7mn6-js-dgtable-0.5.2.drv' to 'ssh-ng://j_kro@sentry'...
copying path '/nix/store/31gcwya9dgixy5m35v0x1d6kx8hc67d4-js-jquery-3.7.1.tar.gz.drv' to 'ssh-ng://j_kro@sentry'...
copying path '/nix/store/kn78mlzz4cd8s93ni1yj37mvjykjgd71-js-jquery-3.7.1.drv' to 'ssh-ng://j_kro@sentry'...
copying path '/nix/store/4031lxj3bivx6vma0ar6757aram37rwq-utf8-string-1.0.2.tar.gz.drv' to 'ssh-ng://j_kro@sentry'...
copying path '/nix/store/mkryzkn5qcmahhk9ha5xpsvmmqz2mn7q-utf8-string-1.0.2.drv' to 'ssh-ng://j_kro@sentry'...
copying path '/nix/store/p746cflwzhl325s0v0zmwl5mgbw507cd-extra-1.8.1.tar.gz.drv' to 'ssh-ng://j_kro@sentry'...
copying path '/nix/store/20jyagcgl3zaxryfyiw6356ymzgg9jha-clock-0.8.4.tar.gz.drv' to 'ssh-ng://j_kro@sentry'...
copying path '/nix/store/pqbdq39cljmx2w5xkyg79d4k495k5v1f-clock-0.8.4.drv' to 'ssh-ng://j_kro@sentry'...
copying path '/nix/store/qy6nrkbbp7ac3mk39mq13zm103hpjf2v-extra-1.8.1.drv' to 'ssh-ng://j_kro@sentry'...
copying path '/nix/store/lpclikgkc6kvvnhalg9zhv53ajmy62fm-heaps-0.4.1.tar.gz.drv' to 'ssh-ng://j_kro@sentry'...
copying path '/nix/store/scxrhd763nfma48pk0y703dg4gqa6zwx-heaps-0.4.1.drv' to 'ssh-ng://j_kro@sentry'...
copying path '/nix/store/b0s6bn3vsj7x2ylyr1jairy52mikmlfm-unordered-containers-0.2.20.1.tar.gz.drv' to 'ssh-ng://j_kro@sentry'...
copying path '/nix/store/7dqmpiibpcx2klshlbm0ym60wb1dryfc-os-string-2.0.10.tar.gz.drv' to 'ssh-ng://j_kro@sentry'...
copying path '/nix/store/r7gkj9p7q1qywgwswiim4zraxr6s05na-os-string-2.0.10.drv' to 'ssh-ng://j_kro@sentry'...
copying path '/nix/store/riqgkdpndlfgvyicwi0p85sz16s401a7-hashable-1.5.1.0.tar.gz.drv' to 'ssh-ng://j_kro@sentry'...
copying path '/nix/store/xx6x1ivssjn6ybmx86wnbjy65840rinc-hashable-1.5.1.0.drv' to 'ssh-ng://j_kro@sentry'...
copying path '/nix/store/xbpm8y7mjvsh293qz1cx4bksnzm3y2vd-unordered-containers-0.2.20.1.drv' to 'ssh-ng://j_kro@sentry'...
copying path '/nix/store/ab6c4dcasi8q3906y669lz1jpi6lmc7p-primitive-0.9.1.0.tar.gz.drv' to 'ssh-ng://j_kro@sentry'...
copying path '/nix/store/p1xsvqv1bpbdgq5yfwbys28q4fb21sk7-primitive-0.9.1.0-r1.cabal.drv' to 'ssh-ng://j_kro@sentry'...
copying path '/nix/store/z4gw0w1b32nr4v37rarcanl3hxmm1inv-primitive-0.9.1.0.drv' to 'ssh-ng://j_kro@sentry'...
copying path '/nix/store/z61kbba7vccq5xxqqk0vw98a5qd9ca9z-shake-0.19.9.tar.gz.drv' to 'ssh-ng://j_kro@sentry'...
copying path '/nix/store/28xws4f91046qsxirmb6c6s88ahjxhav-filepattern-0.1.3.tar.gz.drv' to 'ssh-ng://j_kro@sentry'...
copying path '/nix/store/zlqkshr9y4x597m31l9nllragc9jrlil-filepattern-0.1.3.drv' to 'ssh-ng://j_kro@sentry'...
copying path '/nix/store/c45mr8w24irraqh8dijqnscrx4pbchmp-shake-0.19.9.drv' to 'ssh-ng://j_kro@sentry'...
copying path '/nix/store/q2himzvxbyzm09x1x5gqhgkz5ir6np9r-hadrian-9.10.3.drv' to 'ssh-ng://j_kro@sentry'...
copying path '/nix/store/z9h5cfbkfqhvivsq8j9m73zqqzkj5807-hscolour-1.25.drv' to 'ssh-ng://j_kro@sentry'...
copying path '/nix/store/hax0r2v353k30y323fncyfajx4swhz5d-ghc-9.10.3.drv' to 'ssh-ng://j_kro@sentry'...
copying path '/nix/store/4mnl67li0np5gvi0kr1pw5hx2qixqxl7-hscolour-1.25.drv' to 'ssh-ng://j_kro@sentry'...
copying path '/nix/store/91h2sg3rlddc7j6whcax8fcy55wbk24x-mtl-compat-0.2.2.tar.gz.drv' to 'ssh-ng://j_kro@sentry'...
copying path '/nix/store/00sp0s5bqpsfl5nnpy3qy2187rnzn8bn-mtl-compat-0.2.2.drv' to 'ssh-ng://j_kro@sentry'...
copying path '/nix/store/lil7b60s8gpxn1ahgkddry61763b0any-pub-stream_channel-2.1.4.tar.gz.drv' to 'ssh-ng://j_kro@sentry'...
copying path '/nix/store/00xjqf6cn7gw6gb1pm17vca1bnriqw5v-pub-stream_channel-2.1.4.drv' to 'ssh-ng://j_kro@sentry'...
copying path '/nix/store/pkkqa0b4f9a821sdvbq4qfk91famzviv-crate-libc-0.2.177.tar.gz.drv' to 'ssh-ng://j_kro@sentry'...
copying path '/nix/store/00zqshgzjp76bp0lxwxmy38k0shiavrx-libc-0.2.177.drv' to 'ssh-ng://j_kro@sentry'...
copying path '/nix/store/90ycwxp6vjnnynaznybryw4kjcd6098v-source.drv' to 'ssh-ng://j_kro@sentry'...
copying path '/nix/store/02aij3l99z7vggl38ls96x9yzp0lnk8j-python3.14-tornado-6.5.7.drv' to 'ssh-ng://j_kro@sentry'...
copying path '/nix/store/fd2v3kp9m4vilxh409b36rpqm252d24h-tdb-1.4.15.tar.gz.drv' to 'ssh-ng://j_kro@sentry'...
copying path '/nix/store/1jfb2z6y271g09p433vspk8ziphzq8cg-tdb-1.4.15.drv' to 'ssh-ng://j_kro@sentry'...
copying path '/nix/store/8i3klj8psh10pd6msli8xn7q8v933vd0-talloc-2.4.4.tar.gz.drv' to 'ssh-ng://j_kro@sentry'...
copying path '/nix/store/6k3psaklk8d42yqx9rvakbsv21bir3ka-talloc-2.4.4.drv' to 'ssh-ng://j_kro@sentry'...
copying path '/nix/store/fmfpzcxn8z6wpqa669gxyy4ychj2cin0-ldb-2.9.2.tar.gz.drv' to 'ssh-ng://j_kro@sentry'...
copying path '/nix/store/kc2v1wp9ysmx6hscvbgrvn7kc1l0688z-tevent-0.17.1.tar.gz.drv' to 'ssh-ng://j_kro@sentry'...
copying path '/nix/store/jnywqpzkpaqh15x00r3ffqypxg2m8s69-tevent-0.17.1.drv' to 'ssh-ng://j_kro@sentry'...
copying path '/nix/store/02cl4m3ymn0wc979nrkj6qh4crcvxawp-ldb-2.9.2.drv' to 'ssh-ng://j_kro@sentry'...
copying path '/nix/store/45ynx7pajriwxb2xk2kjzwspjnlnsp9q-QuickCheck-2.15.0.1.tar.gz.drv' to 'ssh-ng://j_kro@sentry'...
copying path '/nix/store/hmd4g9fqnzm5p84vs6b2a1m7j7wwzgf6-splitmix-0.1.3.2.drv' to 'ssh-ng://j_kro@sentry'...
copying path '/nix/store/ildfwngjdq9zkicwacv2k2g8lx7ghxb4-QuickCheck-2.15.0.1-r1.cabal.drv' to 'ssh-ng://j_kro@sentry'...
copying path '/nix/store/qanflb661h2km2f1v2a7qmc42ld58jia-random-1.2.1.3.drv' to 'ssh-ng://j_kro@sentry'...
copying path '/nix/store/58gj6yb9ii3pqfrzjm556kvd4g42cyng-QuickCheck-2.15.0.1.drv' to 'ssh-ng://j_kro@sentry'...
copying path '/nix/store/h5k9m4fyj79m4rc178509m5jh43jgy9x-tasty-quickcheck-0.11.1-r5.cabal.drv' to 'ssh-ng://j_kro@sentry'...
copying path '/nix/store/jdd2f3vn6xz4lyzn4y8y8jsyck15qq07-tasty-1.5.4.tar.gz.drv' to 'ssh-ng://j_kro@sentry'...
copying path '/nix/store/3f9mfsr7rgggvbi958lfbgwz7lb72xyn-optparse-applicative-0.18.1.0-r1.cabal.drv' to 'ssh-ng://j_kro@sentry'...
copying path '/nix/store/528230j8sg9lhv6dzaf4vvd8jwqhzi9i-optparse-applicative-0.18.1.0.tar.gz.drv' to 'ssh-ng://j_kro@sentry'...
copying path '/nix/store/8179614pw91wzsz1ayd43hwgf20mxkzw-transformers-compat-0.7.2.tar.gz.drv' to 'ssh-ng://j_kro@sentry'...
copying path '/nix/store/7h8hkv977h1wddfvw27n0kk37f80narq-transformers-compat-0.7.2.drv' to 'ssh-ng://j_kro@sentry'...
copying path '/nix/store/nixmiazxbi8nn4bhnwhjb7n9ilxvrvqn-prettyprinter-ansi-terminal-1.1.3.tar.gz.drv' to 'ssh-ng://j_kro@sentry'...
copying path '/nix/store/gqbx5mr6cskw81668iyfh7nbmp0bs0pa-colour-2.3.7.tar.gz.drv' to 'ssh-ng://j_kro@sentry'...
copying path '/nix/store/9b1r4h54lwl1i2qadq9g3zwpqia6iq5s-colour-2.3.7.drv' to 'ssh-ng://j_kro@sentry'...
copying path '/nix/store/iildvr2v7hrg32qr0my4kw6zia4krang-ansi-terminal-types-1.1.3.tar.gz.drv' to 'ssh-ng://j_kro@sentry'...
copying path '/nix/store/hq3ijk27m5yggmrvyqi0wj1c3s1q97iq-ansi-terminal-types-1.1.3.drv' to 'ssh-ng://j_kro@sentry'...
copying path '/nix/store/nppcrgfn0xfcahbkh2ndrrn8hh9y0c26-ansi-terminal-1.1.5.tar.gz.drv' to 'ssh-ng://j_kro@sentry'...
copying path '/nix/store/pk9qhgf7c5l6vjqfqr6cmy062hq94fgb-ansi-terminal-1.1.5.drv' to 'ssh-ng://j_kro@sentry'...
copying path '/nix/store/vgwrfjnb9v8l2vq2qpjsg1wz7s2s7s6p-prettyprinter-1.7.1.tar.gz.drv' to 'ssh-ng://j_kro@sentry'...
copying path '/nix/store/za21apywq98hiby0v1r1yh1bx8i6pi0g-prettyprinter-1.7.1.drv' to 'ssh-ng://j_kro@sentry'...
copying path '/nix/store/92p7rp4dcjp5454qbyagfaca0swwv0am-prettyprinter-ansi-terminal-1.1.3.drv' to 'ssh-ng://j_kro@sentry'...
copying path '/nix/store/m12iyyrsvaf2f4axs0jjdpav0x4h8szs-optparse-applicative-0.18.1-allow-QuickCheck-2.15.patch.drv' to 'ssh-ng://j_kro@sentry'...
copying path '/nix/store/mj7jrbyf8v91xsipvr6vm588cdxnbxf6-optparse-applicative-0.18.1.0.drv' to 'ssh-ng://j_kro@sentry'...
copying path '/nix/store/qarwnxl2nx2in5s4xncj8rx3j0rx9gjc-tagged-0.8.9.tar.gz.drv' to 'ssh-ng://j_kro@sentry'...
copying path '/nix/store/wkjviympc0ka35fw0fd2kbja4jwfilny-tagged-0.8.9.drv' to 'ssh-ng://j_kro@sentry'...
copying path '/nix/store/j52g1xcdcjvyyd0hz0k22x08bv6a1bfb-tasty-1.5.4.drv' to 'ssh-ng://j_kro@sentry'...
copying path '/nix/store/vc9al5p9ibnrgfzmbnavv05cpbpymyys-tasty-quickcheck-0.11.1.tar.gz.drv' to 'ssh-ng://j_kro@sentry'...
copying path '/nix/store/8464jxicc9c40wbhapia69jy6s7lwb7x-tasty-quickcheck-0.11.1.drv' to 'ssh-ng://j_kro@sentry'...
copying path '/nix/store/c96yp94z0cpba9vw3w4srbrn9ssgm6rx-cookie-0.5.1.tar.gz.drv' to 'ssh-ng://j_kro@sentry'...
copying path '/nix/store/63gqflrfm9ys9cg54512qk201g8krrx6-data-default-0.8.0.2.tar.gz.drv' to 'ssh-ng://j_kro@sentry'...
copying path '/nix/store/k0xslj58x1c0kddyjh1nzn41z3j3inhp-data-default-0.8.0.2.drv' to 'ssh-ng://j_kro@sentry'...
copying path '/nix/store/ny9vxcdfg59r01sq078xgi9is8b38qqg-data-default-class-0.2.0.0.tar.gz.drv' to 'ssh-ng://j_kro@sentry'...
copying path '/nix/store/jiy1h56n3hnwaykdqgybl9f1gvw906g8-data-default-class-0.2.0.0.drv' to 'ssh-ng://j_kro@sentry'...
copying path '/nix/store/abvpiihzrni1p9gyvsnv2f826ypy8gkp-call-stack-tests-normalize-pkg-name.patch.drv' to 'ssh-ng://j_kro@sentry'...
copying path '/nix/store/5sk7l9p0jssa7v71wfdddi1la68k4s7j-nanospec-0.2.2.tar.gz.drv' to 'ssh-ng://j_kro@sentry'...
copying path '/nix/store/blydykwi7kl23kshljcbmymx25wqjn9g-nanospec-0.2.2.drv' to 'ssh-ng://j_kro@sentry'...
copying path '/nix/store/x6yayf4dz14rxsnklzk8phribch83lv2-call-stack-0.4.0.tar.gz.drv' to 'ssh-ng://j_kro@sentry'...
copying path '/nix/store/bmy7d22pr1z8glza53jns670x2iwgp2y-call-stack-0.4.0.drv' to 'ssh-ng://j_kro@sentry'...
copying path '/nix/store/hj49p4dljxfgv2sizgq87xbj1759cvr5-tasty-hunit-0.10.2.tar.gz.drv' to 'ssh-ng://j_kro@sentry'...
copying path '/nix/store/rk7kry5g9y2p7ynvg9r78r0mf7nzipv9-tasty-hunit-0.10.2.drv' to 'ssh-ng://j_kro@sentry'...
copying path '/nix/store/qdss941lcxg98krgh38w1ywpcz4z29z1-HUnit-1.6.2.0.tar.gz.drv' to 'ssh-ng://j_kro@sentry'...
copying path '/nix/store/wj94fvrdzlfvsxz83d9asw2pjhdwcr0s-HUnit-1.6.2.0.drv' to 'ssh-ng://j_kro@sentry'...
copying path '/nix/store/02cw96dky1iaq7vjfcfkyijzv05l5dbx-cookie-0.5.1.drv' to 'ssh-ng://j_kro@sentry'...
copying path '/nix/store/02jghbdnz07ll36v8s56lsw5rnxn6r6q-ghostscript-fonts-std-8.11.tar.gz.drv' to 'ssh-ng://j_kro@sentry'...
copying path '/nix/store/02lv0qj7wqc0p6sah7d9cxw560qqwjck-crate-tracing-0.1.44.tar.gz.drv' to 'ssh-ng://j_kro@sentry'...
copying path '/nix/store/z56iavirxkz2bwdhysf6xxdjjqq427z2-iso-codes-v4.20.1.tar.gz.drv' to 'ssh-ng://j_kro@sentry'...
copying path '/nix/store/32xj0ps0fxmli1ygj8yja6r13570b86i-iso-codes-4.20.1.drv' to 'ssh-ng://j_kro@sentry'...
copying path '/nix/store/lvbyj0zh48jw57as1avpbi583nrgqd8z-libXv-1.0.13.tar.xz.drv' to 'ssh-ng://j_kro@sentry'...
copying path '/nix/store/36vz0rv99r32mnfinfy9jl4j4m7sk4za-libxv-1.0.13.drv' to 'ssh-ng://j_kro@sentry'...
copying path '/nix/store/0q6ln3xdlh3fjwvldqx58i9j77n5v4jk-fixing-fprintf.patch.drv' to 'ssh-ng://j_kro@sentry'...
copying path '/nix/store/4i4r0p6q0zrny25xw5znnb5n8fr6v9lk-patch-interface_common__interface.c.drv' to 'ssh-ng://j_kro@sentry'...
copying path '/nix/store/7mcb71w876kf4kv6v8p23bbpyyd03lvs-patch-interface_scsi__interface.c.drv' to 'ssh-ng://j_kro@sentry'...
copying path '/nix/store/7zzcbl8hp7g1mbawdlbkaghpcvj7irlc-patch-interface_interface.c.drv' to 'ssh-ng://j_kro@sentry'...
copying path '/nix/store/an8vbhcvxrhai2d4p3igiln72smza5zx-patch-interface_cooked__interface.c.drv' to 'ssh-ng://j_kro@sentry'...
copying path '/nix/store/dhqjlf2a5v510p4hyl4x8xq8mghvylrv-02-ide-devices.patch.drv' to 'ssh-ng://j_kro@sentry'...
copying path '/nix/store/dqg5q3qwhgl8d0bjsn1z0jk06f3wlcry-04-endian.patch.drv' to 'ssh-ng://j_kro@sentry'...
copying path '/nix/store/gg32rzzd6mrrigcrrqk41nn15rgbpvc0-patch-interface_cdda__interface.h.drv' to 'ssh-ng://j_kro@sentry'...
copying path '/nix/store/gxv46jibfs9ss137a73xj9419xagfgi5-fixing-labs.patch.drv' to 'ssh-ng://j_kro@sentry'...
copying path '/nix/store/kg5mizm5l3i2xg1gfayd5pwhyybnpd84-patch-interface_scan__devices.c.drv' to 'ssh-ng://j_kro@sentry'...
copying path '/nix/store/q99wdvs702v8p8xlk1cwxaq3km14c76j-patch-interface_low__interface.h.drv' to 'ssh-ng://j_kro@sentry'...
copying path '/nix/store/w75b4v4bbbyaf8xzqzrdh81pwwgb1d3y-cdparanoia-III-10.2.src.tgz.drv' to 'ssh-ng://j_kro@sentry'...
copying path '/nix/store/ypgvg9v9smg4s51imsqicn4sh50fqrl1-patch-Makefile.in.drv' to 'ssh-ng://j_kro@sentry'...
copying path '/nix/store/3yyw5y4p6j0skyqvy5xakvx4dach8z7d-cdparanoia-iii-10.2.drv' to 'ssh-ng://j_kro@sentry'...
copying path '/nix/store/zkhgrsf39x044sz8l0cn466jmp238000-libXi-1.8.3.tar.xz.drv' to 'ssh-ng://j_kro@sentry'...
copying path '/nix/store/4cvr7l0nrc7pd5r7gx7qkd70rh6fxg7y-libxi-1.8.3.drv' to 'ssh-ng://j_kro@sentry'...
copying path '/nix/store/63579c3rm1ab5wlx3pppc0650bvky7h3-orc-0.4.42.tar.xz.drv' to 'ssh-ng://j_kro@sentry'...
copying path '/nix/store/8qim32rhjqi80g780yamspxvgrkdz6ia-orc-0.4.42.drv' to 'ssh-ng://j_kro@sentry'...
copying path '/nix/store/xbd64j5rcizmrsapfii9rkpzil63a6v4-wayland-protocols-1.49.tar.xz.drv' to 'ssh-ng://j_kro@sentry'...
copying path '/nix/store/ajm414281sm3k9g54f368xil7gr9wip2-wayland-protocols-1.49.drv' to 'ssh-ng://j_kro@sentry'...
copying path '/nix/store/nb480fhk4aa5hsvjmgk8fa7h3wc44ga8-source.drv' to 'ssh-ng://j_kro@sentry'...
copying path '/nix/store/jqclnpx1h42pms15hgs9s58vqq7lgdff-libogg-1.3.6.tar.xz.drv' to 'ssh-ng://j_kro@sentry'...
copying path '/nix/store/npch5lh75hhwf64c23jfj16xlb58lvwk-libogg-1.3.6.drv' to 'ssh-ng://j_kro@sentry'...
copying path '/nix/store/bzl04xx7753fl6pdbm868svsz7v3lp43-tremor-unstable-2018-03-16.drv' to 'ssh-ng://j_kro@sentry'...
copying path '/nix/store/mk819lrf44zzzqdbls7alvf7aqj7f6il-gst-plugins-base-1.28.4.tar.xz.drv' to 'ssh-ng://j_kro@sentry'...
copying path '/nix/store/09m1csr9wxh3k68c0v3fcgphp56fqpw5-alsa-topology-conf-1.2.5.1.tar.bz2.drv' to 'ssh-ng://j_kro@sentry'...
copying path '/nix/store/kay8xm1p4p47p813dc6ng295m7m3ccyy-alsa-topology-conf-1.2.5.1.drv' to 'ssh-ng://j_kro@sentry'...
copying path '/nix/store/a2jmil16nnlbcd0cys6kfqi4226af4g6-alsa-ucm-conf-1.2.16.1.tar.bz2.drv' to 'ssh-ng://j_kro@sentry'...
copying path '/nix/store/rm7c9wyqaaks8yc03qvyrhic66mly7ga-alsa-ucm-conf-1.2.16.1.drv' to 'ssh-ng://j_kro@sentry'...
copying path '/nix/store/wpgjl486xvkiy3salfffq4dwg9lwbdvk-alsa-lib-1.2.16.1.tar.bz2.drv' to 'ssh-ng://j_kro@sentry'...
copying path '/nix/store/nx9i6a7is5szym4mi5dx99x68cp2h3p5-alsa-lib-1.2.16.1.drv' to 'ssh-ng://j_kro@sentry'...
copying path '/nix/store/jhw01b9vzv6isv8lcxwhbzcqvwv71kz2-fribidi-1.0.16.tar.xz.drv' to 'ssh-ng://j_kro@sentry'...
copying path '/nix/store/7nwv95gv65ivpp1idri0z0gws5ciy2pc-fribidi-1.0.16.drv' to 'ssh-ng://j_kro@sentry'...
copying path '/nix/store/lah2kmrzz0gi7b85ykas6qyasqpf5kzk-harfbuzz-13.2.1.tar.xz.drv' to 'ssh-ng://j_kro@sentry'...
copying path '/nix/store/0wsxchmaavp9sjggpa53xcx7i6mcrihh-zopfli-0.4.0.tar.gz.drv' to 'ssh-ng://j_kro@sentry'...
copying path '/nix/store/dxp98bbr7pqy98hmp6i23glrl26ia142-zopfli-1.0.3-src.drv' to 'ssh-ng://j_kro@sentry'...
copying path '/nix/store/d028jhxiivzhvd8n0hxkk8r5mx8grisi-zopfli-1.0.3.drv' to 'ssh-ng://j_kro@sentry'...
copying path '/nix/store/6bawa4v6hmbchicj4yv8br62bb0b6kkm-python3.14-zopfli-0.4.0.drv' to 'ssh-ng://j_kro@sentry'...
copying path '/nix/store/6m5hfyxrljm02j99z9m9fnwqnibwgx5i-add-bin-to-path-hook.drv' to 'ssh-ng://j_kro@sentry'...
copying path '/nix/store/pzbmqfad8c0dwnn18vlk2c2li3qb6i31-source.drv' to 'ssh-ng://j_kro@sentry'...
copying path '/nix/store/52skjyl3fg9337d4g1r0arn31g6m433q-source.drv' to 'ssh-ng://j_kro@sentry'...
copying path '/nix/store/a480mxjd6sw8crdrqpd17jw6jmqaaxnp-appdirs-1.4.4.tar.gz.drv' to 'ssh-ng://j_kro@sentry'...
copying path '/nix/store/4by672y72ziirz7kkx75fxa24jlkpj94-python3.14-appdirs-1.4.4.drv' to 'ssh-ng://j_kro@sentry'...
copying path '/nix/store/m2f0pfqz6rxx4ybzznanzc520jfyvzk6-source.drv' to 'ssh-ng://j_kro@sentry'...
copying path '/nix/store/8jhhv7lg3vqim3rmc2xvcshjawadscwa-python3.14-platformdirs-4.10.0.drv' to 'ssh-ng://j_kro@sentry'...
copying path '/nix/store/9yjb83k0yahb9sws42rx2svw4bqr8s3a-source.drv' to 'ssh-ng://j_kro@sentry'...
copying path '/nix/store/vlvly1y6y4412sssfzzawpw2mqw7cdjl-source.drv' to 'ssh-ng://j_kro@sentry'...
copying path '/nix/store/nsas6rnb1jjmy8dw0j619vgnr44mdaby-python3.14-tokenize-rt-6.2.0.drv' to 'ssh-ng://j_kro@sentry'...
copying path '/nix/store/w9iamcxmqngzs422h7qmghanrby7w5bn-source.drv' to 'ssh-ng://j_kro@sentry'...
copying path '/nix/store/bbvxakr2jh5z1w59nd75pdf8fdwab5jq-python3.14-time-machine-3.2.0.drv' to 'ssh-ng://j_kro@sentry'...
copying path '/nix/store/801nwxz69l7nkqg2il6pslpgc1rq9cik-flaky-3.8.1.tar.gz.drv' to 'ssh-ng://j_kro@sentry'...
copying path '/nix/store/gsry26vk0xw61iqs1wjsd068lysvldv8-python3.14-flaky-3.8.1.drv' to 'ssh-ng://j_kro@sentry'...
copying path '/nix/store/bjfl98l8nqc2blxngclqjrwvsmlb4xzj-distlib-0.4.0.tar.gz.drv' to 'ssh-ng://j_kro@sentry'...
copying path '/nix/store/m235z628b6jdd88qaxm6qjdhlfp9iljx-python3.14-distlib-0.4.0.drv' to 'ssh-ng://j_kro@sentry'...
copying path '/nix/store/ckp6gvli4hrkmdpg285qh7il4nmbz7w4-source.drv' to 'ssh-ng://j_kro@sentry'...
copying path '/nix/store/vjfy9jl49hr6aqnmd9xcvgwfzjgrh075-python3.14-python-discovery-1.4.2.drv' to 'ssh-ng://j_kro@sentry'...
copying path '/nix/store/mn8g44aadlpwabwpczavvviyix1k7bic-python3.14-virtualenv-21.6.1.drv' to 'ssh-ng://j_kro@sentry'...
copying path '/nix/store/wnk2lrakadgyk7mmfywqwcvj5rhi351r-python3.14-pytest-cov-stub-1.0.0.drv' to 'ssh-ng://j_kro@sentry'...
copying path '/nix/store/qkf9anir42vm1z7kisi3z7jwgi7b7ayb-python3.14-poetry-core-2.4.1.drv' to 'ssh-ng://j_kro@sentry'...
copying path '/nix/store/ylm38qc4sbyryng4w9ci26vnmb808d71-python3.14-pkgconfig-1.5.5.drv' to 'ssh-ng://j_kro@sentry'...
copying path '/nix/store/8hqfhpy9rr1kzgd9vk8kk5vsvvvdivl0-python3.14-brotli-1.2.0.drv' to 'ssh-ng://j_kro@sentry'...
copying path '/nix/store/b17s1gv9kriwfk743vzff0439q3zi8x8-source.drv' to 'ssh-ng://j_kro@sentry'...
copying path '/nix/store/khxz910lwmbv7a74r458h4psfssdyjcj-python3.14-uharfbuzz-0.53.2.drv' to 'ssh-ng://j_kro@sentry'...
copying path '/nix/store/vai9g8i51lh3x5sdgcs3b3025gw316zh-source.drv' to 'ssh-ng://j_kro@sentry'...
copying path '/nix/store/hyda514iprmkhcqxd487xnf634qs5cb0-python3.14-ninja-1.13.2.drv' to 'ssh-ng://j_kro@sentry'...
copying path '/nix/store/phr6sl6d7allxg4b4f5cd0g2m0w17wvk-skia_pathops-0.9.2.tar.gz.drv' to 'ssh-ng://j_kro@sentry'...
copying path '/nix/store/f2m79xrfl7nvbd0glcs6kz3jy4mp6js9-gn-6e8dcde.drv' to 'ssh-ng://j_kro@sentry'...
copying path '/nix/store/pxxfdzmp26lqnrdyqsm61l8z62s6rnir-gn-0-unstable-2026-04-01.drv' to 'ssh-ng://j_kro@sentry'...
copying path '/nix/store/z84dyzzbgvh5cck51qmra6ss628fwa16-python3.14-skia-pathops-0.9.2.drv' to 'ssh-ng://j_kro@sentry'...
copying path '/nix/store/l9n5yi9ryb3ni3l2l9264bjiqa96j521-python3.14-fonttools-4.63.0.drv' to 'ssh-ng://j_kro@sentry'...
copying path '/nix/store/2y6dc64xnnv7p9zc4arf0162kccwylwr-python3-3.14.6-env.drv' to 'ssh-ng://j_kro@sentry'...
copying path '/nix/store/yr4zc54h47sd66kzp0dk31zf8slcy3wz-graphite2-1.3.15.tgz.drv' to 'ssh-ng://j_kro@sentry'...
copying path '/nix/store/mxxj9asr6ka1jsmgd2vg4zls6rgp2rm3-graphite2-1.3.15.drv' to 'ssh-ng://j_kro@sentry'...
copying path '/nix/store/bdidsh1mxd7wgwy24rzl7qr8flnrl1g6-harfbuzz-13.2.1.drv' to 'ssh-ng://j_kro@sentry'...
copying path '/nix/store/p8h0sjf40vq0ixlyhg2pd7yb63fbljjy-source.drv' to 'ssh-ng://j_kro@sentry'...
copying path '/nix/store/8vwkbh64rxjikcsffpy53djgzm4x6nfb-freefont-ttf-20120503.drv' to 'ssh-ng://j_kro@sentry'...
copying path '/nix/store/c8ik0ac2hx8zvh8qcvk6kxc5qbii03y1-fonts.conf.drv' to 'ssh-ng://j_kro@sentry'...
copying path '/nix/store/7z5vf63hzy1gysryk08b1yjwga6798ni-libXft-2.3.9.tar.xz.drv' to 'ssh-ng://j_kro@sentry'...
copying path '/nix/store/fpd4fj2q7wbwx6sfw0ii91068xfggv5x-libxft-2.3.9.drv' to 'ssh-ng://j_kro@sentry'...
copying path '/nix/store/pw49d2h6iydzqg62xypyq34mxcfnpf5g-libthai-0.1.30.tar.xz.drv' to 'ssh-ng://j_kro@sentry'...
copying path '/nix/store/bbcrwgvbbbqi72dr93992irjykj3s72c-source.drv' to 'ssh-ng://j_kro@sentry'...
copying path '/nix/store/s9ps08ir41iajl3sn2w36i8ywqrwk9rg-libdatrie-2019-12-20.drv' to 'ssh-ng://j_kro@sentry'...
copying path '/nix/store/k3aq7fwdzg2shc84mca9jlwn7yrfwsiy-libthai-0.1.30.drv' to 'ssh-ng://j_kro@sentry'...
copying path '/nix/store/n0941miazjqpca3cd5hzbdh4i8qq8k5i-pango-1.57.1.tar.xz.drv' to 'ssh-ng://j_kro@sentry'...
copying path '/nix/store/ps0dgcx7vx3riypj163rxa51racryjc9-pango-1.57.1.drv' to 'ssh-ng://j_kro@sentry'...
copying path '/nix/store/g1k8xc623lzhchxhvqvg3z8s5h2pm8vj-opus-1.6.1.tar.gz.drv' to 'ssh-ng://j_kro@sentry'...
copying path '/nix/store/w0gyfcz4vmz5mqmnaflwpglpir71432w-libopus-1.6.1.drv' to 'ssh-ng://j_kro@sentry'...
copying path '/nix/store/f1zkzlv35hz38k7gpxclig74i9mjhj3a-source.drv' to 'ssh-ng://j_kro@sentry'...
copying path '/nix/store/js69mnyddj4mr61dlp2zknszzy73awka-libvorbis-1.3.7.tar.xz.drv' to 'ssh-ng://j_kro@sentry'...
copying path '/nix/store/lcfi55xq2n01skbq6aldp72w9fxs8yp3-libvorbis-1.3.7.drv' to 'ssh-ng://j_kro@sentry'...
copying path '/nix/store/wdsz37jmf5p8qpw4xcz0nv3655zy62y1-libtheora-1.2.0.drv' to 'ssh-ng://j_kro@sentry'...
copying path '/nix/store/0x603h4srr6g8x1vm91p0fxcn6s18vzy-source.drv' to 'ssh-ng://j_kro@sentry'...
copying path '/nix/store/k1vlsss4w7z7y6spdf0v2kj6zan05r1i-mutest-0-unstable-2023-02-24.drv' to 'ssh-ng://j_kro@sentry'...
copying path '/nix/store/n940gnaspdmacj0lh7x7qlnpss4p3fai-source.drv' to 'ssh-ng://j_kro@sentry'...
copying path '/nix/store/5iyd7jf7mgb8h0hkcb3xwxnns2g25dhi-source.drv' to 'ssh-ng://j_kro@sentry'...
copying path '/nix/store/2ydhi1b33vqrcxibnmrrlnrs6l58badd-python3.14-pycairo-1.29.0.drv' to 'ssh-ng://j_kro@sentry'...
copying path '/nix/store/gbcin600zv3z3v3gc126qiwk6px8v3mm-tap_py-3.2.1.tar.gz.drv' to 'ssh-ng://j_kro@sentry'...
copying path '/nix/store/6smx7xdz23m79cmbqi7zfimlphx9vy5v-python3.14-tap.py-3.2.1.drv' to 'ssh-ng://j_kro@sentry'...
copying path '/nix/store/kdawvccvadha3gw43ddqj1r6ibjfvcd0-pygobject-3.56.3.tar.gz.drv' to 'ssh-ng://j_kro@sentry'...
copying path '/nix/store/kmpb6sayagmk57li5flzvl4nsd53wwzd-python3.14-pygobject-3.56.3.drv' to 'ssh-ng://j_kro@sentry'...
copying path '/nix/store/qxbrysw0n5d2si4dyhqlqw6cqac725s3-python3-3.14.6-env.drv' to 'ssh-ng://j_kro@sentry'...
copying path '/nix/store/s3w5sdrgdmxz74if9mmcwg7p11m19d17-4fbdd07ea3bcd0964cca3966010bf71cb6fa8209.patch.drv' to 'ssh-ng://j_kro@sentry'...
copying path '/nix/store/xfv6fpca9jp3vcw6xy7n3zg0gfdcam7g-graphene-1.10.8.drv' to 'ssh-ng://j_kro@sentry'...
copying path '/nix/store/7azbxkcmqk24npx0jmpy1szriwrckj1m-gstreamer-1.28.4.tar.xz.drv' to 'ssh-ng://j_kro@sentry'...
copying path '/nix/store/dzjmnnyjxgvypgs1c3nawj3vzn9xcfkp-source.drv' to 'ssh-ng://j_kro@sentry'...
copying path '/nix/store/wmr9sgs1i4hq4m4vnj5pnjl08b03lf64-libunwind-1.8.3.drv' to 'ssh-ng://j_kro@sentry'...
copying path '/nix/store/hx5hkia66yqzhafdmxmrsqggkfnw5vjk-backports.entry_points_selectable-1.3.0.tar.gz.drv' to 'ssh-ng://j_kro@sentry'...
copying path '/nix/store/1ys7r0rnj5ha29hcxn6k0j1nrb0asi9v-python3.14-backports-entry-points-selectable-1.3.0.drv' to 'ssh-ng://j_kro@sentry'...
copying path '/nix/store/23ylklx0q63asz5kh89qvs25hrdajsl7-hotdoc-0.17.4.tar.gz.drv' to 'ssh-ng://j_kro@sentry'...
copying path '/nix/store/wzjy41fzq0j745sbsk58rpi2b62352pr-json-glib-1.10.8.tar.xz.drv' to 'ssh-ng://j_kro@sentry'...
copying path '/nix/store/6y18inifxdbbm5vafxripzq63hzp6wnx-json-glib-1.10.8.drv' to 'ssh-ng://j_kro@sentry'...
copying path '/nix/store/wk6qdj5fl5r5jp7bd2b9r5bn3nwy1l9j-toposort-1.10.tar.gz.drv' to 'ssh-ng://j_kro@sentry'...
copying path '/nix/store/73yrcsa41mylb5g9nwfvjgf76rlr3nzk-python3.14-toposort-1.10.drv' to 'ssh-ng://j_kro@sentry'...
copying path '/nix/store/7zv5zv9n0rqjrkl37sp3kqj805pm92zv-clang.patch.drv' to 'ssh-ng://j_kro@sentry'...
copying path '/nix/store/yym1m6jb9cv8sms5bkn23k5b5g4ldrfq-source.drv' to 'ssh-ng://j_kro@sentry'...
copying path '/nix/store/89idvr40kcxp3p4hs0nch4sizfc0j8fl-python3.14-faust-cchardet-2.1.19.drv' to 'ssh-ng://j_kro@sentry'...
copying path '/nix/store/c72ravgr56jzz67bmf5ssxlcgga2waj6-dbus-deviation-0.6.1.tar.gz.drv' to 'ssh-ng://j_kro@sentry'...
copying path '/nix/store/9b5012nwhk9lxnfflx8scx7q3rb4hifp-python3.14-dbus-deviation-0.6.1.drv' to 'ssh-ng://j_kro@sentry'...
copying path '/nix/store/zln5yq66j3h2j2mjnzgrq3iw53f8f1k6-schema-0.7.8.tar.gz.drv' to 'ssh-ng://j_kro@sentry'...
copying path '/nix/store/9r3bqy8nwp7gdxsszf493r2bqzphnfq4-python3.14-schema-0.7.8.drv' to 'ssh-ng://j_kro@sentry'...
copying path '/nix/store/d0hsiblic21r64mzbdp4n6gzpg5wp283-hotdoc-fix-c_comment_scanner-function-prototypes-gcc15.patch.drv' to 'ssh-ng://j_kro@sentry'...
copying path '/nix/store/4iyzbhpc1bxwiv2bkfpcifbaiwi4klhp-feedgen-1.0.0.tar.gz.drv' to 'ssh-ng://j_kro@sentry'...
copying path '/nix/store/i10ca0ixynvgp0f5l8gkr1q96f5jylfh-python3.14-feedgen-1.0.0.drv' to 'ssh-ng://j_kro@sentry'...
copying path '/nix/store/zzdr0aqq112sp9x71f79yfhgbkrp7kc3-networkx-3.6.1.tar.gz.drv' to 'ssh-ng://j_kro@sentry'...
copying path '/nix/store/iv3isgqlcq9dbq18yamlc8nyaaq0dqri-python3.14-networkx-3.6.1.drv' to 'ssh-ng://j_kro@sentry'...
copying path '/nix/store/i4w5v8qzjz8wsi2ipq607b3mhyk1n225-wheezy.template-3.2.2.tar.gz.drv' to 'ssh-ng://j_kro@sentry'...
copying path '/nix/store/viy4x5z7kdl6zi9f5zg8sdfnv42lr7nm-python3.14-wheezy.template-3.2.2.drv' to 'ssh-ng://j_kro@sentry'...
copying path '/nix/store/yk2h2i25rpnv3d4r58nmngd9v1c8jx8w-hotdoc-0.17.4.drv' to 'ssh-ng://j_kro@sentry'...
copying path '/nix/store/c7lpby5jj8mjhgdy8qak74amsg4b9qh0-bash-completion-2.18.0.tar.xz.drv' to 'ssh-ng://j_kro@sentry'...
copying path '/nix/store/zznrmw50lw0jd4dy2w5k42bm0fhizwaa-bash-completion-2.18.0.drv' to 'ssh-ng://j_kro@sentry'...
copying path '/nix/store/y3zv37fprgwc8bd423drcyr3khpj6gzw-gstreamer-1.28.4.drv' to 'ssh-ng://j_kro@sentry'...
copying path '/nix/store/02prssh460djqiij6bg9fwc9az64cblp-gst-plugins-base-1.28.4.drv' to 'ssh-ng://j_kro@sentry'...
copying path '/nix/store/02z7dd93wqhvw77gqf6b84r9yz44dc39-pandoc-tests-fix-race-condition.patch.drv' to 'ssh-ng://j_kro@sentry'...
copying path '/nix/store/272kiar79w2810l5ybjwwc032483497w-nix-darwin-path.patch' to 'ssh-ng://j_kro@sentry'...
copying path '/nix/store/i93g26vbbahnj17lf2pgicdspyr3j17p-source.drv' to 'ssh-ng://j_kro@sentry'...
copying path '/nix/store/0345g9gwdbs1c2gryw7ibgpk70jlyrki-cargo-deps-vendor-staging.drv' to 'ssh-ng://j_kro@sentry'...
copying path '/nix/store/bjy11lsg09pp7mqg0aaf9nhfpcykhbi8-hostname-1.0.tar.gz.drv' to 'ssh-ng://j_kro@sentry'...
copying path '/nix/store/0347vc18n796w578p5xj6i5lgvm4y19s-hostname-1.0.drv' to 'ssh-ng://j_kro@sentry'...
copying path '/nix/store/038hpcmlviw9ls4fkv3q4a0zfbr8wc53-these-1.2.1-r3.cabal.drv' to 'ssh-ng://j_kro@sentry'...
copying path '/nix/store/7gxwxjz1z6lggr7i9gcg72284j3a6n20-pub-oauth2-2.0.5.tar.gz.drv' to 'ssh-ng://j_kro@sentry'...
copying path '/nix/store/0v0p4sfgimmpcg10mmy48mn4y2ifiv9f-pub-oauth2-2.0.5.drv' to 'ssh-ng://j_kro@sentry'...
copying path '/nix/store/85cvcsrsyndp8cdhg3jygp0v1nyhv0k2-pub-native_stack_traces-0.6.1.tar.gz.drv' to 'ssh-ng://j_kro@sentry'...
copying path '/nix/store/1dbq6s8s29vapapanpgbzxjwqbp2pv72-pub-native_stack_traces-0.6.1.drv' to 'ssh-ng://j_kro@sentry'...
copying path '/nix/store/jnjj0frv4c3yx7ywg7x3bb0dvgianihk-pub-pub_semver-2.2.0.tar.gz.drv' to 'ssh-ng://j_kro@sentry'...
copying path '/nix/store/1p3s0kv461wlyw3bwkp8440a07bbywcm-pub-pub_semver-2.2.0.drv' to 'ssh-ng://j_kro@sentry'...
copying path '/nix/store/8jkfylsysjv78c5gr3in9ip8vpq49r07-pub-dart_mappable-4.8.0.tar.gz.drv' to 'ssh-ng://j_kro@sentry'...
copying path '/nix/store/214357ynswq8hg5nmfl6k8jgp6ss0njx-pub-dart_mappable-4.8.0.drv' to 'ssh-ng://j_kro@sentry'...
copying path '/nix/store/id8gkw9mhzs11p3z99sgza19dx25qrx3-pub-analyzer-13.3.0.tar.gz.drv' to 'ssh-ng://j_kro@sentry'...
copying path '/nix/store/2s545j7khnh96bqrp9s2yliyr043d6wg-pub-analyzer-13.3.0.drv' to 'ssh-ng://j_kro@sentry'...
copying path '/nix/store/3q9w1h93kzr8dxb4lyh40cw147cc028h-source.drv' to 'ssh-ng://j_kro@sentry'...
copying path '/nix/store/h5cywp0nmvarg449y3w0wqqy70m6yhnf-pub-archive-4.0.9.tar.gz.drv' to 'ssh-ng://j_kro@sentry'...
copying path '/nix/store/3z1ji3xjwl1rbjcbx20i5pyc13pbl9qk-pub-archive-4.0.9.drv' to 'ssh-ng://j_kro@sentry'...
copying path '/nix/store/1isy2n3sb63nvz1pp9hg0vycg10axm56-pub-webkit_inspection_protocol-1.2.1.tar.gz.drv' to 'ssh-ng://j_kro@sentry'...
copying path '/nix/store/404qvcga8vw7qas2b8dnff03h9gvbhl1-pub-webkit_inspection_protocol-1.2.1.drv' to 'ssh-ng://j_kro@sentry'...
copying path '/nix/store/p6fa5rsl7f0hjsa3ifylmrnixycyfwxg-pub-http_multi_server-3.2.2.tar.gz.drv' to 'ssh-ng://j_kro@sentry'...
copying path '/nix/store/4bl94pghigr7ha78ck6b3anmi5xn5zkb-pub-http_multi_server-3.2.2.drv' to 'ssh-ng://j_kro@sentry'...
copying path '/nix/store/lg7llr07mzkcvw5liqc0p1nacwzm93zv-pub-csslib-1.0.2.tar.gz.drv' to 'ssh-ng://j_kro@sentry'...
copying path '/nix/store/4kfz4wmz77svip7cxm2916ss67cgc82r-pub-csslib-1.0.2.drv' to 'ssh-ng://j_kro@sentry'...
copying path '/nix/store/7ff2ymzk16qmwjydly6ckwwiwpy6s4g3-pub-pool-1.5.2.tar.gz.drv' to 'ssh-ng://j_kro@sentry'...
copying path '/nix/store/4kwy5xb4yqhi1cp0ydfmfdzc9di5jn2z-pub-pool-1.5.2.drv' to 'ssh-ng://j_kro@sentry'...
copying path '/nix/store/p649dpyqyxhvraikif4biaz0l0sr582l-pub-collection-1.19.1.tar.gz.drv' to 'ssh-ng://j_kro@sentry'...
copying path '/nix/store/513ms4g884pf9yj695z57y137jx6zxky-pub-collection-1.19.1.drv' to 'ssh-ng://j_kro@sentry'...
copying path '/nix/store/falf5d0x4alxdxhax385b8lw437v20sn-pub-source_span-1.10.2.tar.gz.drv' to 'ssh-ng://j_kro@sentry'...
copying path '/nix/store/54ndy277y6gqcz848c7mjiy8if3cqr7j-pub-source_span-1.10.2.drv' to 'ssh-ng://j_kro@sentry'...
copying path '/nix/store/i6nv55h3y6q4b3p5rfsabyc3cn524m0b-pub-test_process-2.1.1.tar.gz.drv' to 'ssh-ng://j_kro@sentry'...
copying path '/nix/store/5jghfb6zsm10v01qr8qb8hn8f2y1hl17-pub-test_process-2.1.1.drv' to 'ssh-ng://j_kro@sentry'...
copying path '/nix/store/9qmj92b779rjx1hq0xls0dz90a9ldkkc-pub-string_scanner-1.4.1.tar.gz.drv' to 'ssh-ng://j_kro@sentry'...
copying path '/nix/store/5ss5fxh846iz2iq1zhrrx2gfkmpnlflv-pub-string_scanner-1.4.1.drv' to 'ssh-ng://j_kro@sentry'...
copying path '/nix/store/cxb4589yjy349hhsr6snmxdkdfa8wlbf-pub-meta-1.19.0.tar.gz.drv' to 'ssh-ng://j_kro@sentry'...
copying path '/nix/store/6pa61awm53c03md353wvvjyvlym74mm6-pub-meta-1.19.0.drv' to 'ssh-ng://j_kro@sentry'...
copying path '/nix/store/5acl1mr931d4m09iykm5pfw0j3ws61v9-pub-shelf_web_socket-3.0.0.tar.gz.drv' to 'ssh-ng://j_kro@sentry'...
copying path '/nix/store/6sx8im1rdzfxfiqbr6d6dp0vz8g8qnvz-pub-shelf_web_socket-3.0.0.drv' to 'ssh-ng://j_kro@sentry'...
copying path '/nix/store/c42fzpq8nw2c1vxfgz4j39mmpzs74bmh-pub-web-1.1.1.tar.gz.drv' to 'ssh-ng://j_kro@sentry'...
copying path '/nix/store/7hfsmg48n1mj94v6ihf3kji7hqfy97j2-pub-web-1.1.1.drv' to 'ssh-ng://j_kro@sentry'...
copying path '/nix/store/ksyjnp6qzarz39gcyh2zl5nzwh4ybj2c-pub-yaml-3.1.3.tar.gz.drv' to 'ssh-ng://j_kro@sentry'...
copying path '/nix/store/7ymlabwiqaygpazcakrb34xzppdy2pbl-pub-yaml-3.1.3.drv' to 'ssh-ng://j_kro@sentry'...
copying path '/nix/store/xrmxqc0k8dbx23g55s72mm53wnnjnsfq-pub-stream_transform-2.1.1.tar.gz.drv' to 'ssh-ng://j_kro@sentry'...
copying path '/nix/store/813m9b54jy1c6nd040bffdyn2zszhb3r-pub-stream_transform-2.1.1.drv' to 'ssh-ng://j_kro@sentry'...
copying path '/nix/store/y7qni9vyr6sxgikbl0z7vclp14slv47g-pub-crypto-3.0.7.tar.gz.drv' to 'ssh-ng://j_kro@sentry'...
copying path '/nix/store/8dq8185h25g2jszn46979ag5jn39f9jc-pub-crypto-3.0.7.drv' to 'ssh-ng://j_kro@sentry'...
copying path '/nix/store/bzqa8p2i07xgj4nx6g6id43axbvl9266-pub-dart_style-3.1.12.tar.gz.drv' to 'ssh-ng://j_kro@sentry'...
copying path '/nix/store/8h1hym4fw4v9dbdv32mlqvyb2706kfhn-pub-dart_style-3.1.12.drv' to 'ssh-ng://j_kro@sentry'...
copying path '/nix/store/hva5sr9bv40mghahv318s3ni09csf51v-pub-http_parser-4.1.2.tar.gz.drv' to 'ssh-ng://j_kro@sentry'...
copying path '/nix/store/8nji0qv4ij5ckbd6k9prqw3v8a9ycf29-pub-http_parser-4.1.2.drv' to 'ssh-ng://j_kro@sentry'...
copying path '/nix/store/f7p3mnnlwx9y14bhbcwm4jkp90x5avl4-pub-source_maps-0.10.13.tar.gz.drv' to 'ssh-ng://j_kro@sentry'...
copying path '/nix/store/8wmnm468yfhad6m7yd4rl6sklqkjm465-pub-source_maps-0.10.13.drv' to 'ssh-ng://j_kro@sentry'...
copying path '/nix/store/cbs36ag30jgxms3vswrb3lim2hdsif4d-pub-pub_api_client-3.2.0.tar.gz.drv' to 'ssh-ng://j_kro@sentry'...
copying path '/nix/store/8xaj937mk10ya080yhiyw87az345wgdb-pub-pub_api_client-3.2.0.drv' to 'ssh-ng://j_kro@sentry'...
copying path '/nix/store/ng81xvx6ic9r8x9wp4xa87al2szyjd1g-pub-mime-2.0.0.tar.gz.drv' to 'ssh-ng://j_kro@sentry'...
copying path '/nix/store/9jvz47iyfi87r763vdhmwdkarqxhdfi4-pub-mime-2.0.0.drv' to 'ssh-ng://j_kro@sentry'...
copying path '/nix/store/34gw6i0ypcym4vkrs482hkv2vxnwj4s0-pub-test_api-0.7.13.tar.gz.drv' to 'ssh-ng://j_kro@sentry'...
copying path '/nix/store/9v6jq6f67lk51lmsilrsm9zdgr863yxx-pub-test_api-0.7.13.drv' to 'ssh-ng://j_kro@sentry'...
copying path '/nix/store/cw6h4q3hg1w2vs79r0pyvfa8530qvmlb-pub-path-1.9.1.tar.gz.drv' to 'ssh-ng://j_kro@sentry'...
copying path '/nix/store/a5gx5c982grm5rx2vhj41slas40zwdjz-pub-path-1.9.1.drv' to 'ssh-ng://j_kro@sentry'...
copying path '/nix/store/hvxnd5cg076w4gbm9v7gfkczk8ggwgin-pub-grinder-0.10.0.tar.gz.drv' to 'ssh-ng://j_kro@sentry'...
copying path '/nix/store/as0l6qzj2adcyjsj5fw3v2iz5m798sah-pub-grinder-0.10.0.drv' to 'ssh-ng://j_kro@sentry'...
copying path '/nix/store/hpnvczmjk21l1dkb30ybxad7pdq2m4jw-source.drv' to 'ssh-ng://j_kro@sentry'...
copying path '/nix/store/0qc65ywy1ir83qal1nq2zk3llyqhlrpr-python3.14-argcomplete-3.6.3.drv' to 'ssh-ng://j_kro@sentry'...
copying path '/nix/store/i87k75phnrw1fa9v0f1rna2qssxdl9qd-source.drv' to 'ssh-ng://j_kro@sentry'...
copying path '/nix/store/0x7s7p72068dd5vch1qml94ghmv7p5wx-python3.14-xmltodict-1.0.4.drv' to 'ssh-ng://j_kro@sentry'...
copying path '/nix/store/a17z049r8870wnqwkijfwhwh2aqhjzgw-jq-path.patch.drv' to 'ssh-ng://j_kro@sentry'...
copying path '/nix/store/l9bbay0imihqwn2xzsjswdm6vy43q46d-yq-3.4.3.tar.gz.drv' to 'ssh-ng://j_kro@sentry'...
copying path '/nix/store/aw3rx5j31h0gpykcalvv1cja17b8l1vh-python3.14-yq-3.4.3.drv' to 'ssh-ng://j_kro@sentry'...
copying path '/nix/store/bp0k2xpy6aabkwz6ch2d9wkj6yvvmdk2-dart-build-hook.drv' to 'ssh-ng://j_kro@sentry'...
copying path '/nix/store/d5x2srscvg7xs0hm01d4495k4xxak36z-pub-source_map_stack_trace-2.1.2.tar.gz.drv' to 'ssh-ng://j_kro@sentry'...
copying path '/nix/store/c535sz4d6qzamq6kdbd5hzacq7qv482j-pub-source_map_stack_trace-2.1.2.drv' to 'ssh-ng://j_kro@sentry'...
copying path '/nix/store/5sgy2w12c76931rdnpb9jlklnwi3vf27-pub-protoc_plugin-25.0.0.tar.gz.drv' to 'ssh-ng://j_kro@sentry'...
copying path '/nix/store/cksh6n2wn9mjh9wvi3xc1350gv18bwn2-pub-protoc_plugin-25.0.0.drv' to 'ssh-ng://j_kro@sentry'...
copying path '/nix/store/axi8b6qysnv85kry8zjn7fjwqm0v046i-pub-xml-7.0.1.tar.gz.drv' to 'ssh-ng://j_kro@sentry'...
copying path '/nix/store/clk4dzibqww5cy47diwbiilib0lckh1q-pub-xml-7.0.1.drv' to 'ssh-ng://j_kro@sentry'...
copying path '/nix/store/irxx9b99k6yz9qr5ssdrw7w3yivj0pbn-pub-protobuf-6.0.0.tar.gz.drv' to 'ssh-ng://j_kro@sentry'...
copying path '/nix/store/czwcy4nls2gqs9bqiar6plbddpfp3pc8-pub-protobuf-6.0.0.drv' to 'ssh-ng://j_kro@sentry'...
copying path '/nix/store/x564bmcp436qdrr29l7c6g3dwxn3csaw-pub-package_config-2.2.0.tar.gz.drv' to 'ssh-ng://j_kro@sentry'...
copying path '/nix/store/dcx4z3a03amdfrzak3gnp0yb8la7k1s1-pub-package_config-2.2.0.drv' to 'ssh-ng://j_kro@sentry'...
copying path '/nix/store/8qs095hj9wdk32s0p1lqsa6iknzj1j5c-pub-file-7.0.1.tar.gz.drv' to 'ssh-ng://j_kro@sentry'...
copying path '/nix/store/dpblw5ah59848cg4njs4mphlk5xpkf95-pub-file-7.0.1.drv' to 'ssh-ng://j_kro@sentry'...
copying path '/nix/store/63454f28v4xyda63qa0ficy2xk025skn-pub-charcode-1.4.0.tar.gz.drv' to 'ssh-ng://j_kro@sentry'...
copying path '/nix/store/dzdhm2w136x7rl6pjbmiys64wx3hy241-pub-charcode-1.4.0.drv' to 'ssh-ng://j_kro@sentry'...
copying path '/nix/store/04h9yqkm1vzzsqx87dws77pqidyd9flb-pub-boolean_selector-2.1.2.tar.gz.drv' to 'ssh-ng://j_kro@sentry'...
copying path '/nix/store/f3riv23ljiaipr6g0ymxi0gai7whz2ym-pub-boolean_selector-2.1.2.drv' to 'ssh-ng://j_kro@sentry'...
copying path '/nix/store/f96y3r5c9h2vjjwhgy1qgrfrxg6y77w0-pub-pubspec_parse-1.5.0.tar.gz.drv' to 'ssh-ng://j_kro@sentry'...
copying path '/nix/store/f79zqgj0gn0rizhrxj5nifs9xrxq6xnh-pub-pubspec_parse-1.5.0.drv' to 'ssh-ng://j_kro@sentry'...
copying path '/nix/store/jn27vbbxijpyqhdjzzzvviiscnnq7sc7-pub-shelf_packages_handler-3.0.2.tar.gz.drv' to 'ssh-ng://j_kro@sentry'...
copying path '/nix/store/ffph4lazl7pln1wfhgz5jzlz532iy6p0-pub-shelf_packages_handler-3.0.2.drv' to 'ssh-ng://j_kro@sentry'...
copying path '/nix/store/dndijjch8mg9cqalkbzilgg01y20hrh9-HTML-TagCloud-0.38.tar.gz.drv' to 'ssh-ng://j_kro@sentry'...
copying path '/nix/store/1vjqjxfz2kv0ahib44zlgdnrx5whjq01-perl5.42.0-HTML-TagCloud-0.38.drv' to 'ssh-ng://j_kro@sentry'...
copying path '/nix/store/is028dldk950ylzlf780mc4przsnl0kv-FCGI-ProcManager-0.28.tar.gz.drv' to 'ssh-ng://j_kro@sentry'...
copying path '/nix/store/2sivjy8mskkbi2sydy2pw9h5n34lydqd-perl5.42.0-FCGI-ProcManager-0.28.drv' to 'ssh-ng://j_kro@sentry'...
copying path '/nix/store/f6hpn3kb5xgspyx9b6zlcg5jcy7d6rr5-IO-Socket-SSL-2.083.tar.gz.drv' to 'ssh-ng://j_kro@sentry'...
copying path '/nix/store/bpwms7vr3grq2iwsfdlp37v85wblfy3f-Net-SSLeay-1.92.tar.gz.drv' to 'ssh-ng://j_kro@sentry'...
copying path '/nix/store/fjia5xnxz03l8canyxk0ylghp3456p85-perl5.42.0-Net-SSLeay-1.92.drv' to 'ssh-ng://j_kro@sentry'...
copying path '/nix/store/aa1zpraysp0364qbgrxzmdxrybqlagpj-Mozilla-CA-20230821.tar.gz.drv' to 'ssh-ng://j_kro@sentry'...
copying path '/nix/store/jpynld3xz3wpwbj36fnq1sggqd2wm6v1-perl5.42.0-Mozilla-CA-20230821.drv' to 'ssh-ng://j_kro@sentry'...
copying path '/nix/store/h4rrbaaq4m6s3yfp0cwr044sk42jy69h-perl5.42.0-IO-Socket-SSL-2.083.drv' to 'ssh-ng://j_kro@sentry'...
copying path '/nix/store/srv3lvrrpanvs16ldxb9xirjzvbqjy3z-Net-SMTP-SSL-1.04.tar.gz.drv' to 'ssh-ng://j_kro@sentry'...
copying path '/nix/store/3j9171lb686cdwbxc3cirgclmd6a09i2-perl5.42.0-Net-SMTP-SSL-1.04.drv' to 'ssh-ng://j_kro@sentry'...
copying path '/nix/store/m75nvqn47dxfhhpgmvjw96zgd8rwar4x-Test-NoWarnings-1.06.tar.gz.drv' to 'ssh-ng://j_kro@sentry'...
copying path '/nix/store/6qw2sg6vwk0j68282y2669d3z2m2fx4j-perl5.42.0-Test-NoWarnings-1.06.drv' to 'ssh-ng://j_kro@sentry'...
copying path '/nix/store/i69syx4v9v4l38w657xg3pyz7m0hy78s-CGI-4.59.tar.gz.drv' to 'ssh-ng://j_kro@sentry'...
copying path '/nix/store/fng34gkb6jr06l4amfk7cm5k0i8cwygm-Test-Warn-0.37.tar.gz.drv' to 'ssh-ng://j_kro@sentry'...
copying path '/nix/store/adp24nwbrna6h2kwfqzjlf04mv3ad11m-Sub-Uplevel-0.2800.tar.gz.drv' to 'ssh-ng://j_kro@sentry'...
copying path '/nix/store/zx67m33bkgdlgc4hj3jjwh54601hyvj6-perl5.42.0-Sub-Uplevel-0.2800.drv' to 'ssh-ng://j_kro@sentry'...
copying path '/nix/store/w6yvd3j1hbpg0ffhra0kqxhi7pbghq4v-perl5.42.0-Test-Warn-0.37.drv' to 'ssh-ng://j_kro@sentry'...
copying path '/nix/store/6ngmnzak8q9y2zs8vnd20wdhg17hbmpc-perl5.42.0-CGI-4.59.drv' to 'ssh-ng://j_kro@sentry'...
copying path '/nix/store/2biv7dd27lbjfnm9kr853rqsy96l88zq-FCGI-0.82.tar.gz.drv' to 'ssh-ng://j_kro@sentry'...
copying path '/nix/store/flq65412b1j3dhkfd93kxpjdga7awwmr-Role-Tiny-2.002004.tar.gz.drv' to 'ssh-ng://j_kro@sentry'...
copying path '/nix/store/1v9lvzccj8riyav8ky0i8wjj5qx27f3q-perl5.42.0-Role-Tiny-2.002004.drv' to 'ssh-ng://j_kro@sentry'...
copying path '/nix/store/jkgx95xm83ajcgbki03ijmj9kzxrjff7-Class-Method-Modifiers-2.15.tar.gz.drv' to 'ssh-ng://j_kro@sentry'...
copying path '/nix/store/8jplpad1djckcxy5g71p6ywf7ivmzlwd-perl5.42.0-Class-Method-Modifiers-2.15.drv' to 'ssh-ng://j_kro@sentry'...
copying path '/nix/store/kms0vdlzly8cpg8sy8l0clhz7mgzbbdy-Module-Runtime-0.016.tar.gz.drv' to 'ssh-ng://j_kro@sentry'...
copying path '/nix/store/aq47dby4vyjz9855m8ra79l6a3bsslxi-perl5.42.0-Module-Runtime-0.016.drv' to 'ssh-ng://j_kro@sentry'...
copying path '/nix/store/gnjnf7dg9cl3hngxbzv3cx94lb5hh5pw-Sub-Quote-2.006008.tar.gz.drv' to 'ssh-ng://j_kro@sentry'...
copying path '/nix/store/nhfq9n6lzsx9jkm32pldh1gif058wy33-perl5.42.0-Sub-Quote-2.006008.drv' to 'ssh-ng://j_kro@sentry'...
copying path '/nix/store/q9mlj9hdcr04564rk0rpi4j95vlr83y0-Moo-2.005005.tar.gz.drv' to 'ssh-ng://j_kro@sentry'...
copying path '/nix/store/8wlds4m6mc6x51szaq1djmrrlql6wwdr-perl5.42.0-Moo-2.005005.drv' to 'ssh-ng://j_kro@sentry'...
copying path '/nix/store/fsbkamcn72gwsq55j7v4rd68d0rr65r0-Test-Memory-Cycle-1.06.tar.gz.drv' to 'ssh-ng://j_kro@sentry'...
copying path '/nix/store/zcqx8ja4vsyr0py50va4329biswl3cj9-Devel-Cycle-1.12.tar.gz.drv' to 'ssh-ng://j_kro@sentry'...
copying path '/nix/store/rgjfyd2n1x2j7jrrpci139krabzpqa6i-perl5.42.0-Devel-Cycle-1.12.drv' to 'ssh-ng://j_kro@sentry'...
copying path '/nix/store/8di8sar5cvyy6wrm3r1rm0h2w94m5as5-perl5.42.0-Test-Memory-Cycle-1.06.drv' to 'ssh-ng://j_kro@sentry'...
copying path '/nix/store/vi3jingc6l5c10spjpyc57s0d252v904-Exporter-Tiny-1.006002.tar.gz.drv' to 'ssh-ng://j_kro@sentry'...
copying path '/nix/store/j9mqbxblm6qv8g2q0b4adbh526w582ki-perl5.42.0-Exporter-Tiny-1.006002.drv' to 'ssh-ng://j_kro@sentry'...
copying path '/nix/store/rsmcmhqgp4dwq66pdalpmc8d7jpw78zh-Type-Tiny-2.004000.tar.gz.drv' to 'ssh-ng://j_kro@sentry'...
copying path '/nix/store/h353kan1kzq23plcig0casfqpypzdpd4-perl5.42.0-Type-Tiny-2.004000.drv' to 'ssh-ng://j_kro@sentry'...
copying path '/nix/store/l1d93rm91y8x8d3k6nfb5541xpk3m48m-FCGI-Client-0.09.tar.gz.drv' to 'ssh-ng://j_kro@sentry'...
copying path '/nix/store/vx9zw5ni8g72k9c4q11gk3qnh9ijgp0w-perl5.42.0-FCGI-Client-0.09.drv' to 'ssh-ng://j_kro@sentry'...
copying path '/nix/store/a2hg26qfgixsifbp3mvp1cpq5r9n4gbr-perl5.42.0-FCGI-0.82.drv' to 'ssh-ng://j_kro@sentry'...
copying path '/nix/store/0hgqwawbm5jnphfdb6389z1vfqk7hrw1-Authen-SASL-2.1900.tar.gz.drv' to 'ssh-ng://j_kro@sentry'...
copying path '/nix/store/0826swsknmlmn6xziksxqbgg6rpig7kd-Crypt-URandom-0.55.tar.gz.drv' to 'ssh-ng://j_kro@sentry'...
copying path '/nix/store/j5kw8i0lplza1dkgh3vyfrqjz1zdzn9v-perl5.42.0-Crypt-URandom-0.55.drv' to 'ssh-ng://j_kro@sentry'...
copying path '/nix/store/f7pc6vf4j0hy85x478p1vmf3p2l57b5x-Digest-HMAC-1.05.tar.gz.drv' to 'ssh-ng://j_kro@sentry'...
copying path '/nix/store/qm1gy1420ksgrgs2bl85jgzvl0lccrq8-perl5.42.0-Digest-HMAC-1.05.drv' to 'ssh-ng://j_kro@sentry'...
copying path '/nix/store/dl71j956vnh0v6z1q5msznbfdyaxgwin-perl5.42.0-Authen-SASL-2.1900.drv' to 'ssh-ng://j_kro@sentry'...
copying path '/nix/store/bszpq3h1yv5hiywnad6a9hw5nrvi7807-CGI-Fast-2.16.tar.gz.drv' to 'ssh-ng://j_kro@sentry'...
copying path '/nix/store/gpfa47p1j85xxwpdhxy5jrv5gq19n837-perl5.42.0-CGI-Fast-2.16.drv' to 'ssh-ng://j_kro@sentry'...
copying path '/nix/store/8crigmi4nzisbc08pmqggzdj8qp66r8g-XML-SAX-Base-1.09.tar.gz.drv' to 'ssh-ng://j_kro@sentry'...
copying path '/nix/store/8lw8wn533cr52kzk31minmcm21bf3fhw-perl5.42.0-XML-SAX-Base-1.09.drv' to 'ssh-ng://j_kro@sentry'...
copying path '/nix/store/ifid1qd8bn2m23h39wbq9757c4mkqma1-XML-SAX-1.02.tar.gz.drv' to 'ssh-ng://j_kro@sentry'...
copying path '/nix/store/ng2nr631ls412ab5npfj345qjqllx8cn-XML-NamespaceSupport-1.12.tar.gz.drv' to 'ssh-ng://j_kro@sentry'...
copying path '/nix/store/srh456h1cz26qa3g0dh90d156hf3wxx1-perl5.42.0-XML-NamespaceSupport-1.12.drv' to 'ssh-ng://j_kro@sentry'...
copying path '/nix/store/9hmshl1wjhkcpqrc66g2f4pp8s0s5g72-perl5.42.0-XML-SAX-1.02.drv' to 'ssh-ng://j_kro@sentry'...
copying path '/nix/store/i82908zv6lyzzhlqx37dv9kbssqpiw2k-docbook2X-0.8.8.tar.gz.drv' to 'ssh-ng://j_kro@sentry'...
copying path '/nix/store/icqh0xadprcqa6ph3wc0h8laf4vzq4rb-docbook2X-0.8.8.drv' to 'ssh-ng://j_kro@sentry'...
copying path '/nix/store/n7ims23417ndggij59np20s6ypqnfd8d-libnet-3.15.tar.gz.drv' to 'ssh-ng://j_kro@sentry'...
copying path '/nix/store/j4cai7cpmp335n1vjz3wza2kqaihz52m-perl5.42.0-libnet-3.15.drv' to 'ssh-ng://j_kro@sentry'...
copying path '/nix/store/spl6vd5glr4p3lmqj6qrsvp87hy7a8d3-TermReadKey-2.38.tar.gz.drv' to 'ssh-ng://j_kro@sentry'...
copying path '/nix/store/jq23h7xlw75qvhh340bskd1y4yjc2lvm-perl5.42.0-TermReadKey-2.38.drv' to 'ssh-ng://j_kro@sentry'...
copying path '/nix/store/23qcaahn3m5m0djc86kgcq08klym53y1-git-2.55.0.drv' to 'ssh-ng://j_kro@sentry'...
copying path '/nix/store/yd75jx3kfd24gm2pyvm3mfbciybalklz-source.drv' to 'ssh-ng://j_kro@sentry'...
copying path '/nix/store/zavlamsfbmss2yscajld4by5c1a2mvdw-buf-1.72.0-go-modules.drv' to 'ssh-ng://j_kro@sentry'...
copying path '/nix/store/fqxn8w76iixqrf3hkp1yra1qhl7rkw68-buf-1.72.0.drv' to 'ssh-ng://j_kro@sentry'...
copying path '/nix/store/qggfin25wfibmdqv182688wqq7k8igb7-pub-web_socket-1.0.1.tar.gz.drv' to 'ssh-ng://j_kro@sentry'...
copying path '/nix/store/fvza464cf2riqczmzzwfsmdafg159b2m-pub-web_socket-1.0.1.drv' to 'ssh-ng://j_kro@sentry'...
copying path '/nix/store/a3mnjb67p22i31jj6bdgxkgskniml45r-pub-shelf_static-1.1.3.tar.gz.drv' to 'ssh-ng://j_kro@sentry'...
copying path '/nix/store/gcl5fia5z4165540crj4g865azh825qz-pub-shelf_static-1.1.3.drv' to 'ssh-ng://j_kro@sentry'...
copying path '/nix/store/kqvhsirns7q05l6h9rw0xrzpdkc8pmak-pub-cli_pkg-2.15.2.tar.gz.drv' to 'ssh-ng://j_kro@sentry'...
copying path '/nix/store/gcllaik0lpngqrdiy0pzrfhknhaf502k-pub-cli_pkg-2.15.2.drv' to 'ssh-ng://j_kro@sentry'...
copying path '/nix/store/nw8ps6qwvxn5h8jsk5qn9w169ilw4k95-pub-logging-1.3.0.tar.gz.drv' to 'ssh-ng://j_kro@sentry'...
copying path '/nix/store/h2zpxb4yw94iav3kcnsdvjishh9dacrh-pub-logging-1.3.0.drv' to 'ssh-ng://j_kro@sentry'...
copying path '/nix/store/lxxa95yw46fpxh9a2zzd4gfb665fh1ba-pub-ffi-2.2.0.tar.gz.drv' to 'ssh-ng://j_kro@sentry'...
copying path '/nix/store/hyjgzrlxsvh07yfhm9k7k4idw8zbqzfp-pub-ffi-2.2.0.drv' to 'ssh-ng://j_kro@sentry'...
copying path '/nix/store/xbgxmj1hw44k3gm0c6ak8x2cz3906ay3-pub-test_descriptor-2.0.2.tar.gz.drv' to 'ssh-ng://j_kro@sentry'...
copying path '/nix/store/ikm4vwd1wvc4b421miqw9wlg13afa786-pub-test_descriptor-2.0.2.drv' to 'ssh-ng://j_kro@sentry'...
copying path '/nix/store/rjr1bf8ql0y0z2iczr5qbi7r6jpj328w-pub-io-1.0.5.tar.gz.drv' to 'ssh-ng://j_kro@sentry'...
copying path '/nix/store/il5gg4lshn9hanh0lyj9kbcfhsigz2rb-pub-io-1.0.5.drv' to 'ssh-ng://j_kro@sentry'...
copying path '/nix/store/bjby1dd00i173l5x4wz49sfds605adwp-pub-term_glyph-1.2.2.tar.gz.drv' to 'ssh-ng://j_kro@sentry'...
copying path '/nix/store/j6f0p3j7gnwnba1d65i1ab17ddk209xj-pub-term_glyph-1.2.2.drv' to 'ssh-ng://j_kro@sentry'...
copying path '/nix/store/wqpv6aim31v8dgaiyrlrznbzzrhfgpn3-pub-test-1.31.2.tar.gz.drv' to 'ssh-ng://j_kro@sentry'...
copying path '/nix/store/k1w935bd5hdfv0ijhan0bmfcdqa06cr8-pub-test-1.31.2.drv' to 'ssh-ng://j_kro@sentry'...
copying path '/nix/store/dsqbjdc1mq3x6fdlsawq6ji2n2yqnwg9-pub-retry-3.1.2.tar.gz.drv' to 'ssh-ng://j_kro@sentry'...
copying path '/nix/store/ks14vgspa5g0kymkzq4mvh8sfq5f9fwm-pub-retry-3.1.2.drv' to 'ssh-ng://j_kro@sentry'...
copying path '/nix/store/5cic7h3icg29r1nhzzwcc0djp5xjwyls-pub-typed_data-1.4.0.tar.gz.drv' to 'ssh-ng://j_kro@sentry'...
copying path '/nix/store/l8p29n3yha4xwsdczgf4ax6kbkzwsgsj-pub-typed_data-1.4.0.drv' to 'ssh-ng://j_kro@sentry'...
copying path '/nix/store/5pfkyzfp8lmj6n72vm4vdzc5nj1magc4-pub-cli_repl-0.2.3.tar.gz.drv' to 'ssh-ng://j_kro@sentry'...
copying path '/nix/store/lfb9h14vgfs0a01ikr8znba3gvj0gdhv-pub-cli_repl-0.2.3.drv' to 'ssh-ng://j_kro@sentry'...
copying path '/nix/store/krcb2x9y4kzz19kg4gg2vljmwzl2llna-pub-json_annotation-4.12.0.tar.gz.drv' to 'ssh-ng://j_kro@sentry'...
copying path '/nix/store/m2y455zbr5him5kpbg40sbxxs0w9xljn-pub-json_annotation-4.12.0.drv' to 'ssh-ng://j_kro@sentry'...
copying path '/nix/store/qfydhzphyamsp86q1rncin7xc85v4hq9-pub-html-0.15.6.tar.gz.drv' to 'ssh-ng://j_kro@sentry'...
copying path '/nix/store/mc7rqfxz0ql20bbr6aqbivnpka6sh1xd-pub-html-0.15.6.drv' to 'ssh-ng://j_kro@sentry'...
copying path '/nix/store/k4wc5yx0f912r3bn9kb9za707ijbswr5-pub-convert-3.1.2.tar.gz.drv' to 'ssh-ng://j_kro@sentry'...
copying path '/nix/store/mra4hivdqd9yj50dbflb3k4206gwwvi6-pub-convert-3.1.2.drv' to 'ssh-ng://j_kro@sentry'...
copying path '/nix/store/id2qzvivjchc6c7h0f7ga3qd5g07qdp9-pub-cli_util-0.5.1.tar.gz.drv' to 'ssh-ng://j_kro@sentry'...
copying path '/nix/store/n1sws123mvradfrnmy9hanx6ir45qczn-pub-cli_util-0.5.1.drv' to 'ssh-ng://j_kro@sentry'...
copying path '/nix/store/ihv57zi96m6dd7cvbxq4n3yqzizkcl7h-pub-node_preamble-2.0.2.tar.gz.drv' to 'ssh-ng://j_kro@sentry'...
copying path '/nix/store/n6hnv6h4cp8q7f2hv9j1fvg5ifxy071a-pub-node_preamble-2.0.2.drv' to 'ssh-ng://j_kro@sentry'...
copying path '/nix/store/0krk3j13zyml5m44dqj15pzvqgrrfiip-pub-native_synchronization-0.3.1.tar.gz.drv' to 'ssh-ng://j_kro@sentry'...
copying path '/nix/store/np3jprczghh5zraaykrwdqw2yy2xpsrf-pub-native_synchronization-0.3.1.drv' to 'ssh-ng://j_kro@sentry'...
copying path '/nix/store/hvqrppvhx9c6kdiy09q57xarflvmi25m-pub-args-2.7.0.tar.gz.drv' to 'ssh-ng://j_kro@sentry'...
copying path '/nix/store/p93djdskmwgnypk5dfadxrf3plhzah9r-pub-args-2.7.0.drv' to 'ssh-ng://j_kro@sentry'...
copying path '/nix/store/32jkc3mcngkqlsc4ywhydipbwlz9q677-pub-_fe_analyzer_shared-103.0.0.tar.gz.drv' to 'ssh-ng://j_kro@sentry'...
copying path '/nix/store/pkhjgrwh86nqglqxdjggngky0q4r9ka0-pub-_fe_analyzer_shared-103.0.0.drv' to 'ssh-ng://j_kro@sentry'...
copying path '/nix/store/hvsg4xv4dgxm0y1hd4yn7f9mwm6wj9kd-pub-glob-2.1.3.tar.gz.drv' to 'ssh-ng://j_kro@sentry'...
copying path '/nix/store/q7k35vbp4wmn61b358g9mgqq0a8822vf-pub-glob-2.1.3.drv' to 'ssh-ng://j_kro@sentry'...
copying path '/nix/store/ad5277hhrw9c06q7bkn5gyyqqgbnka6v-pub-web_socket_channel-3.0.3.tar.gz.drv' to 'ssh-ng://j_kro@sentry'...
copying path '/nix/store/rlabcdmcq5sgcprz0s6v7g56knkzp17x-pub-web_socket_channel-3.0.3.drv' to 'ssh-ng://j_kro@sentry'...
copying path '/nix/store/kh76s2lf0mi9p60iklgw0imbkz6mb4p2-pub-checked_yaml-2.0.4.tar.gz.drv' to 'ssh-ng://j_kro@sentry'...
copying path '/nix/store/rmiry9qm9d0qgmv4srkrzdl0m8qgnr06-pub-checked_yaml-2.0.4.drv' to 'ssh-ng://j_kro@sentry'...
copying path '/nix/store/yfmvkxj7smccjzdi4msvwamx61qvc9b3-pub-js-0.6.7.tar.gz.drv' to 'ssh-ng://j_kro@sentry'...
copying path '/nix/store/s5n20irsp2l7aid01ilmsir3n4w67vqi-pub-js-0.6.7.drv' to 'ssh-ng://j_kro@sentry'...
copying path '/nix/store/xrc3k3xham3x2ynks7vgif1mpmncp00h-pub-dartdoc-9.0.8.tar.gz.drv' to 'ssh-ng://j_kro@sentry'...
copying path '/nix/store/s9wkgkv4599y41wfw455b7sbn3jwy1mp-pub-dartdoc-9.0.8.drv' to 'ssh-ng://j_kro@sentry'...
copying path '/nix/store/cdadnp6q8md3hr32byf6is8zfzaj8gvn-pub-stack_trace-1.12.1.tar.gz.drv' to 'ssh-ng://j_kro@sentry'...
copying path '/nix/store/sccm1f09inm9yvk8r1ry021a1d9vjhwi-pub-stack_trace-1.12.1.drv' to 'ssh-ng://j_kro@sentry'...
copying path '/nix/store/g9ac858s5hfs5svjbvd5fb5wxl507lmv-pub-cli_config-0.2.0.tar.gz.drv' to 'ssh-ng://j_kro@sentry'...
copying path '/nix/store/slvp1x229blsby8k51vl2xs2d35sr6vc-pub-cli_config-0.2.0.drv' to 'ssh-ng://j_kro@sentry'...
copying path '/nix/store/qbb9npjlb90d86w4i90gs8rg2wc38v5g-pub-node_interop-2.2.0.tar.gz.drv' to 'ssh-ng://j_kro@sentry'...
copying path '/nix/store/sqff8azs3mjldnhgg0ighs15f4xhw63p-pub-node_interop-2.2.0.drv' to 'ssh-ng://j_kro@sentry'...
copying path '/nix/store/rc4ly2ii3mk9rvgn0z6a24hs84y11vrm-pub-markdown-7.3.1.tar.gz.drv' to 'ssh-ng://j_kro@sentry'...
copying path '/nix/store/sry1y54j2q29h10dddvcgkh5di02y37h-pub-markdown-7.3.1.drv' to 'ssh-ng://j_kro@sentry'...
copying path '/nix/store/lbkwixjywfnz1qgm2vxb4n5x17hmal9z-pub-posix-6.5.0.tar.gz.drv' to 'ssh-ng://j_kro@sentry'...
copying path '/nix/store/syj6fp0rpkghm2r644hxhpcgbws6j8hc-pub-posix-6.5.0.drv' to 'ssh-ng://j_kro@sentry'...
copying path '/nix/store/l95kymkzmq93awj5rx8ral40yyp252ia-pub-http-1.6.0.tar.gz.drv' to 'ssh-ng://j_kro@sentry'...
copying path '/nix/store/va896lhl0vcq9mnk8fn3pbbyvxh51w0j-pub-http-1.6.0.drv' to 'ssh-ng://j_kro@sentry'...
copying path '/nix/store/i354h7q3n8zasmdpszsfvymcxh3rzjis-pub-async-2.13.1.tar.gz.drv' to 'ssh-ng://j_kro@sentry'...
copying path '/nix/store/vhfxfzlcqks7xmr9sx4ncv9l8awrzlhf-pub-async-2.13.1.drv' to 'ssh-ng://j_kro@sentry'...
copying path '/nix/store/9p2dh999858w83mxd02ynvgw3cklwsn7-pub-matcher-0.12.20.tar.gz.drv' to 'ssh-ng://j_kro@sentry'...
copying path '/nix/store/w7zl07al26ciq3h9yw1ggysp707bkhm5-pub-matcher-0.12.20.drv' to 'ssh-ng://j_kro@sentry'...
copying path '/nix/store/8hwh9r5s9v21q7n51bf54yw7cxzcibv1-pub-fixnum-1.1.1.tar.gz.drv' to 'ssh-ng://j_kro@sentry'...
copying path '/nix/store/wff44cwvfwik395m0f1ixdl8kwnzf0g4-pub-fixnum-1.1.1.drv' to 'ssh-ng://j_kro@sentry'...
copying path '/nix/store/z28h94gkfmgcbvk7wk84mf3f9vyn7mfk-pub-test_core-0.6.19.tar.gz.drv' to 'ssh-ng://j_kro@sentry'...
copying path '/nix/store/wpiffnqxs3r6h2vwbvmlfa7q8ilpvvix-pub-test_core-0.6.19.drv' to 'ssh-ng://j_kro@sentry'...
copying path '/nix/store/d9ing14b18022fzkl25mr8y7pvyg59f5-pub-watcher-1.2.1.tar.gz.drv' to 'ssh-ng://j_kro@sentry'...
copying path '/nix/store/wrvrqxxkyajv4iffvxkdlzz0fgpy8r4s-pub-watcher-1.2.1.drv' to 'ssh-ng://j_kro@sentry'...
copying path '/nix/store/zwb3ggx0w9swrq5m666c8rhnldsa2g7j-pub-shelf-1.4.2.tar.gz.drv' to 'ssh-ng://j_kro@sentry'...
copying path '/nix/store/x8gam5dwwprwh5psqc7b8k6jrdnbay41-pub-shelf-1.4.2.drv' to 'ssh-ng://j_kro@sentry'...
copying path '/nix/store/zppk4s50hddi2r2zg0511kd3n33vggnl-pub-petitparser-7.0.2.tar.gz.drv' to 'ssh-ng://j_kro@sentry'...
copying path '/nix/store/xcgl5qf06pi25p0ysbkaa2szbmcawv9h-pub-petitparser-7.0.2.drv' to 'ssh-ng://j_kro@sentry'...
copying path '/nix/store/8ms7igybf01z9gn4v4d7flbsrja2hzbh-pub-frontend_server_client-4.0.0.tar.gz.drv' to 'ssh-ng://j_kro@sentry'...
copying path '/nix/store/xjpx6dcx3fygs2djmc1njr24zgr1nhpg-pub-frontend_server_client-4.0.0.drv' to 'ssh-ng://j_kro@sentry'...
copying path '/nix/store/v8nfr5h0g6dgdwqyqfzwik4lpx5gla67-pub-coverage-1.15.1.tar.gz.drv' to 'ssh-ng://j_kro@sentry'...
copying path '/nix/store/y5rv02w17aqpkh0azbsvc6fk992dila9-pub-coverage-1.15.1.drv' to 'ssh-ng://j_kro@sentry'...
copying path '/nix/store/m54cxdf40v09rbkaqzd2px60rg0rrnml-pub-lints-6.1.0.tar.gz.drv' to 'ssh-ng://j_kro@sentry'...
copying path '/nix/store/ybznfzqggryycxz7pypmhhyx8jlqqsgh-pub-lints-6.1.0.drv' to 'ssh-ng://j_kro@sentry'...
copying path '/nix/store/dr12v99wwrbpq5a3pbi1ah49d3r1lf4h-pub-type_plus-2.1.1.tar.gz.drv' to 'ssh-ng://j_kro@sentry'...
copying path '/nix/store/yhjdj9wl63hggnryrijgmd450d8j64n0-pub-type_plus-2.1.1.drv' to 'ssh-ng://j_kro@sentry'...
copying path '/nix/store/bjnbk6i5zvnjhlqfwl231cwdxziylk83-pub-vm_service-15.2.0.tar.gz.drv' to 'ssh-ng://j_kro@sentry'...
copying path '/nix/store/yjg9k34690r7nxaimhk2g2klx276rj8w-pub-vm_service-15.2.0.drv' to 'ssh-ng://j_kro@sentry'...
copying path '/nix/store/hamp5ccm626b4bxd38spjgkph8c0dchv-dart-sass-1.101.2-package-config.json.drv' to 'ssh-ng://j_kro@sentry'...
copying path '/nix/store/k55jnirdlscfj4dkffviliv57n6f53iw-dart-sass-1.101.2-package-config-with-root.json.drv' to 'ssh-ng://j_kro@sentry'...
copying path '/nix/store/qhsfxblw7sybz7srg9mlp05ywg1jd92q-python3-3.14.6-env.drv' to 'ssh-ng://j_kro@sentry'...
copying path '/nix/store/lhrfd8j9sd9j79as3pzf7ys54fdc8wdm-dart-config-hook.drv' to 'ssh-ng://j_kro@sentry'...
copying path '/nix/store/mym6qc3ldlicxaw6nxjyczgrbjcwsash-dart-fixup-hook.drv' to 'ssh-ng://j_kro@sentry'...
copying path '/nix/store/284ln2rp3x920qkg9q8ixaahj8f9m3db-CVE-2021-30219.patch.drv' to 'ssh-ng://j_kro@sentry'...
copying path '/nix/store/jpgjk17a893wc41p8m2vi0408apnzvq7-CVE-2021-30218.patch.drv' to 'ssh-ng://j_kro@sentry'...
copying path '/nix/store/krallbzi6bkqnjsr66fh1qhsdnc2vl47-source.drv' to 'ssh-ng://j_kro@sentry'...
copying path '/nix/store/32dgdjcqmfiw3q0hxjcscwbn259ck7sk-samurai-1.2.drv' to 'ssh-ng://j_kro@sentry'...
copying path '/nix/store/s7c7plzbc9ayhmwpcwmg58j27g98k65s-source.drv' to 'ssh-ng://j_kro@sentry'...
copying path '/nix/store/a2jm5wis1pn80wr4hl3iy0rvs16nkdzl-ripgrep-15.2.0-vendor-staging.drv' to 'ssh-ng://j_kro@sentry'...
copying path '/nix/store/3rdpqv7xw3ic3m8r34yh09c1d8qq1kkm-ripgrep-15.2.0-vendor.drv' to 'ssh-ng://j_kro@sentry'...
copying path '/nix/store/755ylbv13qpb71q3lczi630aw1dqb6xc-ripgrep-15.2.0.drv' to 'ssh-ng://j_kro@sentry'...
copying path '/nix/store/dk6bsiwnc20k3qxxaignxi5nwv90q7fq-dartsdk-linux-x64-release.zip.drv' to 'ssh-ng://j_kro@sentry'...
copying path '/nix/store/igmsma14gyy5i7hq3hf942gz4yhlkp1r-dart-3.12.2.drv' to 'ssh-ng://j_kro@sentry'...
copying path '/nix/store/kz2dm1rvwbdl19v0ixv7nms78hn9044r-pkg-config.py.drv' to 'ssh-ng://j_kro@sentry'...
copying path '/nix/store/nnnq8m6dgphm9xsjz254qv207zznapn1-gitSetupHook.drv' to 'ssh-ng://j_kro@sentry'...
copying path '/nix/store/dhlj73kd4bi5kaa0094fy63wdfhmxbcn-pax-utils.drv' to 'ssh-ng://j_kro@sentry'...
copying path '/nix/store/1ggcr58wx9231gf164jfcz7r9f7ysyn4-pax-utils-1.3.10.drv' to 'ssh-ng://j_kro@sentry'...
copying path '/nix/store/2mcj6y9ihm70szqxq30l3qanlq0bps2l-depot_tools-580b4ff.drv' to 'ssh-ng://j_kro@sentry'...
copying path '/nix/store/4nzpg0sd4c3srhs120cwddh6wjl7bq8x-gclient.drv' to 'ssh-ng://j_kro@sentry'...
copying path '/nix/store/7lf8w02cglflwqld5zarwisf6wi80a6l-python3.12-six-1.17.0.drv' to 'ssh-ng://j_kro@sentry'...
copying path '/nix/store/60v79lmn5314m6cmckhfag57b4wbmmp0-py-1.11.0.tar.gz.drv' to 'ssh-ng://j_kro@sentry'...
copying path '/nix/store/8j3g786jg6rpay0iyi3k383qv37xpnrx-python3.12-py-1.11.0.drv' to 'ssh-ng://j_kro@sentry'...
copying path '/nix/store/9kvq4a69x3a6sgbx678rin74z8cbgjxx-pytest8-compat.patch.drv' to 'ssh-ng://j_kro@sentry'...
copying path '/nix/store/pm78hiah3hj224byx0260idff82piyq0-source.drv' to 'ssh-ng://j_kro@sentry'...
copying path '/nix/store/1z9x9n91zispr0hnfhlj0jq5vfkfb94j-python3.12-pytest-forked-1.6.0.drv' to 'ssh-ng://j_kro@sentry'...
copying path '/nix/store/9h8wir7n7922p8vjqr0n9harw0ga4f63-source.drv' to 'ssh-ng://j_kro@sentry'...
copying path '/nix/store/88l33nyvpgzl8vyg2sczkcghqkgy4x7i-python3.12-python-dateutil-2.9.0.post0.drv' to 'ssh-ng://j_kro@sentry'...
copying path '/nix/store/fsczrfdj81605v613k15a6slmmr0s7w8-faker-40.28.1.tar.gz.drv' to 'ssh-ng://j_kro@sentry'...
copying path '/nix/store/hqp41g4nzvcaaqh8aanx4kjc3d2yg8qh-UkPostcodeParser-1.1.2.tar.gz.drv' to 'ssh-ng://j_kro@sentry'...
copying path '/nix/store/lxl8i54jsv1aicjpdijg9dppr8n00p9s-python3.12-ukpostcodeparser-1.1.2.drv' to 'ssh-ng://j_kro@sentry'...
copying path '/nix/store/q3r86hbhvkb9j79yx210i2hy0d2f6h5g-python3.12-tzdata-2026.3.drv' to 'ssh-ng://j_kro@sentry'...
copying path '/nix/store/33y3d5j40wh3vk5crqaxf45si1k3j6pi-source.drv' to 'ssh-ng://j_kro@sentry'...
copying path '/nix/store/f07cgwj6128y44p64v67ggf79m99r8wz-olefile-0.47.zip.drv' to 'ssh-ng://j_kro@sentry'...
copying path '/nix/store/hb2y6qsr2gji1avdnjinmah8v55nn6dk-python3.12-olefile-0.47.drv' to 'ssh-ng://j_kro@sentry'...
copying path '/nix/store/6p4xab7qm14d1mg7073qz3rcb0yyzndg-source.drv' to 'ssh-ng://j_kro@sentry'...
copying path '/nix/store/lqs2qv1ca3l3x8r9ypxhhmr5flbg8s89-libraqm-0.10.5.drv' to 'ssh-ng://j_kro@sentry'...
copying path '/nix/store/lmylzx64vlpm1sqaa7ns0ig9b69pw1gs-source.drv' to 'ssh-ng://j_kro@sentry'...
copying path '/nix/store/ar3x6yfks0im48hdggaw8wk6ccyqdgv9-crate-cc-1.2.46.tar.gz.drv' to 'ssh-ng://j_kro@sentry'...
copying path '/nix/store/2ac8yj2h97xdgxcnas3wm5bbg3slbskc-cc-1.2.46.drv' to 'ssh-ng://j_kro@sentry'...
copying path '/nix/store/q5xx4syhp4p8m4vi4z2dhqxb89hwdfg5-crate-thread_local-1.1.9.tar.gz.drv' to 'ssh-ng://j_kro@sentry'...
copying path '/nix/store/4s3807ljr84wlw2p06r8ilf59kirj900-thread_local-1.1.9.drv' to 'ssh-ng://j_kro@sentry'...
copying path '/nix/store/qrcclsmm43grwhcf9i4xzzmp6zy4b2pp-crate-zlib-rs-0.5.2.tar.gz.drv' to 'ssh-ng://j_kro@sentry'...
copying path '/nix/store/59m0jmmcwbpianv3xhyzl68hysb7qn41-zlib-rs-0.5.2.drv' to 'ssh-ng://j_kro@sentry'...
copying path '/nix/store/xz80z6r9yvhss0pr72r134j0fv189sca-crate-bytemuck-1.24.0.tar.gz.drv' to 'ssh-ng://j_kro@sentry'...
copying path '/nix/store/69f0zvscnsm0rzxp00qhxvgj1zy96kkf-bytemuck-1.24.0.drv' to 'ssh-ng://j_kro@sentry'...
copying path '/nix/store/4vv91254i3xb045dbwc4jn9xpxbpbmrg-crate-rgb-0.8.52.tar.gz.drv' to 'ssh-ng://j_kro@sentry'...
copying path '/nix/store/8b3ywlh9xrbs8l7w4injxyjssjvq11ai-rgb-0.8.52.drv' to 'ssh-ng://j_kro@sentry'...
copying path '/nix/store/ja59hy3gpf7z7b03bvwgwbni8sjkrvji-crate-lodepng-3.12.1.tar.gz.drv' to 'ssh-ng://j_kro@sentry'...
copying path '/nix/store/ahm89cgk4vwsisl00bwwk1s84rrnrr78-lodepng-3.12.1.drv' to 'ssh-ng://j_kro@sentry'...
copying path '/nix/store/wy7h3hcznfm845s3q6lvssmmqqa15y95-crate-arrayvec-0.7.6.tar.gz.drv' to 'ssh-ng://j_kro@sentry'...
copying path '/nix/store/azvzqvlks54cypiv9isjw0k3ji3mqs7q-arrayvec-0.7.6.drv' to 'ssh-ng://j_kro@sentry'...
copying path '/nix/store/839x22iwmbxvblp9v4arir85jjsx7si8-crate-libz-rs-sys-0.5.2.tar.gz.drv' to 'ssh-ng://j_kro@sentry'...
copying path '/nix/store/b82qvnsrpam4mwgj4ddbdvdl31ag1nri-libz-rs-sys-0.5.2.drv' to 'ssh-ng://j_kro@sentry'...
copying path '/nix/store/251cvzd2dpjm33g6fvkxbiiq9h67wjzw-crate-simd-adler32-0.3.7.tar.gz.drv' to 'ssh-ng://j_kro@sentry'...
copying path '/nix/store/ddhvr3185201vfrcsc16zllkpimm6vkn-simd-adler32-0.3.7.drv' to 'ssh-ng://j_kro@sentry'...
copying path '/nix/store/hz6ljdbhwp63d92r96gaf0cdd50z8a87-crate-miniz_oxide-0.8.9.tar.gz.drv' to 'ssh-ng://j_kro@sentry'...
copying path '/nix/store/izzm6069f03cxn4hchk3a0005ny8piwd-miniz_oxide-0.8.9.drv' to 'ssh-ng://j_kro@sentry'...
copying path '/nix/store/6zab2w2pdvadkyfi7icsahgbycfybb2a-crate-flate2-1.1.5.tar.gz.drv' to 'ssh-ng://j_kro@sentry'...
copying path '/nix/store/pi6bg4r5d0in60yi4i3ml44yn81ypfhm-flate2-1.1.5.drv' to 'ssh-ng://j_kro@sentry'...
copying path '/nix/store/8a2hwy60p3k6n81szvknwf3b0pdny2aq-crate-adler2-2.0.1.tar.gz.drv' to 'ssh-ng://j_kro@sentry'...
copying path '/nix/store/vzjv7w2qfg2qikhg76pi030h41061mwv-adler2-2.0.1.drv' to 'ssh-ng://j_kro@sentry'...
copying path '/nix/store/qwx5k8jj9a8cqg7gbh38bak9kijix7k3-crate-crc32fast-1.5.0.tar.gz.drv' to 'ssh-ng://j_kro@sentry'...
copying path '/nix/store/yswvm1h7i7csv2wrsyam052mfd5na7ah-crc32fast-1.5.0.drv' to 'ssh-ng://j_kro@sentry'...
copying path '/nix/store/n051yzg3g23dyrdilih1373qnwypfcwq-cargo-vendor-dir.drv' to 'ssh-ng://j_kro@sentry'...
copying path '/nix/store/mlikggwfxyr5qza2jc0hz7dh3nfsd3lk-libimagequant-4.4.1.drv' to 'ssh-ng://j_kro@sentry'...
copying path '/nix/store/qzn6x4kyl3ymaj5i1qp5ilcahaym90s0-python3.12-pytest-cov-stub-1.0.0.drv' to 'ssh-ng://j_kro@sentry'...
copying path '/nix/store/17jal5yhaa4349726i0rr6z6ppqpm485-python3.12-lxml-6.1.1.drv' to 'ssh-ng://j_kro@sentry'...
copying path '/nix/store/vfmny05znw24ql6pzkjvhbz2aig7sbnm-python3.12-defusedxml-0.8.0rc2.drv' to 'ssh-ng://j_kro@sentry'...
copying path '/nix/store/wlgh53vr7ch52p14nq3g9v2xl8rc6kd1-python3.12-pillow-12.3.0.drv' to 'ssh-ng://j_kro@sentry'...
copying path '/nix/store/2sazyh0xjrj32wnp27svvkpf5c3xxk2s-source.drv' to 'ssh-ng://j_kro@sentry'...
copying path '/nix/store/0bc0nx7a5r2kazabp4kl44ykq6f4vidl-source.drv' to 'ssh-ng://j_kro@sentry'...
copying path '/nix/store/fg1z8rj3nxd6f4fxirblhlfj08ci9hzk-source.drv' to 'ssh-ng://j_kro@sentry'...
copying path '/nix/store/0kq613mfygbic6qxiddx494lav4rnzhd-pycryptodome-test-vectors-1.0.14.zip.drv' to 'ssh-ng://j_kro@sentry'...
copying path '/nix/store/hlqnqlix3i49ci3ksjkjli9fhsfmrrgq-python3.12-pycryptodome-test-vectors-1.0.14.drv' to 'ssh-ng://j_kro@sentry'...
copying path '/nix/store/drv9wjk2y74mr0pvx8glhd47s8bw4jpw-python3.12-pycryptodome-3.23.0.drv' to 'ssh-ng://j_kro@sentry'...
copying path '/nix/store/vii5j5mwxhl5b4al892vrjiwfslxqx6z-safe_pysha3-1.0.5.tar.gz.drv' to 'ssh-ng://j_kro@sentry'...
copying path '/nix/store/l9nzbzag1rcynljm2aaqawpwiglxy9dz-python3.12-safe-pysha3-1.0.5.drv' to 'ssh-ng://j_kro@sentry'...
copying path '/nix/store/6wfhcp07lpbavpc7js2329apvnzq5n0g-python3.12-eth-hash-0.7.1.drv' to 'ssh-ng://j_kro@sentry'...
copying path '/nix/store/xbyghvpcsn9c4f6a4n5k4sq2fc1r212g-python3.12-validators-0.35.0.drv' to 'ssh-ng://j_kro@sentry'...
copying path '/nix/store/yk8q16amcigd4sv7z7x5dsd4sk19afh9-python3.12-freezegun-1.5.5.drv' to 'ssh-ng://j_kro@sentry'...
copying path '/nix/store/0xydkmjk84ij05888vfyms11j3bwdyp7-python3.12-faker-40.28.1.drv' to 'ssh-ng://j_kro@sentry'...
copying path '/nix/store/xcs60myi1i4ihwgwp2z7j5c2nlwmin3c-python3.12-pytz-2026.2.drv' to 'ssh-ng://j_kro@sentry'...
copying path '/nix/store/12r825w54q95xw1za4acdpykr5699rab-python3.12-babel-2.18.0.drv' to 'ssh-ng://j_kro@sentry'...
copying path '/nix/store/16bb72qd9z2843p7mb38hg5m4rrmzvzf-python3.12-markupsafe-3.0.3.drv' to 'ssh-ng://j_kro@sentry'...
copying path '/nix/store/4bcbmc0w8mygk4bhjixgk48mqds3hbaf-python3.12-jinja2-3.1.6.drv' to 'ssh-ng://j_kro@sentry'...
copying path '/nix/store/0h6zx6w9z141y6ymg6jk2bbz43h2fqnk-python3.12-urllib3-2.7.0.drv' to 'ssh-ng://j_kro@sentry'...
copying path '/nix/store/pcihnfmngw1y00iqzg2w59mjkmcvg5r4-h11-0.16.0.tar.gz.drv' to 'ssh-ng://j_kro@sentry'...
copying path '/nix/store/giqbvxhvmgvm0884pnfpmmarys21lp5w-python3.12-h11-0.16.0.drv' to 'ssh-ng://j_kro@sentry'...
copying path '/nix/store/jwkfs1f6sai0v3m1lf1wqy221k92f8cs-source.drv' to 'ssh-ng://j_kro@sentry'...
copying path '/nix/store/5001qahvmqmj64x6a8j1r37h3nrcf7p9-python3.12-purl-1.6.drv' to 'ssh-ng://j_kro@sentry'...
copying path '/nix/store/asr7aqfijylgn29h9n973qcb03782pc5-werkzeug-3.1.8.tar.gz.drv' to 'ssh-ng://j_kro@sentry'...
copying path '/nix/store/53zdljqllcmzd08za1gnzgsglhckascy-source.drv' to 'ssh-ng://j_kro@sentry'...
copying path '/nix/store/rhxaa6h0341h5xw18azbyjbmh6p89gsq-dnspython-2.8.0.tar.gz.drv' to 'ssh-ng://j_kro@sentry'...
copying path '/nix/store/hnklc272dszqnicr95wp3d473cgwd662-python3.12-dnspython-2.8.0.drv' to 'ssh-ng://j_kro@sentry'...
copying path '/nix/store/546jcw90ksqmlb5a5r9cngjnn4hgr5x2-python3.12-eventlet-0.41.0.drv' to 'ssh-ng://j_kro@sentry'...
copying path '/nix/store/hp1s4bf4pcrfkgl62hpm52s7cszzzmjn-python3.12-pyyaml-6.0.3.drv' to 'ssh-ng://j_kro@sentry'...
copying path '/nix/store/in97fd1gk0bica90i3ill8d6cif2cjfb-watchdog-6.0.0.tar.gz.drv' to 'ssh-ng://j_kro@sentry'...
copying path '/nix/store/c5lzmygnwnvsrpm4qg9iqrz8kb14ljia-python3.12-mock-5.2.0.drv' to 'ssh-ng://j_kro@sentry'...
copying path '/nix/store/l7r5bn41hjrabypbfazfsqp7kpfhsafh-python3.12-flaky-3.8.1.drv' to 'ssh-ng://j_kro@sentry'...
copying path '/nix/store/fgqzmk9lcqlzz86s5znrnyszclbx3bs9-python3.12-watchdog-6.0.0.drv' to 'ssh-ng://j_kro@sentry'...
copying path '/nix/store/nyn6593lhgr5334rsp34qj6nkzw6cxff-source.drv' to 'ssh-ng://j_kro@sentry'...
copying path '/nix/store/i81ppb8kqmkwibqdxzcs6w0bsjdsrk7c-python3.12-ephemeral-port-reserve-1.1.4.drv' to 'ssh-ng://j_kro@sentry'...
copying path '/nix/store/3qm0s815qab4k9jszgcdji37q6b5pgw0-malloc-overcommit-mark.patch.drv' to 'ssh-ng://j_kro@sentry'...
copying path '/nix/store/k8y7qds3p11davk3lvm0h4bfyr8zwy9r-source.drv' to 'ssh-ng://j_kro@sentry'...
copying path '/nix/store/n134d80zs9s5sb4x4yviza83dhk1zqca-source.drv' to 'ssh-ng://j_kro@sentry'...
copying path '/nix/store/qn7wsy054i2d193f9nmqjqamvnbh424q-uv-build-0.11.28-vendor-staging.drv' to 'ssh-ng://j_kro@sentry'...
copying path '/nix/store/lc8vqggpc0h9p4b3mh3wdkif8hygv2mw-uv-build-0.11.28-vendor.drv' to 'ssh-ng://j_kro@sentry'...
copying path '/nix/store/rk2jzdi7wzr7p2bvip0dd7hnlc79h7ji-python3.12-uv-build-0.11.28.drv' to 'ssh-ng://j_kro@sentry'...
copying path '/nix/store/bajmlnmnfvggv5nr6midikiszvw7975k-python3.12-cryptography-vectors-49.0.0.drv' to 'ssh-ng://j_kro@sentry'...
copying path '/nix/store/rqjpm6pfhsyb1r2xbdac0ll7yldlp1m7-cryptography-49.0.0-vendor-staging.drv' to 'ssh-ng://j_kro@sentry'...
copying path '/nix/store/hi7a3fyhghjnw4b540v3zv3nr5lc1f8p-cryptography-49.0.0-vendor.drv' to 'ssh-ng://j_kro@sentry'...
copying path '/nix/store/k4g40yrr4xdwylm5f0fyk84gvvhjpp00-python3.12-certifi-2026.06.17.drv' to 'ssh-ng://j_kro@sentry'...
copying path '/nix/store/09fc07js83qsgdkmcsb0w0lhk7frgss4-source.drv' to 'ssh-ng://j_kro@sentry'...
copying path '/nix/store/knb9n9ymcax7pa5lfrhqlxlx591vanxy-python3.12-pretend-1.0.9.drv' to 'ssh-ng://j_kro@sentry'...
copying path '/nix/store/mn0rf6cv8qdjngjpinf5dv4iaqmcxwgw-semantic_version-2.10.0.tar.gz.drv' to 'ssh-ng://j_kro@sentry'...
copying path '/nix/store/in0yxs9rpddq5l0n630avmi3apm6glah-python3.12-semantic-version-2.10.0.drv' to 'ssh-ng://j_kro@sentry'...
copying path '/nix/store/mdpllxwvmm6rzarb7524hnwj1mdqkzb0-setuptools-rust-hook.sh.drv' to 'ssh-ng://j_kro@sentry'...
copying path '/nix/store/mnd6xkjshibb8pw4qf558ankpxflpplk-setuptools_rust-1.13.0.tar.gz.drv' to 'ssh-ng://j_kro@sentry'...
copying path '/nix/store/bgnkjjc3h02y4vw7rlz8dl9gbw5bcbv4-python3.12-setuptools-rust-1.13.0.drv' to 'ssh-ng://j_kro@sentry'...
copying path '/nix/store/fams6rqw4jxzxc0ijiyqjjr861cwl7sf-source.drv' to 'ssh-ng://j_kro@sentry'...
copying path '/nix/store/2iqa56pk48s7liipyljqhxpqfkz18asz-bcrypt-5.0.0-vendor-staging.drv' to 'ssh-ng://j_kro@sentry'...
copying path '/nix/store/wh2v6v0wpcabxhz19zkk3mpafkhv7xka-bcrypt-5.0.0-vendor.drv' to 'ssh-ng://j_kro@sentry'...
copying path '/nix/store/rsj07aa3w3pxlig0ncvj738q6hr3wq09-python3.12-bcrypt-5.0.0.drv' to 'ssh-ng://j_kro@sentry'...
copying path '/nix/store/x6qcpgkz4nvgnnn8i60wdv733kpr3i66-python3.12-cryptography-49.0.0.drv' to 'ssh-ng://j_kro@sentry'...
copying path '/nix/store/g4avc4f1nr8hxhy5fsgpnvxsn6l72ala-python3.12-werkzeug-3.1.8.drv' to 'ssh-ng://j_kro@sentry'...
copying path '/nix/store/38n1kfk5s98q6hh03chvg8vn4rch20gs-source.drv' to 'ssh-ng://j_kro@sentry'...
copying path '/nix/store/4vv1zzpxy8bfb5k2ngiirqv3h8408i54-httpbin-0.10.2.tar.gz.drv' to 'ssh-ng://j_kro@sentry'...
copying path '/nix/store/2n0spc548gckrkjzg2k69cn41h0534ay-fix-tests-with-click-8.2.patch.drv' to 'ssh-ng://j_kro@sentry'...
copying path '/nix/store/371yz4x7a0b3x5sifc2jrrydk8v2k6vj-source.drv' to 'ssh-ng://j_kro@sentry'...
copying path '/nix/store/dxd6r6mwishi0z0iazij78a5g38cjd62-rpds_py-2026.6.3.tar.gz.drv' to 'ssh-ng://j_kro@sentry'...
copying path '/nix/store/5dcj2g43j9mrzj2msf6vp1izv71y29r7-rpds-py-2026.6.3-vendor-staging.drv' to 'ssh-ng://j_kro@sentry'...
copying path '/nix/store/flbq25bxv7xdrras9sybbjysh3skbfza-rpds-py-2026.6.3-vendor.drv' to 'ssh-ng://j_kro@sentry'...
copying path '/nix/store/zghj834jzy1r23vjrpikfqg2jikzbfq8-python3.12-rpds-py-2026.6.3.drv' to 'ssh-ng://j_kro@sentry'...
copying path '/nix/store/zzlw789dgahashfm34p5fja8x2h2hw0p-source.drv' to 'ssh-ng://j_kro@sentry'...
copying path '/nix/store/1g5xajghyx01wg716lpamjg2kkp1f3x6-python3.12-referencing-0.37.0.drv' to 'ssh-ng://j_kro@sentry'...
copying path '/nix/store/845cpjw8wdlk9a24qb3cjrlqdhy5kjc1-python3.12-hatch-fancy-pypi-readme-25.1.0.drv' to 'ssh-ng://j_kro@sentry'...
copying path '/nix/store/6px1jbp8xm110wljb2g6kckvwsfzhggz-python3.12-roman-numerals-4.1.0.drv' to 'ssh-ng://j_kro@sentry'...
copying path '/nix/store/9nm8iya4y2azjs0irimdcw22hjv44lc3-python3.12-docutils-0.23.drv' to 'ssh-ng://j_kro@sentry'...
copying path '/nix/store/wdadc4rhh0avf4w3qvgf4vv08jydmq17-python3.12-sphinxcontrib-serializinghtml-2.0.0.drv' to 'ssh-ng://j_kro@sentry'...
copying path '/nix/store/b1xmzgwrrslakgcddmaqkrjc2jfxv7yq-python3.12-sphinxcontrib-websupport-2.0.0.drv' to 'ssh-ng://j_kro@sentry'...
copying path '/nix/store/cmd13ga9ysickrk2xz0f2pkhi1n6bzcd-python3.12-alabaster-1.0.0.drv' to 'ssh-ng://j_kro@sentry'...
copying path '/nix/store/g321avcic0gh68j2kgji0d0bixb46zzz-python3.12-sphinxcontrib-applehelp-2.0.0.drv' to 'ssh-ng://j_kro@sentry'...
copying path '/nix/store/h5frp11zil97l7ldsg12zvvy2jy29mg6-python3.12-sphinxcontrib-devhelp-2.0.0.drv' to 'ssh-ng://j_kro@sentry'...
copying path '/nix/store/i16f4sfbk6ykcbzfpiwi9kfcdcydd3l7-python3.12-sphinxcontrib-qthelp-2.0.0.drv' to 'ssh-ng://j_kro@sentry'...
copying path '/nix/store/cxdbfd52ggd2ahbazji8wxa1l4x47r6c-python3.12-pystemmer-3.0.0.drv' to 'ssh-ng://j_kro@sentry'...
copying path '/nix/store/m928rcj2ygd74jcwilmaiq95n11fp654-python3.12-snowballstemmer-3.1.1.drv' to 'ssh-ng://j_kro@sentry'...
copying path '/nix/store/mpm0q2avblwgw9niqlb5rn1cfjn143kj-python3.12-sphinxcontrib-htmlhelp-2.1.0.drv' to 'ssh-ng://j_kro@sentry'...
copying path '/nix/store/nnl3i8jl0zpkzhl6hq2qd6jmm0jnr9b7-python3.12-imagesize-2.0.0.drv' to 'ssh-ng://j_kro@sentry'...
copying path '/nix/store/vpdxvb1l1mnx9ij27ad81g2b6p8hhm5c-python3.12-sphinxcontrib-jsmath-1.0.1.drv' to 'ssh-ng://j_kro@sentry'...
copying path '/nix/store/7ap4n8am6fn0v0dlzazm78j7bjxq1grl-python3.12-ast-serialize-0.6.0.drv' to 'ssh-ng://j_kro@sentry'...
copying path '/nix/store/7ifk2ij942m8dpmnxd7c2gj0f5m29f91-python3.12-types-setuptools-80.9.0.20251223.drv' to 'ssh-ng://j_kro@sentry'...
copying path '/nix/store/xyldc38lxdc6rxbv5d1lld1ak6aiipia-python3.12-mypy-extensions-1.1.0.drv' to 'ssh-ng://j_kro@sentry'...
copying path '/nix/store/c4zn4sjgi1apqvc15wnar0km08phshka-python3.12-librt-0.13.0.drv' to 'ssh-ng://j_kro@sentry'...
copying path '/nix/store/fliybw369v9c5c1mn3wdjmqrwp9mjixf-python3.12-types-psutil-7.2.1.20260116.drv' to 'ssh-ng://j_kro@sentry'...
copying path '/nix/store/sw70qak2axp69vi94q51g5qhdpvk9ffd-python3.12-pytest-instafail-0.5.0.drv' to 'ssh-ng://j_kro@sentry'...
copying path '/nix/store/jhga212xfixn7z3xlfggidmq771xhz3a-python3.12-psutil-7.2.2.drv' to 'ssh-ng://j_kro@sentry'...
copying path '/nix/store/wbr814crix41cy0v7kq26k0sfa7zvif2-python3.12-tomli-2.4.1.drv' to 'ssh-ng://j_kro@sentry'...
copying path '/nix/store/bdv383m4rp04z680y7l9f55gv7qrry0d-python3.12-mypy-2.1.0.drv' to 'ssh-ng://j_kro@sentry'...
copying path '/nix/store/4vqx8x43n2s41a9incjyyypcld2i563k-python3.12-charset-normalizer-3.4.9.drv' to 'ssh-ng://j_kro@sentry'...
copying path '/nix/store/8s5j4szfn1vm8mvsin841vxislyy9zxw-python3.12-idna-3.18.drv' to 'ssh-ng://j_kro@sentry'...
copying path '/nix/store/kpbky1602zcwicwbj8yb62pqvq15vkgx-python3.12-pysocks-1.7.1.drv' to 'ssh-ng://j_kro@sentry'...
copying path '/nix/store/z5mr7ncm1yggvhzx5dxj62sfdma080fz-python3.12-requests-2.34.2.drv' to 'ssh-ng://j_kro@sentry'...
copying path '/nix/store/7y6mm2m258dkha67cgljh0lnjjxsjiwn-python3.12-sphinx-9.1.0.drv' to 'ssh-ng://j_kro@sentry'...
copying path '/nix/store/bv88y0gkw1nvdsac33j0w5hzhb99p1cy-source.drv' to 'ssh-ng://j_kro@sentry'...
copying path '/nix/store/8xm2340lmhyfnvfp3w53rq8nx13wcwkp-source.drv' to 'ssh-ng://j_kro@sentry'...
copying path '/nix/store/w6xvw6mdl6rh1x8xgiaxsllx7xzxp5vw-python3.12-sphinx-issues-6.0.0.drv' to 'ssh-ng://j_kro@sentry'...
copying path '/nix/store/fi5sdqjz1bdq3rrs69wrp28p7hi7g4k5-python3.12-pip-26.1.2.drv' to 'ssh-ng://j_kro@sentry'...
copying path '/nix/store/glr8fv8530j8pnqdy5xvc6r94ghz2q4b-jsonschema-4.26.0.tar.gz.drv' to 'ssh-ng://j_kro@sentry'...
copying path '/nix/store/82cm1a47iacagbxkh9xlsyx72jc9x4a9-jsonschema_specifications-2025.9.1.tar.gz.drv' to 'ssh-ng://j_kro@sentry'...
copying path '/nix/store/ni3zrvwy6gdqa0f49q2yib43zksisbh7-python3.12-jsonschema-specifications-2025.9.1.drv' to 'ssh-ng://j_kro@sentry'...
copying path '/nix/store/9p8p7bp36zfypf7dg71s0dg5y47pnaf9-python3.12-ply-3.11.drv' to 'ssh-ng://j_kro@sentry'...
copying path '/nix/store/a7bgvk129jg7qrgkv2if5ivrjbkcy50z-source.drv' to 'ssh-ng://j_kro@sentry'...
copying path '/nix/store/p71b227m3mkgbbqh8kpwagpf51gy2dp8-python3.12-jsonpath-ng-1.8.0.drv' to 'ssh-ng://j_kro@sentry'...
copying path '/nix/store/dcl7n85i6xxl5l7b50g7ikr501yfj74a-python3.12-jsonschema-4.26.0.drv' to 'ssh-ng://j_kro@sentry'...
copying path '/nix/store/7wgyb2gkr09jgk0fl8cxf0jpy4rl6d5n-source.drv' to 'ssh-ng://j_kro@sentry'...
copying path '/nix/store/k6dx982jsx8gvb6silrvzgy47wlpadkb-python3.12-mistune-3.3.3.drv' to 'ssh-ng://j_kro@sentry'...
copying path '/nix/store/048r8sxvbdwif3ywvrm0z4j4k0j8q7lq-source.drv' to 'ssh-ng://j_kro@sentry'...
copying path '/nix/store/kfjy92dvkvlbh4s9svqp5dax1bb1avf1-python3.12-argcomplete-3.6.3.drv' to 'ssh-ng://j_kro@sentry'...
copying path '/nix/store/sgpiaknz0zbl3124ccfbqcwsqxhhzc30-source.drv' to 'ssh-ng://j_kro@sentry'...
copying path '/nix/store/a7hxssnh6ffsvidjy1wn4rp85ammnkhi-python3.12-traitlets-5.15.1.drv' to 'ssh-ng://j_kro@sentry'...
copying path '/nix/store/1xbpcvp63jlr81lhsgz1wxdv4qx6m7nr-python3.12-matplotlib-inline-0.2.2.drv' to 'ssh-ng://j_kro@sentry'...
copying path '/nix/store/xjv96kabqbzqnv87b7ad4grlayls4gg0-source.drv' to 'ssh-ng://j_kro@sentry'...
copying path '/nix/store/bniildi5dsl6vr7b6yiw4qjxymwlb3zl-python3.12-parso-0.8.7.drv' to 'ssh-ng://j_kro@sentry'...
copying path '/nix/store/djnnk775kvc657y1q2l05xfz0p8570wa-source.drv' to 'ssh-ng://j_kro@sentry'...
copying path '/nix/store/2q6jyi8iycjl3ysv7y6abd12vvs86yhm-python3.12-jedi-0.20.0.drv' to 'ssh-ng://j_kro@sentry'...
copying path '/nix/store/i2x913arkadc5syv0xgbm7ghzwzp61sm-source.drv' to 'ssh-ng://j_kro@sentry'...
copying path '/nix/store/509q5i83bj49hpp0xxkadd44dzg235bj-python3.12-pure-eval-0.2.3.drv' to 'ssh-ng://j_kro@sentry'...
copying path '/nix/store/7f5wdi3chjgv0phnh01bd1ypafqmqz6h-source.drv' to 'ssh-ng://j_kro@sentry'...
copying path '/nix/store/h1ik7zw3whym75i83yrk7sjrr42ch10k-source.drv' to 'ssh-ng://j_kro@sentry'...
copying path '/nix/store/h9nl66yp34aipgm7gbd3ff8kv1qdp3nk-python3.12-astroid-4.2.0.drv' to 'ssh-ng://j_kro@sentry'...
copying path '/nix/store/d06gvkd3xsqxl1dvq3y77vxma7r9bssp-python3.12-asttokens-3.0.2.drv' to 'ssh-ng://j_kro@sentry'...
copying path '/nix/store/5q4c6jgq7ininqqpmw8kqhwlz994yjrb-littleutils-0.2.4.tar.gz.drv' to 'ssh-ng://j_kro@sentry'...
copying path '/nix/store/fm57y7iqnmlyb9jpcp7aqy834cyrh5fz-python3.12-littleutils-0.2.4.drv' to 'ssh-ng://j_kro@sentry'...
copying path '/nix/store/nksr8dc6pf85g57mjksiadr6rd0ik825-source.drv' to 'ssh-ng://j_kro@sentry'...
copying path '/nix/store/7j5nr2v6z1g9cvkrmyv6qbdszsdc93ms-python3.12-executing-2.2.1.drv' to 'ssh-ng://j_kro@sentry'...
copying path '/nix/store/kwhhn9ab8ywxlp8j8gxk0w66bpvxk0iy-python3.12-sphinxcontrib-jquery-4.1.drv' to 'ssh-ng://j_kro@sentry'...
copying path '/nix/store/5bhn70wr4ja2nsp958149vbzaxfccs7s-python3.12-sphinx-rtd-theme-3.1.0.drv' to 'ssh-ng://j_kro@sentry'...
copying path '/nix/store/qq0fzxm9nx40x23hiv7vvr6jpfmmhdxj-python3.12-sphinx-autodoc-typehints-3.12.1.drv' to 'ssh-ng://j_kro@sentry'...
copying path '/nix/store/vwk3b9865y2xpyzwa0rsqryxykykxvbz-python3.12-sphinx-hook.drv' to 'ssh-ng://j_kro@sentry'...
copying path '/nix/store/bkqcjni7n8raw4jf70gwzk35mlzrns37-python3.12-typeguard-4.5.2.drv' to 'ssh-ng://j_kro@sentry'...
copying path '/nix/store/c2xfxg11n81hznvfsgbc3v65c8hsiyz7-source.drv' to 'ssh-ng://j_kro@sentry'...
copying path '/nix/store/5zcsp3ir3wasw8sb7sm1cx520ryh6pxb-python3.12-stack-data-0.6.3.drv' to 'ssh-ng://j_kro@sentry'...
copying path '/nix/store/j0d4xpsynw4qbzm9gjzh23zd1db7fspn-ipython-9.14.0.tar.gz.drv' to 'ssh-ng://j_kro@sentry'...
copying path '/nix/store/wlwrjr0v98ap3v553w229c4aalqhmi7g-source.drv' to 'ssh-ng://j_kro@sentry'...
copying path '/nix/store/jm0fb5xr2va506xlkg2ql2pc90a2lpys-python3.12-ipython-pygments-lexers-1.1.1.drv' to 'ssh-ng://j_kro@sentry'...
copying path '/nix/store/432r18p848mlyrnkn9rp07f7a3vk568d-python3.12-more-itertools-11.1.0.drv' to 'ssh-ng://j_kro@sentry'...
copying path '/nix/store/iw8mcp4i9jkxq1kzx0pkrxlfji19h3bs-python3.12-path-17.1.1.drv' to 'ssh-ng://j_kro@sentry'...
copying path '/nix/store/nzs6hb59qmq1m4f9zg8cswfx1slz596f-pickleshare-0.7.5.tar.gz.drv' to 'ssh-ng://j_kro@sentry'...
copying path '/nix/store/myd707j5agqg9g2bm4xf20pnvq7jzi7l-python3.12-pickleshare-0.7.5.drv' to 'ssh-ng://j_kro@sentry'...
copying path '/nix/store/hmxd50ncni82xhyx7nix56zs2xlra5wn-source.drv' to 'ssh-ng://j_kro@sentry'...
copying path '/nix/store/ncdxai2p1fhkvb9ldvi332h3whhr81yb-python3.12-decorator-5.3.1.drv' to 'ssh-ng://j_kro@sentry'...
copying path '/nix/store/1cbl2a5b3z1mvpb21gkcnz02xc4ljjvb-source.drv' to 'ssh-ng://j_kro@sentry'...
copying path '/nix/store/xip7c99c59fibzdxclb14gqxpaly92gp-source.drv' to 'ssh-ng://j_kro@sentry'...
copying path '/nix/store/ms84p9n51v8d6i6icg85gmakcca468jq-python3.12-wcwidth-0.8.2.drv' to 'ssh-ng://j_kro@sentry'...
copying path '/nix/store/skirj1cniikpd0g7hi29zp59hp76vm28-python3.12-prompt-toolkit-3.0.52.drv' to 'ssh-ng://j_kro@sentry'...
copying path '/nix/store/h2bfsr7kw9cqjpmkcljdfk9g8jrlhzdg-testpath-0.6.0.tar.gz.drv' to 'ssh-ng://j_kro@sentry'...
copying path '/nix/store/z9hm20lnif914misfm9v4174x61gmh8m-python3.12-testpath-0.6.0.drv' to 'ssh-ng://j_kro@sentry'...
copying path '/nix/store/69j7skpz8bgf7f31jf6i9g4bxa9vdlyv-python3.12-ipython-9.14.0.drv' to 'ssh-ng://j_kro@sentry'...
copying path '/nix/store/dpsgjnp9c3sfgksnycwj6gfavpc38479-python3.12-click-8.3.3.drv' to 'ssh-ng://j_kro@sentry'...
copying path '/nix/store/wlxxsxs0hdaw79pp06bzafvnil7j4jg4-source.drv' to 'ssh-ng://j_kro@sentry'...
copying path '/nix/store/15g8whjz7m71vkji1s43sbr4jygpkqfh-source.drv' to 'ssh-ng://j_kro@sentry'...
copying path '/nix/store/zaxzclaqxnw8m10ykb51kv169nskqjs8-python3.12-sh-2.3.0.drv' to 'ssh-ng://j_kro@sentry'...
copying path '/nix/store/0pyn8vps6iyf57q49pj6yx4w6sv4fz6w-python3.12-python-dotenv-1.2.2.drv' to 'ssh-ng://j_kro@sentry'...
copying path '/nix/store/5f16zq8mzqqnan17pz39j98sfdjahibg-flask-3.1.3.tar.gz.drv' to 'ssh-ng://j_kro@sentry'...
copying path '/nix/store/b3rp6isrid06skdzpqsybh63cwr8041s-blinker-1.9.0.tar.gz.drv' to 'ssh-ng://j_kro@sentry'...
copying path '/nix/store/l993wfxwbb4h4r5d4g9rsl4lrs7sibdl-python3.12-blinker-1.9.0.drv' to 'ssh-ng://j_kro@sentry'...
copying path '/nix/store/ld6fr1fk4z9s918d54n92xhkldbnz3d4-pytest-9.1-compat.patch' to 'ssh-ng://j_kro@sentry'...
copying path '/nix/store/mn10lh6jvkxlxyxqyls7a6irrzbqqniv-itsdangerous-2.2.0.tar.gz.drv' to 'ssh-ng://j_kro@sentry'...
copying path '/nix/store/r94fw56ph2zg6fy09zq3kw4cs2hd1nn9-python3.12-itsdangerous-2.2.0.drv' to 'ssh-ng://j_kro@sentry'...
copying path '/nix/store/h2f1avga6zfh5yfk47lvsi7imqmg37di-source.drv' to 'ssh-ng://j_kro@sentry'...
copying path '/nix/store/sl5z73vdrd1y7hzk17yms8k7s36xjhdd-python3.12-asgiref-3.11.1.drv' to 'ssh-ng://j_kro@sentry'...
copying path '/nix/store/s5fghfg6xhryzq2ckdk3bfpm7krc8c0a-python3.12-flask-3.1.3.drv' to 'ssh-ng://j_kro@sentry'...
copying path '/nix/store/85xz060300sc9dpzci4izcdr63j4jmpl-python3.12-flasgger-0.9.7.1.drv' to 'ssh-ng://j_kro@sentry'...
copying path '/nix/store/ba7i4x1b0bv1vh2wb1gskaxss2jxv42y-source.drv' to 'ssh-ng://j_kro@sentry'...
copying path '/nix/store/my6w7cqypdv8z9qf43a8d5gmf1lj0v7i-python3.12-brotlicffi-1.2.0.0.drv' to 'ssh-ng://j_kro@sentry'...
copying path '/nix/store/vimzciffsw3ldh0626bvhksv2w0pfkym-python3.12-httpbin-0.10.2.drv' to 'ssh-ng://j_kro@sentry'...
copying path '/nix/store/s4i9ssk9rs686a1m59mdmsm1j7yw4352-python3.12-pytest-httpbin-2.1.0.drv' to 'ssh-ng://j_kro@sentry'...
copying path '/nix/store/w156ksamz5ilic8v8l6b169marl3z964-source.drv' to 'ssh-ng://j_kro@sentry'...
copying path '/nix/store/mi6cl65b17gjh8i1gqbn0c38vfwg3w11-python3.12-requests-futures-1.0.2.drv' to 'ssh-ng://j_kro@sentry'...
copying path '/nix/store/q0gw68h3rkx8dybw4mm7gsxdbss8x500-requests-mock-1.12.1.tar.gz.drv' to 'ssh-ng://j_kro@sentry'...
copying path '/nix/store/2kvfjlcdxla5rgp1scrdn16bnwnha5s8-fixtures-4.3.2.tar.gz.drv' to 'ssh-ng://j_kro@sentry'...
copying path '/nix/store/q3y62502g7cz5lnj4an15l211xdjid28-testtools-2.9.1.tar.gz.drv' to 'ssh-ng://j_kro@sentry'...
copying path '/nix/store/yy8gcbzjya0m3h48a42zx4p108i5v2xg-python3.12-testtools-2.9.1.drv' to 'ssh-ng://j_kro@sentry'...
copying path '/nix/store/wai1x2b7slwl8f6ldl84rvfkli9carq9-python3.12-fixtures-4.3.2.drv' to 'ssh-ng://j_kro@sentry'...
copying path '/nix/store/jqs60g451vc6kliz3hdjgnzs8k1m3zyv-python3.12-requests-mock-1.12.1.drv' to 'ssh-ng://j_kro@sentry'...
copying path '/nix/store/c5y2bp5mhbmgvjd9xhw91w75qj1334ik-maxminddb-3.0.0.tar.gz.drv' to 'ssh-ng://j_kro@sentry'...
copying path '/nix/store/553vv94hb7dbc9vkp71qb50ahipyd6k0-libmaxminddb-1.13.3.tar.gz.drv' to 'ssh-ng://j_kro@sentry'...
copying path '/nix/store/w868h1lwmrql52q60ib3kycp2xl4vj5a-libmaxminddb-1.13.3.drv' to 'ssh-ng://j_kro@sentry'...
copying path '/nix/store/jx9m0jm6134nhnr7bhmg1l3hr539jdcv-python3.12-maxminddb-3.0.0.drv' to 'ssh-ng://j_kro@sentry'...
copying path '/nix/store/w07shr5szra60s2cwrm5w8by9b4l1123-pep517-0.13.1.tar.gz.drv' to 'ssh-ng://j_kro@sentry'...
copying path '/nix/store/4c6ydf6ff5plis6kz71badhq0a8zg85i-python3.12-pep517-0.13.1.drv' to 'ssh-ng://j_kro@sentry'...
copying path '/nix/store/j98wsh9y6ambxs8kv7y45n0h5jr45zr3-expandvars-1.1.2.tar.gz.drv' to 'ssh-ng://j_kro@sentry'...
copying path '/nix/store/r5jjbk7mfhbfwbl56pfn27c7glawsavr-pytest9-compat.patch.drv' to 'ssh-ng://j_kro@sentry'...
copying path '/nix/store/7js99mh81jh87pqjfl05viv4vy83yxny-python3.12-expandvars-1.1.2.drv' to 'ssh-ng://j_kro@sentry'...
copying path '/nix/store/7rvlw6if9d0d5mnnpzsrcrn6v7nqvbvh-source.drv' to 'ssh-ng://j_kro@sentry'...
copying path '/nix/store/0mhdz8qa0kwppphpywfbwrchgfgi5m4f-python3.12-frozenlist-1.8.0.drv' to 'ssh-ng://j_kro@sentry'...
copying path '/nix/store/gmdqcgd03n6qxj7kl1y8kx98w3zhq6ni-source.drv' to 'ssh-ng://j_kro@sentry'...
copying path '/nix/store/fnncbh5c8rpijzmaf00rmj1s89sa06l4-source.drv' to 'ssh-ng://j_kro@sentry'...
copying path '/nix/store/7jaxpwghhcam3zd9x1354pfm67ck92y2-python3.12-mdurl-0.1.2.drv' to 'ssh-ng://j_kro@sentry'...
copying path '/nix/store/ad0acgcfcmbfxgk0xw375q1f4sx3yazg-source.drv' to 'ssh-ng://j_kro@sentry'...
copying path '/nix/store/33xbkzhi063wizi5fapdj8bxdc3al43a-source.drv' to 'ssh-ng://j_kro@sentry'...
copying path '/nix/store/pmcg9h0sljaavzjnbxz1qjdgy6qsz41c-source.drv' to 'ssh-ng://j_kro@sentry'...
copying path '/nix/store/91kqd8gx92ny8706ir8slclml2yai0p0-python3.12-uc-micro-py-1.0.3.drv' to 'ssh-ng://j_kro@sentry'...
copying path '/nix/store/amc6m7ib5iixwywx7b41cca3a8c3g5vs-python3.12-linkify-it-py-2.0.3.drv' to 'ssh-ng://j_kro@sentry'...
copying path '/nix/store/lm1qpzkd4qnfs6fqrih85y1ydri7vcb8-python3.12-versioneer-0.29.drv' to 'ssh-ng://j_kro@sentry'...
copying path '/nix/store/043zvpzv8r88wv3x8dgahk4xc0rvramx-python3.12-pandas-3.0.4.drv' to 'ssh-ng://j_kro@sentry'...
copying path '/nix/store/5hydx5268mcpl7vl3dq4ab7sx0nmlrvg-source.drv' to 'ssh-ng://j_kro@sentry'...
copying path '/nix/store/385wdp2cxq8zq12d0sy2dhbxafkpnbgg-python3.12-pytest-datadir-1.8.0.drv' to 'ssh-ng://j_kro@sentry'...
copying path '/nix/store/sf0j4fm64xz8lnigz86hjd94ip269518-source.drv' to 'ssh-ng://j_kro@sentry'...
copying path '/nix/store/1q3lii90hj2raci77l963p1ypcknviwy-tk8.6.16-src.tar.gz.drv' to 'ssh-ng://j_kro@sentry'...
copying path '/nix/store/0c2n3w5yycl4qgh3jih6fb0q1jpicvf5-tk-8.6.16.drv' to 'ssh-ng://j_kro@sentry'...
copying path '/nix/store/a2hxvn5hx5dplmr2i9qi17rbgqjgsxg0-tix-8.4.3-tcl8.5.patch.drv' to 'ssh-ng://j_kro@sentry'...
copying path '/nix/store/cfdhiq9ng1vms9ib5v258qf0l9xsnwsw-tix-8.4.3-tcl8.6.patch.drv' to 'ssh-ng://j_kro@sentry'...
copying path '/nix/store/kpayw47r286m0dm4sciiz8gs2ajh7l3v-Tix8.4.3-src.tar.gz.drv' to 'ssh-ng://j_kro@sentry'...
copying path '/nix/store/2kxvymrng6k0nkdg074pg4hms7z8ivq2-tix-8.4.3.drv' to 'ssh-ng://j_kro@sentry'...
copying path '/nix/store/qs1a3x9wdry9lrg8bxsj8a00wm9am4ng-pyproject.toml.drv' to 'ssh-ng://j_kro@sentry'...
copying path '/nix/store/1f9yp564j669j6wk52vga1k4wpgfjy9n-python3.12-tkinter-3.12.13.drv' to 'ssh-ng://j_kro@sentry'...
copying path '/nix/store/dfvfkzfxfsms942dnk6j6zg3vabh9gh2-python3.12-skia-pathops-0.9.2.drv' to 'ssh-ng://j_kro@sentry'...
copying path '/nix/store/xmmbka6gvmb8wrvcamdkr5wzaszcdydf-python3.12-tokenize-rt-6.2.0.drv' to 'ssh-ng://j_kro@sentry'...
copying path '/nix/store/jfjpwhw6by01wahv9chigfi2x572kgf9-python3.12-time-machine-3.2.0.drv' to 'ssh-ng://j_kro@sentry'...
copying path '/nix/store/c1h5m8d93q5fb9lz1589w2pzr3jy6vvz-python3.12-appdirs-1.4.4.drv' to 'ssh-ng://j_kro@sentry'...
copying path '/nix/store/jn4b7f19amiwz41lz651v7v6jrmqgycy-python3.12-platformdirs-4.10.0.drv' to 'ssh-ng://j_kro@sentry'...
copying path '/nix/store/ryxb0pk4qpcf00jcd6d20iqpaf8linpv-python3.12-distlib-0.4.0.drv' to 'ssh-ng://j_kro@sentry'...
copying path '/nix/store/zbds88xawqbpjz40xc8v1w3k9daf4qc7-python3.12-python-discovery-1.4.2.drv' to 'ssh-ng://j_kro@sentry'...
copying path '/nix/store/rx5pcg2savp768pfmz0zp93vqaz8x5y2-python3.12-virtualenv-21.6.1.drv' to 'ssh-ng://j_kro@sentry'...
copying path '/nix/store/vc2pwk5dm6mzqcqsp2xl7q4h46qyf4fj-python3.12-tomli-w-1.2.0.drv' to 'ssh-ng://j_kro@sentry'...
copying path '/nix/store/w3h56anh6jivlljga8gh8k5y9x7f84sc-python3.12-poetry-core-2.4.1.drv' to 'ssh-ng://j_kro@sentry'...
copying path '/nix/store/lx9crwjmk6zh7m5pjhwhj4arjaddnvzp-python3.12-pkgconfig-1.5.5.drv' to 'ssh-ng://j_kro@sentry'...
copying path '/nix/store/q2lfj1rikfy6n07yaqfpd5zx6b64ygk4-python3.12-uharfbuzz-0.53.2.drv' to 'ssh-ng://j_kro@sentry'...
copying path '/nix/store/rkcycg1hinnz3p5yzwkvx5pwnk44fydj-python3.12-brotli-1.2.0.drv' to 'ssh-ng://j_kro@sentry'...
copying path '/nix/store/rq9kxr2np9a5x0w1q50jpmrhzhh7qpr2-python3.12-zopfli-0.4.0.drv' to 'ssh-ng://j_kro@sentry'...
copying path '/nix/store/gmazpf2xgwsl7pjmmfhi6jy99jdwnqfd-python3.12-fonttools-4.63.0.drv' to 'ssh-ng://j_kro@sentry'...
copying path '/nix/store/m2lkzf5s4fzvvmyjg1rf0fga64njmsz5-python3.12-pyparsing-3.3.2.drv' to 'ssh-ng://j_kro@sentry'...
copying path '/nix/store/ff1k81zw6hf3w3ab548ww2n0wqrvvsby-source.drv' to 'ssh-ng://j_kro@sentry'...
copying path '/nix/store/phdf2w69a4xnwhmx9lkdrgls4lhaa5hk-qhull-2020.2.drv' to 'ssh-ng://j_kro@sentry'...
copying path '/nix/store/lmzyk1paxp3q84c6l2rlfnbwf2mjckig-source.drv' to 'ssh-ng://j_kro@sentry'...
copying path '/nix/store/3430m0xh30halzlwmrq8rdla0irm1nfi-python3.12-cppy-1.3.1.drv' to 'ssh-ng://j_kro@sentry'...
copying path '/nix/store/sjkfny4r432dmrlb576gp0xmcasi6k3d-kiwisolver-1.5.0.tar.gz.drv' to 'ssh-ng://j_kro@sentry'...
copying path '/nix/store/qjir36bl6pn26asp1sgmylgpy1fzr41d-python3.12-kiwisolver-1.5.0.drv' to 'ssh-ng://j_kro@sentry'...
copying path '/nix/store/85bz48c2dcwd3rrvfic6n253xmsna47i-source.drv' to 'ssh-ng://j_kro@sentry'...
copying path '/nix/store/ri2n0m4c0m2d3qkdwjdqfp9rf9qhvpll-python3.12-cycler-0.12.1.drv' to 'ssh-ng://j_kro@sentry'...
copying path '/nix/store/yh3agy5f1h864r7y4hcdwzsc3xfd5d18-matplotlib-3.11.0.tar.gz.drv' to 'ssh-ng://j_kro@sentry'...
copying path '/nix/store/xjrb4qpf7f7j0va3za56r5glpgkpfcp8-python3.12-matplotlib-3.11.0.drv' to 'ssh-ng://j_kro@sentry'...
copying path '/nix/store/zs2bxvpd39vzsxfliban0frxi0pza9sq-python3.12-pytest-regressions-2.11.0.drv' to 'ssh-ng://j_kro@sentry'...
copying path '/nix/store/nzpm3a535nh3ssqclyxk78yw6klrj8x9-python3.12-markdown-it-py-4.2.0.drv' to 'ssh-ng://j_kro@sentry'...
copying path '/nix/store/1wdrw3zhlpq1aik3f9ym3mh41qpng140-python3.12-mdit-py-plugins-0.6.1.drv' to 'ssh-ng://j_kro@sentry'...
copying path '/nix/store/602lwimrlnnz5pa2a9fzd2i5r36iyvq3-source.drv' to 'ssh-ng://j_kro@sentry'...
copying path '/nix/store/7k6w60k14x904b0ghxn5r49j3cs39r00-python3.12-chardet-6.0.0.post1.drv' to 'ssh-ng://j_kro@sentry'...
copying path '/nix/store/841g8629gcvbg5555w6flnpmmiw4b8xh-python3.12-webencodings-0.5.1.drv' to 'ssh-ng://j_kro@sentry'...
copying path '/nix/store/c4rs10alq9z3zg20r5rgw7ackdxlf21s-python3.12-u-msgpack-python-2.8.0.drv' to 'ssh-ng://j_kro@sentry'...
copying path '/nix/store/f7sgp4hnq0mq5hp0cg1w96rnrjvxyrkx-python3.12-pytest-expect-1.1.0.drv' to 'ssh-ng://j_kro@sentry'...
copying path '/nix/store/bblnpwjzdwhwphp61is86pdyiiwlr4pc-python3.12-html5lib-1.1-unstable-2024-02-21.drv' to 'ssh-ng://j_kro@sentry'...
copying path '/nix/store/g6878d76bi4ld9jsmapbkax0cz0lfbns-python3.12-soupsieve-2.8.4.drv' to 'ssh-ng://j_kro@sentry'...
copying path '/nix/store/r0yw7bdjpp7dd5j4dczsx04kwvky5fql-python3.12-faust-cchardet-2.1.19.drv' to 'ssh-ng://j_kro@sentry'...
copying path '/nix/store/b97fdsixws6n0nhry7p8hlvapxa6kwar-python3.12-beautifulsoup4-4.15.0.drv' to 'ssh-ng://j_kro@sentry'...
copying path '/nix/store/yv6xgkggy6k9drhiyi562bkdl9z3nsxc-source.drv' to 'ssh-ng://j_kro@sentry'...
copying path '/nix/store/dbffv4g89x443rrqizrnsxxfsyf9fjmz-re2-2025-11-05.drv' to 'ssh-ng://j_kro@sentry'...
copying path '/nix/store/qv8z7r76pr8ic7dq68sc2akqaw09w8v9-google_re2-1.1.20251105.tar.gz.drv' to 'ssh-ng://j_kro@sentry'...
copying path '/nix/store/bfwlnq1jik2jrc4a517x5vkwzcj0f5kn-python3.14-google-re2-1.1.20251105.drv' to 'ssh-ng://j_kro@sentry'...
copying path '/nix/store/ckz58bgvbcjj87fpvayxw2bj8mgbgmkp-mercurial-7.2.2.tar.gz.drv' to 'ssh-ng://j_kro@sentry'...
copying path '/nix/store/3d6dfdq7kcvl0n9kv5mzy5z15qclzz4k-mercurial-7.2.2-vendor-staging.drv' to 'ssh-ng://j_kro@sentry'...
copying path '/nix/store/rz331gpaq6gf9873k7cm2w0600agjd9i-mercurial-7.2.2-vendor.drv' to 'ssh-ng://j_kro@sentry'...
copying path '/nix/store/vrjac1bzl0l95j4y9i0y01f4xwrglmn7-python3.14-sphinx-issues-6.0.0.drv' to 'ssh-ng://j_kro@sentry'...
copying path '/nix/store/vvn7qrpa27czbws3wpx5sl1rrlp26wp1-python3.14-pip-26.1.2.drv' to 'ssh-ng://j_kro@sentry'...
copying path '/nix/store/7kwc82pngx8w6dvi47czxbjsm1gpfd2y-mercurial-7.2.2.drv' to 'ssh-ng://j_kro@sentry'...
copying path '/nix/store/7zs9xmgk5cwy92bzj9szlfk5x1ckmblv-hg-archive.drv' to 'ssh-ng://j_kro@sentry'...
copying path '/nix/store/2kbk36bin1wn2f3g32jf73bakdikmydl-python3.12-ruamel-yaml-clib-0.2.15.drv' to 'ssh-ng://j_kro@sentry'...
copying path '/nix/store/5imihwz1kny0lb1x3zzh1b491angvbbs-ruamel_yaml-0.19.1.tar.gz.drv' to 'ssh-ng://j_kro@sentry'...
copying path '/nix/store/pvsjir5h7k35ffsm40bdsznnnn7pa2fv-ruamel.base-1.0.0.tar.gz.drv' to 'ssh-ng://j_kro@sentry'...
copying path '/nix/store/pacm2rsznbw0jxqcgpa2f24l7kf03ggr-python3.12-ruamel-base-1.0.0.drv' to 'ssh-ng://j_kro@sentry'...
copying path '/nix/store/0r7pjaaqhkkmlwd0d8l53l3m6z2y69yw-python3.12-ruamel-yaml-0.19.1.drv' to 'ssh-ng://j_kro@sentry'...
copying path '/nix/store/xs3hk9si44gz84pv56yvh5jskjrilfys-source.drv' to 'ssh-ng://j_kro@sentry'...
copying path '/nix/store/fqaah2x084n7c4r08hjpnqd9y77sb5sa-python3.12-pytest-param-files-0.6.0.drv' to 'ssh-ng://j_kro@sentry'...
copying path '/nix/store/88x8vlnf19xq8vv7fpsf4hqzgi45s4ap-source.drv' to 'ssh-ng://j_kro@sentry'...
copying path '/nix/store/xcwmji3zg6d50zdljxd7s8xfbkc2gyz8-python3.12-sphinx-pytest-0.3.0.drv' to 'ssh-ng://j_kro@sentry'...
copying path '/nix/store/55fzz860winyrycagsx686sia8jp7qxc-python3.12-myst-parser-5.1.0-unstable-2026-07-12.drv' to 'ssh-ng://j_kro@sentry'...
copying path '/nix/store/03rj6b84i23w41y21p98rmif6vhfypl9-python3.12-accessible-pygments-0.0.5.drv' to 'ssh-ng://j_kro@sentry'...
copying path '/nix/store/gy1aarymbnpdaz1mkngqnf1nh1dy5gxi-python3.12-sphinx-basic-ng-1.0.0.beta2.drv' to 'ssh-ng://j_kro@sentry'...
copying path '/nix/store/gaz04fmnh62c96xcky0rrghkxnx1s1zd-python3.12-furo-2025.12.19.drv' to 'ssh-ng://j_kro@sentry'...
copying path '/nix/store/zj2l4rgs3bxnf8cphmpgyng1l77qrnyj-source.drv' to 'ssh-ng://j_kro@sentry'...
copying path '/nix/store/k65chl20npajl4598isvliyxvmr5gcfn-python3.12-pytest-asyncio-0.26.0.drv' to 'ssh-ng://j_kro@sentry'...
copying path '/nix/store/v6vd69yr5rmwl0swqc7lhr4p447fljh3-source.drv' to 'ssh-ng://j_kro@sentry'...
copying path '/nix/store/10scy5jclw9hgq42xjkwh8w5yja1agr2-python3.12-aiohappyeyeballs-2.7.1.drv' to 'ssh-ng://j_kro@sentry'...
copying path '/nix/store/aghvn0fcc833n627l308am5s675rsgfk-source.drv' to 'ssh-ng://j_kro@sentry'...
copying path '/nix/store/nw3lddpym94w0j0c2kilfasalv5b0465-source.drv' to 'ssh-ng://j_kro@sentry'...
copying path '/nix/store/wz9rbya754lpbmvpgblvsp0y7wv41hzl-python3.12-rich-15.0.0.drv' to 'ssh-ng://j_kro@sentry'...
copying path '/nix/store/g2v08xlh07yyz8rakzq80bbyax1d1x8l-source.drv' to 'ssh-ng://j_kro@sentry'...
copying path '/nix/store/wza7a5nw032y51fdnsh9bgrb38cm0bpz-python3.12-semver-3.0.4.drv' to 'ssh-ng://j_kro@sentry'...
copying path '/nix/store/ysxmz7qdmvcglnxipkxkaxdjl8g4093m-source.drv' to 'ssh-ng://j_kro@sentry'...
copying path '/nix/store/2jdk996nicbbsnb5vxrv23axjvjvkvia-python3.12-pytest-codspeed-5.0.3.drv' to 'ssh-ng://j_kro@sentry'...
copying path '/nix/store/kfzsx8mkpqknhgwsaj5xn712fcn76xb5-source.drv' to 'ssh-ng://j_kro@sentry'...
copying path '/nix/store/rs4wwp695p5ac1jkbrnr3whmxby96njw-isa-l-2.32.1.drv' to 'ssh-ng://j_kro@sentry'...
copying path '/nix/store/sm1mc5k25bw9fb1l4p05g31ylpvziqkg-source.drv' to 'ssh-ng://j_kro@sentry'...
copying path '/nix/store/38z08k8j6vyp5qj4acq0019dafyjap2h-python3.12-isal-1.8.0.drv' to 'ssh-ng://j_kro@sentry'...
copying path '/nix/store/3czmq4n3xc5hf482bjmbq2gd42533l6g-source.drv' to 'ssh-ng://j_kro@sentry'...
copying path '/nix/store/x1gj6m83qq29fr8lgijadc4fy4khaady-pycares-5.0.1.tar.gz.drv' to 'ssh-ng://j_kro@sentry'...
copying path '/nix/store/177pzjb82aygq9j4flxas118ak58xc7a-python3.12-pycares-5.0.1.drv' to 'ssh-ng://j_kro@sentry'...
copying path '/nix/store/9lz1grkmnvlcl2dwsdsb92livmqrw8zd-source.drv' to 'ssh-ng://j_kro@sentry'...
copying path '/nix/store/amj2kvsy3hkhdlrq3rn8xg05p8drmy7z-python3.12-aiodns-4.0.4.drv' to 'ssh-ng://j_kro@sentry'...
copying path '/nix/store/vj822nh6xin6723qs75wd53rxxphiqwk-source.drv' to 'ssh-ng://j_kro@sentry'...
copying path '/nix/store/d441vjswlzm7jbi0gis47r419v64msnm-python3.12-tomlkit-0.15.0.drv' to 'ssh-ng://j_kro@sentry'...
copying path '/nix/store/21b3islf92jzxm0f9rjgaqvixclp9av6-python3-3.12.13-env.drv' to 'ssh-ng://j_kro@sentry'...
copying path '/nix/store/17w3laq3vq76dmz4a14yhvzr48r3xlml-pyproject-version-patch-hook.sh.drv' to 'ssh-ng://j_kro@sentry'...
copying path '/nix/store/yldcn51wnqjx4y10f8av1ajr0wbhg9wh-python3.12-regex-2026.7.11.drv' to 'ssh-ng://j_kro@sentry'...
copying path '/nix/store/fc7lm6m3hhzjh6rhhwkfss398vm0w9zj-python3.12-re-assert-1.1.0.drv' to 'ssh-ng://j_kro@sentry'...
copying path '/nix/store/ap1rbl6rnjmp19bn373ccvr8mqphcpq2-source.drv' to 'ssh-ng://j_kro@sentry'...
copying path '/nix/store/n3fz49z0avjrandhaznkakjhza7q6y6g-python3.12-propcache-0.5.2.drv' to 'ssh-ng://j_kro@sentry'...
copying path '/nix/store/238ywwn2r5pyhb3cyhjmykc5f6nsjp9p-objgraph-3.6.2.tar.gz.drv' to 'ssh-ng://j_kro@sentry'...
copying path '/nix/store/snzlf4rhkq4gw4jl3vj4an5caimshz3d-hardcode-graphviz-path.patch.drv' to 'ssh-ng://j_kro@sentry'...
copying path '/nix/store/5snfr3q0gcvxz6bm36f8j7dhbzhcbcar-python3.12-objgraph-3.6.2.drv' to 'ssh-ng://j_kro@sentry'...
copying path '/nix/store/zhaw6a5gziw2i16lvmxlpm7hckdlgsa4-source.drv' to 'ssh-ng://j_kro@sentry'...
copying path '/nix/store/pn315mfd30gjca4fbklffm9fwqvglhk1-python3.12-multidict-6.7.1.drv' to 'ssh-ng://j_kro@sentry'...
copying path '/nix/store/svjczga0f9z04jvcgcrwbh22p122a0zd-source.drv' to 'ssh-ng://j_kro@sentry'...
copying path '/nix/store/2yrw7kw0j7nc3f1f9w0bg5bfrqzn0r3k-source.drv' to 'ssh-ng://j_kro@sentry'...
copying path '/nix/store/0815cjlr2jnfhdq3051jz5mzas10knd2-python3.12-pytest-dependency-0.6.1.drv' to 'ssh-ng://j_kro@sentry'...
copying path '/nix/store/3qh3mkwpdij7xvc0z9fqc84d6jx9y1xr-source.drv' to 'ssh-ng://j_kro@sentry'...
copying path '/nix/store/an6birl05qdls9kkj8ad4pvdys3fmhsn-python3.12-pytest-order-1.5.0.drv' to 'ssh-ng://j_kro@sentry'...
copying path '/nix/store/xs43qr3sf38l01mhxm5yc1cv59m0wwsf-source.drv' to 'ssh-ng://j_kro@sentry'...
copying path '/nix/store/0xrf12sjdhlhccwqn64m1n83kvga0dzg-python3.12-pytest-run-parallel-0.9.1.drv' to 'ssh-ng://j_kro@sentry'...
copying path '/nix/store/d86zv1h55fmhb39l6crfnn2yrx8702hd-source.drv' to 'ssh-ng://j_kro@sentry'...
copying path '/nix/store/4zxfx8b4mmzpjnl73qsjh6jg7scw6gbm-python3.12-annotated-types-0.7.0.drv' to 'ssh-ng://j_kro@sentry'...
copying path '/nix/store/6ycqwrqfx6b2gb7nj8hwll53zkcj4hsi-pytest-9.1-compat.patch.drv' to 'ssh-ng://j_kro@sentry'...
copying path '/nix/store/grwdn1b6fpkhdmfa9mx93kdz637q5z3x-email_validator-2.3.0.tar.gz.drv' to 'ssh-ng://j_kro@sentry'...
copying path '/nix/store/imcx3rln4akhn8vn8dwy22fnrqky0vif-python3.12-email-validator-2.3.0.drv' to 'ssh-ng://j_kro@sentry'...
copying path '/nix/store/q8a9n3zwfmhk80dzk2gnq096q2bdjj4v-source.drv' to 'ssh-ng://j_kro@sentry'...
copying path '/nix/store/j61z8bhnq3n04h63ihx8c4fmrzza8yzq-python3.12-dirty-equals-0.11.0.drv' to 'ssh-ng://j_kro@sentry'...
copying path '/nix/store/bsa78xfyhyi17hz3hawr6xjxp6dmakb0-source.drv' to 'ssh-ng://j_kro@sentry'...
copying path '/nix/store/k5cdhmv6c0b68zbz1lrl5mvwbfm51kr4-python3.12-cloudpickle-3.1.2.drv' to 'ssh-ng://j_kro@sentry'...
copying path '/nix/store/nizg8zlx6scixx45g2kwd5d6mpkwsb5a-source.drv' to 'ssh-ng://j_kro@sentry'...
copying path '/nix/store/ihrf2h8l4rwdnlraznaqzp921bnhlyd6-source.drv' to 'ssh-ng://j_kro@sentry'...
copying path '/nix/store/nriv6x0xdd4gn2ikd9952by1zkm7j2m2-python3.12-inline-snapshot-0.34.2.drv' to 'ssh-ng://j_kro@sentry'...
copying path '/nix/store/zv2n3whd9mklqxzsdibmcx9myv1n8rvm-source.drv' to 'ssh-ng://j_kro@sentry'...
copying path '/nix/store/rscih2jdblg9l2diw9s6lr0m7fn4cv0y-python3.12-typing-inspection-0.4.2.drv' to 'ssh-ng://j_kro@sentry'...
copying path '/nix/store/zp7shsxnncxj7h66wp0vrbbxhyyixf5i-source.drv' to 'ssh-ng://j_kro@sentry'...
copying path '/nix/store/xgh96yg2lk638s43sx2ija4f7l5gv59v-pydantic-core-2.46.4-vendor-staging.drv' to 'ssh-ng://j_kro@sentry'...
copying path '/nix/store/7l8150h4mlqw64jh52gp9y397g0mkvyx-pydantic-core-2.46.4-vendor.drv' to 'ssh-ng://j_kro@sentry'...
copying path '/nix/store/s3j8sxhzndcxmcpg6qmzvvd5m2by1j2m-python3.12-pydantic-core-2.46.4.drv' to 'ssh-ng://j_kro@sentry'...
copying path '/nix/store/v9mwyvr94f7qa74nw22hh0vbfl5wbi18-python3.12-pydantic-2.13.4.drv' to 'ssh-ng://j_kro@sentry'...
copying path '/nix/store/iaz1wsif8yyi0ysgql5s8y46nrzmcpiq-python3.12-yarl-1.24.2.drv' to 'ssh-ng://j_kro@sentry'...
copying path '/nix/store/k87xpwg92iwm0cdix6a04ljlhxhiiiq8-source.drv' to 'ssh-ng://j_kro@sentry'...
copying path '/nix/store/n00f4amv9vb1l1v3kaz3x62b2rwc567c-python3.12-backports-zstd-1.6.0.drv' to 'ssh-ng://j_kro@sentry'...
copying path '/nix/store/f04rg2ly4n8xlab4g5avl6wgzjvj7phg-python3.12-tornado-6.5.7.drv' to 'ssh-ng://j_kro@sentry'...
copying path '/nix/store/fqai0wxyzrc22yk4cfcicyadv4jmhlyn-source.drv' to 'ssh-ng://j_kro@sentry'...
copying path '/nix/store/wb7in8a28vpp98nn9wh8ydij48blkgdy-python3.12-setproctitle-1.3.7.drv' to 'ssh-ng://j_kro@sentry'...
copying path '/nix/store/xr1ix87hn018mwhha45m1c36l6608cvf-source.drv' to 'ssh-ng://j_kro@sentry'...
copying path '/nix/store/nnvgf986dsy45q2n9xfdhdbvp1h91ihf-python3.12-gunicorn-26.0.0.drv' to 'ssh-ng://j_kro@sentry'...
copying path '/nix/store/b422ziljxi7k3ldi8c218ha5w7c7k4my-source.drv' to 'ssh-ng://j_kro@sentry'...
copying path '/nix/store/si0rmx6yb10nmnhwnp0sv7l48nz45y9c-python3.12-aiosignal-1.4.0.drv' to 'ssh-ng://j_kro@sentry'...
copying path '/nix/store/wssp3mq4kjrlikp05p5w4slxdxnpfdss-source.drv' to 'ssh-ng://j_kro@sentry'...
copying path '/nix/store/vxwal6x67jk2ys6i4h3ia71z8vz907df-python3.12-zlib-ng-1.0.0.drv' to 'ssh-ng://j_kro@sentry'...
copying path '/nix/store/s76flmvlclzg6zgr8wjhhajsf96cb9vh-source.drv' to 'ssh-ng://j_kro@sentry'...
copying path '/nix/store/gny85a8b7s12nh5azn64dqc9dyrpwd6c-python3.12-pyasn1-0.6.4.drv' to 'ssh-ng://j_kro@sentry'...
copying path '/nix/store/jz9zk8bj3g3vfjax9sh9pwzwnfk3xv6m-source.drv' to 'ssh-ng://j_kro@sentry'...
copying path '/nix/store/rmszcy9sh4nc1bd2lvyfdp2q3sv1ijw6-python3.12-pytest-rerunfailures-16.4.drv' to 'ssh-ng://j_kro@sentry'...
copying path '/nix/store/rw50f9kancpddn2q08c09bb7w7w3cp13-source.drv' to 'ssh-ng://j_kro@sentry'...
copying path '/nix/store/lr1daw795i596h50xlvsaigiirjs198w-python3.12-pyopenssl-26.3.0.drv' to 'ssh-ng://j_kro@sentry'...
copying path '/nix/store/cl4cdrzy8c261dbrx326yv6kqpphwcb4-source.drv' to 'ssh-ng://j_kro@sentry'...
copying path '/nix/store/mdwyvgxh20zjnk966i7i8vpbvna4iar7-python3.12-pyasn1-modules-0.4.2.drv' to 'ssh-ng://j_kro@sentry'...
copying path '/nix/store/q0myadibbsi3shanw7102yiw9ac2dvkh-source.drv' to 'ssh-ng://j_kro@sentry'...
copying path '/nix/store/8rix906i42vdz2mbzhrj72qaak5jklkq-python3.12-service-identity-26.1.0.drv' to 'ssh-ng://j_kro@sentry'...
copying path '/nix/store/xfs2a8fz9gz7q7zg9sif47r27pwmlgqz-trustme-1.2.1.tar.gz.drv' to 'ssh-ng://j_kro@sentry'...
copying path '/nix/store/w0wx4lw2x85p528i7qc7pysnk2r3bfjk-python3.12-trustme-1.2.1.drv' to 'ssh-ng://j_kro@sentry'...
copying path '/nix/store/1va2mjvv4840jr14a3l6qpz76gp9dy7h-source.drv' to 'ssh-ng://j_kro@sentry'...
copying path '/nix/store/0m8kxi16nmc6hx1ca6gs13m0hd6gdl64-python3.12-hpack-4.2.0.drv' to 'ssh-ng://j_kro@sentry'...
copying path '/nix/store/0qa9ynrwy8jhvcvwp3q5cqrclg547yzl-source.drv' to 'ssh-ng://j_kro@sentry'...
copying path '/nix/store/70573zpq5c2jccs4ydgp6lh2cwalfl4n-hyperframe-6.1.0.tar.gz.drv' to 'ssh-ng://j_kro@sentry'...
copying path '/nix/store/58k2mfpdjk8qdrb3wp9k4yjdmwsb10ry-python3.12-hyperframe-6.1.0.drv' to 'ssh-ng://j_kro@sentry'...
copying path '/nix/store/12jxfrar6rb703iy4wliyw6y2lygam6j-setup-hook.sh' to 'ssh-ng://j_kro@sentry'...
copying path '/nix/store/si9yzia06xr3w78hp82lam191rlsy25m-source.drv' to 'ssh-ng://j_kro@sentry'...
copying path '/nix/store/35p1asn6m1qimigv462kkzi5wlayw2rb-python3.12-uvicorn-0.51.0.drv' to 'ssh-ng://j_kro@sentry'...
copying path '/nix/store/7a63xdr3fra7cpa9l4v5bra8xn4fx9zz-source.drv' to 'ssh-ng://j_kro@sentry'...
copying path '/nix/store/gm3n2sbalqyn5nl00hgcjwx6zini214f-outcome-1.3.0.post0.tar.gz.drv' to 'ssh-ng://j_kro@sentry'...
copying path '/nix/store/k440igdbywwqmfprwmvb6y5rj9ghf2ix-python3.12-outcome-1.3.0.post0.drv' to 'ssh-ng://j_kro@sentry'...
copying path '/nix/store/59icp6vbva6mlczpl0vkxzzjjizl5g0x-python3.12-pytest-trio-0.8.0.drv' to 'ssh-ng://j_kro@sentry'...
copying path '/nix/store/9hyr3y5acfips79yx0xk575522znv2hr-source.drv' to 'ssh-ng://j_kro@sentry'...
copying path '/nix/store/7x8ylxgizbjccc67wyx9f5rwi6p64flr-source.drv' to 'ssh-ng://j_kro@sentry'...
copying path '/nix/store/nmr7lkxz6mr97mhcnm6srndq366znqxr-python3.12-astor-0.8.1-unstable-2024-03-30.drv' to 'ssh-ng://j_kro@sentry'...
copying path '/nix/store/7ndakgqxmkr17da4mcfgsdfqi6gma1qj-source.drv' to 'ssh-ng://j_kro@sentry'...
copying path '/nix/store/cqsifh0hzv70j6bxdij4lq635m4hjfn4-python3.12-curio-1.6-unstable-2024-04-11.drv' to 'ssh-ng://j_kro@sentry'...
copying path '/nix/store/h4y18n2s6wm868spvwspyb6zd42k3frq-sniffio-1.3.1.tar.gz.drv' to 'ssh-ng://j_kro@sentry'...
copying path '/nix/store/yd9vmid4xh3jf8aa2hhd35dndwv1bdxq-python3.12-sniffio-1.3.1.drv' to 'ssh-ng://j_kro@sentry'...
copying path '/nix/store/jh90s75w5sf3h1kgdr7wj492d67anyvy-python3.12-trio-0.33.0.drv' to 'ssh-ng://j_kro@sentry'...
copying path '/nix/store/b95kan4sd2ha0316zkp2d9hqnnnrnnww-python3.12-pytest-trio-0.8.0.drv' to 'ssh-ng://j_kro@sentry'...
copying path '/nix/store/5c7hjj00bwssikcaqj4a62n8irhmp0qv-unpin-flit-core.patch.drv' to 'ssh-ng://j_kro@sentry'...
copying path '/nix/store/nbngricijglchnjf0nbxlzr9zrd1w3bz-socksio-1.0.0.tar.gz.drv' to 'ssh-ng://j_kro@sentry'...
copying path '/nix/store/faw2wb067q1ma6lln1msgsh21ck1dax5-python3.12-socksio-1.0.0.drv' to 'ssh-ng://j_kro@sentry'...
copying path '/nix/store/ry2143pxy6kc02lfrwnp09jrafz430r7-source.drv' to 'ssh-ng://j_kro@sentry'...
copying path '/nix/store/lviv1hhrjy9bssr1x77vm5786zv3k3d7-python3.12-h2-4.3.0.drv' to 'ssh-ng://j_kro@sentry'...
copying path '/nix/store/gpw3pkh1p8mf0bmn95lvmyld46bz0vrd-match-repr-fix.patch.drv' to 'ssh-ng://j_kro@sentry'...
copying path '/nix/store/lskymk7slglqiscx0yv5y65dkm690a5l-source.drv' to 'ssh-ng://j_kro@sentry'...
copying path '/nix/store/l18wxc5bzzl752nkh96l2asx3jsr1a4c-python3.12-flit-scm-1.7.0.drv' to 'ssh-ng://j_kro@sentry'...
copying path '/nix/store/myn7xr1yfm0rawicd68ji966652qgn8q-source.drv' to 'ssh-ng://j_kro@sentry'...
copying path '/nix/store/0kfx46vwi2ljgqqwqjgwlwyv38plc4jk-python3.12-exceptiongroup-1.3.1.drv' to 'ssh-ng://j_kro@sentry'...
copying path '/nix/store/lcl835mi3wb84bwjgvnkgzhvxgfkx8vs-source.drv' to 'ssh-ng://j_kro@sentry'...
copying path '/nix/store/rkq23vyds0ygnblpv477wrx0ca317rsf-source.drv' to 'ssh-ng://j_kro@sentry'...
copying path '/nix/store/rf7cb6wfkiav3lfb0m5jpzwcn8hx3f4a-python3.12-uvloop-0.22.1.drv' to 'ssh-ng://j_kro@sentry'...
copying path '/nix/store/s96xw71pxz5jx4bjk7jidyd56v7k5mif-python3.12-anyio-4.14.2.drv' to 'ssh-ng://j_kro@sentry'...
copying path '/nix/store/sb1nyfwk73g04dw3qr6fdnc87yddl8n6-source.drv' to 'ssh-ng://j_kro@sentry'...
copying path '/nix/store/f6lcmy7ycv9c2wk8hbss1446fhfsskdy-python3.12-httpcore-1.0.9.drv' to 'ssh-ng://j_kro@sentry'...
copying path '/nix/store/i9kwcfhnl47z3mv26365vgahbw63iyz4-source.drv' to 'ssh-ng://j_kro@sentry'...
copying path '/nix/store/3k8c1dvy3sf3wjnlxknnmk1bid0yzv20-source.drv' to 'ssh-ng://j_kro@sentry'...
copying path '/nix/store/kxmsa69sf2g3yf6c3r253ir5jdi6lbdm-python3.12-multipart-1.3.1.drv' to 'ssh-ng://j_kro@sentry'...
copying path '/nix/store/kwx4195nd3q2l4hwz2vas2jwavwf7gpd-zstandard-0.25.0.tar.gz.drv' to 'ssh-ng://j_kro@sentry'...
copying path '/nix/store/pq11zq18ifb6523vz2dcj9f269chyj3x-python3.12-zstandard-0.25.0.drv' to 'ssh-ng://j_kro@sentry'...
copying path '/nix/store/9010mzrlilkpa5m9ppxba9w4sydbd31h-python3.12-httpx-0.28.1.drv' to 'ssh-ng://j_kro@sentry'...
copying path '/nix/store/xmjkmb00apmyz9km8baswgggv9zc4pcr-invoke-2.2.1.tar.gz.drv' to 'ssh-ng://j_kro@sentry'...
copying path '/nix/store/07qx2pix89681qb8gmxy0a9zlwjclirj-python3.12-invoke-2.2.1.drv' to 'ssh-ng://j_kro@sentry'...
copying path '/nix/store/8w2695i9gd6ahmwp34i49xqg63ibxynm-python3.12-colorama-0.4.6.drv' to 'ssh-ng://j_kro@sentry'...
copying path '/nix/store/mwl3p10s5amqh5vahgx4kw2qbpm8gqs0-source.drv' to 'ssh-ng://j_kro@sentry'...
copying path '/nix/store/3h3nkhd9bj66cs8cyhxfikhm4anx59v6-python3.12-icecream-2.2.0.drv' to 'ssh-ng://j_kro@sentry'...
copying path '/nix/store/pd2b9alalc14r9r7lq62d0f6id4z69s4-source.drv' to 'ssh-ng://j_kro@sentry'...
copying path '/nix/store/az4hwggmld2r5sfhbbgrhw5wl4iky2i6-python3.12-pynacl-1.6.2.drv' to 'ssh-ng://j_kro@sentry'...
copying path '/nix/store/mamiy4hlp2hh39f23b6v2wvx484aa6s1-source.drv' to 'ssh-ng://j_kro@sentry'...
copying path '/nix/store/ipscczq5108rfrxj0xpcdy58741dr7il-pytest-relaxed-2.0.2.tar.gz.drv' to 'ssh-ng://j_kro@sentry'...
copying path '/nix/store/zzccvyh6vfy4ap8yn36yx8z6l42m3073-python3.12-pytest-relaxed-2.0.2.drv' to 'ssh-ng://j_kro@sentry'...
copying path '/nix/store/c69ljqy8scrq4mzlbapx8wars3jdlq8l-python3.12-paramiko-5.0.0.drv' to 'ssh-ng://j_kro@sentry'...
copying path '/nix/store/immq8lair0rf0nc1ixq06kzmskkq2kkw-make-4.4.1.tar.gz.drv' to 'ssh-ng://j_kro@sentry'...
copying path '/nix/store/xffycr4zy4kb00rgs8iad7xw8inb68p3-gnumake-4.4.1.drv' to 'ssh-ng://j_kro@sentry'...
copying path '/nix/store/x3chhhckl9i8k98izii4gg8azr1nc8fa-python3.12-proxy-py-2.4.10.drv' to 'ssh-ng://j_kro@sentry'...
copying path '/nix/store/hvnpwxxdpq5z1qj5324al302lhlz5p4j-source.drv' to 'ssh-ng://j_kro@sentry'...
copying path '/nix/store/46c4a0j7h6bzfjjwb0v126hccs720hcj-source.drv' to 'ssh-ng://j_kro@sentry'...
copying path '/nix/store/qc2ywxkks13w7vhp0adzmc97sr62m4zd-python3.12-forbiddenfruit-0.1.4.drv' to 'ssh-ng://j_kro@sentry'...
copying path '/nix/store/zlf68jp39w45z0y65ldqs23kyk724g5c-python3.12-blockbuster-1.5.26.drv' to 'ssh-ng://j_kro@sentry'...
copying path '/nix/store/mwm9isz0a06g9dfv6mx13063rqy40syj-python3.12-aiohttp-3.14.1.drv' to 'ssh-ng://j_kro@sentry'...
copying path '/nix/store/n0vkyd1g6cwrid0dvfw3mi2wqh9gggqd-geoip2-5.2.0.tar.gz.drv' to 'ssh-ng://j_kro@sentry'...
copying path '/nix/store/kk1ssrxahgjy233w8sczg7ydyb921ljs-source.drv' to 'ssh-ng://j_kro@sentry'...
copying path '/nix/store/ql239k97lkwls9zafckc713nvw17fwgl-python3.12-pytest-httpserver-1.1.3.drv' to 'ssh-ng://j_kro@sentry'...
copying path '/nix/store/5zmzbdd1cnqvcdrzb011p1sc189p5pwq-python3.12-geoip2-5.2.0.drv' to 'ssh-ng://j_kro@sentry'...
copying path '/nix/store/bfyg13i7s42h7k1wwpkhrkd91v7mk2mv-memcached-1.6.42.tar.gz.drv' to 'ssh-ng://j_kro@sentry'...
copying path '/nix/store/9blh143iibis33imk2fsl4b8pfyn1n0q-memcached-1.6.42.drv' to 'ssh-ng://j_kro@sentry'...
copying path '/nix/store/lr1raf29qr3775jcwb12swfwmakiwkw5-source.drv' to 'ssh-ng://j_kro@sentry'...
copying path '/nix/store/cb0j78las2xsjayqqqnvwrw767gxi19q-python3.12-python-memcached-1.62.drv' to 'ssh-ng://j_kro@sentry'...
copying path '/nix/store/m5qld06wq6pa4pqjcdf30mc0mvf3wf8i-source.drv' to 'ssh-ng://j_kro@sentry'...
copying path '/nix/store/zh7dc5i34b4and6iy0pwhv9mbzfd594y-zstd-1.5.7.3.tar.gz.drv' to 'ssh-ng://j_kro@sentry'...
copying path '/nix/store/pdc7717zgy63parvww48fxvisy4yiiv8-python3.12-zstd-1.5.7.3.drv' to 'ssh-ng://j_kro@sentry'...
copying path '/nix/store/9pwp09s01wnwsnqxkxklhc49m1zcn2pk-python3.12-pymemcache-4.0.0.drv' to 'ssh-ng://j_kro@sentry'...
copying path '/nix/store/wg333yz8wnai028s0caipc68wxj7zcn3-sqlparse-0.5.5.tar.gz.drv' to 'ssh-ng://j_kro@sentry'...
copying path '/nix/store/bpsl1z1aqw89i2nn6m6h7ylhyhnkmysn-python3.12-sqlparse-0.5.5.drv' to 'ssh-ng://j_kro@sentry'...
copying path '/nix/store/nry7n9jl062997j6pvb3nw458gxsdlh4-source.drv' to 'ssh-ng://j_kro@sentry'...
copying path '/nix/store/2vilv497aq563m0b4fhvqrz8f09hnahq-source.drv' to 'ssh-ng://j_kro@sentry'...
copying path '/nix/store/1l58gjc0mz15wxckkjf8r9x48klcnvgn-python3.12-sybil-9.3.0.drv' to 'ssh-ng://j_kro@sentry'...
copying path '/nix/store/41zhqnazlaif0626pvldp92jvp03h6lq-source.drv' to 'ssh-ng://j_kro@sentry'...
copying path '/nix/store/p1p3bsjxi48igfw6bp1cvrv88z592psd-python3.12-atpublic-5.0.drv' to 'ssh-ng://j_kro@sentry'...
copying path '/nix/store/f9iaqs71xm7dq885n8m73cpxgkg8g3g2-python3.12-aiosmtpd-1.4.6.drv' to 'ssh-ng://j_kro@sentry'...
copying path '/nix/store/04gd9qs3g2qzflz456aslhkhc9k29dhx-libcxx-compat.patch.drv' to 'ssh-ng://j_kro@sentry'...
copying path '/nix/store/84nd4vjlz9mi91jxg5wqrz93ahsafs0q-source.drv' to 'ssh-ng://j_kro@sentry'...
copying path '/nix/store/5mi2qpnk6lbpz0hw3lj93im2i30h6s2c-libmemcached-1.1.4.drv' to 'ssh-ng://j_kro@sentry'...
copying path '/nix/store/xy1k6353amq8a4sqz1c7bmsr94g5glcv-pylibmc-1.6.3.tar.gz.drv' to 'ssh-ng://j_kro@sentry'...
copying path '/nix/store/fnv1mmnbxh5fxlb5p8ad88nhcb3dab2s-python3.12-pylibmc-1.6.3.drv' to 'ssh-ng://j_kro@sentry'...
copying path '/nix/store/i9w5cpy02ii0qy9i10bhdfjq536rq2ps-source.drv' to 'ssh-ng://j_kro@sentry'...
copying path '/nix/store/gch1p0azfqn73wvw9sic99rskix2wl56-python3.12-redis-8.0.1.drv' to 'ssh-ng://j_kro@sentry'...
copying path '/nix/store/0g6fpbf8xhcbmbc1vjdx3h7zvqrwx2fg-source.drv' to 'ssh-ng://j_kro@sentry'...
copying path '/nix/store/wl2rif74ni04jzb8r59w1aw5gj6vczzg-selenium-manager-4.40.0-vendor-staging.drv' to 'ssh-ng://j_kro@sentry'...
copying path '/nix/store/scn42zp6bcnh799m4as6x9d1slbhj0d2-selenium-manager-4.40.0-vendor.drv' to 'ssh-ng://j_kro@sentry'...
copying path '/nix/store/2rsz1z83dd2xb6946kw242q6pybswijb-selenium-manager-4.40.0.drv' to 'ssh-ng://j_kro@sentry'...
copying path '/nix/store/1b7rga1jp8a2yrnaqr7cxg6zj7bppfnc-filetype-1.2.0.tar.gz.drv' to 'ssh-ng://j_kro@sentry'...
copying path '/nix/store/5p93j4sbzmqdjmk9km3jc3i70ynysx8w-python3.12-filetype-1.2.0.drv' to 'ssh-ng://j_kro@sentry'...
copying path '/nix/store/jdj4wc19xb9w22lk8w1gmxh6kb8adqdm-source.drv' to 'ssh-ng://j_kro@sentry'...
copying path '/nix/store/s3vdsh5v9afnw82znga7fqqi03z3pnkj-wsproto-1.3.2.tar.gz.drv' to 'ssh-ng://j_kro@sentry'...
copying path '/nix/store/rbmbxg6pzgx7fw5ihpc48sf1fxpv8xsx-python3.12-wsproto-1.3.2.drv' to 'ssh-ng://j_kro@sentry'...
copying path '/nix/store/assdjy43zl44ibyjgj9yi65bcnh15ngi-python3.12-trio-websocket-0.12.2.drv' to 'ssh-ng://j_kro@sentry'...
copying path '/nix/store/gr7hl7xyp723l70qx5q8q0vqakqw4xx4-websocket_client-1.9.0.tar.gz.drv' to 'ssh-ng://j_kro@sentry'...
copying path '/nix/store/x35cwyp6aqn44sydm0p1fx76v377pigf-python3.12-websocket-client-1.9.0.drv' to 'ssh-ng://j_kro@sentry'...
copying path '/nix/store/jhw0v11yvcyv3whpgf530rs2c0qy5kba-source.drv' to 'ssh-ng://j_kro@sentry'...
copying path '/nix/store/mg34dmp12jfj4npadiyf5726k7jywzrk-async_generator-1.10.tar.gz.drv' to 'ssh-ng://j_kro@sentry'...
copying path '/nix/store/zmld0cc96kzrw46xvc0jmsi25yvala1p-python3.12-async-generator-1.10.drv' to 'ssh-ng://j_kro@sentry'...
copying path '/nix/store/yx8axk12haj7d75q91fxs3nqkdz29x5m-python3.12-trio-typing-0.10.0.drv' to 'ssh-ng://j_kro@sentry'...
copying path '/nix/store/lzv0gqla2vmigyv3jabw8wv1xx94rlq4-python3.12-selenium-4.40.0.drv' to 'ssh-ng://j_kro@sentry'...
copying path '/nix/store/maw98m3q4vn8q50d10lar4rdcxwmimrc-source.drv' to 'ssh-ng://j_kro@sentry'...
copying path '/nix/store/i4cwpkgkv4srmrkawh4h0x91zi881rz9-source.drv' to 'ssh-ng://j_kro@sentry'...
copying path '/nix/store/4j801bmy9587l62dy77syms1h9chhrrv-python3.12-argon2-cffi-bindings-25.1.0.drv' to 'ssh-ng://j_kro@sentry'...
copying path '/nix/store/zbrbw2qpji3qhn9mw21dvysvj0da63cj-argon2_cffi-25.1.0.tar.gz.drv' to 'ssh-ng://j_kro@sentry'...
copying path '/nix/store/n7hg3np8prpckwi5z3ylqjj2jvz1h2ds-python3.12-argon2-cffi-25.1.0.drv' to 'ssh-ng://j_kro@sentry'...
copying path '/nix/store/xd25x9nkc6agmh65f82zr3v46g1ml6m1-zoneinfo.patch.drv' to 'ssh-ng://j_kro@sentry'...
copying path '/nix/store/ijihslyi7mg044ip4pfflj8s33xnhcf2-tblib-3.2.2.tar.gz.drv' to 'ssh-ng://j_kro@sentry'...
copying path '/nix/store/xjrrcfn3y9acjm1s1lpsa433f5fjdmm9-python3.12-tblib-3.2.2.drv' to 'ssh-ng://j_kro@sentry'...
copying path '/nix/store/dymg0mc7kwryrwrymgdniplhsvmbfg8b-python3.12-django-5.2.16.drv' to 'ssh-ng://j_kro@sentry'...
copying path '/nix/store/nb8ryv0k62r1r4w57p9bcrr3qxib7hw3-colour-0.1.5.tar.gz.drv' to 'ssh-ng://j_kro@sentry'...
copying path '/nix/store/253fzp0pslds4d3v807r3ajw804k4byh-python3.12-colour-0.1.5.drv' to 'ssh-ng://j_kro@sentry'...
copying path '/nix/store/82bi6gfy2slxsl9vy5nqm9l6k1n0ydp5-source.drv' to 'ssh-ng://j_kro@sentry'...
copying path '/nix/store/pwn70qn9gz603d1zla9bgklyvzb9yg9m-source.drv' to 'ssh-ng://j_kro@sentry'...
copying path '/nix/store/d1ysphia7fsp7njmpcm08hjrk7av5ngl-python3.12-orderedmultidict-1.0.2.drv' to 'ssh-ng://j_kro@sentry'...
copying path '/nix/store/6m6c820njl1i6ngj5905bhiq51rlzsbm-python3.12-furl-2.1.4.drv' to 'ssh-ng://j_kro@sentry'...
copying path '/nix/store/djd2vkgvr8sisyxc0cyphhrv1s51wa3y-phonenumbers-9.0.34.tar.gz.drv' to 'ssh-ng://j_kro@sentry'...
copying path '/nix/store/96ahad73z2ylhgi4krbslfi0sr9y8l1l-python3.12-phonenumbers-9.0.34.drv' to 'ssh-ng://j_kro@sentry'...
copying path '/nix/store/9kcjss2m8pm5jmlddz2hdjzd8749b8yd-source.drv' to 'ssh-ng://j_kro@sentry'...
copying path '/nix/store/d7b6zarp7bf30sqyy84cyjfyrva8vih8-python3.12-pytest-archon-0.0.7.drv' to 'ssh-ng://j_kro@sentry'...
copying path '/nix/store/qlf99lll1j00pzbg3nvn8r4sa68mkapz-source.drv' to 'ssh-ng://j_kro@sentry'...
copying path '/nix/store/kwz8s69xlzaw5dwd2ki2dan7hsadnjwp-python3.12-libpass-1.9.3.drv' to 'ssh-ng://j_kro@sentry'...
copying path '/nix/store/aggazb8pflim1fr4pgqpkl2qmdw8ady9-python3.12-passlib-1.9.3.drv' to 'ssh-ng://j_kro@sentry'...
copying path '/nix/store/kzb50lqqamy1416bjdgbajamvsnhm5cg-source.drv' to 'ssh-ng://j_kro@sentry'...
copying path '/nix/store/hfis4159p9z3rj28nl9cr5pk8js8xlw4-unixodbc-2.3.14.drv' to 'ssh-ng://j_kro@sentry'...
copying path '/nix/store/qlxv3v8aq13la7vym22zqdm0nq07j7q1-pyodbc-5.3.0.tar.gz.drv' to 'ssh-ng://j_kro@sentry'...
copying path '/nix/store/aq5mrx4xk9zb61fc7jgc4f9cc82gqp4s-python3.12-pyodbc-5.3.0.drv' to 'ssh-ng://j_kro@sentry'...
copying path '/nix/store/x0x5akmshdr0llcyshvmkg3czxxicima-source.drv' to 'ssh-ng://j_kro@sentry'...
copying path '/nix/store/440mzj82x4r168jq07cjpc1rly65ka6g-python3.12-simplejson-4.1.1.drv' to 'ssh-ng://j_kro@sentry'...
copying path '/nix/store/yh38977b808xrfawpmakhzws3q9yaccn-types_python_dateutil-2.9.0.20251115.tar.gz.drv' to 'ssh-ng://j_kro@sentry'...
copying path '/nix/store/71gnmd9fiahahfr9a88blisgfxp4xpyw-python3.12-types-python-dateutil-2.9.0.20251115.drv' to 'ssh-ng://j_kro@sentry'...
copying path '/nix/store/72r5s19cvrd2slfsszwjvymdzqzszk2m-source.drv' to 'ssh-ng://j_kro@sentry'...
copying path '/nix/store/cs9yk2kn8y3aqw23fzhpa211nv2xkbkf-python3.12-arrow-1.4.0.drv' to 'ssh-ng://j_kro@sentry'...
copying path '/nix/store/g11h6qy91waqlmryb5jbblsjm7fpr5xy-python3.12-google-re2-1.1.20251105.drv' to 'ssh-ng://j_kro@sentry'...
copying path '/nix/store/kc35lx355fkfhs0rixdcpwmrwfriyq16-mercurial-7.2.2.drv' to 'ssh-ng://j_kro@sentry'...
copying path '/nix/store/s45a9lhrzqca3dbck4awmhfxga95akmg-versioningit-3.3.0.tar.gz.drv' to 'ssh-ng://j_kro@sentry'...
copying path '/nix/store/id783msm6jzxbn6lqklznp6h19ri734j-python3.12-versioningit-3.3.0.drv' to 'ssh-ng://j_kro@sentry'...
copying path '/nix/store/whj2dmbl72g1nwyjpxinbpic0h1n604h-source.drv' to 'ssh-ng://j_kro@sentry'...
copying path '/nix/store/38zkywzr4m1jqyy01bskpzp8s271dhqw-source.drv' to 'ssh-ng://j_kro@sentry'...
copying path '/nix/store/z8rs8fkkp74x8slgw8hz5zg6vgkl97hc-python3.12-asn1crypto-1.5.1-unstable-2023-11-03.drv' to 'ssh-ng://j_kro@sentry'...
copying path '/nix/store/1b8xrw7nnyykgw3qwlyn0hrpgsvb034m-python3.12-scramp-1.4.5.drv' to 'ssh-ng://j_kro@sentry'...
copying path '/nix/store/7f2n941hngp923zccpkmqs75z8pccwax-pg8000-1.31.5.tar.gz.drv' to 'ssh-ng://j_kro@sentry'...
copying path '/nix/store/i30q3gv7gbq2qcmaga32a0x55jjr1z96-python3.12-pg8000-1.31.5.drv' to 'ssh-ng://j_kro@sentry'...
copying path '/nix/store/v1gdksqx1yjzr4fhnsl6bp5aln92ibka-source.drv' to 'ssh-ng://j_kro@sentry'...
copying path '/nix/store/kj02jr7536hh8y546r4n2j7xrbvcan9v-python3.12-sqlalchemy-2.0.51.drv' to 'ssh-ng://j_kro@sentry'...
copying path '/nix/store/c1c9krdsnpzvkql6f0f0p4bpl7g9whcw-source.drv' to 'ssh-ng://j_kro@sentry'...
copying path '/nix/store/8z1cxclbmvapmhar9zrfm91s6r752lin-libpq-18.4.drv' to 'ssh-ng://j_kro@sentry'...
copying path '/nix/store/mw25innh72vgl4z1fl2yvc2x6lwfvz8c-psycopg2-2.9.12.tar.gz.drv' to 'ssh-ng://j_kro@sentry'...
copying path '/nix/store/mpkr58ga2f9myixfi5zg4dadbiyzlr90-source.drv' to 'ssh-ng://j_kro@sentry'...
copying path '/nix/store/pgd4hc8kyhpv6h50ax8h37xn4542l0dx-python3.12-sphinx-better-theme-0.13.drv' to 'ssh-ng://j_kro@sentry'...
copying path '/nix/store/phbmz52d9d2l4w405in93f024ass64di-pg_config.env.drv' to 'ssh-ng://j_kro@sentry'...
copying path '/nix/store/s71gva0k7xcynv4kj9d01apfzabjd3rm-pg_config.drv' to 'ssh-ng://j_kro@sentry'...
copying path '/nix/store/myqqr3f5v6afbb349syvsilmdph1cw7a-python3.12-psycopg2-2.9.12.drv' to 'ssh-ng://j_kro@sentry'...
copying path '/nix/store/5y078i4nz4v1w3a6bxlnw442x03v80pf-pymysql-1.2.0.tar.gz.drv' to 'ssh-ng://j_kro@sentry'...
copying path '/nix/store/nm2kxmpmvf6c4iw0abg2jggdg7l57gdl-python3.12-pymysql-1.2.0.drv' to 'ssh-ng://j_kro@sentry'...
copying path '/nix/store/x7kpwmsr724d6z2fz4armyf49m74nfl3-source.drv' to 'ssh-ng://j_kro@sentry'...
copying path '/nix/store/7g853gd38pf1v3q29i0k05nsf8qjfbn1-source.drv' to 'ssh-ng://j_kro@sentry'...
copying path '/nix/store/pyn4nmxzf82nnn3dc0iaslkcngax9i4p-pendulum-3.2.0-vendor-staging.drv' to 'ssh-ng://j_kro@sentry'...
copying path '/nix/store/c9rq81xismjfm058x36xp03jm6hbvlqv-pendulum-3.2.0-vendor.drv' to 'ssh-ng://j_kro@sentry'...
copying path '/nix/store/hqzmvysz9wx24rxd01nplil4k72cmdxg-delete-obsolete-cargo-toml.patch' to 'ssh-ng://j_kro@sentry'...
copying path '/nix/store/xzy0p22033q6il43905z3xwsj529zmq0-python3.12-pendulum-3.2.0.drv' to 'ssh-ng://j_kro@sentry'...
copying path '/nix/store/qiyacm631akfcmhkqy76l37plzyp97dm-flexmock-0.13.0.tar.gz.drv' to 'ssh-ng://j_kro@sentry'...
copying path '/nix/store/jbv1r62l63kd0gljpdwg6s9bhzk8b4pc-source.drv' to 'ssh-ng://j_kro@sentry'...
copying path '/nix/store/vwhjrah0hd1a075ha9hm984xhmkhg91v-python3.12-teamcity-messages-1.33.drv' to 'ssh-ng://j_kro@sentry'...
copying path '/nix/store/zgjnh5579z8d06v2v7lq98gxay3ji85v-python3.12-flexmock-0.13.0.drv' to 'ssh-ng://j_kro@sentry'...
copying path '/nix/store/k43d6jsclpj0z36fkzl617va5sqb55zr-python3.12-sqlalchemy-utils-0.41.2.drv' to 'ssh-ng://j_kro@sentry'...
copying path '/nix/store/cwggr5xf4rvibvz26f511v3lv5b53m92-source.drv' to 'ssh-ng://j_kro@sentry'...
copying path '/nix/store/5fhw7mlxpjhb5iq49x5i21f09yyfzlqv-pymongo-4.17.0.tar.gz.drv' to 'ssh-ng://j_kro@sentry'...
copying path '/nix/store/2210zsmmh3gsh19jymsqgqx72sxp8wbq-source.drv' to 'ssh-ng://j_kro@sentry'...
copying path '/nix/store/8km8ylrijj84fxmgk5vqimfvm0xlfjyw-python3.12-hatch-requirements-txt-0.4.1.drv' to 'ssh-ng://j_kro@sentry'...
copying path '/nix/store/imf73bprvf6ki80rpzrajj1dhngl883l-python3.12-pymongo-4.17.0.drv' to 'ssh-ng://j_kro@sentry'...
copying path '/nix/store/k9181q17ixm4kbri1hmi5dywbxwwld4w-python3.12-mongoengine-0.29.1.drv' to 'ssh-ng://j_kro@sentry'...
copying path '/nix/store/hs7qrd1px02699pr7pwz4cgb37s6sx64-mongomock-4.3.0.tar.gz.drv' to 'ssh-ng://j_kro@sentry'...
copying path '/nix/store/jqckq4xyh6mwvs31sryjlajvrg3apxz4-sentinels-1.1.1.tar.gz.drv' to 'ssh-ng://j_kro@sentry'...
copying path '/nix/store/mlndiw3577n75zxanh4jfc6syd2ng9la-python3.12-sentinels-1.1.1.drv' to 'ssh-ng://j_kro@sentry'...
copying path '/nix/store/rqfk0nj1y3y4aikl3ka1nbwrlzfc6198-python3.12-mongomock-4.3.0.drv' to 'ssh-ng://j_kro@sentry'...
copying path '/nix/store/y014c7bwj544ivyl1lfrs0np7c5qrmvb-factory_boy-3.3.3.tar.gz.drv' to 'ssh-ng://j_kro@sentry'...
copying path '/nix/store/cv3cz6zzcqcmghbd4f9h47k2b35gslkg-flask_sqlalchemy-3.1.1.tar.gz.drv' to 'ssh-ng://j_kro@sentry'...
copying path '/nix/store/y262r79fqhd2x8pi7qr10xbk7qv1zsvf-python3.12-flask-sqlalchemy-3.1.1.drv' to 'ssh-ng://j_kro@sentry'...
copying path '/nix/store/2a0kjn2yk7b9cvb71wd9kpz0zvrnzrk2-python3.12-factory-boy-3.3.3.drv' to 'ssh-ng://j_kro@sentry'...
copying path '/nix/store/qlg5p5bhmbm1hyh1kp5yiy6pc0zz29fw-source.drv' to 'ssh-ng://j_kro@sentry'...
copying path '/nix/store/5vs1zq9008l9893jsmbp369ydjnhkd3a-source.drv' to 'ssh-ng://j_kro@sentry'...
copying path '/nix/store/fq7gx73kgx7m826g8lyjc3hdgd70l738-pytest_django-4.12.0.tar.gz.drv' to 'ssh-ng://j_kro@sentry'...
copying path '/nix/store/73yasiv0prs74ayrn9zdbxwb26rynnb8-django-configurations-2.5.1.tar.gz.drv' to 'ssh-ng://j_kro@sentry'...
copying path '/nix/store/vl139g9crqxpv3szsphcjlwhp465758y-python3.12-django-configurations-2.5.1.drv' to 'ssh-ng://j_kro@sentry'...
copying path '/nix/store/vmvw9z3nchad27ml1yjpz7cx081vlp4y-python3.12-pytest-django-4.12.0.drv' to 'ssh-ng://j_kro@sentry'...
copying path '/nix/store/sj12v4zq98l6nim9sbyggsk4gzhr3y3c-python3.12-model-bakery-1.23.3.drv' to 'ssh-ng://j_kro@sentry'...
copying path '/nix/store/bwnf7jayld8vdqsafwmv59769kzpvay6-python3.12-pytest-randomly-4.0.1.drv' to 'ssh-ng://j_kro@sentry'...
copying path '/nix/store/kc79mbkddvwzj7lwpynnfg2hrddib453-python3.12-httplib2-0.32.0.drv' to 'ssh-ng://j_kro@sentry'...
copying path '/nix/store/rrbii4346p0kcsb73mh5k246wpy8kjmf-python3-3.12.13-env.drv' to 'ssh-ng://j_kro@sentry'...
copying path '/nix/store/2z02wacpbhv3gk9kq5kpfv3bwn5x2lb1-cipd-7120a6a515089a3ff5d1f61ff4ee17750dc038af-unwrapped.drv' to 'ssh-ng://j_kro@sentry'...
copying path '/nix/store/2qn7950fmcwnlh2c0lsnm6m4hhxrndsd-cipd-7120a6a515089a3ff5d1f61ff4ee17750dc038af.drv' to 'ssh-ng://j_kro@sentry'...
copying path '/nix/store/v4bhhqwx75v7lr586mdan29n97p8r2bh-cipd.drv' to 'ssh-ng://j_kro@sentry'...
copying path '/nix/store/v8l5al0dyr4pcyjimlqvq80bqzrkhny4-dart-source-deps-3.12.2.drv' to 'ssh-ng://j_kro@sentry'...
copying path '/nix/store/x34c2sas188l1vhw2vz2d44wfbg87jb3-dart-3.12.2.drv' to 'ssh-ng://j_kro@sentry'...
copying path '/nix/store/yng2k6xk4pm0fgmx2mx121vw43rrvpxa-dart-install-hook.drv' to 'ssh-ng://j_kro@sentry'...
copying path '/nix/store/ywm8rq9xn801dln2m45qf98z4czrh1b5-source.drv' to 'ssh-ng://j_kro@sentry'...
copying path '/nix/store/2ql2yzdlgfi205gnyn7qg4g196m3pyaq-pub-watcher-1.1.4.tar.gz.drv' to 'ssh-ng://j_kro@sentry'...
copying path '/nix/store/1xs7b66lsqzn09hkyqabdcr16r6fl68k-pub-watcher-1.1.4.drv' to 'ssh-ng://j_kro@sentry'...
copying path '/nix/store/skrjilvrdkiay7i5dz86n9gadwx8xrrk-pub-lints-6.0.0.tar.gz.drv' to 'ssh-ng://j_kro@sentry'...
copying path '/nix/store/56dm4ls0vadfapf6v50nz6yffi175xrx-pub-lints-6.0.0.drv' to 'ssh-ng://j_kro@sentry'...
copying path '/nix/store/ij8kd17bw44600dvvfgb4axqxsn9z3gd-pub-benchmark_harness-2.3.1.tar.gz.drv' to 'ssh-ng://j_kro@sentry'...
copying path '/nix/store/5assxd8agdrfzr200zzpkssv6gcx2r5g-pub-benchmark_harness-2.3.1.drv' to 'ssh-ng://j_kro@sentry'...
copying path '/nix/store/5ysdmg3jzchgf9is57s09ld6s3gkw3gy-source.drv' to 'ssh-ng://j_kro@sentry'...
copying path '/nix/store/65sji8qgy0kc2lcha4zvz0bgz17098ml-pub-dart_style-3.1.3.tar.gz.drv' to 'ssh-ng://j_kro@sentry'...
copying path '/nix/store/8l0w20qpclixkfzwwgzgx589c96ral4j-pub-dart_style-3.1.3.drv' to 'ssh-ng://j_kro@sentry'...
copying path '/nix/store/qnr6lx8cgf606xqw5cds46vbv6lkk3y8-pub-test_api-0.7.8.tar.gz.drv' to 'ssh-ng://j_kro@sentry'...
copying path '/nix/store/9w9mnwzgda2sp7jaav78crk5cavk13yb-pub-test_api-0.7.8.drv' to 'ssh-ng://j_kro@sentry'...
copying path '/nix/store/gh5yknhz4ql8bvwibq274ahi58gnzid0-pub-coverage-1.15.0.tar.gz.drv' to 'ssh-ng://j_kro@sentry'...
copying path '/nix/store/ckhgjply43sa9mcm1917wqarkcc4v1zy-pub-coverage-1.15.0.drv' to 'ssh-ng://j_kro@sentry'...
copying path '/nix/store/1086k42lrhj046xgkb7g1d6q9wr6629r-pub-meta-1.17.0.tar.gz.drv' to 'ssh-ng://j_kro@sentry'...
copying path '/nix/store/f04paa9803zzx6zymmsl8f5d33cavvq9-pub-meta-1.17.0.drv' to 'ssh-ng://j_kro@sentry'...
copying path '/nix/store/qr3azj8pms4lnpvysvnil6g7fbx2qyr9-pub-_fe_analyzer_shared-92.0.0.tar.gz.drv' to 'ssh-ng://j_kro@sentry'...
copying path '/nix/store/fpsdclnih38kzxk75wbzzz3dsxkwik5l-pub-_fe_analyzer_shared-92.0.0.drv' to 'ssh-ng://j_kro@sentry'...
copying path '/nix/store/wrv45pisrk8qbildmjry8kak6cjdx669-pub-source_span-1.10.1.tar.gz.drv' to 'ssh-ng://j_kro@sentry'...
copying path '/nix/store/fvmi12j2bkzd9y23wr37l0y9f3s95g63-pub-source_span-1.10.1.drv' to 'ssh-ng://j_kro@sentry'...
copying path '/nix/store/sgyalb0l5wi31lk7lj0i7jwphjl9wvhl-pub-vm_service-15.0.2.tar.gz.drv' to 'ssh-ng://j_kro@sentry'...
copying path '/nix/store/j1lq0rs7c8qkh6xqabqhlqhrpqqbgcrg-pub-vm_service-15.0.2.drv' to 'ssh-ng://j_kro@sentry'...
copying path '/nix/store/vfcp41kch7dk4vhvs6c8fshc4d459fv5-pub-async-2.13.0.tar.gz.drv' to 'ssh-ng://j_kro@sentry'...
copying path '/nix/store/lz2v6gckslc81ak8a9hsw9qjwpgr1x1z-pub-async-2.13.0.drv' to 'ssh-ng://j_kro@sentry'...
copying path '/nix/store/ab312ajzr7smnlyzl8hslq49dcppca5y-pub-analyzer-9.0.0.tar.gz.drv' to 'ssh-ng://j_kro@sentry'...
copying path '/nix/store/nb0hwy430wj3npnq0mgz5nxzy3vv8a3g-pub-analyzer-9.0.0.drv' to 'ssh-ng://j_kro@sentry'...
copying path '/nix/store/m0b4wnrqnda4iac97983l3l31jfihkd4-pub-test_core-0.6.14.tar.gz.drv' to 'ssh-ng://j_kro@sentry'...
copying path '/nix/store/ncrybnag1advbbd9lm4sps69ni3pm04z-pub-test_core-0.6.14.drv' to 'ssh-ng://j_kro@sentry'...
copying path '/nix/store/9x103lblb6w1yqfhi2zr5lyfzzb3s0d0-pub-test-1.28.0.tar.gz.drv' to 'ssh-ng://j_kro@sentry'...
copying path '/nix/store/skcv993lb1cq3svaqiygk6wsvhb0ms1a-pub-test-1.28.0.drv' to 'ssh-ng://j_kro@sentry'...
copying path '/nix/store/2x0ja95yx0car5mgvw5y1fzcgdr2s11x-pub-matcher-0.12.18.tar.gz.drv' to 'ssh-ng://j_kro@sentry'...
copying path '/nix/store/z3nh60lyzckb7czhbhc31fshl8cvca74-pub-matcher-0.12.18.drv' to 'ssh-ng://j_kro@sentry'...
copying path '/nix/store/c7wzl96b06rvgf5j241fcgjdafgh6641-protoc-gen-dart-25.0.0-package-config.json.drv' to 'ssh-ng://j_kro@sentry'...
copying path '/nix/store/xm4d9d0p9rc8kr3lcimcb67hwwzxngb2-protoc-gen-dart-25.0.0-package-config-with-root.json.drv' to 'ssh-ng://j_kro@sentry'...
copying path '/nix/store/zm9j0qcy293fip7rkl8ilx26a7i4bc2m-protoc-gen-dart-25.0.0.drv' to 'ssh-ng://j_kro@sentry'...
copying path '/nix/store/5ylcykqhiin4916k1hwdvv6cl739pg3a-dart-sass-1.101.2.drv' to 'ssh-ng://j_kro@sentry'...
copying path '/nix/store/ks6gdcdvq4d6siwjz9rcs67kjph4rasz-source.drv' to 'ssh-ng://j_kro@sentry'...
copying path '/nix/store/03k04z4ra0jw98chkqn6b6lih0rkalk1-adw-gtk3-6.5.drv' to 'ssh-ng://j_kro@sentry'...
copying path '/nix/store/0412igd5r8bm6jf3f0ynwv93nn8yjwy9-source.drv' to 'ssh-ng://j_kro@sentry'...
copying path '/nix/store/048a9di0x3cb69sihb1925k7j8ay37i0-parallel-3.2.2.0.tar.gz.drv' to 'ssh-ng://j_kro@sentry'...
copying path '/nix/store/04a1shdwpx1p1mklb7ajlkrlg4l4kylg-charset-0.3.12.tar.gz.drv' to 'ssh-ng://j_kro@sentry'...
copying path '/nix/store/04dky8i12yddclqf6j750d2l068z4ahv-0820128569533c855d60c0f6382acbb14aa62ad2.patch?full_index=1.drv' to 'ssh-ng://j_kro@sentry'...
copying path '/nix/store/76k365bzi9ph5gxid5q6qy0w2rhxy2ib-qtshadertools-everywhere-src-6.11.1.tar.xz.drv' to 'ssh-ng://j_kro@sentry'...
copying path '/nix/store/p86z5zg3q991ghiv0pzaj3qwvmjxvc10-source.drv' to 'ssh-ng://j_kro@sentry'...
copying path '/nix/store/069f6qy0g7q6w4wrrssb3n23p47ryfwb-lksctp-tools-1.0.21.drv' to 'ssh-ng://j_kro@sentry'...
copying path '/nix/store/jhw20dw9knhbn5ww522aib2cshn35gs9-source.drv' to 'ssh-ng://j_kro@sentry'...
copying path '/nix/store/2w2z9nl59r23lnh0sxf11nihv00njw1j-psqlodbc-18.00.0002.drv' to 'ssh-ng://j_kro@sentry'...
copying path '/nix/store/3qcbggbsp30s0d20yns4l9jlicz70wnd-qtbase-everywhere-src-6.11.1.tar.xz.drv' to 'ssh-ng://j_kro@sentry'...
copying path '/nix/store/cl06j2qia2n7j05jbpzrfmvxha7bnpb8-source.drv' to 'ssh-ng://j_kro@sentry'...
copying path '/nix/store/gk90npvrg6yd33vrspp0ac6wwjihh02r-e8448137f3365568090d5c0d4051039ddc1cdb6f.patch.drv' to 'ssh-ng://j_kro@sentry'...
copying path '/nix/store/kh68j089p23c03kb6dc7bfyhjy1bmh1q-mariadb-connector-c-fix-cmake-4.patch.drv' to 'ssh-ng://j_kro@sentry'...
copying path '/nix/store/98d5d9m008hlimbj5y2qmc1i3gjk7s63-mariadb-connector-c-3.3.5.drv' to 'ssh-ng://j_kro@sentry'...
copying path '/nix/store/cznl3g6w3s3imcshjszw77rzp3zw4psr-515cbbacfba9f4259c9c3b0714a31222c2b4c879.diff.drv' to 'ssh-ng://j_kro@sentry'...
copying path '/nix/store/0ksp7x8mj9s2fwc1isxl2s5fpw89rh9y-source.drv' to 'ssh-ng://j_kro@sentry'...
copying path '/nix/store/n6q3bdbwqsxgymik0ivp8cjw7ywzv85p-mariadb-connector-odbc-add-include-cstdint-gcc15.patch.drv' to 'ssh-ng://j_kro@sentry'...
copying path '/nix/store/d9frwkd3azjb7nj6k789jx1gc0zfw809-mariadb-connector-odbc-3.2.6.drv' to 'ssh-ng://j_kro@sentry'...
copying path '/nix/store/npkc523whin9aanl0inj99c3r3mr13zg-mtdev-1.1.7.tar.bz2.drv' to 'ssh-ng://j_kro@sentry'...
copying path '/nix/store/fv0y930d3icj93zl9cmz366cciwz4fhs-mtdev-1.1.7.drv' to 'ssh-ng://j_kro@sentry'...
copying path '/nix/store/3zwf196q6j0v321367vavaiyjawr5l8z-qttranslations-everywhere-src-6.11.1.tar.xz.drv' to 'ssh-ng://j_kro@sentry'...
copying path '/nix/store/6h3w9xhkcr4bkq553nf0jlhaqa364g67-qttools-everywhere-src-6.11.1.tar.xz.drv' to 'ssh-ng://j_kro@sentry'...
copying path '/nix/store/1jnwk3fr78l69pmwf04m17fl86vv331l-source.drv' to 'ssh-ng://j_kro@sentry'...
copying path '/nix/store/ifj6p3s1wwpn2a3hn30d8brrw2szbvnc-md4c-0.5.3.drv' to 'ssh-ng://j_kro@sentry'...
copying path '/nix/store/6r54z3qhg219h70bhqcin1a6k1zs6prn-source.drv' to 'ssh-ng://j_kro@sentry'...
copying path '/nix/store/kjwbzc0mafh1lx3fxy0i0hpxbazapqnv-libb2-0.98.1.drv' to 'ssh-ng://j_kro@sentry'...
copying path '/nix/store/q2fgsa4kb8gpm8n6p2lrcwppxvlaj7dr-source.drv' to 'ssh-ng://j_kro@sentry'...
copying path '/nix/store/rg17dwyr4506p5jrlk8h5b4yv7a0asyh-double-conversion-3.4.0.drv' to 'ssh-ng://j_kro@sentry'...
copying path '/nix/store/f12jn1h2ilm4chz64d31hlvwm9vh4s1r-sqlite-connector-odbc-fix-incompatible-pointer-compilation-error.patch.drv' to 'ssh-ng://j_kro@sentry'...
copying path '/nix/store/xzzg88q10mx5fgy5bqvgdn15m2gzmxb5-sqliteodbc-0.99991.tar.gz.drv' to 'ssh-ng://j_kro@sentry'...
copying path '/nix/store/sirl0sbyzhg7qi7k8fjdz74fzqwzmzf3-sqlite-connector-odbc-0.99991.drv' to 'ssh-ng://j_kro@sentry'...
copying path '/nix/store/wlh2syh8p10ki84hc9i53hzfnsmvaryq-qtbase6-setup-hook.drv' to 'ssh-ng://j_kro@sentry'...
copying path '/nix/store/68mmabnmmcy2v32rhv57j42gq22y8by3-xcb-util-cursor-0.1.6.tar.xz.drv' to 'ssh-ng://j_kro@sentry'...
copying path '/nix/store/xb0rxx5ibk361g007bq41kyvglrqi0pa-libxcb-cursor-0.1.6.drv' to 'ssh-ng://j_kro@sentry'...
copying path '/nix/store/78z0y89kjnxrcvmykjrdkn9g8j1nr7ap-source.drv' to 'ssh-ng://j_kro@sentry'...
copying path '/nix/store/8h0nh0m0qdrzkk92y9i87i3106vq0a9q-hardcode-gsettings.patch.drv' to 'ssh-ng://j_kro@sentry'...
copying path '/nix/store/y7ivshwh9sw8y00jk7fsa13866s7fcyd-libproxy-0.5.12.drv' to 'ssh-ng://j_kro@sentry'...
copying path '/nix/store/bpkhl3jaarw5468688m86bhlfmiikxyz-qtbase-6.11.1.drv' to 'ssh-ng://j_kro@sentry'...
copying path '/nix/store/h2nr7r086y09wlsx43sxhjss3x541i6r-qttools-6.11.1.drv' to 'ssh-ng://j_kro@sentry'...
copying path '/nix/store/h0sb71q8qk4v63jz3vcf4z7awdkrmpfp-qttranslations-6.11.1.drv' to 'ssh-ng://j_kro@sentry'...
copying path '/nix/store/ikzcj2xfb3a2ji52ck8bbpp093g6l5ds-qtbase-6.11.1.drv' to 'ssh-ng://j_kro@sentry'...
copying path '/nix/store/313k6a1ixsf21x2x9qcjp9iijl42wqv7-qtshadertools-6.11.1.drv' to 'ssh-ng://j_kro@sentry'...
copying path '/nix/store/3faapdh6hhd4i2q6184x4fjkyrcy4drh-a7084abd9778b955d80e7419e82f6f7b92f7978d.diff.drv' to 'ssh-ng://j_kro@sentry'...
copying path '/nix/store/44hw8br217ckdv3axczf7ar4q5rr35qa-8a2c82be6ad90e3f2a0760d8bab1e3a8cdb2473a.diff.drv' to 'ssh-ng://j_kro@sentry'...
copying path '/nix/store/pz9lfsrclahw2s3qkk6z8h6zxc1jzw5i-qtlanguageserver-everywhere-src-6.11.1.tar.xz.drv' to 'ssh-ng://j_kro@sentry'...
copying path '/nix/store/cfg4rn4wsvb15li2zlhdp13qf5r13kjz-qtlanguageserver-6.11.1.drv' to 'ssh-ng://j_kro@sentry'...
copying path '/nix/store/frjmp8jya1hjjpvmaspj2p472wxivs5h-dont-cache-nix-store-paths.patch.drv' to 'ssh-ng://j_kro@sentry'...
copying path '/nix/store/s042gv8iav61ky9w2vywxnj2cq3zi36n-libmng-2.0.3.tar.xz.drv' to 'ssh-ng://j_kro@sentry'...
copying path '/nix/store/2vb020cr2qv3z7fs31ldgjzdd4pkhx67-libmng-2.0.3.drv' to 'ssh-ng://j_kro@sentry'...
copying path '/nix/store/782slinm03cibri5sxwci124k3r314qx-qtsvg-everywhere-src-6.11.1.tar.xz.drv' to 'ssh-ng://j_kro@sentry'...
copying path '/nix/store/18ycznl4q6qwdkvqm7x33xk0xa0ahkrk-source.drv' to 'ssh-ng://j_kro@sentry'...
copying path '/nix/store/3b1z159pvn7x0ildaqr1i50mbymg09ri-freeglut-3.8.0.tar.gz.drv' to 'ssh-ng://j_kro@sentry'...
copying path '/nix/store/wg92j6x4lqj611475nakksgkaw372flv-libXxf86vm-1.1.7.tar.xz.drv' to 'ssh-ng://j_kro@sentry'...
copying path '/nix/store/51cq28hp1sfghwljxf4s40gxg3h4ar7z-libxxf86vm-1.1.7.drv' to 'ssh-ng://j_kro@sentry'...
copying path '/nix/store/anmgpa91yk44mx7c7blws22kbdnxywvg-glu-9.0.3.tar.xz.drv' to 'ssh-ng://j_kro@sentry'...
copying path '/nix/store/l2gkxgpvr2fr8qjzv3pki6msj48kw80s-glu-9.0.3.drv' to 'ssh-ng://j_kro@sentry'...
copying path '/nix/store/f8z3zcwlk0jbzzrx1aimia0rw9rnzwrl-freeglut-3.8.0.drv' to 'ssh-ng://j_kro@sentry'...
copying path '/nix/store/va4hqz9lrdx96g41a5jvvi8dj195k1qa-rav1e-0.8.1.tar.gz.drv' to 'ssh-ng://j_kro@sentry'...
copying path '/nix/store/m60c62r12lvbwx47hqrm6v9g2qw34pxz-rav1e-0.8.1-vendor-staging.drv' to 'ssh-ng://j_kro@sentry'...
copying path '/nix/store/jdan5wair6mgwijk8xv98adyiaxhw221-rav1e-0.8.1-vendor.drv' to 'ssh-ng://j_kro@sentry'...
copying path '/nix/store/9qhvah2hy4d7a6wwn5s73s78vxsxp7kj-rav1e-0.8.1.drv' to 'ssh-ng://j_kro@sentry'...
copying path '/nix/store/hm40cwsrc4h4g9a4av3dpyz619y7mivh-source.drv' to 'ssh-ng://j_kro@sentry'...
copying path '/nix/store/jrfllj46rp2h36b1my4xfn82krygbra1-libheif-1.23.1.drv' to 'ssh-ng://j_kro@sentry'...
copying path '/nix/store/jd62x62vpk1b4sj0j9gp3wr25v9a0yf6-jasper-4.2.9.drv' to 'ssh-ng://j_kro@sentry'...
copying path '/nix/store/m7k12fflygq7c975bdbnvbsivy1krzrg-qtsvg-6.11.1.drv' to 'ssh-ng://j_kro@sentry'...
copying path '/nix/store/mbwzv41nzq9npq04rrgdabsk8n6mn02c-qtdeclarative-everywhere-src-6.11.1.tar.xz.drv' to 'ssh-ng://j_kro@sentry'...
copying path '/nix/store/rh1wpwnswy8f9m4yifjs1gh6fq8zfqhr-9d4d376726a6ce15c429128dc65b927e411e40da.diff.drv' to 'ssh-ng://j_kro@sentry'...
copying path '/nix/store/2mad91zc1fan32bxg2khrx306wqi1lvp-qtdeclarative-6.11.1.drv' to 'ssh-ng://j_kro@sentry'...
copying path '/nix/store/04wd6iszlmkyxdrhzlx3ykz8fqzamgds-qttools-6.11.1.drv' to 'ssh-ng://j_kro@sentry'...
copying path '/nix/store/7846a6s51nsgl39gp9fh1sfzlbgss5lw-crate-portable-atomic-1.12.0.tar.gz.drv' to 'ssh-ng://j_kro@sentry'...
copying path '/nix/store/04xrnyrlvndrl2fzp5piclh66ws1rmb7-portable-atomic-1.12.0.drv' to 'ssh-ng://j_kro@sentry'...
copying path '/nix/store/05hl4ki0b1dx172h3sg86vf1ynmryx4k-source.drv' to 'ssh-ng://j_kro@sentry'...
copying path '/nix/store/g9h24xayja8f8s88hdjs5cs03bvi7cai-source.drv' to 'ssh-ng://j_kro@sentry'...
copying path '/nix/store/05k1nka5b3n0v1ym9l311qix6c9isj5g-util-macros-1.20.2.drv' to 'ssh-ng://j_kro@sentry'...
copying path '/nix/store/qvibfymdi4mq76qcllh6syb3giwchszb-source.drv' to 'ssh-ng://j_kro@sentry'...
copying path '/nix/store/05l9h8zl88n83lpqcd0a6sn67y0447fy-babelfish-1.2.1-go-modules.drv' to 'ssh-ng://j_kro@sentry'...
copying path '/nix/store/05mzxy2mmjx0h5afczswch7pk3zv08ic-skylighting-format-blaze-html-0.1.2.tar.gz.drv' to 'ssh-ng://j_kro@sentry'...
copying path '/nix/store/06ay6r5kjnw1rf7hssnsn7xzqdh30bvl-clock-0.8.4.drv' to 'ssh-ng://j_kro@sentry'...
copying path '/nix/store/06d5iv1n2vlgpha3nwpg1wqs3w5bp89b-dbus-python-1.4.0.tar.gz.drv' to 'ssh-ng://j_kro@sentry'...
copying path '/nix/store/06jd82aqrrbfia19pg22394wa4rb57lz-python3.14-pytest-datadir-1.8.0.drv' to 'ssh-ng://j_kro@sentry'...
copying path '/nix/store/7n74rxa2fzgsqnxhqkcjihcmkzxn190k-set-java-classpath-hook.drv' to 'ssh-ng://j_kro@sentry'...
copying path '/nix/store/xk142r079bayy8qdv3l73rz1w4nxw3mx-OpenJDK17U-jdk_x64_linux_hotspot_17.0.19_10.tar.gz.drv' to 'ssh-ng://j_kro@sentry'...
copying path '/nix/store/2v1hm421m3psynddyq2ma63sdkn3id61-temurin-bin-17.0.19.drv' to 'ssh-ng://j_kro@sentry'...
copying path '/nix/store/9zi3p4wvgpmxkg5wi0vxg18wz3v26sas-source.drv' to 'ssh-ng://j_kro@sentry'...
copying path '/nix/store/fj972zz14814rxds2kv75jxz7vc1572v-FixNullPtrCast.patch?id=41e78a067953e0b13d062d632bae6c4f8028d91c.drv' to 'ssh-ng://j_kro@sentry'...
copying path '/nix/store/ihlkb19ccn6n81qrdrmvkc9091yai4sw-gnumake-4.4.1.drv' to 'ssh-ng://j_kro@sentry'...
copying path '/nix/store/rg8j4m2pdr5dslczk72p7q48f3kdqfv3-rh1673833-remove_removal_of_wformat_during_test_compilation.patch.drv' to 'ssh-ng://j_kro@sentry'...
copying path '/nix/store/06v14fmb7vbcwnjzsk99wnj32wlb316r-openjdk-headless-17.0.20+8.drv' to 'ssh-ng://j_kro@sentry'...
copying path '/nix/store/07h68hldp9xxv6r6bcixiwys6ffj1wp9-sandbox-dbus-launch.drv' to 'ssh-ng://j_kro@sentry'...
copying path '/nix/store/07yj8qhm4gwav546khjkqjxbppqzwszn-File-Copy-Recursive-0.45.tar.gz.drv' to 'ssh-ng://j_kro@sentry'...
copying path '/nix/store/0806mmyf20n9ki1y762kpbhl20hpy8a6-source.drv' to 'ssh-ng://j_kro@sentry'...
copying path '/nix/store/zc3ihmhlq23d5k434l6fsfii986p3ch5-qtbase-6.11.1-only-plugins-qml.drv' to 'ssh-ng://j_kro@sentry'...
copying path '/nix/store/7bl93wbnmflrr93qa1y33p4ihcqbzw6n-wrap-qt6-apps-hook.drv' to 'ssh-ng://j_kro@sentry'...
copying path '/nix/store/4q9v64v3j29dk48ryyqg34imsqm279vs-extra-cmake-modules-6.28.0.tar.xz.drv' to 'ssh-ng://j_kro@sentry'...
copying path '/nix/store/y7w4745igkh3089jj369vsp8vafq5479-kf6-move-outputs-hook.drv' to 'ssh-ng://j_kro@sentry'...
copying path '/nix/store/yx75rs3rqa2x8z2l62dmxin7c33mfmlf-qmllint-validate-hook.drv' to 'ssh-ng://j_kro@sentry'...
copying path '/nix/store/r2jayjj4dqq3318fqpsi584vaz6cm2d6-extra-cmake-modules-6.28.0.drv' to 'ssh-ng://j_kro@sentry'...
copying path '/nix/store/w6qy2xalnn5srj9zpb3issyq72zmlcld-karchive-6.28.0.tar.xz.drv' to 'ssh-ng://j_kro@sentry'...
copying path '/nix/store/082nz002q677dm1v1l8qn84l62slia6g-karchive-6.28.0.drv' to 'ssh-ng://j_kro@sentry'...
copying path '/nix/store/4lph9zd6rjffc3ibrnrlpnxjv1afalfc-782ef6bb5f6498e35f8e275f76998fbd5ffa36d6.patch.drv' to 'ssh-ng://j_kro@sentry'...
copying path '/nix/store/b37dffrsyh8l95a0nlvcqyfbhy6p3wwy-source.drv' to 'ssh-ng://j_kro@sentry'...
copying path '/nix/store/3cch0na1gs3i6s73mwaij7gg30xz2xvl-xvidcore-c23.patch.drv' to 'ssh-ng://j_kro@sentry'...
copying path '/nix/store/k6w10mrh5kv292s8xz5wcq4qhjdhh1s2-xvidcore-1.3.7.tar.bz2.drv' to 'ssh-ng://j_kro@sentry'...
copying path '/nix/store/1b2qfp7fqbgjk6pkdj2ba0crjg338ydl-xvidcore-1.3.7.drv' to 'ssh-ng://j_kro@sentry'...
copying path '/nix/store/hc2rb192i4zqpa4fh6d54i6wwnbpj3mk-source.drv' to 'ssh-ng://j_kro@sentry'...
copying path '/nix/store/3dhv94nycl73hzfrlpaf4lvwfzqzqpfj-x264-0-unstable-2025-01-03.drv' to 'ssh-ng://j_kro@sentry'...
copying path '/nix/store/f8xsa4wwqw9f51hlfv0iyqz60vv0i0q7-source.drv' to 'ssh-ng://j_kro@sentry'...
copying path '/nix/store/3f751k431fbc4wlaz1yim35qfilhcah6-libvpx-1.16.0.drv' to 'ssh-ng://j_kro@sentry'...
copying path '/nix/store/64ak6k14ksardzhcnnsn2vqs0b00wr5s-rubygems-3.7.2.tgz.drv' to 'ssh-ng://j_kro@sentry'...
copying path '/nix/store/9mrrzgz9c9g2fj3yjdyzjwks12v6mkcf-rubygems-3.7.2.drv' to 'ssh-ng://j_kro@sentry'...
copying path '/nix/store/ia63v9id86sv1jl6wg7hldxggx94n23n-ruby-3.4.9.tar.gz.drv' to 'ssh-ng://j_kro@sentry'...
copying path '/nix/store/0sgp6ja01vxkv4angd7zs5ykd6526vx6-ruby-3.4.9.drv' to 'ssh-ng://j_kro@sentry'...
copying path '/nix/store/p4wd6061lhkwd3rhyd2x32zskc1x8j2b-source.drv' to 'ssh-ng://j_kro@sentry'...
copying path '/nix/store/sahn0qmribn56f2p9p7c7lrvd1w8n1i5-opencl-headers-2026.05.29.drv' to 'ssh-ng://j_kro@sentry'...
copying path '/nix/store/y6ry1lpq4rv7y9b190ds0kis01jafsgn-source.drv' to 'ssh-ng://j_kro@sentry'...
copying path '/nix/store/587dga9x2wkrf3flvkhbqwycdibhbgc7-ocl-icd-2.3.5.drv' to 'ssh-ng://j_kro@sentry'...
copying path '/nix/store/qyr6jbkbhdxy8ndbh4fr51b3zccnaj1s-speex-1.2.1.tar.gz.drv' to 'ssh-ng://j_kro@sentry'...
copying path '/nix/store/9cs14drbafwc5kb1f49yn4gvr6cnbxz8-fftw-3.3.11.tar.gz.drv' to 'ssh-ng://j_kro@sentry'...
copying path '/nix/store/4a1f09ks30i98bgciwrkimzqdzf911n1-gfortran-15.3.0.drv' to 'ssh-ng://j_kro@sentry'...
copying path '/nix/store/xfp6fv9bqxj14z9xwjcjhqli7cn036sq-gfortran-wrapper-15.3.0.drv' to 'ssh-ng://j_kro@sentry'...
copying path '/nix/store/vxpdwljyri6ihlr8hk93n8dm86ikx44r-fftw-single-3.3.11.drv' to 'ssh-ng://j_kro@sentry'...
copying path '/nix/store/bigig0chixvsf6srwr9hpwk5q4bc3n8h-speexdsp-1.2.1.tar.gz.drv' to 'ssh-ng://j_kro@sentry'...
copying path '/nix/store/y90qhnjfg5c7pi3v05dvkp176vsm971y-speexdsp-1.2.1.drv' to 'ssh-ng://j_kro@sentry'...
copying path '/nix/store/5mzzf2v5r9g3m4mmvx9hyw02la128fzg-speex-1.2.1.drv' to 'ssh-ng://j_kro@sentry'...
copying path '/nix/store/khika3bypm9c395wjvr9m38k08azvwig-lcms2-2.19.1.tar.gz.drv' to 'ssh-ng://j_kro@sentry'...
copying path '/nix/store/hh70x8442wv0f9paw96r6p8pd6ynd97a-lcms2-2.19.1.drv' to 'ssh-ng://j_kro@sentry'...
copying path '/nix/store/lcn2457mpppz2ngbrsy5s7mpfmzjz8dh-source.drv' to 'ssh-ng://j_kro@sentry'...
copying path '/nix/store/qv6zi0jc0276fryp7pd1jjfy6wsbbkdx-source.drv' to 'ssh-ng://j_kro@sentry'...
copying path '/nix/store/721wvnczlk3bc35i7zzgx0xdmb9cc97j-openjpeg-2.5.4.drv' to 'ssh-ng://j_kro@sentry'...
copying path '/nix/store/4vmp7zm8nwjazfvjs4f86i44mnpwxrpi-source.drv' to 'ssh-ng://j_kro@sentry'...
copying path '/nix/store/929p1hb9qpmn2xwfs1zh77difsmljz04-zvbi-0.2.44.drv' to 'ssh-ng://j_kro@sentry'...
copying path '/nix/store/qqqggy0nzwrqbsp400n96kgchvq2q8y1-mpg123-1.33.6.tar.bz2.drv' to 'ssh-ng://j_kro@sentry'...
copying path '/nix/store/d2mwmxyh0cbpmkfn6w66qg0rhcv8mnry-libmpg123-1.33.6.drv' to 'ssh-ng://j_kro@sentry'...
copying path '/nix/store/l7hh3sa39njak9avw6jfw1a9pvxbm9wq-source.drv' to 'ssh-ng://j_kro@sentry'...
copying path '/nix/store/q1qcx7x3rs05b6r49n42s5p8hw68argi-lame-3.100.tar.gz.drv' to 'ssh-ng://j_kro@sentry'...
copying path '/nix/store/lgv8cjdpnr8zgh0axk765vll7sl02k98-lame-3.100.drv' to 'ssh-ng://j_kro@sentry'...
copying path '/nix/store/0sncxk6bn5sdj9hqin4dnmh2382jfirg-31_allow_overriding_AGexe_for_crossbuild.diff.drv' to 'ssh-ng://j_kro@sentry'...
copying path '/nix/store/57zbpncmqkwgl8dvlhm25jqa4d86qfmf-autogen-5.18.16.tar.xz.drv' to 'ssh-ng://j_kro@sentry'...
copying path '/nix/store/63ab8ma5wn1ms1qbkbk7jg40g4xq6fz5-40_suse_03-gcc9-fix-wrestrict.patch.drv' to 'ssh-ng://j_kro@sentry'...
copying path '/nix/store/94knsycp6si66r2h1a4xz5j3sfjm636w-lfs64.patch.drv' to 'ssh-ng://j_kro@sentry'...
copying path '/nix/store/bgc1awm8fkfh06yp6inixa5lv9wmm690-guile-3.patch.drv' to 'ssh-ng://j_kro@sentry'...
copying path '/nix/store/iiz5dp12zcz0rvqcgypd8nf9zmg2gspa-40_suse_05-sprintf-overflow.patch.drv' to 'ssh-ng://j_kro@sentry'...
copying path '/nix/store/ir6w1d6ligj7sjbkybnrvsy81i4kbba9-40_suse_06-autogen-avoid-GCC-code-analysis-bug.patch.drv' to 'ssh-ng://j_kro@sentry'...
copying path '/nix/store/km9qlnn5kz7k88f9zwdf3yd00v61az9c-20_no_Werror.diff.drv' to 'ssh-ng://j_kro@sentry'...
copying path '/nix/store/rbf2nd9vzmi46jn3chhkh8y637dxx75d-guile-2.2.7.tar.xz.drv' to 'ssh-ng://j_kro@sentry'...
copying path '/nix/store/m6jn95mf3xknh170c61jf71kx6siyzl9-guile-2.2.7.drv' to 'ssh-ng://j_kro@sentry'...
copying path '/nix/store/r805yfhl1a0bgfp2asbixf3b80fvqyg0-40_suse_01-autogen-catch-race-error.patch.drv' to 'ssh-ng://j_kro@sentry'...
copying path '/nix/store/zfph83nanslbs4ll4xahhlsfsf88jr5k-30_ag_macros.m4_syntax_error.diff.drv' to 'ssh-ng://j_kro@sentry'...
copying path '/nix/store/rkm250zh9q1s3xp992n8ivgqq1ij6672-autogen-5.18.16.drv' to 'ssh-ng://j_kro@sentry'...
copying path '/nix/store/s69bihyrj5jxsyhv7bhn4jp3vj4lzrfq-graphviz-14.1.2.drv' to 'ssh-ng://j_kro@sentry'...
copying path '/nix/store/wa1r0d64ilp9qc1453zdvv4fwhbi1g9z-flac-1.5.0.tar.xz.drv' to 'ssh-ng://j_kro@sentry'...
copying path '/nix/store/zn0i6p99ckwdzvzzs1g5a61jhk5aansk-flac-1.5.0.drv' to 'ssh-ng://j_kro@sentry'...
copying path '/nix/store/zq915p24bvdmg3kqf0h246qhrd3mw1n5-2251737b3b175925684ec0d37029ff4cb521d302.patch.drv' to 'ssh-ng://j_kro@sentry'...
copying path '/nix/store/5x59xkiq83as1adb1h8cw53kn43cjf18-libsndfile-1.2.2.drv' to 'ssh-ng://j_kro@sentry'...
copying path '/nix/store/63blpkb2qil0sschc8ndjj4hhz4ajjlk-libopenmpt-0.8.7+release.autotools.tar.gz.drv' to 'ssh-ng://j_kro@sentry'...
copying path '/nix/store/7z9faznmc5bykw2bzgn9a71jfl65c9nj-alsa-ucm-Check-UCM-verb-before-working-with-device-status.patch.drv' to 'ssh-ng://j_kro@sentry'...
copying path '/nix/store/b3ygmb1wb3nr2pp3vfnrspjxzgzi1b3y-alsa-ucm-Replace-port-device-UCM-context-assertion-with-an-error.patch.drv' to 'ssh-ng://j_kro@sentry'...
copying path '/nix/store/m8djabgw65csw8rbbx9isq68r50kbnlh-soxr-0.1.3-Source.tar.xz.drv' to 'ssh-ng://j_kro@sentry'...
copying path '/nix/store/c3v0ab76q382syl5wdn23p25pbssgc94-soxr-0.1.3.drv' to 'ssh-ng://j_kro@sentry'...
copying path '/nix/store/2s09a2g8hcj3cqi94ff5apma0zrfkg6j-check-0.15.2.tar.gz.drv' to 'ssh-ng://j_kro@sentry'...
copying path '/nix/store/dnykngqwzxlldav6m59xv0y4q2ak3bly-check-0.15.2.drv' to 'ssh-ng://j_kro@sentry'...
copying path '/nix/store/4iqyqww4qcbv7f00m15942wczc9yczgy-dconf-0.49.0.tar.xz.drv' to 'ssh-ng://j_kro@sentry'...
copying path '/nix/store/fm8pmyhqzrg2s94yzxc2vpp7y71nksfz-dconf-0.49.0.drv' to 'ssh-ng://j_kro@sentry'...
copying path '/nix/store/pyjgk4sgpp2n815v93qpzjnvmq7zfavh-pulseaudio-17.0.tar.xz.drv' to 'ssh-ng://j_kro@sentry'...
copying path '/nix/store/d4cpip2d70lrk1z0vi3mljgpzdjq6n2k-libpulseaudio-17.0.drv' to 'ssh-ng://j_kro@sentry'...
copying path '/nix/store/d1fl9ny9wd2c90byjjdij0igawp853cg-source.drv' to 'ssh-ng://j_kro@sentry'...
copying path '/nix/store/xg44lg7ir86129j8a95ih5vi8spi2f8f-source.drv' to 'ssh-ng://j_kro@sentry'...
copying path '/nix/store/afw6qnplzhb7hnwdi6bbh41y7d8rklka-waf-2.1.9.drv' to 'ssh-ng://j_kro@sentry'...
copying path '/nix/store/gnd20vv8a9jx9k11d19c3kn12988nbmz-waf-setup-hook.drv' to 'ssh-ng://j_kro@sentry'...
copying path '/nix/store/idhizga463q78s1cpw0dnrgr12fnpif1-libsamplerate-0.2.2.tar.xz.drv' to 'ssh-ng://j_kro@sentry'...
copying path '/nix/store/pfizjwf4nw6wapg81m4hh5x68k3rlrb4-libsamplerate-0.2.2.drv' to 'ssh-ng://j_kro@sentry'...
copying path '/nix/store/xbxkcspxdx54hsy3bwald1nbkh0xlf0j-jack2-waf2.0.26.patch.drv' to 'ssh-ng://j_kro@sentry'...
copying path '/nix/store/nqrm750r2ijb16qixa8d2icw1vkbvbmd-libjack2-1.9.22.drv' to 'ssh-ng://j_kro@sentry'...
copying path '/nix/store/sq9432advfj49q6fwipyvv0lybs8dj2x-mpg123-1.33.6.drv' to 'ssh-ng://j_kro@sentry'...
copying path '/nix/store/4sla8fd15ivgc373f39vj36ich8dafkm-pa_stable_v190700_20210406.tgz.drv' to 'ssh-ng://j_kro@sentry'...
copying path '/nix/store/xppbjhazfpx0dp5ra0s1csbj8wk7jykx-portaudio-190700_20210406.drv' to 'ssh-ng://j_kro@sentry'...
copying path '/nix/store/9wq2f7bpdam8zyxs88y7x1097dshh7b8-libopenmpt-0.8.7.drv' to 'ssh-ng://j_kro@sentry'...
copying path '/nix/store/dx4m1qsmjypzy9j8ir0gkc4f3q8c8gbr-add-av_stream_get_first_dts-for-chromium.patch.drv' to 'ssh-ng://j_kro@sentry'...
copying path '/nix/store/66daj0bxx4y88zcc52jic07m25gggpdh-source.drv' to 'ssh-ng://j_kro@sentry'...
copying path '/nix/store/f7yda81hy7dlnhb2fqh6nx9rsd0pk1pj-vid.stab-1.1.1-unstable-2025-08-21.drv' to 'ssh-ng://j_kro@sentry'...
copying path '/nix/store/nh17zf002g2d9d6i0dr9gkgyg8qqarnj-source.drv' to 'ssh-ng://j_kro@sentry'...
copying path '/nix/store/gg8pksb729kvvsm3haqghnw63gr8a79f-cjson-1.7.19.drv' to 'ssh-ng://j_kro@sentry'...
copying path '/nix/store/wjajfx1nmv3nnwpjdp91vr3wmlhr6rcf-source.drv' to 'ssh-ng://j_kro@sentry'...
copying path '/nix/store/qy6klxwq3yjz7b4hmhx4gms63adfnj5l-100-fix-gcc14-build.patch.drv' to 'ssh-ng://j_kro@sentry'...
copying path '/nix/store/r7wr4sqmpr81kpbf0ykrpjam9dzrf8yq-fix-gcc153-32bit.patch' to 'ssh-ng://j_kro@sentry'...
copying path '/nix/store/xah24vrdg5ymh7sni1kln5vmbzsqzq2y-source.drv' to 'ssh-ng://j_kro@sentry'...
copying path '/nix/store/zgksi1ydghhmhx7r2cyg42k6sl8ars5z-mbedtls-3.6.6.drv' to 'ssh-ng://j_kro@sentry'...
copying path '/nix/store/gi022r2v147yp64pxlw6diqa3pfrlnlg-librist-0.2.11.drv' to 'ssh-ng://j_kro@sentry'...
copying path '/nix/store/bqm03srrqs74qs05yvgzkm9bk182nwzr-libbluray-1.4.1.tar.xz.drv' to 'ssh-ng://j_kro@sentry'...
copying path '/nix/store/i39v2lsyg4v4q55zv3nhlx7w01xh6pcm-libbluray-1.4.1.drv' to 'ssh-ng://j_kro@sentry'...
copying path '/nix/store/71cz59083shqa2lwd8igra40aqkp8ah8-libelf-0.8.13.tar.gz.drv' to 'ssh-ng://j_kro@sentry'...
copying path '/nix/store/cmf8ajx653bfw1m7ck9bdsigrg3ymmyk-libelf-0.8.13.drv' to 'ssh-ng://j_kro@sentry'...
copying path '/nix/store/ivhg9d0n9li7skqwi93j7wrmd175c2hh-v4l-utils-1.32.0.tar.xz.drv' to 'ssh-ng://j_kro@sentry'...
copying path '/nix/store/j57q632j17jrpy1hakwqgkh8i1csr2al-v4l-utils-1.32.0.drv' to 'ssh-ng://j_kro@sentry'...
copying path '/nix/store/jhcfcfqv9s3wrlcx8lp83fixsxag4072-srt-1.5.5.drv' to 'ssh-ng://j_kro@sentry'...
copying path '/nix/store/m94apgvy25qrcdlggph7mjfjz61kamg2-nv-codec-headers.drv' to 'ssh-ng://j_kro@sentry'...
copying path '/nix/store/ma0klwml1zhqnhs4xsawsnzjm4005sx6-nv-codec-headers-12.1.14.0.drv' to 'ssh-ng://j_kro@sentry'...
copying path '/nix/store/mxic5kqw63zz1dq3zrgwwrhy845d941w-x265_4.2.tar.gz.drv' to 'ssh-ng://j_kro@sentry'...
copying path '/nix/store/11ylg4vmky0jd5fklskariil13ip46lp-f9deba0c8404529772468d6dd01389f7dbfa5ba9.patch.drv' to 'ssh-ng://j_kro@sentry'...
copying path '/nix/store/wq0z6qfwbcv1gqmhz93jwvnbalslqdgc-source.drv' to 'ssh-ng://j_kro@sentry'...
copying path '/nix/store/vfd6sfsy9k999spx1mxnfk0n26v1szqc-numactl-2.0.18.drv' to 'ssh-ng://j_kro@sentry'...
copying path '/nix/store/mbf0qwhzsakbpl7vs9jm8x3nmi5i1m3p-x265-4.2.drv' to 'ssh-ng://j_kro@sentry'...
copying path '/nix/store/bf69qb38yr9fa2rg020a94car7y6didk-os-release.drv' to 'ssh-ng://j_kro@sentry'...
copying path '/nix/store/xynjd5iib9z5v44qiwa7l1q5y3aywxk6-source.drv' to 'ssh-ng://j_kro@sentry'...
copying path '/nix/store/ry5qp0xy0vlf12myhpbazz2jq3xj9xaa-openapv-0.2.1.3.drv' to 'ssh-ng://j_kro@sentry'...
copying path '/nix/store/cxffd9q2kkhc71z9dqsf42l2g3308c4m-libass-0.17.4.tar.xz.drv' to 'ssh-ng://j_kro@sentry'...
copying path '/nix/store/vapg4snj2jipjkw9jgql0gk58l3vy8zj-libass-0.17.4.drv' to 'ssh-ng://j_kro@sentry'...
copying path '/nix/store/wppkkrblamzg5b9ixg0fgsih4b7fsb2q-libva-minimal-2.24.0.drv' to 'ssh-ng://j_kro@sentry'...
copying path '/nix/store/d55f9i7xgjgxsj8x39nm8ysc2fp9pxpn-source.drv' to 'ssh-ng://j_kro@sentry'...
copying path '/nix/store/x0qac0y05pkqhaw52v1mhp1gnvypvzrh-svt-av1-4.1.0.drv' to 'ssh-ng://j_kro@sentry'...
copying path '/nix/store/xnm9swnpfnpp0wf395xbzpivy3yjf57z-ffmpeg.drv' to 'ssh-ng://j_kro@sentry'...
copying path '/nix/store/2y5mkxyr9hm30m1qmjwv7lbaifamdvqi-source.drv' to 'ssh-ng://j_kro@sentry'...
copying path '/nix/store/xx6a2b8rhckhb7zasd9lxxzw11dcay3z-zimg-3.0.6.drv' to 'ssh-ng://j_kro@sentry'...
copying path '/nix/store/rl61rvpq43w1cs3dxqmjkxc8f09jzfg7-libssh-0.12.0.tar.xz.drv' to 'ssh-ng://j_kro@sentry'...
copying path '/nix/store/zfmvxxd9fk17jg6wv874ipxmd6an7dph-libssh-0.12.0.drv' to 'ssh-ng://j_kro@sentry'...
copying path '/nix/store/dn9357py4jijvz8y9p5w3spgv0xp2pw7-ffmpeg-headless-8.1.2.drv' to 'ssh-ng://j_kro@sentry'...
copying path '/nix/store/lnch7iqqin3k5xzr8f9n663pkdkhi56b-Dvorak_Symphony_9_1.mp3.drv' to 'ssh-ng://j_kro@sentry'...
copying path '/nix/store/0869qhc0nhyiv9czdp5havq9mzanr2zb-chromaprint-1.6.0.drv' to 'ssh-ng://j_kro@sentry'...
copying path '/nix/store/088gbs3ncn20r4bc49d7y8nk49www1yb-source.drv' to 'ssh-ng://j_kro@sentry'...
copying path '/nix/store/6wxn1w9334qhc8fxc1al5i6vamwhp20d-source.drv' to 'ssh-ng://j_kro@sentry'...
copying path '/nix/store/08rq04075l5sza5w5qdpzkfnr66i4ij1-libsass-3.6.6.drv' to 'ssh-ng://j_kro@sentry'...
copying path '/nix/store/25xrp7y0dp1ng5lsr9q37d0l2csw19j6-crate-writeable-0.6.2.tar.gz.drv' to 'ssh-ng://j_kro@sentry'...
copying path '/nix/store/093v3jr2n43amsa8pf2ihyhz7aqyyfk7-writeable-0.6.2.drv' to 'ssh-ng://j_kro@sentry'...
copying path '/nix/store/3amaq6vxwpphcibai8fgw0p3aah2jlvc-xkeyboard-config-2.48.tar.xz.drv' to 'ssh-ng://j_kro@sentry'...
copying path '/nix/store/2z3b3igf2j5za1c9rq0nh9h00fmq8bq8-xkeyboard-config-2.48.drv' to 'ssh-ng://j_kro@sentry'...
copying path '/nix/store/7afjigzh94i3cbi12d3382a94n38qpky-libxkbfile-1.2.0.tar.xz.drv' to 'ssh-ng://j_kro@sentry'...
copying path '/nix/store/2kdk4zizmf3q64rls0fg19rz16a6hh6a-libxkbfile-1.2.0.drv' to 'ssh-ng://j_kro@sentry'...
copying path '/nix/store/zm0hzh17jwv0nvnpmkgvc9bgprn1km97-source.drv' to 'ssh-ng://j_kro@sentry'...
copying path '/nix/store/4c5bn877b5xr2qhvysfhjih80is4q8kw-xkbcomp-1.5.0.drv' to 'ssh-ng://j_kro@sentry'...
copying path '/nix/store/50qy9h0f30aiackhaiw34fgvm6x8f0lf-xcb-util-image-0.4.1.tar.xz.drv' to 'ssh-ng://j_kro@sentry'...
copying path '/nix/store/zhk76v74kv7yixk1ayf15gllvdc5n5h2-xcb-util-0.4.1.tar.xz.drv' to 'ssh-ng://j_kro@sentry'...
copying path '/nix/store/8yvn89k9jrlxvlnmg7ap59c4vrxlpqgz-libxcb-util-0.4.1.drv' to 'ssh-ng://j_kro@sentry'...
copying path '/nix/store/1vb4bv3zzxdk49xpxbgscr1ais53iwjk-libxcb-image-0.4.1.drv' to 'ssh-ng://j_kro@sentry'...
copying path '/nix/store/f6wj1nmwib0c2ip6cdl0j3240qxrqlj2-libxcvt-0.1.3.tar.xz.drv' to 'ssh-ng://j_kro@sentry'...
copying path '/nix/store/1y9z90p52mrw40k6mzhsjn7ccm0g0254-libxcvt-0.1.3.drv' to 'ssh-ng://j_kro@sentry'...
copying path '/nix/store/3svqgcqgm02qbmv5vp09n3dsx7mrzbxh-libxshmfence-1.3.3.tar.xz.drv' to 'ssh-ng://j_kro@sentry'...
copying path '/nix/store/3jwqpp1jr5dc0pbsr0kjm3qxdpigmc76-libxshmfence-1.3.3.drv' to 'ssh-ng://j_kro@sentry'...
copying path '/nix/store/3n7sh3nh6xq0pl1jd97qywn8h92klw47-xorg-server-21.1.23.tar.xz.drv' to 'ssh-ng://j_kro@sentry'...
copying path '/nix/store/44cpgb3npprswibnmwsh5cjn1w0z89x8-xcb-util-renderutil-0.3.10.tar.xz.drv' to 'ssh-ng://j_kro@sentry'...
copying path '/nix/store/85cisxn6pvzl4j63jsdij9id8a276qa1-libxcb-render-util-0.3.10.drv' to 'ssh-ng://j_kro@sentry'...
copying path '/nix/store/5pi9i9m4nibjcf0fwidj98pp9kkgl1l9-xcb-util-wm-0.4.2.tar.xz.drv' to 'ssh-ng://j_kro@sentry'...
copying path '/nix/store/8lz62f58bzbmy32fs7zpmif5343jd8is-libxcb-wm-0.4.2.drv' to 'ssh-ng://j_kro@sentry'...
copying path '/nix/store/vcmc0pj56l8als3pmv47cvfjrhq33l6c-source.drv' to 'ssh-ng://j_kro@sentry'...
copying path '/nix/store/9bzylyi35g2f2cmhzaj8r1lbvq8x7yxs-font-util-1.4.2.drv' to 'ssh-ng://j_kro@sentry'...
copying path '/nix/store/lwxbd43kc4rabcgjsy8agk7riz00spmj-xcb-util-keysyms-0.4.1.tar.xz.drv' to 'ssh-ng://j_kro@sentry'...
copying path '/nix/store/ffk4jmlj09jzfwm2gxgfinhdzb47sa3l-libxcb-keysyms-0.4.1.drv' to 'ssh-ng://j_kro@sentry'...
copying path '/nix/store/72l2lj6x84lvd599908frqw3q7ll6syz-libXfont2-2.0.8.tar.xz.drv' to 'ssh-ng://j_kro@sentry'...
copying path '/nix/store/h8pw74pskm8aj9rqbwkq9jdzdm1mzjmg-libfontenc-1.1.9.tar.xz.drv' to 'ssh-ng://j_kro@sentry'...
copying path '/nix/store/k8jq7rp76z0w16k8yrgvmivk1z2zqd66-libfontenc-1.1.9.drv' to 'ssh-ng://j_kro@sentry'...
copying path '/nix/store/rl2m6nlkn6c7mr8jcq1g71nnl7zghk46-libxfont_2-2.0.8.drv' to 'ssh-ng://j_kro@sentry'...
copying path '/nix/store/zhwqsikjwy4jn8kjmmanhmjpaqhsfbcd-source.drv' to 'ssh-ng://j_kro@sentry'...
copying path '/nix/store/w3swmi90dw00qs6qyxbssm6agn53yz29-mesa-gl-headers-25.1.0.drv' to 'ssh-ng://j_kro@sentry'...
copying path '/nix/store/zv971ddadqjx0jll0an4k2aagh9j73d1-dri-pkgconfig-stub.drv' to 'ssh-ng://j_kro@sentry'...
copying path '/nix/store/6krn1jpn6s7r73xbipzkdkh3s5h0p97r-xvfb-21.1.23.drv' to 'ssh-ng://j_kro@sentry'...
copying path '/nix/store/i55yrarc2p9r59g6007kagdg3c06bywm-source.drv' to 'ssh-ng://j_kro@sentry'...
copying path '/nix/store/cb6ii7is0ay40bgdhqys11lh0gjsflva-setxkbmap-1.3.4.drv' to 'ssh-ng://j_kro@sentry'...
copying path '/nix/store/ml92pgybx1g7ssflhh9ac77ylxw2x1ax-source.drv' to 'ssh-ng://j_kro@sentry'...
copying path '/nix/store/0a7k59i1xkadzw801vhg0b1q2vy0hjr9-libxkbcommon-1.13.2.drv' to 'ssh-ng://j_kro@sentry'...
copying path '/nix/store/0asslyds85qlxhxgf71c46c4cqryhxcw-source.drv' to 'ssh-ng://j_kro@sentry'...
copying path '/nix/store/bppl1w79r4gykkpiq2vxmp6m02fpr4ww-libdbusmenu-16.04.0.tar.gz.drv' to 'ssh-ng://j_kro@sentry'...
copying path '/nix/store/0av233aikfycpbpj1caklhacjk91s350-libdbusmenu-gtk3-16.04.0.drv' to 'ssh-ng://j_kro@sentry'...
copying path '/nix/store/9rjb4bbpw64jibpk8lr27lfiiyagyqzj-gcc-12.patch.drv' to 'ssh-ng://j_kro@sentry'...
copying path '/nix/store/bbl6izzadvdsgi7wknrs33cchni2k02r-source-highlight-3.1.9.tar.gz.drv' to 'ssh-ng://j_kro@sentry'...
copying path '/nix/store/d0ks7pgch42wq7cwrdhbx9z6x0d84r1d-?id=904949c9026cb772dc93fbe0947a252ef47127f4.drv' to 'ssh-ng://j_kro@sentry'...
copying path '/nix/store/0av789h95dzc6g1aps3j5zbakxd0b125-source-highlight-3.1.9.drv' to 'ssh-ng://j_kro@sentry'...
copying path '/nix/store/wgxhydip6s9l02g5x60rsgczmk7gw0qm-crate-wasi-0.11.1+wasi-snapshot-preview1.tar.gz.drv' to 'ssh-ng://j_kro@sentry'...
copying path '/nix/store/0b4i96vy3v7hhc9w9j8bzv3482zzb9hn-wasi-0.11.1+wasi-snapshot-preview1.drv' to 'ssh-ng://j_kro@sentry'...
copying path '/nix/store/idfc6ahdq2c2ki56qzmdkl5ixl7lslms-bun-linux-x64.zip.drv' to 'ssh-ng://j_kro@sentry'...
copying path '/nix/store/a88y11ch63sln0wx1xb4r4a893k5czn0-bun-1.3.13.drv' to 'ssh-ng://j_kro@sentry'...
copying path '/nix/store/chl6d97297g78rsp6l0q8p16gsi1dz0d-source.drv' to 'ssh-ng://j_kro@sentry'...
copying path '/nix/store/i59qx9r5x6zh2l29kdbz309hw13i3sq9-models-dev-node_modules-sdk-v0.0.5-unstable-2026-07-26.drv' to 'ssh-ng://j_kro@sentry'...
copying path '/nix/store/64ay6x21kwz26z6rnmx6izckj5s8fgb4-models-dev-sdk-v0.0.5-unstable-2026-07-26.drv' to 'ssh-ng://j_kro@sentry'...
copying path '/nix/store/r12pdlgidy71dfqbb0srg4gz6s50fy1q-source.drv' to 'ssh-ng://j_kro@sentry'...
copying path '/nix/store/m5ax4bh2vvfip6myq1hdjg8j8bhizzjs-opencode-node_modules-1.18.9.drv' to 'ssh-ng://j_kro@sentry'...
copying path '/nix/store/0bm6zba12wi57zzp8dm6d3vsvzcpsbdq-opencode-1.18.9.drv' to 'ssh-ng://j_kro@sentry'...
copying path '/nix/store/0c1737112r5f5n7k8i82xk7c939jv1hg-source.drv' to 'ssh-ng://j_kro@sentry'...
copying path '/nix/store/0cnanvg9cyb5riljr5a4gy8qncr6jg2p-crate-windows_i686_gnu-0.53.1.tar.gz.drv' to 'ssh-ng://j_kro@sentry'...
copying path '/nix/store/0d4dcnh3qf2cqfpnif16149m2dxdwhh9-sphinx_rtd_theme-3.1.0.tar.gz.drv' to 'ssh-ng://j_kro@sentry'...
copying path '/nix/store/0dw76yq0r98zn7byprl1l2da2bdx76i2-skylighting-format-ansi-0.1.tar.gz.drv' to 'ssh-ng://j_kro@sentry'...
copying path '/nix/store/qhsgr9plih26644via61ddv17yfx9qpx-opencore-amr-0.1.6.tar.gz.drv' to 'ssh-ng://j_kro@sentry'...
copying path '/nix/store/1zdxyhb029avy1kcbh4bj64kpv1nyszi-opencore-amr-0.1.6.drv' to 'ssh-ng://j_kro@sentry'...
copying path '/nix/store/w5ncdjrqdalxqmk7971il8ib2kfdy7m7-aalib-1.4rc5.tar.gz.drv' to 'ssh-ng://j_kro@sentry'...
copying path '/nix/store/7k1rgpa8grrzzlbxqx4qgfhn33vrfpji-aalib-1.4rc5.drv' to 'ssh-ng://j_kro@sentry'...
copying path '/nix/store/87wddi1ly9higkz567kd5yjbsb1h64sj-600fa105a799986efcccddfedfdfd3e9a1988cd0.patch.drv' to 'ssh-ng://j_kro@sentry'...
copying path '/nix/store/ly2saqsvbcjwmrbsj1885dzx91vj4zb5-8ab2de318d55c9d0987ffae7d9b94b365af732c1.patch.drv' to 'ssh-ng://j_kro@sentry'...
copying path '/nix/store/v40wli5wwc587w8r8bh80lqmram1ylp7-libshout-2.4.6.tar.gz.drv' to 'ssh-ng://j_kro@sentry'...
copying path '/nix/store/9lb25pq87p2fzk0cx7qrilmnjsns2clr-libshout-2.4.6.drv' to 'ssh-ng://j_kro@sentry'...
copying path '/nix/store/i4agxdvh6wwm9cqdigy9frf6l5da79az-source.drv' to 'ssh-ng://j_kro@sentry'...
copying path '/nix/store/cmzmp7vkzbja19ihm5fwwk301prq8mhy-twolame-2017-09-27.drv' to 'ssh-ng://j_kro@sentry'...
copying path '/nix/store/b075d8mzb0lvibcr8amv4gfammf75x69-source.drv' to 'ssh-ng://j_kro@sentry'...
copying path '/nix/store/5jd97941r3mqsrd3cwd5hza2dibg0mfh-utf8cpp-4.1.1.drv' to 'ssh-ng://j_kro@sentry'...
copying path '/nix/store/i5iafzb44djbjpv9p3cfq0r0dip2icjs-source.drv' to 'ssh-ng://j_kro@sentry'...
copying path '/nix/store/f7jgppq4mp8v2yb3fdx1q85rv985c3ls-taglib-2.2.1.drv' to 'ssh-ng://j_kro@sentry'...
copying path '/nix/store/i9rqgch8il8iyw4bsd1bkhdjs0h7a5sh-souploader.diff.drv' to 'ssh-ng://j_kro@sentry'...
copying path '/nix/store/lknac8asfbjnqx22p1b9i5jn3ddx467l-gst-plugins-good-1.28.4.tar.xz.drv' to 'ssh-ng://j_kro@sentry'...
copying path '/nix/store/0nn0ybln8kjf64sp004b40ylla94akvk-source.drv' to 'ssh-ng://j_kro@sentry'...
copying path '/nix/store/c08ks754smass6qiv1iwcy7606kkwsx9-source.drv' to 'ssh-ng://j_kro@sentry'...
copying path '/nix/store/6qk82fxjnqg4v0fl9kmh9xq5dx9gjks4-libid3tag-0.16.4.drv' to 'ssh-ng://j_kro@sentry'...
copying path '/nix/store/m2kz9zlg3n7035lj73i11gll2yw0r8n3-imlib2-1.12.6.tar.xz.drv' to 'ssh-ng://j_kro@sentry'...
copying path '/nix/store/3f4fgqsxv8iackjv94zj9sv6p9jjya9v-imlib2-1.12.6.drv' to 'ssh-ng://j_kro@sentry'...
copying path '/nix/store/lrq6ly9yrjby4fca19ayn7jlzjm408m1-CVE-2026-42046.patch.drv' to 'ssh-ng://j_kro@sentry'...
copying path '/nix/store/q8hc41qklcvss7fy9svk4fbhxzd0ryv5-libcaca-0.99.beta20.drv' to 'ssh-ng://j_kro@sentry'...
copying path '/nix/store/0dzw0b6l4rcahsgyl0bagxazf34m8ljv-gst-plugins-good-1.28.4.drv' to 'ssh-ng://j_kro@sentry'...
copying path '/nix/store/gvmjdcsbcy6mcym7r48hiwhb09mvyh4c-source.drv' to 'ssh-ng://j_kro@sentry'...
copying path '/nix/store/0f0gqi8y50l9is21gpzhfxb2qsx9fwcx-gogdl-1.2.2.drv' to 'ssh-ng://j_kro@sentry'...
copying path '/nix/store/a4mx4cr5xdckrlv46hphpl3n6rp8alkk-Ascii85-2.0.1.gem.drv' to 'ssh-ng://j_kro@sentry'...
copying path '/nix/store/0fbwfb8cvz0fdh4iv0423xs5l5r6h94h-ruby3.4-Ascii85-2.0.1.drv' to 'ssh-ng://j_kro@sentry'...
copying path '/nix/store/98jl8i5xjmn3qwsqd1vigyxinywmkb3q-python3.14-ruamel-base-1.0.0.drv' to 'ssh-ng://j_kro@sentry'...
copying path '/nix/store/d8vl4r2hdj8cds89xjrn20k11dxzyzzb-python3.14-ruamel-yaml-clib-0.2.15.drv' to 'ssh-ng://j_kro@sentry'...
copying path '/nix/store/0ff1s239dm654sf8k6ysh78735xffb97-python3.14-ruamel-yaml-0.19.1.drv' to 'ssh-ng://j_kro@sentry'...
copying path '/nix/store/6jyj3dmr9s2y50x5n5hki7ilkazr6y5l-source.drv' to 'ssh-ng://j_kro@sentry'...
copying path '/nix/store/g820lh6jfxwdx7yc4mqwdsq58fj45q0d-source.drv' to 'ssh-ng://j_kro@sentry'...
copying path '/nix/store/ncsf7dzp8c0zs6s32nf9810m7sj7g278-source.drv' to 'ssh-ng://j_kro@sentry'...
copying path '/nix/store/q74w5zjlf2yfpj0w0rpjzvk8y74zy50s-wrap-gapps-hook.drv' to 'ssh-ng://j_kro@sentry'...
copying path '/nix/store/ggz6sicgxki9j3h19xaix5a83nvji8hc-xfce4-dev-tools-4.20.0.drv' to 'ssh-ng://j_kro@sentry'...
copying path '/nix/store/98cbn7mz81i8z8i5cj55gp932gyvz2rf-libxfce4util-4.20.1.drv' to 'ssh-ng://j_kro@sentry'...
copying path '/nix/store/0ffrns4qjs5p5c8vi21y1gzzkzfiqrq1-xfconf-4.20.0.drv' to 'ssh-ng://j_kro@sentry'...
copying path '/nix/store/0fm67x5j1xw2sv69n7awbc8vn7dg72f9-ProtonUp-Qt-2.15.1-x86_64.AppImage.drv' to 'ssh-ng://j_kro@sentry'...
copying path '/nix/store/vd3bc6ma17alwmnhanja4piap78890i8-libXdamage-1.1.7.tar.xz.drv' to 'ssh-ng://j_kro@sentry'...
copying path '/nix/store/0fxl3547a6fgwvq9xajq6gawqpyzqk3n-libxdamage-1.1.7.drv' to 'ssh-ng://j_kro@sentry'...
copying path '/nix/store/0g4shhk2v2in3hp53qgs41x8lsv61y1z-source.drv' to 'ssh-ng://j_kro@sentry'...
copying path '/nix/store/79iw7rkyjrpwy2s2q7xg0dafmqkwq9p0-talloc-2.4.4.tar.gz.drv' to 'ssh-ng://j_kro@sentry'...
copying path '/nix/store/0g9mcd8ngh7ylr7zyvn03cyfxd39xjdg-talloc-2.4.4.drv' to 'ssh-ng://j_kro@sentry'...
copying path '/nix/store/52jkpcdzlb8qzvrdp9x80pmq9ylpvn14-libXfont-1.5.4.tar.bz2.drv' to 'ssh-ng://j_kro@sentry'...
copying path '/nix/store/0gignj134qfgw0llwff2p1hkjfvlwqla-libxfont_1-1.5.4.drv' to 'ssh-ng://j_kro@sentry'...
copying path '/nix/store/0hlr7kv4l47jnvipbrpwy62cj6afn05d-CVE-2017-6827+CVE-2017-6828+CVE-2017-6832+CVE-2017-6835+CVE-2017-6837.patch.drv' to 'ssh-ng://j_kro@sentry'...
copying path '/nix/store/wvcjgjqb7xdfk0grbwlr5f0d9xnfj8my-source.drv' to 'ssh-ng://j_kro@sentry'...
copying path '/nix/store/dpnm6kk23l32xk96j0p21yw9kb1acaj6-mimalloc-3.3.2.drv' to 'ssh-ng://j_kro@sentry'...
copying path '/nix/store/mxbagmn6lfn12j99g5nxcab80x3c1cpn-source.drv' to 'ssh-ng://j_kro@sentry'...
copying path '/nix/store/65yhjf2pwshzwa8lzff07r22q7cb61i1-mold-unwrapped-2.41.0.drv' to 'ssh-ng://j_kro@sentry'...
copying path '/nix/store/7gln24px1bk0qga2ci6chz7b8h1k9vc3-mold-unwrapped-wrapper-2.41.0.drv' to 'ssh-ng://j_kro@sentry'...
copying path '/nix/store/2qrsx6djfldnvq3ajb5x6y9nnb8vq0hm-binutils-wrapper-2.46.drv' to 'ssh-ng://j_kro@sentry'...
copying path '/nix/store/wd00p5nzhkv9g9m9cssvq0qjwqs89q8b-mpc-1.4.1.tar.xz.drv' to 'ssh-ng://j_kro@sentry'...
copying path '/nix/store/3ddj47cl47g52q20xnipq0w1fi0kpmbz-libmpc-1.4.1.drv' to 'ssh-ng://j_kro@sentry'...
copying path '/nix/store/15fhrq3hgp8fgzj9wvzas7akwdi5nnfs-isl-0.20.tar.xz.drv' to 'ssh-ng://j_kro@sentry'...
copying path '/nix/store/61y2cssrc70sghp4i3b5ddbi7n5hhdb9-isl-0.20.drv' to 'ssh-ng://j_kro@sentry'...
copying path '/nix/store/c7zvgb3qqnw2kp7d3y6p7i00dqlccq6g-gcc-16.1.0.tar.xz.drv' to 'ssh-ng://j_kro@sentry'...
copying path '/nix/store/kasx17812rba3x26saikmdjv016yfs7r-gcc-16.1.0.drv' to 'ssh-ng://j_kro@sentry'...
copying path '/nix/store/b6dq5gwqznf9mazsry4ywmsrx09vyn7n-gcc-wrapper-16.1.0.drv' to 'ssh-ng://j_kro@sentry'...
copying path '/nix/store/0hwa3lpk8sv24jibhrvzd7l6k7s5w75m-stdenv-linux.drv' to 'ssh-ng://j_kro@sentry'...
copying path '/nix/store/0i5c1qayv7yswc35fgrzr92b4firw022-tzdata-2026.3.tar.gz.drv' to 'ssh-ng://j_kro@sentry'...
copying path '/nix/store/0i6yyd21ljksamhyg7mjw7bwsmbv2m5v-CVE-2021-3468.patch.drv' to 'ssh-ng://j_kro@sentry'...
copying path '/nix/store/0i8aqm0969hqnr4549fz1vxfmh6gz3w6-wai-cors-0.2.7.tar.gz.drv' to 'ssh-ng://j_kro@sentry'...
copying path '/nix/store/3rn1qfgrvs9p6bg24fsbki3jr8jd5ad9-assoc-1.1.1-r2.cabal.drv' to 'ssh-ng://j_kro@sentry'...
copying path '/nix/store/yl8654jfgncrhfk4i91njnnixm8l692g-assoc-1.1.1.tar.gz.drv' to 'ssh-ng://j_kro@sentry'...
copying path '/nix/store/3diky87bfrpwagrsijcy4j97xcknw3ib-assoc-1.1.1.drv' to 'ssh-ng://j_kro@sentry'...
copying path '/nix/store/3k3bnqhb242xyhn2zcbz7xpsvn12wmbz-primitive-0.9.1.0.drv' to 'ssh-ng://j_kro@sentry'...
copying path '/nix/store/89csn341a5gyzs0ky525cpqsm1sxc1zr-hashable-1.5.1.0.drv' to 'ssh-ng://j_kro@sentry'...
copying path '/nix/store/n5wl3vjq7n1z6ap8slxz4rcrk4rdlbkw-these-1.2.1.tar.gz.drv' to 'ssh-ng://j_kro@sentry'...
copying path '/nix/store/3a0cz273yraq59qzjggiw5nsrv7gywni-these-1.2.1.drv' to 'ssh-ng://j_kro@sentry'...
copying path '/nix/store/3wlc385kxrq5psq2dgcvqk4mc0372b7n-semialign-1.3.1.1.tar.gz.drv' to 'ssh-ng://j_kro@sentry'...
copying path '/nix/store/c1rh230sjnfwgvn4qy1wvnw4925lan28-ChasingBottoms-1.3.1.17-r1.cabal.drv' to 'ssh-ng://j_kro@sentry'...
copying path '/nix/store/vsd9smy6zsfcj8mdjfna6101r24p1vy9-ChasingBottoms-1.3.1.17.tar.gz.drv' to 'ssh-ng://j_kro@sentry'...
copying path '/nix/store/qhmvv7l3n0vhkips1jwbqaryysrjx26s-syb-0.7.2.4.tar.gz.drv' to 'ssh-ng://j_kro@sentry'...
copying path '/nix/store/zx5nb84n5w4v49nrccx0klykgnmaq9vi-syb-0.7.2.4.drv' to 'ssh-ng://j_kro@sentry'...
copying path '/nix/store/6vqma605cl520zcm5mahisyh83v0a1mf-ChasingBottoms-1.3.1.17.drv' to 'ssh-ng://j_kro@sentry'...
copying path '/nix/store/gnwml1zzp4867q7y1n16ikidhli5ia8d-nothunks-0.3.1-r2.cabal.drv' to 'ssh-ng://j_kro@sentry'...
copying path '/nix/store/cn73ls4jh1z33nya5szlhvb4f5zdwfi0-wherefrom-compat-0.1.1.1.tar.gz.drv' to 'ssh-ng://j_kro@sentry'...
copying path '/nix/store/klf789ilh7fnl82b59qxsf8ljlj893hd-wherefrom-compat-0.1.1.1-r4.cabal.drv' to 'ssh-ng://j_kro@sentry'...
copying path '/nix/store/hiwvpkpj6ia3m44zjs6r5j8aybil1104-wherefrom-compat-0.1.1.1.drv' to 'ssh-ng://j_kro@sentry'...
copying path '/nix/store/r2lfd5msfxdk344i8bif8favf2xp8bvc-nothunks-0.3.1.tar.gz.drv' to 'ssh-ng://j_kro@sentry'...
copying path '/nix/store/hm5p0zwwz7hv84s66781bacvdq6ijrm1-hspec-discover-2.11.17.tar.gz.drv' to 'ssh-ng://j_kro@sentry'...
copying path '/nix/store/bw6pfhzk3mlz2lx9451ikx4am0g67nll-hspec-meta-2.11.17.tar.gz.drv' to 'ssh-ng://j_kro@sentry'...
copying path '/nix/store/jvs2ibjv0ihf7g460lqmsbj36y0sr7c7-haskell-lexer-1.2.1.tar.gz.drv' to 'ssh-ng://j_kro@sentry'...
copying path '/nix/store/lhr53pqnf24jrzd0nvhbs1ff61icsfag-haskell-lexer-1.2.1.drv' to 'ssh-ng://j_kro@sentry'...
copying path '/nix/store/mbw50cgp3sk8ckcj79k7g2bdh5pwlhjv-quickcheck-io-0.2.0.tar.gz.drv' to 'ssh-ng://j_kro@sentry'...
copying path '/nix/store/pkgh954lxg16d39aw6qkrw0nd61iwar4-quickcheck-io-0.2.0.drv' to 'ssh-ng://j_kro@sentry'...
copying path '/nix/store/2j9rx04jgb1gqi22x4k44xwmrlwvxvac-hspec-expectations-0.8.4.tar.gz.drv' to 'ssh-ng://j_kro@sentry'...
copying path '/nix/store/ifmp7ay2a4av0qb9hvka56nvlk6vwg3v-hspec-expectations-0.8.4-r2.cabal.drv' to 'ssh-ng://j_kro@sentry'...
copying path '/nix/store/qxji127awnh538lk0bba5kbydkg3c38g-hspec-expectations-0.8.4.drv' to 'ssh-ng://j_kro@sentry'...
copying path '/nix/store/hvwm5blkx6nsmqi2i824ba453mjcc5r7-hspec-meta-2.11.17.drv' to 'ssh-ng://j_kro@sentry'...
copying path '/nix/store/kqa4rlr1v6ajdk6q569bvq42pby3qbbg-base-compat-0.14.1.tar.gz.drv' to 'ssh-ng://j_kro@sentry'...
copying path '/nix/store/6v7snjpm8i3d0azdza76qwvjdy49a5r0-base-compat-0.14.1.drv' to 'ssh-ng://j_kro@sentry'...
copying path '/nix/store/lf4xflhl26gfp9313qc1n5mkkzkbw3ln-temporary-1.3.tar.gz.drv' to 'ssh-ng://j_kro@sentry'...
copying path '/nix/store/9k2zzyrkm3whjigjl4yb4wwsxkh7n8yw-temporary-1.3.drv' to 'ssh-ng://j_kro@sentry'...
copying path '/nix/store/hiiyyi4b341kx1invr8zzdgaw4127kc7-mockery-0.3.5.tar.gz.drv' to 'ssh-ng://j_kro@sentry'...
copying path '/nix/store/pil9lq7npk9b8z9gxgsv4yxfnc9hdpvm-logging-facade-0.3.1.tar.gz.drv' to 'ssh-ng://j_kro@sentry'...
copying path '/nix/store/i0n1gkl2y28jhcmbd2cl8v6vgcwvr0a0-logging-facade-0.3.1.drv' to 'ssh-ng://j_kro@sentry'...
copying path '/nix/store/xpsylkndm4bhcd165p6c80qf4sw20c23-mockery-0.3.5.drv' to 'ssh-ng://j_kro@sentry'...
copying path '/nix/store/6n24ax570n3ivl5big68j67gj7dqprs5-hspec-discover-2.11.17.drv' to 'ssh-ng://j_kro@sentry'...
copying path '/nix/store/9a6j1ldkrigqwd4i1x46mz082x7q6bav-hspec-core-2.11.17.tar.gz.drv' to 'ssh-ng://j_kro@sentry'...
copying path '/nix/store/kbjvvpmn5kra69kwc003idj7q5igw3q1-hspec-core-2.11.17.drv' to 'ssh-ng://j_kro@sentry'...
copying path '/nix/store/v7crg47sc7lqs7pw4m50wj5jxwj9gdfy-hspec-2.11.17.tar.gz.drv' to 'ssh-ng://j_kro@sentry'...
copying path '/nix/store/7vi0zkqz2zzk1b32rqwaffp9n43v34h7-hspec-2.11.17.drv' to 'ssh-ng://j_kro@sentry'...
copying path '/nix/store/qws3aa6g5qmivmbl0m3xp661bbm9p8nm-base-orphans-0.9.4.tar.gz.drv' to 'ssh-ng://j_kro@sentry'...
copying path '/nix/store/9n0lnkidk941c8ma9mnnl69x7r736clq-base-orphans-0.9.4.drv' to 'ssh-ng://j_kro@sentry'...
copying path '/nix/store/9s7c3hzpkfkirvap3yb4s2d9py20gkyx-vector-0.13.2.0.tar.gz.drv' to 'ssh-ng://j_kro@sentry'...
copying path '/nix/store/i1injnh9rlp1nkys37x706i25d46ill3-vector-0.13.2.0-r2.cabal.drv' to 'ssh-ng://j_kro@sentry'...
copying path '/nix/store/4zwi4i11m02q3byq7kqjc6g9ac17l13c-vector-stream-0.1.0.1-r4.cabal.drv' to 'ssh-ng://j_kro@sentry'...
copying path '/nix/store/yr3qzfm5a40yqlsjszahrcqybfcjg54p-vector-stream-0.1.0.1.tar.gz.drv' to 'ssh-ng://j_kro@sentry'...
copying path '/nix/store/js8jdnqbj1acwsl6cinkbcwkf3blcacb-vector-stream-0.1.0.1.drv' to 'ssh-ng://j_kro@sentry'...
copying path '/nix/store/8q5c9li5smy0n799phnvlr3hrlkcsa41-tasty-inspection-testing-0.2.1.tar.gz.drv' to 'ssh-ng://j_kro@sentry'...
copying path '/nix/store/h0fphzj5j7lmpw1gm1ny3kaax7njyffg-inspection-testing-0.6.3.tar.gz.drv' to 'ssh-ng://j_kro@sentry'...
copying path '/nix/store/s1yp9aihv0i5qaill5phq85d6jgmcsk6-inspection-testing-0.6.3.drv' to 'ssh-ng://j_kro@sentry'...
copying path '/nix/store/vpsw8vsn0n1bb43f9ix116hj78nv2sdr-tasty-inspection-testing-0.2.1-r3.cabal.drv' to 'ssh-ng://j_kro@sentry'...
copying path '/nix/store/ybnq866clg5q1dp9vnjl7m7q932hb2yd-tasty-inspection-testing-0.2.1.drv' to 'ssh-ng://j_kro@sentry'...
copying path '/nix/store/labvf4fm4pj6hhx6128hgq9jj02n8fih-code-page-0.2.1.tar.gz.drv' to 'ssh-ng://j_kro@sentry'...
copying path '/nix/store/45a1fbg13l5izg2nrvlw9h7g86p4dnq8-code-page-0.2.1.drv' to 'ssh-ng://j_kro@sentry'...
copying path '/nix/store/cj4vmfr3dbyxazcwdx9iwpjwpyak60sj-stringbuilder-0.5.1.tar.gz.drv' to 'ssh-ng://j_kro@sentry'...
copying path '/nix/store/iz6kjq32nqk3l1i59nrc2bzlyymkp1dq-stringbuilder-0.5.1.drv' to 'ssh-ng://j_kro@sentry'...
copying path '/nix/store/jpqiz2pq2mif5jkyhwhajsm50ikbxgb7-doctest-0.24.3.tar.gz.drv' to 'ssh-ng://j_kro@sentry'...
copying path '/nix/store/a881yfwkzka1nk425whh7c3jn3sgwy8w-ghc-paths-0.1.0.12-r8.cabal.drv' to 'ssh-ng://j_kro@sentry'...
copying path '/nix/store/g20qfl18kmccc9faqrb97ijqsaw3zhpv-ghc-paths-0.1.0.12.tar.gz.drv' to 'ssh-ng://j_kro@sentry'...
copying path '/nix/store/qi95diqwbkc0l6bn9mwm5vr014cryp7a-ghc-paths-0.1.0.12.drv' to 'ssh-ng://j_kro@sentry'...
copying path '/nix/store/qk100ll2czsg59ip05ymnajrkqr2qzip-silently-1.2.5.4.tar.gz.drv' to 'ssh-ng://j_kro@sentry'...
copying path '/nix/store/qkxx1bizmdqym8grc9y32jpr23mdi5qr-silently-1.2.5.4.drv' to 'ssh-ng://j_kro@sentry'...
copying path '/nix/store/ygb6fzcym077zvwxm8mxkmz0jqjdh01h-doctest-0.24.3.drv' to 'ssh-ng://j_kro@sentry'...
copying path '/nix/store/spfz438nr2m08ckshrqf4rx9xjw0vfas-vector-0.13.2.0.drv' to 'ssh-ng://j_kro@sentry'...
copying path '/nix/store/scryk13fcy0ph3l3h986dn7pqghgp1c1-nothunks-0.3.1.drv' to 'ssh-ng://j_kro@sentry'...
copying path '/nix/store/5lk26jqpwm1k3xnjkci5plg3c46b81gj-unordered-containers-0.2.20.1.drv' to 'ssh-ng://j_kro@sentry'...
copying path '/nix/store/c9bx11kd7ixj533s2h4p5yrsxr0n2l23-contravariant-1.5.6.tar.gz.drv' to 'ssh-ng://j_kro@sentry'...
copying path '/nix/store/0pcqyasv33g4ciwlm4lpap0y6j3cjb4n-StateVar-1.2.2.tar.gz.drv' to 'ssh-ng://j_kro@sentry'...
copying path '/nix/store/fqzf7ggbj87cwn1r9ykhbdxhadf3y92z-StateVar-1.2.2.drv' to 'ssh-ng://j_kro@sentry'...
copying path '/nix/store/6kdpss8i52rqbxdjq7snynq10b5mjkhd-contravariant-1.5.6.drv' to 'ssh-ng://j_kro@sentry'...
copying path '/nix/store/ag5qsg4mg9iv2fphjyq2c859fj22wg6z-semigroupoids-6.0.2-r1.cabal.drv' to 'ssh-ng://j_kro@sentry'...
copying path '/nix/store/v1gnpyf7djhcdif3hzawi2bjwif4p1rk-semigroupoids-6.0.2.tar.gz.drv' to 'ssh-ng://j_kro@sentry'...
copying path '/nix/store/8ypj4fbc3rwb829m72b3j5k8nxz0x80d-th-abstraction-0.7.2.0.tar.gz.drv' to 'ssh-ng://j_kro@sentry'...
copying path '/nix/store/hy0jl7l6d5mhfajavcc64zn3k3gby2lx-th-abstraction-0.7.2.0.drv' to 'ssh-ng://j_kro@sentry'...
copying path '/nix/store/qr3wszx978icqsn18kirlrq2xyp7wjal-generic-deriving-1.14.7.tar.gz.drv' to 'ssh-ng://j_kro@sentry'...
copying path '/nix/store/c4gi25sckxicz2i7469vfymjxyinpv2g-generic-deriving-1.14.7.drv' to 'ssh-ng://j_kro@sentry'...
copying path '/nix/store/kvj4x0zrin1h4rvh14ygd57fzsxcxjm7-distributive-0.6.3.tar.gz.drv' to 'ssh-ng://j_kro@sentry'...
copying path '/nix/store/39ps63ghrhbpcgzzn1bj2sv9yqz23iy4-distributive-0.6.3.drv' to 'ssh-ng://j_kro@sentry'...
copying path '/nix/store/1k5abadz34b9dj8dnvlzac2iwviq4k6v-indexed-traversable-0.1.4.tar.gz.drv' to 'ssh-ng://j_kro@sentry'...
copying path '/nix/store/ik7xzzbhx2qkki0c7pp77vfqbnb8gl3c-indexed-traversable-0.1.4-r2.cabal.drv' to 'ssh-ng://j_kro@sentry'...
copying path '/nix/store/ijzx7k11jhdfln7s8vb33pd32kqnzsf0-indexed-traversable-0.1.4.drv' to 'ssh-ng://j_kro@sentry'...
copying path '/nix/store/pgklvj5gs1q4bpwz723bs1kgzh55w3lw-comonad-5.0.10.tar.gz.drv' to 'ssh-ng://j_kro@sentry'...
copying path '/nix/store/vsj8iwq14jx66s851i4ysbs65wvi6prn-comonad-5.0.10.drv' to 'ssh-ng://j_kro@sentry'...
copying path '/nix/store/ndpnclpzk6p0rxy7i0yr1hp1p91rkjr5-bifunctors-5.6.3.tar.gz.drv' to 'ssh-ng://j_kro@sentry'...
copying path '/nix/store/ssgnvb73y2n3wzhq4zkvw4ihi05r9h9n-bifunctors-5.6.3-r1.cabal.drv' to 'ssh-ng://j_kro@sentry'...
copying path '/nix/store/wzh7amfd72p4c049fpiy02ng7x3kcm00-bifunctors-5.6.3.drv' to 'ssh-ng://j_kro@sentry'...
copying path '/nix/store/cwy62ys6nysz5pllhpxnmh6as0v09hbw-semigroupoids-6.0.2.drv' to 'ssh-ng://j_kro@sentry'...
copying path '/nix/store/b55qkgwms3w7ld817w9kcy9kyhdxazyq-OneTuple-0.4.2.1.tar.gz.drv' to 'ssh-ng://j_kro@sentry'...
copying path '/nix/store/5llsc42bwnyq2mm026jp3wv9a0gmhdqx-OneTuple-0.4.2.1.drv' to 'ssh-ng://j_kro@sentry'...
copying path '/nix/store/6fg5dm6wb8avmrdqkwf7v956hza2jjf7-indexed-traversable-instances-0.1.2.1.tar.gz.drv' to 'ssh-ng://j_kro@sentry'...
copying path '/nix/store/cck3x78lqgh8ibh7q15l3a74fq5f58sq-quickcheck-instances-0.3.33.tar.gz.drv' to 'ssh-ng://j_kro@sentry'...
copying path '/nix/store/7w6zs41pkk5cqbj3i8jchxc71gxa697d-uuid-types-1.0.6.1.tar.gz.drv' to 'ssh-ng://j_kro@sentry'...
copying path '/nix/store/f204p8b48jkrjc05rnk4gklwyi7l6awm-uuid-types-1.0.6.1.drv' to 'ssh-ng://j_kro@sentry'...
copying path '/nix/store/v294flqlf0pjpz10r6la1szrmr64hw17-prettyprinter-compat-ansi-wl-pprint-1.0.2.tar.gz.drv' to 'ssh-ng://j_kro@sentry'...
copying path '/nix/store/jc2m3in34g1dsvcg1sx6g10321rilmxf-prettyprinter-compat-ansi-wl-pprint-1.0.2.drv' to 'ssh-ng://j_kro@sentry'...
copying path '/nix/store/sbnc3d094g5fqzshpxhl159rqjbsag3q-ansi-wl-pprint-1.0.2.tar.gz.drv' to 'ssh-ng://j_kro@sentry'...
copying path '/nix/store/3iwz2rbmd7709llymd9pf907ria649gv-ansi-wl-pprint-1.0.2.drv' to 'ssh-ng://j_kro@sentry'...
copying path '/nix/store/b6q6lz49vclma5iy4aad1lpzkhsbnmjm-test-framework-0.8.2.3.tar.gz.drv' to 'ssh-ng://j_kro@sentry'...
copying path '/nix/store/fa4fi7g4z7yja3rc1kcldzsq5m7qfjkz-regex-base-0.94.0.3.tar.gz.drv' to 'ssh-ng://j_kro@sentry'...
copying path '/nix/store/3z9phr6yy4rqxn0x5hxxc24wqbl7a6kf-regex-base-0.94.0.3.drv' to 'ssh-ng://j_kro@sentry'...
copying path '/nix/store/9cvg0lzy2dd10w70pgyrx2z2z5srlkm2-regex-posix-0.96.0.2.tar.gz.drv' to 'ssh-ng://j_kro@sentry'...
copying path '/nix/store/lw78whg23pb5rb7gq9qpzmqqfzlgpmlk-regex-posix-0.96.0.2.drv' to 'ssh-ng://j_kro@sentry'...
copying path '/nix/store/98dlr99cdwwqlpw63ik7djffm06s44xb-xml-1.3.14.tar.gz.drv' to 'ssh-ng://j_kro@sentry'...
copying path '/nix/store/n8hlbmc7xldclpq9dyy4v08xp8nhsz2f-xml-1.3.14-r2.cabal.drv' to 'ssh-ng://j_kro@sentry'...
copying path '/nix/store/y2z7cxcsxisq66f19589v9dggf8k05qd-xml-1.3.14.drv' to 'ssh-ng://j_kro@sentry'...
copying path '/nix/store/825y0j7lgd05gzvyy89wrhcwdb9jmrfi-test-framework-0.8.2.3.drv' to 'ssh-ng://j_kro@sentry'...
copying path '/nix/store/1darw2gffsfjqbjs5vvrij7as3vm205w-test-framework-hunit-0.3.0.3.tar.gz.drv' to 'ssh-ng://j_kro@sentry'...
copying path '/nix/store/n635yjd3wbm2pd1d6p101a0zjp91z9rs-test-framework-hunit-0.3.0.3.drv' to 'ssh-ng://j_kro@sentry'...
copying path '/nix/store/w9v9rb25gybyw55kfarhlhb2ylwkmi3d-case-insensitive-1.2.1.0.tar.gz.drv' to 'ssh-ng://j_kro@sentry'...
copying path '/nix/store/h4q4jvp8laqf17fqhc8if0vmaiy62bpj-case-insensitive-1.2.1.0.drv' to 'ssh-ng://j_kro@sentry'...
copying path '/nix/store/vdyzj2ph1ahr8g7876q8wzlaw0msqsi0-integer-logarithms-1.0.5.tar.gz.drv' to 'ssh-ng://j_kro@sentry'...
copying path '/nix/store/kxx3s6n368048mbm2qzchybgjvl730sv-integer-logarithms-1.0.5.drv' to 'ssh-ng://j_kro@sentry'...
copying path '/nix/store/n56jh5dir1r68k25yxb2rbwvqm90j363-quickcheck-instances-0.3.33-r1.cabal.drv' to 'ssh-ng://j_kro@sentry'...
copying path '/nix/store/616x3qj3s5ymqn2rs9k8qfrwydrnxh6i-old-locale-1.0.0.7.tar.gz.drv' to 'ssh-ng://j_kro@sentry'...
copying path '/nix/store/7cmribds2mlysvbhd7rh1s2zjf8w8w3x-old-locale-1.0.0.7-r2.cabal.drv' to 'ssh-ng://j_kro@sentry'...
copying path '/nix/store/lpmkbpfxpgph7wl6mnibz9c7c3hl1836-old-locale-1.0.0.7.drv' to 'ssh-ng://j_kro@sentry'...
copying path '/nix/store/nniqsdnygz9hfb2vrs2k57v66xfc81fl-old-time-1.1.1.0.tar.gz.drv' to 'ssh-ng://j_kro@sentry'...
copying path '/nix/store/ndcfmdymgaga06gqm0qj3ivbx956ilp6-old-time-1.1.1.0.drv' to 'ssh-ng://j_kro@sentry'...
copying path '/nix/store/jgsarsfifxl4jhk84gqp5mvjs3zjvbvk-time-compat-1.9.9-r1.cabal.drv' to 'ssh-ng://j_kro@sentry'...
copying path '/nix/store/y74qzzaf4gbmng8gg9a790j4cy9h2b9g-time-compat-1.9.9.tar.gz.drv' to 'ssh-ng://j_kro@sentry'...
copying path '/nix/store/rf6hz1dnyg4sz8p04ldbmagdlzhwni8f-time-compat-1.9.9.drv' to 'ssh-ng://j_kro@sentry'...
copying path '/nix/store/6l7iaxqc84a40aprjbgv2ng6yssg5ysz-scientific-0.3.8.1.tar.gz.drv' to 'ssh-ng://j_kro@sentry'...
copying path '/nix/store/93jj4jl7fd904gsr4b56bcihdiq4m6l3-tasty-smallcheck-0.8.2-r1.cabal.drv' to 'ssh-ng://j_kro@sentry'...
copying path '/nix/store/k822gp41qm4zv8yv2r439n8xjvxr0qfw-tasty-smallcheck-0.8.2.tar.gz.drv' to 'ssh-ng://j_kro@sentry'...
copying path '/nix/store/ni12pckf6g2l7ic1jxnqx8l1jkxdwxgz-smallcheck-1.2.1.1.tar.gz.drv' to 'ssh-ng://j_kro@sentry'...
copying path '/nix/store/4qwi16qhgngyv47615b8mlwyigvqqbrb-logict-0.8.2.0.tar.gz.drv' to 'ssh-ng://j_kro@sentry'...
copying path '/nix/store/6i8k3w6z8hxc7sbjik3iy8f62dh5qsl9-async-2.2.6.tar.gz.drv' to 'ssh-ng://j_kro@sentry'...
copying path '/nix/store/n93l3dy8fhhlcl3jmwmznvyxn8cp2l9q-async-2.2.6.drv' to 'ssh-ng://j_kro@sentry'...
copying path '/nix/store/x5nr6x48b2461kaab2pgd3bf5wvp8n72-logict-0.8.2.0.drv' to 'ssh-ng://j_kro@sentry'...
copying path '/nix/store/ybfa4sbsfvcjdzspdm9jpj4rxvskw7m1-smallcheck-1.2.1.1.drv' to 'ssh-ng://j_kro@sentry'...
copying path '/nix/store/bk6x7b6zz6hgh2w2z1088aqb7rlr135b-tasty-smallcheck-0.8.2.drv' to 'ssh-ng://j_kro@sentry'...
copying path '/nix/store/rm9pk936kwiwwadl24zpnzr4np6a9v1r-scientific-0.3.8.1.drv' to 'ssh-ng://j_kro@sentry'...
copying path '/nix/store/arpjg5hp1mrhgm4nqg8637npasv75376-strict-0.5.1-r1.cabal.drv' to 'ssh-ng://j_kro@sentry'...
copying path '/nix/store/hz21dlwiwazpahc40ggc38636j4m4w73-strict-0.5.1.tar.gz.drv' to 'ssh-ng://j_kro@sentry'...
copying path '/nix/store/sazk3glicpy60psdpbgcpfh1bfx5x0lq-strict-0.5.1.drv' to 'ssh-ng://j_kro@sentry'...
copying path '/nix/store/0r29wwby6lg07dr79r43b7p396b88gdw-data-fix-0.3.4-r2.cabal.drv' to 'ssh-ng://j_kro@sentry'...
copying path '/nix/store/nq5vlpi737vsg96xd0mn5xpy5v1ia339-data-fix-0.3.4.tar.gz.drv' to 'ssh-ng://j_kro@sentry'...
copying path '/nix/store/vjhrgb62gbx41f30z04gyv7ygbjfzc3x-data-fix-0.3.4.drv' to 'ssh-ng://j_kro@sentry'...
copying path '/nix/store/29z1v328cws333hvn8bvxnzz77542mf7-text-short-0.1.6.1.tar.gz.drv' to 'ssh-ng://j_kro@sentry'...
copying path '/nix/store/zqzk7ibafgi4n0hjwpqzi8z9m0pr6ci6-text-short-0.1.6.1.drv' to 'ssh-ng://j_kro@sentry'...
copying path '/nix/store/8z2hf70hd9lsd5sr7px9vk4f98b2vyq8-quickcheck-instances-0.3.33.drv' to 'ssh-ng://j_kro@sentry'...
copying path '/nix/store/qydd3akn5947k7hxm6vs9yf318awsp4i-indexed-traversable-instances-0.1.2.1.drv' to 'ssh-ng://j_kro@sentry'...
copying path '/nix/store/0ij3hmvk5f4l14cnc69z9z3yyj3jy147-semialign-1.3.1.1.drv' to 'ssh-ng://j_kro@sentry'...
copying path '/nix/store/4zzyma09s60i9pg7mvf4zf0amnmq5hld-crate-anstyle-wincon-3.0.11.tar.gz.drv' to 'ssh-ng://j_kro@sentry'...
copying path '/nix/store/0ir05irlp0hgxgvckxmn4swpz6n1jp58-anstyle-wincon-3.0.11.drv' to 'ssh-ng://j_kro@sentry'...
copying path '/nix/store/0j2rg5p73v1g8364adj25822mbfrsz2m-itstool-2.0.7.tar.bz2.drv' to 'ssh-ng://j_kro@sentry'...
copying path '/nix/store/0jii792b80ypzvg9jvz21ph364dd0bkm-tinysparql-sqlite-double-value-precision.patch.drv' to 'ssh-ng://j_kro@sentry'...
copying path '/nix/store/cg6kf1lcvqxfhqwg41ffk9dsjjvd8v5z-crate-is_terminal_polyfill-1.70.2.tar.gz.drv' to 'ssh-ng://j_kro@sentry'...
copying path '/nix/store/0jjqsgh3s3pv50qfpn2y8fg215szihdl-is_terminal_polyfill-1.70.2.drv' to 'ssh-ng://j_kro@sentry'...
copying path '/nix/store/38cw1ahqvv6nqbdqkkpbsf0n8sg8sqkd-source.drv' to 'ssh-ng://j_kro@sentry'...
copying path '/nix/store/4g0bwgff1y4wplffdxnvaiihwdavj0ac-libmbim-1.34.0.drv' to 'ssh-ng://j_kro@sentry'...
copying path '/nix/store/58higkdh1x462dxq4r8q9nn1f77f0ka0-source.drv' to 'ssh-ng://j_kro@sentry'...
copying path '/nix/store/33wy10gb8a34lf3bgfx6pvhl6m866nck-source.drv' to 'ssh-ng://j_kro@sentry'...
copying path '/nix/store/ns76jxr8c84iy8brihagmh04yzvcnlrb-libqrtr-glib-1.2.2.drv' to 'ssh-ng://j_kro@sentry'...
copying path '/nix/store/0jl155hgzxkbxr3k59vij1kiqxvvx36a-libqmi-1.38.0.drv' to 'ssh-ng://j_kro@sentry'...
copying path '/nix/store/47vv7v7xskgfa04kmjkp66vbbsr76b3a-gn-304bbef.drv' to 'ssh-ng://j_kro@sentry'...
copying path '/nix/store/0jz2707shsamq1yfwar2pfywg7zldbk3-gn-0-unstable-2026-02-05.drv' to 'ssh-ng://j_kro@sentry'...
copying path '/nix/store/0k56i3lr52m569ykgfcb39hdiybq3j3y-libspectre-0.2.12.tar.gz.drv' to 'ssh-ng://j_kro@sentry'...
copying path '/nix/store/pcxk4prr6853zmpzvrpfxwwzvgx0rw6c-python3-3.14.6-env.drv' to 'ssh-ng://j_kro@sentry'...
copying path '/nix/store/k5rarvwkfd71d0kzhcymcccpvwqhil8x-fix-paths.patch.drv' to 'ssh-ng://j_kro@sentry'...
copying path '/nix/store/nrh4kzw2n6kn66hdz7qbg88dbv8kijby-sandbox-dbus-launch.drv' to 'ssh-ng://j_kro@sentry'...
copying path '/nix/store/ycbcs68aihkmkhlxfczfxxhr5caxcma1-python3-3.14.6-env.drv' to 'ssh-ng://j_kro@sentry'...
copying path '/nix/store/yv7rf5a37gs2wccphgmm7m2ccd85ijm6-source.drv' to 'ssh-ng://j_kro@sentry'...
copying path '/nix/store/0k57382v0ga3pkkv95yqvagainxfw4x3-ibus-1.5.34.drv' to 'ssh-ng://j_kro@sentry'...
copying path '/nix/store/0k867dsphk7gkd1k4q2f5j0r0js6vmvw-source.drv' to 'ssh-ng://j_kro@sentry'...
copying path '/nix/store/5yayd4rnbpb8r5dczc5giqbq3i7zwzrz-source.drv' to 'ssh-ng://j_kro@sentry'...
copying path '/nix/store/l171wmx1681a5x3yfivz3iwbs34fi4vj-orjson-3.11.9-vendor-staging.drv' to 'ssh-ng://j_kro@sentry'...
copying path '/nix/store/0kfwly1wi54xvgn66lls15lbdnrbgwfc-orjson-3.11.9-vendor.drv' to 'ssh-ng://j_kro@sentry'...
copying path '/nix/store/5wnggpmyiy2zvgrxbxz20f7j89mjinqc-xterm-410.tgz.drv' to 'ssh-ng://j_kro@sentry'...
copying path '/nix/store/6sxnwpyjq6768swz3a0w6zcv34caw05d-libXmu-1.3.1.tar.xz.drv' to 'ssh-ng://j_kro@sentry'...
copying path '/nix/store/9mn1ja8qhxijp8i60lv5gs1rfz6xbxgf-libxmu-1.3.1.drv' to 'ssh-ng://j_kro@sentry'...
copying path '/nix/store/v4flf5p9zdsh8xfchprd5b5dm0rwwjs1-libXaw-1.0.16.tar.xz.drv' to 'ssh-ng://j_kro@sentry'...
copying path '/nix/store/if0wf38xnbg1ja827qmh48vjp68lp489-libxaw-1.0.16.drv' to 'ssh-ng://j_kro@sentry'...
copying path '/nix/store/bdqqs31h4jdj77lf7m55gzjs64hqav31-luit-20250912.tgz.drv' to 'ssh-ng://j_kro@sentry'...
copying path '/nix/store/j93lvm9bn350pba5fpzl4i7gz84xa5qa-luit-20250912.drv' to 'ssh-ng://j_kro@sentry'...
copying path '/nix/store/3dnw4d67j6hvw99xnv4x00cwglsjcykw-xterm-410.drv' to 'ssh-ng://j_kro@sentry'...
copying path '/nix/store/7259254hgvymqz3k6n253vmm23q8hjjg-xauth-1.1.5.tar.xz.drv' to 'ssh-ng://j_kro@sentry'...
copying path '/nix/store/g1xb7l78i4fxsvf03a7s36x3yvs7w704-xauth-1.1.5.drv' to 'ssh-ng://j_kro@sentry'...
copying path '/nix/store/g7z0zsjbsrgrxdjbb0nnjzbvrldmcxgx-source.drv' to 'ssh-ng://j_kro@sentry'...
copying path '/nix/store/g2amyw2vac5ikm9da3wknf04gqvh2763-util-linux-2.42.2.tar.xz.drv' to 'ssh-ng://j_kro@sentry'...
copying path '/nix/store/4sdikfk7h32nann8lfq7hlrf35pf84i0-source.drv' to 'ssh-ng://j_kro@sentry'...
copying path '/nix/store/dy30kyzb85wkamz01qlfi5fkcjdv53xw-source.drv' to 'ssh-ng://j_kro@sentry'...
copying path '/nix/store/hl24bcdlbd8pakvj0ycy1h89rbhkrfr8-tcb-1.2.drv' to 'ssh-ng://j_kro@sentry'...
copying path '/nix/store/6wwxq5rqdblh2cw0vz5inz0c7k9gw8xl-libbsd-0.12.2.tar.xz.drv' to 'ssh-ng://j_kro@sentry'...
copying path '/nix/store/bacg0mnr61jhask3ibyd9x3q534mdfaa-libmd-1.2.0.tar.xz.drv' to 'ssh-ng://j_kro@sentry'...
copying path '/nix/store/kxgymcbd65wrw4p3ws34macqh5z4badq-libmd-1.2.0.drv' to 'ssh-ng://j_kro@sentry'...
copying path '/nix/store/v2fc3bqs44zs6mjlhq9wa2nv2hhsqv8x-libbsd-0.12.2.drv' to 'ssh-ng://j_kro@sentry'...
copying path '/nix/store/6rf5ppidlz1fnimihmzra0jsvc6n99bn-fix-insufficiently-quoted-regular-expressions-pr51.drv' to 'ssh-ng://j_kro@sentry'...
copying path '/nix/store/8kx60cq5705yixd91fs73lw9nzjjhs5c-libxml2-2.15.3.drv' to 'ssh-ng://j_kro@sentry'...
copying path '/nix/store/w3y6jk2hqpgf48jm3h0fl8nwnlaiimf5-itstool-2.0.7.drv' to 'ssh-ng://j_kro@sentry'...
copying path '/nix/store/yx5h1x3p9372hpblmi83zd0fx2qwny38-shadow-4.19.4.drv' to 'ssh-ng://j_kro@sentry'...
copying path '/nix/store/v6yajyk8ldmig7qp53rpns8vyjpr3fwp-SGMLSpm-1.1.tar.gz.drv' to 'ssh-ng://j_kro@sentry'...
copying path '/nix/store/0x2i3rspm70vkrd0ac8558brd0ilgn73-perl5.42.0-SGMLSpm-1.1.drv' to 'ssh-ng://j_kro@sentry'...
copying path '/nix/store/ary03yhcc7cj88f78yamnzvxf1516m66-YAML-Tiny-1.74.tar.gz.drv' to 'ssh-ng://j_kro@sentry'...
copying path '/nix/store/417rpvmj4mkvznslmxhpxfbzkqjb3lpk-perl5.42.0-YAML-Tiny-1.74.drv' to 'ssh-ng://j_kro@sentry'...
copying path '/nix/store/bzf8csh1pp9r8zgk6h4n40yqhw547xsh-Pod-Parser-1.66.tar.gz.drv' to 'ssh-ng://j_kro@sentry'...
copying path '/nix/store/a5sxlmli674hnfil60xz5d4yxvkg4hy2-perl5.42.0-Pod-Parser-1.66.drv' to 'ssh-ng://j_kro@sentry'...
copying path '/nix/store/dd4f71cz32sr4i83gmg7pkmagji5c8cw-po4a-0.74.tar.gz.drv' to 'ssh-ng://j_kro@sentry'...
copying path '/nix/store/p655w0mgapiq683dw7idry9n23acfzp9-docbk41.zip.drv' to 'ssh-ng://j_kro@sentry'...
copying path '/nix/store/v2x16q9zvdphwxplrm78rl9l77i3j02k-ISOEnts.zip.drv' to 'ssh-ng://j_kro@sentry'...
copying path '/nix/store/gvd50kmdsi60743qbllp5f9yjb8kcmma-docbook-sgml-4.1.drv' to 'ssh-ng://j_kro@sentry'...
copying path '/nix/store/168ckip5k7x1xm59ri2k9wkw8llp719p-opensp-1.5.2-c11-using.patch?id=688d9675782dfc162d4e6cff04c668f7516118d0.drv' to 'ssh-ng://j_kro@sentry'...
copying path '/nix/store/63apvz5cjfpl28wsszsfgr6p5cvy30bn-catalog.xml.drv' to 'ssh-ng://j_kro@sentry'...
copying path '/nix/store/hjfal55igvxg1k9dz2cxjnprxv23sl5w-docbkx412.zip.drv' to 'ssh-ng://j_kro@sentry'...
copying path '/nix/store/913fa2b7bylqwhxd825bpw2c58zgkmma-docbook-xml-4.1.2.drv' to 'ssh-ng://j_kro@sentry'...
copying path '/nix/store/ibkzh7fnk5a9cra9giz58956901016jj-opensp-1.5.2-gcc15-musl.patch.drv' to 'ssh-ng://j_kro@sentry'...
copying path '/nix/store/zn96gd0hn9qry0qckg3z371s4ab64ix3-OpenSP-1.5.2.tar.gz.drv' to 'ssh-ng://j_kro@sentry'...
copying path '/nix/store/kyhhj559ghycb01j2pd4znyh3x967lwm-opensp-1.5.2.drv' to 'ssh-ng://j_kro@sentry'...
copying path '/nix/store/5b4calc358ardmnm84pgw7ncy9xg7bpw-Text-CharWidth-0.04.tar.gz.drv' to 'ssh-ng://j_kro@sentry'...
copying path '/nix/store/72hm9x2nih4hkp9c6mk42r92352wix7x-perl5.42.0-Text-CharWidth-0.04.drv' to 'ssh-ng://j_kro@sentry'...
copying path '/nix/store/bnl6hy254kdjb0iws7zs91f1w3j6w0fv-Text-WrapI18N-0.06.tar.gz.drv' to 'ssh-ng://j_kro@sentry'...
copying path '/nix/store/ixjkyybpqqq9bppv49chxngyz7mgjfmj-locale-glibc-2.42-67.drv' to 'ssh-ng://j_kro@sentry'...
copying path '/nix/store/ps460gxzsmi0qh4xls3f7ccbj5kfvah4-perl5.42.0-Text-WrapI18N-0.06.drv' to 'ssh-ng://j_kro@sentry'...
copying path '/nix/store/2gzh08sbh7xxar4v2rajkq9yr4xqw5y1-Syntax-Keyword-Try-0.30.tar.gz.drv' to 'ssh-ng://j_kro@sentry'...
copying path '/nix/store/1x99jyasjbqy0c6wmm6a571hmkgbni85-XS-Parse-Keyword-0.48.tar.gz.drv' to 'ssh-ng://j_kro@sentry'...
copying path '/nix/store/n3v7cmz122kimj5n7m53g1kljkdr555g-Scope-Guard-0.21.tar.gz.drv' to 'ssh-ng://j_kro@sentry'...
copying path '/nix/store/62ml3hdr1afkcxh6xi4vvgj28cxngpvp-perl5.42.0-Scope-Guard-0.21.drv' to 'ssh-ng://j_kro@sentry'...
copying path '/nix/store/b8ld29f6asls2h8bkbgnisk552dwl7ay-Term-Table-0.017.tar.gz.drv' to 'ssh-ng://j_kro@sentry'...
copying path '/nix/store/iy92niyv6vgxymjp4vfli0pzgsgk6f07-Importer-0.026.tar.gz.drv' to 'ssh-ng://j_kro@sentry'...
copying path '/nix/store/s2l74mqpwnmfxwyhsm082f15f52qv7b7-perl5.42.0-Importer-0.026.drv' to 'ssh-ng://j_kro@sentry'...
copying path '/nix/store/af742xryx267036cfjyw6w75ky84q84d-perl5.42.0-Term-Table-0.017.drv' to 'ssh-ng://j_kro@sentry'...
copying path '/nix/store/y7jb073npp5r5r3iqfdywfiipvcz75kv-App-FatPacker-0.010008.tar.gz.drv' to 'ssh-ng://j_kro@sentry'...
copying path '/nix/store/gpr4632kizrkh7gs0hfs66ly82wr6jfx-perl5.42.0-App-FatPacker-0.010008.drv' to 'ssh-ng://j_kro@sentry'...
copying path '/nix/store/l8lwgj99mb49ln60fhbig17a20d8xi0f-Module-Pluggable-5.2.tar.gz.drv' to 'ssh-ng://j_kro@sentry'...
copying path '/nix/store/gq1h34gd67d58qvb2kz3snyy2bppzhyi-perl5.42.0-Module-Pluggable-5.2.drv' to 'ssh-ng://j_kro@sentry'...
copying path '/nix/store/rdpq8ammqzm8fz0sr2i3sh2jf655kc1x-Sub-Info-0.002.tar.gz.drv' to 'ssh-ng://j_kro@sentry'...
copying path '/nix/store/k82k3s566rkf78vqhifba6blcid5qlgb-perl5.42.0-Sub-Info-0.002.drv' to 'ssh-ng://j_kro@sentry'...
copying path '/nix/store/xf7mrrg80sbyp08livnmnry3qhmapmfd-Test2-Suite-0.000156.tar.gz.drv' to 'ssh-ng://j_kro@sentry'...
copying path '/nix/store/ahv0pwv9zglm96ld5b6q68rfki2psh1d-perl5.42.0-Test2-Suite-0.000156.drv' to 'ssh-ng://j_kro@sentry'...
copying path '/nix/store/qx3bbpddy42lk9djq4sqh811zyxy4v41-ExtUtils-CChecker-0.11.tar.gz.drv' to 'ssh-ng://j_kro@sentry'...
copying path '/nix/store/vb94wcqwqq527i01j413bgfci689412b-perl5.42.0-ExtUtils-CChecker-0.11.drv' to 'ssh-ng://j_kro@sentry'...
copying path '/nix/store/aaqh0rhbnxgnipkhmsxy5iiqzrc1hbmj-perl5.42.0-XS-Parse-Keyword-0.48.drv' to 'ssh-ng://j_kro@sentry'...
copying path '/nix/store/wv5smbqm76f3h0ny7s06wxn05yw3ldzx-perl5.42.0-Syntax-Keyword-Try-0.30.drv' to 'ssh-ng://j_kro@sentry'...
copying path '/nix/store/fl4vnm1k5bawi6djr66ig93vmmpimjb2-MIME-Charset-1.013.1.tar.gz.drv' to 'ssh-ng://j_kro@sentry'...
copying path '/nix/store/id7pbd8q8x8z05mr5qrgz3kssljsc373-perl5.42.0-MIME-Charset-1.013.1.drv' to 'ssh-ng://j_kro@sentry'...
copying path '/nix/store/yk21lg1qr722zdxkv7i3nd5q2w3l6vvi-Unicode-LineBreak-2019.001.tar.gz.drv' to 'ssh-ng://j_kro@sentry'...
copying path '/nix/store/x1n60rxg73lbcr18zrcgpg7hjrz1iszw-perl5.42.0-Unicode-LineBreak-2019.001.drv' to 'ssh-ng://j_kro@sentry'...
copying path '/nix/store/zyazmnwf1kmc4ddq5gzg5ldbfyvf60g8-kpsewhich.drv' to 'ssh-ng://j_kro@sentry'...
copying path '/nix/store/zgrjhpb29zpma8z03811317dk3fld5l7-perl5.42.0-po4a-0.74.drv' to 'ssh-ng://j_kro@sentry'...
copying path '/nix/store/k61vsbamgpbmnn9wj9p749izq5dcgbfa-util-linux-2.42.2.drv' to 'ssh-ng://j_kro@sentry'...
copying path '/nix/store/d0z9vqydnnwrmsx5nsyikkfzh4p7f5bg-jbig2dec-0.20.tar.gz.drv' to 'ssh-ng://j_kro@sentry'...
copying path '/nix/store/3d11sr58k2vsbxm588nfv06r6hzzkbz9-jbig2dec-0.20.drv' to 'ssh-ng://j_kro@sentry'...
copying path '/nix/store/3gk9x2h7pjg6by6h2yadfwby3s21xpvs-2010_add_build_timestamp_setting.patch.drv' to 'ssh-ng://j_kro@sentry'...
copying path '/nix/store/5crnjpimy5cizrknlfn3c5ykifsc0jdn-libpaper-2.2.8.tar.gz.drv' to 'ssh-ng://j_kro@sentry'...
copying path '/nix/store/84d8xk5z1mc59ww29qd1j3w6ibcx1m66-libpaper-2.2.8.drv' to 'ssh-ng://j_kro@sentry'...
copying path '/nix/store/2b9rnpf7fn8zg9nv97d3q5j16zzw05sj-reject-non-utf-8-service-names.patch.drv' to 'ssh-ng://j_kro@sentry'...
copying path '/nix/store/yr9vw1qd80axgkn7z25pda8d7hkaik7c-libdaemon-0.14.tar.gz.drv' to 'ssh-ng://j_kro@sentry'...
copying path '/nix/store/3ws67ka141aaihd1yb54c2gn9b5hi34z-libdaemon-0.14.drv' to 'ssh-ng://j_kro@sentry'...
copying path '/nix/store/479bwdrzys8m9zpf7phv5kk3q82rig4g-CVE-2025-68471.patch.drv' to 'ssh-ng://j_kro@sentry'...
copying path '/nix/store/634swwvvr6js7d9996skxjywiminzyw8-CVE-2026-24401.patch.drv' to 'ssh-ng://j_kro@sentry'...
copying path '/nix/store/8bmg033rqzlbq36fnshv76y8vwhvlwri-CVE-2023-38473.patch.drv' to 'ssh-ng://j_kro@sentry'...
copying path '/nix/store/8qz87i28y7sphsngdq5iqfnw01gxr7ir-CVE-2023-38470.patch.drv' to 'ssh-ng://j_kro@sentry'...
copying path '/nix/store/948334d96pc21sx2b2z6g94dj5rvkryq-fix-requires-in-pc-file.patch.drv' to 'ssh-ng://j_kro@sentry'...
copying path '/nix/store/ak8hfkx4j63z06i89sgifcgi1w9yawd5-CVE-2025-68276.patch.drv' to 'ssh-ng://j_kro@sentry'...
copying path '/nix/store/amy5dj91lbyf61gvrrf6ss9fw7q2bqzy-CVE-2023-38472.patch.drv' to 'ssh-ng://j_kro@sentry'...
copying path '/nix/store/g23xmm5pkvp4g965igmn7db3ibg5xj14-bail-out-unless-escaped-labels-fit.patch.drv' to 'ssh-ng://j_kro@sentry'...
copying path '/nix/store/gcilb1nizg35l7j522p14p6n1s3vx40i-avahi-0.8.tar.gz.drv' to 'ssh-ng://j_kro@sentry'...
copying path '/nix/store/i398p3pdww4l4ca0ki1s8w1jgxlnd0gh-fix-compare-rrs-with-zero-length-rdata.patch.drv' to 'ssh-ng://j_kro@sentry'...
copying path '/nix/store/ijqj23r25w3lra09rpjw8ryy65krdlj5-CVE-2024-52616.patch.drv' to 'ssh-ng://j_kro@sentry'...
copying path '/nix/store/jb026qzc1ldlq23jz2sj966vhkx33973-CVE-2021-3502.patch.drv' to 'ssh-ng://j_kro@sentry'...
copying path '/nix/store/lz2145ink8c8v6sajbd41adfszk7y9br-CVE-2025-68468.patch.drv' to 'ssh-ng://j_kro@sentry'...
copying path '/nix/store/n5hd6sjdr9paliab4y3vgqj0j27jc14j-CVE-2023-38471.patch.drv' to 'ssh-ng://j_kro@sentry'...
copying path '/nix/store/pvzb84v519rdvg6g3mhx4w2ra19iix2s-CVE-2026-34933.patch.drv' to 'ssh-ng://j_kro@sentry'...
copying path '/nix/store/qi1b1yvwbzsswdakswh4vqxzllgvwlg8-CVE-2023-38469.patch.drv' to 'ssh-ng://j_kro@sentry'...
copying path '/nix/store/x6dviqlzisgprh403rahrfgcsq4gvb1f-CVE-2023-1981.patch.drv' to 'ssh-ng://j_kro@sentry'...
copying path '/nix/store/zah9payjp3cmsqsixv3byha7j8q2lj8q-CVE-2023-38471-2.patch.drv' to 'ssh-ng://j_kro@sentry'...
copying path '/nix/store/zw6bhfzpakzzjcgycgsax1pbxqdpdd8b-core-no-longer-supply-bogus-services-to-callbacks.patch.drv' to 'ssh-ng://j_kro@sentry'...
copying path '/nix/store/9da65sbyjjhcgd38ha3h45wj9absmjjf-avahi-0.8.drv' to 'ssh-ng://j_kro@sentry'...
copying path '/nix/store/wbj1aa6adp6y5hbzrrgmvdg95hfm7qsd-cups-2.4.19-source.tar.gz.drv' to 'ssh-ng://j_kro@sentry'...
copying path '/nix/store/4ny1d88ji2f80kp4skv378vljz4yxsq5-cups-2.4.19.drv' to 'ssh-ng://j_kro@sentry'...
copying path '/nix/store/alx2q54nkh2rqvfrz55fiwbdk9b7cfyx-gnu-gs-fonts-other-6.0.tar.gz.drv' to 'ssh-ng://j_kro@sentry'...
copying path '/nix/store/5aa9b6dnj3fi6wlqg4mqdwl3dz9k0aap-ghostscript-fonts.drv' to 'ssh-ng://j_kro@sentry'...
copying path '/nix/store/pmbczikfind5y2csbd5y7h7cd943045f-ghostscript-10.07.1.tar.xz.drv' to 'ssh-ng://j_kro@sentry'...
copying path '/nix/store/p1ipkbfxfpcsgb7ff5bpnv5ha9p4wcax-ijs-10.07.1.drv' to 'ssh-ng://j_kro@sentry'...
copying path '/nix/store/mj810dkd3ps9qqqnb8gj4xhlxd0j92kg-ghostscript-with-X-10.07.1.drv' to 'ssh-ng://j_kro@sentry'...
copying path '/nix/store/qz680lw4pdkdsq0cph1qzg96j5a9vs95-fonts.conf.drv' to 'ssh-ng://j_kro@sentry'...
copying path '/nix/store/0kzk0fn0nbyz8yhh1kgg4d67lm02k89n-xvfb-run-1+g87f6705.drv' to 'ssh-ng://j_kro@sentry'...
copying path '/nix/store/48d9xvjs1q2is50g1d2yj7lyi973arc2-th-lift-0.8.7.tar.gz.drv' to 'ssh-ng://j_kro@sentry'...
copying path '/nix/store/0lirnhn1qrj27firnwf0y1i04k9pngmp-th-lift-0.8.7.drv' to 'ssh-ng://j_kro@sentry'...
copying path '/nix/store/rlfhf3g4pzax7kdjyf109xxin11b6gxr-source.drv' to 'ssh-ng://j_kro@sentry'...
copying path '/nix/store/0m77gprksf1mq39djx6qldb1f8li59jk-hypothesis-6.156.1-vendor-staging.drv' to 'ssh-ng://j_kro@sentry'...
copying path '/nix/store/0mf631bn8b2m0ksjklmqazqji2z14s7p-gtk+-2.24.33.tar.xz.drv' to 'ssh-ng://j_kro@sentry'...
copying path '/nix/store/0pa8n3h6bp5a5ndq0v3b3k22nyyh1k3i-libXcursor-1.2.3.tar.xz.drv' to 'ssh-ng://j_kro@sentry'...
copying path '/nix/store/0pcm45pgfg6w6hjh4vbysqpcl267dmyj-f88f4a659d6ab432a57e90fe2f6191149c6b343f.patch.drv' to 'ssh-ng://j_kro@sentry'...
copying path '/nix/store/fm03a9nm6yfppscx9hikns8hjpqcmqlz-pem-0.2.4.tar.gz.drv' to 'ssh-ng://j_kro@sentry'...
copying path '/nix/store/ay6gm4z0ckjf38svflkqkvyx8r7yvixx-foundation-0.0.30.tar.gz.drv' to 'ssh-ng://j_kro@sentry'...
copying path '/nix/store/301m5av9b23vbgvv6jjb8gfvaiwq99qi-basement-i686-ghc-9.4.patch.drv' to 'ssh-ng://j_kro@sentry'...
copying path '/nix/store/plcpc2vyf9dlxpj3zl0zlhg4y60jqx4k-basement-0.0.16.tar.gz.drv' to 'ssh-ng://j_kro@sentry'...
copying path '/nix/store/p074x5b9qcq5kh1vsqz2i6pr9zp5hs55-basement-0.0.16.drv' to 'ssh-ng://j_kro@sentry'...
copying path '/nix/store/3mgjkljh8lrdkv5la000nig5zy3rdq4g-foundation-0.0.30.drv' to 'ssh-ng://j_kro@sentry'...
copying path '/nix/store/6aspxlyda4bcks6xilvz3g1cqxfs50j0-memory-0.18.0-r1.cabal.drv' to 'ssh-ng://j_kro@sentry'...
copying path '/nix/store/dmlj45pss0nx3b2x1nhn1zjq5r8jhpxr-memory-0.18.0.tar.gz.drv' to 'ssh-ng://j_kro@sentry'...
copying path '/nix/store/zxq2ks1k0xyl8k4q7yrjzi6jvwcxp0q9-memory-i686-ghc-9.4.patch.drv' to 'ssh-ng://j_kro@sentry'...
copying path '/nix/store/fsgvvf7cca1bbqb7b2cy7s60nsz44g8s-memory-0.18.0.drv' to 'ssh-ng://j_kro@sentry'...
copying path '/nix/store/8zcj80nl7i7zhywkx9zji91vpnv8rkbk-test-framework-quickcheck2-0.3.0.7.tar.gz.drv' to 'ssh-ng://j_kro@sentry'...
copying path '/nix/store/yal55dnz661y2rjwzpvvbl462hkvvzx0-test-framework-quickcheck2-0.3.0.7.drv' to 'ssh-ng://j_kro@sentry'...
copying path '/nix/store/0php3w48d7nsqdb40vv7nxkmkamy90b6-pem-0.2.4.drv' to 'ssh-ng://j_kro@sentry'...
copying path '/nix/store/0qsxymr1hf9kmypj323v7k1m7kyfbcm2-python3-3.14.6-env.drv' to 'ssh-ng://j_kro@sentry'...
copying path '/nix/store/2v5xw5k8l7kg1ri5jyfrqvv1baf6xy14-lv2-1.18.10.tar.xz.drv' to 'ssh-ng://j_kro@sentry'...
copying path '/nix/store/0qxldl91j7596qnkph6ax89y2jfhmhcn-lv2-1.18.10.drv' to 'ssh-ng://j_kro@sentry'...
copying path '/nix/store/lq6kc51n3jczryy5zrkfjfy8iw3qll22-crate-jiff-static-0.2.16.tar.gz.drv' to 'ssh-ng://j_kro@sentry'...
copying path '/nix/store/0rb80yiw1ryww19p6ihz84dszkp4rgs4-jiff-static-0.2.16.drv' to 'ssh-ng://j_kro@sentry'...
copying path '/nix/store/0s3agjfx7p65nchq1kn29cnvvnwypj1i-jira-wiki-markup-1.5.1-r1.cabal.drv' to 'ssh-ng://j_kro@sentry'...
copying path '/nix/store/knj2d9gvs5saqgh7c90vs6j6pgg51s1m-emojis-0.1.4.1.tar.gz.drv' to 'ssh-ng://j_kro@sentry'...
copying path '/nix/store/d35b9pkqwc218j0i6d0c2lfdg4iignk3-emojis-0.1.4.1.drv' to 'ssh-ng://j_kro@sentry'...
copying path '/nix/store/8q3g8vb9niwwd2l8q524mw60cky5vsfy-commonmark-0.2.6.1.tar.gz.drv' to 'ssh-ng://j_kro@sentry'...
copying path '/nix/store/306hckhjqmwax98k02rv9n5l8wyfa346-unicode-transforms-0.4.0.1-r9.cabal.drv' to 'ssh-ng://j_kro@sentry'...
copying path '/nix/store/bzp6njsjlbk2swwwj2ciakkzhm75xgxh-unicode-transforms-0.4.0.1.tar.gz.drv' to 'ssh-ng://j_kro@sentry'...
copying path '/nix/store/0ymgmqi349vbr7lrq7znby07wglbyd9a-unicode-data-0.6.0.tar.gz.drv' to 'ssh-ng://j_kro@sentry'...
copying path '/nix/store/plmh25jghkq3b3miws974zc73g5iyjyd-unicode-data-0.6.0-r2.cabal.drv' to 'ssh-ng://j_kro@sentry'...
copying path '/nix/store/jrpiwrdi2zm1ckh4qxw7qf85zzvq13hy-unicode-data-0.6.0.drv' to 'ssh-ng://j_kro@sentry'...
copying path '/nix/store/mac6p0fgmxy0f7hzq6yvavwiz7yci258-split-0.2.5.tar.gz.drv' to 'ssh-ng://j_kro@sentry'...
copying path '/nix/store/z0mnnj30s90npvf8dm932h0cx2wxjxz1-split-0.2.5.drv' to 'ssh-ng://j_kro@sentry'...
copying path '/nix/store/9j7s5rrz4bcqw1vch5hsw3ndqysk8jkc-unicode-transforms-0.4.0.1.drv' to 'ssh-ng://j_kro@sentry'...
copying path '/nix/store/fjm7p91izj7pjzaps057iqx0b25qyxy5-commonmark-0.2.6.1.drv' to 'ssh-ng://j_kro@sentry'...
copying path '/nix/store/79virsrawwsqzq3psf133w4zn3d9nlnb-network-uri-2.6.4.2-r1.cabal.drv' to 'ssh-ng://j_kro@sentry'...
copying path '/nix/store/416pjs73wdwc7w4aprffw8893hfzhhxz-th-compat-0.1.7.tar.gz.drv' to 'ssh-ng://j_kro@sentry'...
copying path '/nix/store/daf6xvmwx8pg9ndaalxdw17m05vkp8p5-th-compat-0.1.7.drv' to 'ssh-ng://j_kro@sentry'...
copying path '/nix/store/kkih6zwi5mw09hxw1cd7p1zwfi1pdzf2-network-uri-2.6.4.2.tar.gz.drv' to 'ssh-ng://j_kro@sentry'...
copying path '/nix/store/kw2gmjm441vqj4yy1biw3cr4rkz3kxn9-network-uri-2.6.4.2.drv' to 'ssh-ng://j_kro@sentry'...
copying path '/nix/store/pjxbbd1viz35mjxq5523v064g1gpplxp-commonmark-extensions-0.2.6.tar.gz.drv' to 'ssh-ng://j_kro@sentry'...
copying path '/nix/store/0s9xvkdxhql6ap0bilg4fv48mr45dcyv-commonmark-extensions-0.2.6.drv' to 'ssh-ng://j_kro@sentry'...
copying path '/nix/store/61ng4py86224zdrr4qgsmlz81dab1nxd-CVE-2018-17095.patch.drv' to 'ssh-ng://j_kro@sentry'...
copying path '/nix/store/7kxkfhmp56qhfbv2zcchwzf4vj4nyc2b-CVE-2022-24599.patch.drv' to 'ssh-ng://j_kro@sentry'...
copying path '/nix/store/96y38a2y6krbj2cwm04ncq6bxxfwrbqc-CVE-2017-6839.patch.drv' to 'ssh-ng://j_kro@sentry'...
copying path '/nix/store/bia1wczl761zhvxqjl2cq71dl22dhp9m-CVE-2017-6833.patch.drv' to 'ssh-ng://j_kro@sentry'...
copying path '/nix/store/faf3clyfmvyi0iglmqd79kpscx3ma6b4-CVE-2018-13440.patch.drv' to 'ssh-ng://j_kro@sentry'...
copying path '/nix/store/izgpkh2brap2pn0zzaha3gjmqjqj5kyy-1_CVE-2019-13147.patch.drv' to 'ssh-ng://j_kro@sentry'...
copying path '/nix/store/qivqcq1zj49qjc5bq49yd33msc6q0n8b-CVE-2017-6829.patch.drv' to 'ssh-ng://j_kro@sentry'...
copying path '/nix/store/qqij3j1gwwpz5z3qn7v702w7v5pdl6kv-CVE-2017-6831.patch.drv' to 'ssh-ng://j_kro@sentry'...
copying path '/nix/store/rsq8d2i1jzzkgq9ir1fz65v8cshyvvjp-CVE-2017-6830+CVE-2017-6834+CVE-2017-6836+CVE-2017-6838.patch.drv' to 'ssh-ng://j_kro@sentry'...
copying path '/nix/store/xv73qcxf99ap81389hb3s4dyhfhi6i2x-audiofile-0.3.6.tar.gz.drv' to 'ssh-ng://j_kro@sentry'...
copying path '/nix/store/xzcypbm1f6hcpsy5jfbsh8s67iykqzs4-2_CVE-2019-13147.patch.drv' to 'ssh-ng://j_kro@sentry'...
copying path '/nix/store/y2i0954gs7vvygf7qd36nb2jqg0p26s7-audiofile-fix-multiplyCheckOverflow-signature.patch.drv' to 'ssh-ng://j_kro@sentry'...
copying path '/nix/store/0sdciphbfha65ljg2k8w0l775v32zj0s-audiofile-0.3.6.drv' to 'ssh-ng://j_kro@sentry'...
copying path '/nix/store/0sk2nyffvby9h6k2rv072mcnh1lq6hxr-crate-form_urlencoded-1.2.2.tar.gz.drv' to 'ssh-ng://j_kro@sentry'...
copying path '/nix/store/0sk726qaij86kmb279m5hyycz54xjc41-source.drv' to 'ssh-ng://j_kro@sentry'...
copying path '/nix/store/0sxibdind0gjgcws85w5sxm49dbb7lqg-steam-wrapped.drv' to 'ssh-ng://j_kro@sentry'...
copying path '/nix/store/0v2ryvqspg4q8qj75fzvidhyzvmam8wc-source.drv' to 'ssh-ng://j_kro@sentry'...
copying path '/nix/store/1ayhzk6vxxd4jvd9hpp6dqywjbsaaf1i-crate-regex-automata-0.4.13.tar.gz.drv' to 'ssh-ng://j_kro@sentry'...
copying path '/nix/store/0v48j3qwq7gsjb6nxbgi4q4xj9srszgl-regex-automata-0.4.13.drv' to 'ssh-ng://j_kro@sentry'...
copying path '/nix/store/0v74nl3byy613nkggbgq8hw0xcrn1hys-lua-5.2.4.tar.gz.drv' to 'ssh-ng://j_kro@sentry'...
copying path '/nix/store/dzhm27myx3hdw35fsgrdalnrz07l2r6m-libdv-1.0.0.tar.gz.drv' to 'ssh-ng://j_kro@sentry'...
copying path '/nix/store/6aqvzyd6qpnd7071ib1a89b678ry2c1b-libdv-1.0.0.drv' to 'ssh-ng://j_kro@sentry'...
copying path '/nix/store/f5jz615sqyri8s0rflb6gd2wdkw7dkhp-mjpegtools-2.2.1.tar.gz.drv' to 'ssh-ng://j_kro@sentry'...
copying path '/nix/store/0vb1cyhzpfc8w4jfvlnzlma91a9kwa8f-mjpegtools-2.2.1.drv' to 'ssh-ng://j_kro@sentry'...
copying path '/nix/store/0vq4inlnmcpl9bla5lh746fp0y4r1xqv-source.drv' to 'ssh-ng://j_kro@sentry'...
copying path '/nix/store/6rn8qv0vwcy17qjzvz40dv82zm64pycv-ddcutil-2.2.7.tar.gz.drv' to 'ssh-ng://j_kro@sentry'...
copying path '/nix/store/0x0zkfdfghpckk766jgrscq8kjg3mp5x-ddcutil-2.2.7.drv' to 'ssh-ng://j_kro@sentry'...
copying path '/nix/store/0xc43f64d0f57nzax878z62q270jwzbm-free-5.2.tar.gz.drv' to 'ssh-ng://j_kro@sentry'...
copying path '/nix/store/0ynmhbzv8v02amzq7ig6xbyn509jwyan-wrap-qt-apps-hook.sh' to 'ssh-ng://j_kro@sentry'...
copying path '/nix/store/0z9q7m5259r9hchzw4cr887lphfjqxcn-poppler-26.06.0.tar.xz.drv' to 'ssh-ng://j_kro@sentry'...
copying path '/nix/store/66xw0nd0d25dls9sd5xw0kkw4x3q1xdw-python3.14-testpath-0.6.0.drv' to 'ssh-ng://j_kro@sentry'...
copying path '/nix/store/kq9yl2cdi0igakil04nsslypdqib8vgv-python3.14-pep517-0.13.1.drv' to 'ssh-ng://j_kro@sentry'...
copying path '/nix/store/m83i64kms8fml23zhm2wlqx6s01ydqri-python3.14-expandvars-1.1.2.drv' to 'ssh-ng://j_kro@sentry'...
copying path '/nix/store/20hrmkbgwyicn6zf2qj5gbvpqxncy777-python3.14-frozenlist-1.8.0.drv' to 'ssh-ng://j_kro@sentry'...
copying path '/nix/store/sr0lf8gwf8jrbmi29ksbny4jmhllwd1r-python3.14-objgraph-3.6.2.drv' to 'ssh-ng://j_kro@sentry'...
copying path '/nix/store/a5nrp807gjdaplr48m9ylhwzhaypiyvj-python3.14-semver-3.0.4.drv' to 'ssh-ng://j_kro@sentry'...
copying path '/nix/store/zslkb25hkrp5qfxbf7pf2pwnsk64gs3m-python3.14-cppy-1.3.1.drv' to 'ssh-ng://j_kro@sentry'...
copying path '/nix/store/a0kmm1jmb7an7sda16a78ff1qxabjimk-python3.14-kiwisolver-1.5.0.drv' to 'ssh-ng://j_kro@sentry'...
copying path '/nix/store/c8pld717rlalr7xcfb34gbvzpzwlx9b7-python3.14-contourpy-1.3.3.drv' to 'ssh-ng://j_kro@sentry'...
copying path '/nix/store/s7hwiils7zx0nqjg2md3xp0fv9gp5f2p-python3.14-olefile-0.47.drv' to 'ssh-ng://j_kro@sentry'...
copying path '/nix/store/flx5x8db1slq6gzrdz0qks6bjpbd1pdk-python3.14-pillow-12.3.0.drv' to 'ssh-ng://j_kro@sentry'...
copying path '/nix/store/kqlxqdyzj281j8378cfk1y7k88363knr-python3.14-cycler-0.12.1.drv' to 'ssh-ng://j_kro@sentry'...
copying path '/nix/store/7js3qkpq2cfsr8zy8spk5lzs455wd4qb-pyproject.toml.drv' to 'ssh-ng://j_kro@sentry'...
copying path '/nix/store/nqp2y1bfzjb1n1g4g704nxmnfp9vgs85-python3.14-tkinter-3.14.6.drv' to 'ssh-ng://j_kro@sentry'...
copying path '/nix/store/dphixdh3n2w4bq7ggxyms9vy8qjfb1is-python3.14-matplotlib-3.11.0.drv' to 'ssh-ng://j_kro@sentry'...
copying path '/nix/store/7w00c1daz57g4f5737znixh8v2dpahsy-python3.14-pytest-regressions-2.11.0.drv' to 'ssh-ng://j_kro@sentry'...
copying path '/nix/store/gaagiin4360y4r7hk5zfzsvc925g9ima-python3.14-mdurl-0.1.2.drv' to 'ssh-ng://j_kro@sentry'...
copying path '/nix/store/yf3j7a27s4mpp68hr3biw41a9281fwz6-python3.14-uc-micro-py-1.0.3.drv' to 'ssh-ng://j_kro@sentry'...
copying path '/nix/store/w5p5c0pfyfs6h3p18bd54s8gv1hs320q-python3.14-linkify-it-py-2.0.3.drv' to 'ssh-ng://j_kro@sentry'...
copying path '/nix/store/q817amjbmnv332bpv0gb50vmf82s4cgw-python3.14-markdown-it-py-4.2.0.drv' to 'ssh-ng://j_kro@sentry'...
copying path '/nix/store/wl9kdib1vjk34zq5xkh6ys2yw29mryba-python3.14-rich-15.0.0.drv' to 'ssh-ng://j_kro@sentry'...
copying path '/nix/store/ss7zkibl425d88gba6fy2jbf80w7658c-python3.14-pytest-codspeed-5.0.3.drv' to 'ssh-ng://j_kro@sentry'...
copying path '/nix/store/5lp6ngv01vzy9y0n21bkm6yjr9x85g9p-python3.14-multidict-6.7.1.drv' to 'ssh-ng://j_kro@sentry'...
copying path '/nix/store/j4py8r69q2v7qxf25s17zy18zmhmvas4-python3.14-propcache-0.5.2.drv' to 'ssh-ng://j_kro@sentry'...
copying path '/nix/store/a6mgzqgxd1c7cs0qnq7ggwghh1am5sy7-python3.14-astroid-4.2.0.drv' to 'ssh-ng://j_kro@sentry'...
copying path '/nix/store/lycanfijp40837b1xd2fhqhjxdcjanb8-python3.14-asttokens-3.0.2.drv' to 'ssh-ng://j_kro@sentry'...
copying path '/nix/store/krhl3rqzdj8xarphb0df7nv5z2kcqlay-python3.14-littleutils-0.2.4.drv' to 'ssh-ng://j_kro@sentry'...
copying path '/nix/store/wcz4fv6d8xh33wvqyh2mn9fa93cjrzs8-python3.14-executing-2.2.1.drv' to 'ssh-ng://j_kro@sentry'...
copying path '/nix/store/2hdn1hh2c2x4ybjk4kwpiav8zmmj3dwi-python3.14-inline-snapshot-0.34.2.drv' to 'ssh-ng://j_kro@sentry'...
copying path '/nix/store/dqlyg6289i3ba9wjj5ppbi3kwvia8xds-python3.14-annotated-types-0.7.0.drv' to 'ssh-ng://j_kro@sentry'...
copying path '/nix/store/7siq46x42467076403lj3ym5688ms9hh-python3.14-dnspython-2.8.0.drv' to 'ssh-ng://j_kro@sentry'...
copying path '/nix/store/gii4kamrqg98b74mcvnas0im47dkkr4m-python3.14-email-validator-2.3.0.drv' to 'ssh-ng://j_kro@sentry'...
copying path '/nix/store/di7yk2psdygk4mzz70fsp7wl88nlyqp0-python3.14-jsonpath-ng-1.8.0.drv' to 'ssh-ng://j_kro@sentry'...
copying path '/nix/store/ic3iv3dh1h4n9mi7scg2pmmrbc9b3jrd-python3.14-rpds-py-2026.6.3.drv' to 'ssh-ng://j_kro@sentry'...
copying path '/nix/store/y08n9q5gkq4kfw58lpmffgvjg4w3p29k-python3.14-referencing-0.37.0.drv' to 'ssh-ng://j_kro@sentry'...
copying path '/nix/store/jikwkh9djq94ylw1v6glsp0bvbvzlzf2-python3.14-jsonschema-specifications-2025.9.1.drv' to 'ssh-ng://j_kro@sentry'...
copying path '/nix/store/ik3a3snkrzss2yazqvcsqp3ayw5yahfn-python3.14-jsonschema-4.26.0.drv' to 'ssh-ng://j_kro@sentry'...
copying path '/nix/store/lzf91wrhmiwdxmzsm561cknvql9kmc38-python3.14-cloudpickle-3.1.2.drv' to 'ssh-ng://j_kro@sentry'...
copying path '/nix/store/8xjiwc1jc9n5a918nalvqhndihi53ywv-python3.14-pytest-dependency-0.6.1.drv' to 'ssh-ng://j_kro@sentry'...
copying path '/nix/store/hl771gnfzzv6168bqyzvsdld88cwsshd-python3.14-pytest-order-1.5.0.drv' to 'ssh-ng://j_kro@sentry'...
copying path '/nix/store/qvkav7gb08vj5w1pd2ws7ir627xaz16j-python3.14-pytest-run-parallel-0.9.1.drv' to 'ssh-ng://j_kro@sentry'...
copying path '/nix/store/xa9lkjvj28yp6pg9aqca20rq0y5pnljj-python3.14-dirty-equals-0.11.0.drv' to 'ssh-ng://j_kro@sentry'...
copying path '/nix/store/yaqdkcqqpdd7c99pjr76vadpljrgl90k-python3.14-typing-inspection-0.4.2.drv' to 'ssh-ng://j_kro@sentry'...
copying path '/nix/store/z0hrmqng0ljfzzpxbpxfivsjylc5js5b-python3.14-pydantic-core-2.46.4.drv' to 'ssh-ng://j_kro@sentry'...
copying path '/nix/store/qhfdfmlvxcbbv7qwhd0kxzg06ikrqa73-python3.14-pydantic-2.13.4.drv' to 'ssh-ng://j_kro@sentry'...
copying path '/nix/store/4hjgvn95r66gwx5gallciixlr2dlap6s-python3.14-yarl-1.24.2.drv' to 'ssh-ng://j_kro@sentry'...
copying path '/nix/store/p9qaicgi9pd7mxd99xmypl433fz1kc8k-python3.14-forbiddenfruit-0.1.4.drv' to 'ssh-ng://j_kro@sentry'...
copying path '/nix/store/51245dys1xq2hyclaybfgj5nv3ml88ny-python3.14-blockbuster-1.5.26.drv' to 'ssh-ng://j_kro@sentry'...
copying path '/nix/store/65fpsz547kmn6a9bpzxq7bxip9bz88n1-python3.14-aiosignal-1.4.0.drv' to 'ssh-ng://j_kro@sentry'...
copying path '/nix/store/fmqi7xf9likd2al1y6ljq8g95mvi1fn4-python3.14-pytest-param-files-0.6.0.drv' to 'ssh-ng://j_kro@sentry'...
copying path '/nix/store/vq9i6xqdnz4qyc08269y74w9dhr6w1p9-python3.14-sphinx-pytest-0.3.0.drv' to 'ssh-ng://j_kro@sentry'...
copying path '/nix/store/y536gqkq9c58ggf4zlb9p1b2mxmv80m2-python3.14-mdit-py-plugins-0.6.1.drv' to 'ssh-ng://j_kro@sentry'...
copying path '/nix/store/hynk7dycvwcr8rkwc435hw540zrif6c9-python3.14-myst-parser-5.1.0-unstable-2026-07-12.drv' to 'ssh-ng://j_kro@sentry'...
copying path '/nix/store/l1wv62mwzlw5f49dhjrdhgkcrvczhiyx-python3.14-pytest-asyncio-0.26.0.drv' to 'ssh-ng://j_kro@sentry'...
copying path '/nix/store/aqskz3izlca45i1ap7ck1cl4j6p9x350-python3.14-aiohappyeyeballs-2.7.1.drv' to 'ssh-ng://j_kro@sentry'...
copying path '/nix/store/aq36v44012ivkivc5r1063szbw31xw95-python3.14-hyperframe-6.1.0.drv' to 'ssh-ng://j_kro@sentry'...
copying path '/nix/store/6d9nc399ir6w78k8x8aql56fc3hcimc2-python3.14-pynacl-1.6.2.drv' to 'ssh-ng://j_kro@sentry'...
copying path '/nix/store/dcfhrc755jd9zii3msd4ryb5n237rgjl-python3.14-pretend-1.0.9.drv' to 'ssh-ng://j_kro@sentry'...
copying path '/nix/store/2i4a5vqsrk2l1cm3fnf28lif4y1kjvkr-python3.14-semantic-version-2.10.0.drv' to 'ssh-ng://j_kro@sentry'...
copying path '/nix/store/61hih4krj97jhia6hnb80707dcv3gk2a-setuptools-rust-hook.sh.drv' to 'ssh-ng://j_kro@sentry'...
copying path '/nix/store/dbwyixc18an33xbx23zan3gz7qbshf8z-python3.14-setuptools-rust-1.13.0.drv' to 'ssh-ng://j_kro@sentry'...
copying path '/nix/store/dvgldgz5fwc2n96b890l9qlpvz9h4x46-python3.14-bcrypt-5.0.0.drv' to 'ssh-ng://j_kro@sentry'...
copying path '/nix/store/zsf92nmgnmgg07a103is5c677766mzyx-python3.14-uv-build-0.11.28.drv' to 'ssh-ng://j_kro@sentry'...
copying path '/nix/store/ql7svv6li1759qjyspl3dkpgblxwkvlw-python3.14-cryptography-vectors-49.0.0.drv' to 'ssh-ng://j_kro@sentry'...
copying path '/nix/store/7i0cxspccg1nc2r12w77hdisnf646qx6-python3.14-cryptography-49.0.0.drv' to 'ssh-ng://j_kro@sentry'...
copying path '/nix/store/p9rb8q9cahvi9hjgw0v7ydgjhrmv8bja-python3.14-invoke-2.2.1.drv' to 'ssh-ng://j_kro@sentry'...
copying path '/nix/store/r3qw65g6ws9nlrcmzga95f02y3dsflvx-python3.14-decorator-5.3.1.drv' to 'ssh-ng://j_kro@sentry'...
copying path '/nix/store/krm9n8w0pr5fgrw9ibjdjihfpjc4m6qr-python3.14-pytest-relaxed-2.0.2.drv' to 'ssh-ng://j_kro@sentry'...
copying path '/nix/store/q5sv6a1j8qhn9z551pcjcf41fcv9qclc-python3.14-icecream-2.2.0.drv' to 'ssh-ng://j_kro@sentry'...
copying path '/nix/store/dbvvcbagv9k19gpi0qyzrf9dryd4mxjv-python3.14-paramiko-5.0.0.drv' to 'ssh-ng://j_kro@sentry'...
copying path '/nix/store/jz6n5c5z2kfj9jpd8jrwb3iqrkak6xcw-python3.14-outcome-1.3.0.post0.drv' to 'ssh-ng://j_kro@sentry'...
copying path '/nix/store/padj4g9a2ic6b24d2ihlj2bccikb4z5w-python3.14-curio-1.6-unstable-2024-04-11.drv' to 'ssh-ng://j_kro@sentry'...
copying path '/nix/store/68yprv4943rq5xbf74wyhr5hz5zknmb1-python3.14-sniffio-1.3.1.drv' to 'ssh-ng://j_kro@sentry'...
copying path '/nix/store/9zqssr4nwiy7c59adfn8pmxydln8yg4d-python3.14-pytest-trio-0.8.0.drv' to 'ssh-ng://j_kro@sentry'...
copying path '/nix/store/wpxzc4zblya0z6rc350rbp9449mhblgs-python3.14-pytest-rerunfailures-16.4.drv' to 'ssh-ng://j_kro@sentry'...
copying path '/nix/store/gykc8k35s9zl3da073cy133ami23w6bw-python3.14-pyopenssl-26.3.0.drv' to 'ssh-ng://j_kro@sentry'...
copying path '/nix/store/lps0v8dxca3pgkn9sjk3l31cqfsxiwcx-python3.14-pyasn1-0.6.4.drv' to 'ssh-ng://j_kro@sentry'...
copying path '/nix/store/f16wc0dqm8v3y73yx62qxaisfj0sb7a2-python3.14-pyasn1-modules-0.4.2.drv' to 'ssh-ng://j_kro@sentry'...
copying path '/nix/store/rxaarcig10m3v1fx32bxkhd7aiac53bc-python3.14-service-identity-26.1.0.drv' to 'ssh-ng://j_kro@sentry'...
copying path '/nix/store/cihw55756qjlfgxbn50aa21dwzw5vdgb-python3.14-trustme-1.2.1.drv' to 'ssh-ng://j_kro@sentry'...
copying path '/nix/store/iiz2n583j9z9z61d99l5n3gm2z6y19ff-python3.14-astor-0.8.1-unstable-2024-03-30.drv' to 'ssh-ng://j_kro@sentry'...
copying path '/nix/store/nl98gvv0bcpih55xzmnc1s2pzm4zay63-python3.14-trio-0.33.0.drv' to 'ssh-ng://j_kro@sentry'...
copying path '/nix/store/1i5bvv9bjcgpqqfpind3v8dab1cyrfbd-python3.14-pytest-trio-0.8.0.drv' to 'ssh-ng://j_kro@sentry'...
copying path '/nix/store/8qhzhyam3m45mvqh6f16xm81lcxn4w17-python3.14-socksio-1.0.0.drv' to 'ssh-ng://j_kro@sentry'...
copying path '/nix/store/gcna952wfkdwrrhdnssv2f48b126j72s-python3.14-multipart-1.3.1.drv' to 'ssh-ng://j_kro@sentry'...
copying path '/nix/store/2rz2hivc8bgyhp01r2zf1xpjxjapsj8m-python3.14-h11-0.16.0.drv' to 'ssh-ng://j_kro@sentry'...
copying path '/nix/store/pfqjw45dyhspxah24c55a391b1amqha0-python3.14-watchdog-6.0.0.drv' to 'ssh-ng://j_kro@sentry'...
copying path '/nix/store/xfdn9dwvf03hqh6g28zlizxghygm2z13-python3.14-ephemeral-port-reserve-1.1.4.drv' to 'ssh-ng://j_kro@sentry'...
copying path '/nix/store/86vgkyq2j644ynr1z3nnjfxiigykxs03-python3.14-werkzeug-3.1.8.drv' to 'ssh-ng://j_kro@sentry'...
copying path '/nix/store/95h5bnap7bc2q2rqc5h6cyh9rl1p5yfn-python3.14-brotlicffi-1.2.0.0.drv' to 'ssh-ng://j_kro@sentry'...
copying path '/nix/store/fr5rshkgsr28d3rnz9n9mzv3vn7m9mf1-python3.14-blinker-1.9.0.drv' to 'ssh-ng://j_kro@sentry'...
copying path '/nix/store/224n6xd0lladchm837kh9s8lryndkif8-python3.14-sh-2.3.0.drv' to 'ssh-ng://j_kro@sentry'...
copying path '/nix/store/4nwn3mddk10gxag874mazqgz44gi8wjd-python3.14-parso-0.8.7.drv' to 'ssh-ng://j_kro@sentry'...
copying path '/nix/store/14jxczl2qg119l06h20ak1brxgy4p3p5-python3.14-jedi-0.20.0.drv' to 'ssh-ng://j_kro@sentry'...
copying path '/nix/store/n2m7ywgwd8rm1advpdgqvmfvf5h7bgkr-python3.14-pure-eval-0.2.3.drv' to 'ssh-ng://j_kro@sentry'...
copying path '/nix/store/2pgad4izn3ngl6l7cgs5irw7pfnjsrgf-python3.14-stack-data-0.6.3.drv' to 'ssh-ng://j_kro@sentry'...
copying path '/nix/store/8gy4j5kb3kpq7nlbbd0hphfc9nvm22dy-python3.14-wcwidth-0.8.2.drv' to 'ssh-ng://j_kro@sentry'...
copying path '/nix/store/2qc8ihb4k68lvyvb0gdqz9fdjqsf5rb1-python3.14-prompt-toolkit-3.0.52.drv' to 'ssh-ng://j_kro@sentry'...
copying path '/nix/store/fcaq6s6znx9hh765d5c0cplz5bwyqams-python3.14-traitlets-5.15.1.drv' to 'ssh-ng://j_kro@sentry'...
copying path '/nix/store/cjwmi2ivx4w0rb3807h2pachlsjr6qpj-python3.14-matplotlib-inline-0.2.2.drv' to 'ssh-ng://j_kro@sentry'...
copying path '/nix/store/dsigcdx3hwz0q4c62bhnf7rwc17aicn2-python3.14-pickleshare-0.7.5.drv' to 'ssh-ng://j_kro@sentry'...
copying path '/nix/store/ig6l2vdp41y24z5pvk400hsvxkgqiibd-python3.14-ipython-pygments-lexers-1.1.1.drv' to 'ssh-ng://j_kro@sentry'...
copying path '/nix/store/6jdy5nwvvi56das9m1v0ba1fw5l590lf-python3.14-ipython-9.14.0.drv' to 'ssh-ng://j_kro@sentry'...
copying path '/nix/store/l5j6f0mcdgzhxr42f3lrwsb7bl5ppi0z-python3.14-python-dotenv-1.2.2.drv' to 'ssh-ng://j_kro@sentry'...
copying path '/nix/store/pra9fjb1sj8f8rx1kz2qx9wyyz9yxp0k-python3.14-asgiref-3.11.1.drv' to 'ssh-ng://j_kro@sentry'...
copying path '/nix/store/w9b41aacvlyy4qfkzvdh0y5gzsv93mav-python3.14-itsdangerous-2.2.0.drv' to 'ssh-ng://j_kro@sentry'...
copying path '/nix/store/98nvspcm7hz3plsbfl0xlqf7g6xqysqw-python3.14-flask-3.1.3.drv' to 'ssh-ng://j_kro@sentry'...
copying path '/nix/store/7jcmrl7sx485sb9x7mzqy0i9pi0029xv-python3.14-mistune-3.3.3.drv' to 'ssh-ng://j_kro@sentry'...
copying path '/nix/store/kc2a39873kjc09qiga2jbiay58fy79ay-python3.14-flasgger-0.9.7.1.drv' to 'ssh-ng://j_kro@sentry'...
copying path '/nix/store/5nw1s0b2m5kb4s3b6fqir8s2sy800a22-python3.14-httpbin-0.10.2.drv' to 'ssh-ng://j_kro@sentry'...
copying path '/nix/store/sc4y5bm240x6ffhsxl97d5n8v77dqzaf-python3.14-pytest-httpbin-2.1.0.drv' to 'ssh-ng://j_kro@sentry'...
copying path '/nix/store/7a8fz8rp7ha4bz46rv0yi0350kwj847h-python3.14-uvloop-0.22.1.drv' to 'ssh-ng://j_kro@sentry'...
copying path '/nix/store/vxg02zbczjwyrk3nhjvhr77m7bxgr0yv-python3.14-flit-scm-1.7.0.drv' to 'ssh-ng://j_kro@sentry'...
copying path '/nix/store/f7n05qg6shh3lpnia6dnq0p1qgml9jip-python3.14-exceptiongroup-1.3.1.drv' to 'ssh-ng://j_kro@sentry'...
copying path '/nix/store/vak1f2gz49hd5yfmviia85cng6mz93gp-python3.14-anyio-4.14.2.drv' to 'ssh-ng://j_kro@sentry'...
copying path '/nix/store/szx7s3m4yx539c5sj7s47gg9fn5ykn3z-python3.14-hpack-4.2.0.drv' to 'ssh-ng://j_kro@sentry'...
copying path '/nix/store/z86hlwrp1w71q93zfmrxxz9dr90n2jcc-python3.14-h2-4.3.0.drv' to 'ssh-ng://j_kro@sentry'...
copying path '/nix/store/h48lf5rqil4h1w3ffvb5an3fv9awp8bi-python3.14-httpcore-1.0.9.drv' to 'ssh-ng://j_kro@sentry'...
copying path '/nix/store/hagqrmhrzg7jnwvwijhdy5d0c24vcm1g-python3.14-zstandard-0.25.0.drv' to 'ssh-ng://j_kro@sentry'...
copying path '/nix/store/mcs5zdkrx6zli4r3spiwwjav18vxrhrg-python3.14-uvicorn-0.51.0.drv' to 'ssh-ng://j_kro@sentry'...
copying path '/nix/store/ml55kf8yqhmf0blx174cq56md08dxbaf-python3.14-httpx-0.28.1.drv' to 'ssh-ng://j_kro@sentry'...
copying path '/nix/store/ar05xzpvig5dvaicyy5yid6mljkmnck5-python3.14-proxy-py-2.4.10.drv' to 'ssh-ng://j_kro@sentry'...
copying path '/nix/store/im71zbcdl5x1q8cyymvcayw9i4a13c4x-python3.14-re-assert-1.1.0.drv' to 'ssh-ng://j_kro@sentry'...
copying path '/nix/store/j6lz7k7mf2df8dfkfpmqgphkvxr9nf27-python3.14-isal-1.8.0.drv' to 'ssh-ng://j_kro@sentry'...
copying path '/nix/store/l9xvniyragfij31i89c1lnn5m6v51dyx-python3.14-eventlet-0.41.0.drv' to 'ssh-ng://j_kro@sentry'...
copying path '/nix/store/wwp8q8m82abv6givzq75npvvxz47lg7f-python3.14-setproctitle-1.3.7.drv' to 'ssh-ng://j_kro@sentry'...
copying path '/nix/store/jbrg77bjvxid4a9rp7assjxv63im8d4h-python3.14-gunicorn-26.0.0.drv' to 'ssh-ng://j_kro@sentry'...
copying path '/nix/store/rjq1dhzwnw0gkyzfsi1dfki4z0s8mzmw-python3.14-pycares-5.0.1.drv' to 'ssh-ng://j_kro@sentry'...
copying path '/nix/store/m144g1ywi95hk20766wbcscymr0467ry-python3.14-aiodns-4.0.4.drv' to 'ssh-ng://j_kro@sentry'...
copying path '/nix/store/wb88k4vbrg245qg9x4x1gzsld7c1iwrz-python3.14-zlib-ng-1.0.0.drv' to 'ssh-ng://j_kro@sentry'...
copying path '/nix/store/bs4dsg2h1dwizg3rzzbza0dnkl8yx1cl-python3.14-aiohttp-3.14.1.drv' to 'ssh-ng://j_kro@sentry'...
copying path '/nix/store/ywkqsk2mj2sfm4v9xicdwpbjpm07rv2c-source.drv' to 'ssh-ng://j_kro@sentry'...
copying path '/nix/store/0zs72p7zq3j7jblvmirvi6m4pk6ga5qz-python3.14-truststore-0.10.4.drv' to 'ssh-ng://j_kro@sentry'...
copying path '/nix/store/a5qk2v67f6amxghfjarqzixs9nn2c7bf-source.drv' to 'ssh-ng://j_kro@sentry'...
copying path '/nix/store/5q12sh56kswbim9g1w4hx32p02g6bx7i-a52dec-0.8.0.drv' to 'ssh-ng://j_kro@sentry'...
copying path '/nix/store/2n9i277zdq5ppvkx1f37rsrw6gy27m41-libcddb-1.3.2.tar.bz2.drv' to 'ssh-ng://j_kro@sentry'...
copying path '/nix/store/5zzichfg6lb9y0jhw37isx2cqc0cx2rx-libcddb-1.3.2.drv' to 'ssh-ng://j_kro@sentry'...
copying path '/nix/store/cmrk55kacrjazd9riy4hf1v0jwjsl3d0-source.drv' to 'ssh-ng://j_kro@sentry'...
copying path '/nix/store/kacsb53lcpsn6bcb3hb9yr0c97vzmcma-libcdio-2.3.0.drv' to 'ssh-ng://j_kro@sentry'...
copying path '/nix/store/wwn04d7l4cg6k9x4nqi3sxfjnp3zspiy-gst-plugins-ugly-1.28.4.tar.xz.drv' to 'ssh-ng://j_kro@sentry'...
copying path '/nix/store/1z4rjrkpnq16h0jqxlzgwxwdrzzbk6v8-gst-plugins-ugly-1.28.4.drv' to 'ssh-ng://j_kro@sentry'...
copying path '/nix/store/wlsxwg6cif2jr4h0kb4f7v971kfzywq6-distro-1.9.0.tar.gz.drv' to 'ssh-ng://j_kro@sentry'...
copying path '/nix/store/3ijamh93lkx391s0947wmpa4sc1fka85-python3.14-distro-1.9.0.drv' to 'ssh-ng://j_kro@sentry'...
copying path '/nix/store/9bgfx83b3z2npdqmy2gzc83apfsmsf6p-source.drv' to 'ssh-ng://j_kro@sentry'...
copying path '/nix/store/glmzr2sv582c3qwjw49f128bvijsdpms-gcc-13.patch.drv' to 'ssh-ng://j_kro@sentry'...
copying path '/nix/store/mcyasy90cxrs06gxq4g4zffljwch208d-binutils-wrapper-2.46.drv' to 'ssh-ng://j_kro@sentry'...
copying path '/nix/store/1zxv3qng8ls1cqn7l3bdhs5bikx6l541-gcc-wrapper-15.3.0.drv' to 'ssh-ng://j_kro@sentry'...
copying path '/nix/store/n1ibqcp79jbbslpxr0f443jnb78s3iwy-stdenv-linux.drv' to 'ssh-ng://j_kro@sentry'...
copying path '/nix/store/xykl1r2fwifn78hwkyjvb98gx1vhz2ma-gcc-15.3.0.drv' to 'ssh-ng://j_kro@sentry'...
copying path '/nix/store/5yvyhs8kx4ncfzygmyvj1i0v23j8bmzs-gcc-wrapper-15.3.0.drv' to 'ssh-ng://j_kro@sentry'...
copying path '/nix/store/j7j7gs899wfp21alz1bmkv4qnrpzwpx7-stdenv-linux.drv' to 'ssh-ng://j_kro@sentry'...
copying path '/nix/store/76yk9b984glpbpdsvnc1cfpki5kkqb76-libstrangle-unstable-202202022.drv' to 'ssh-ng://j_kro@sentry'...
copying path '/nix/store/xmaa4f7b2xws1bqwvn3fdcq7a4l5k2ah-source.drv' to 'ssh-ng://j_kro@sentry'...
copying path '/nix/store/j56nb1pm455yfq2w8ab8583g48v2brf3-volk-1.4.350.0.drv' to 'ssh-ng://j_kro@sentry'...
copying path '/nix/store/qaw4aznjy4xdz201iy9gs784q52fm9m8-source.drv' to 'ssh-ng://j_kro@sentry'...
copying path '/nix/store/7kg0f14q29q0z2iq00r8zxpkmgbils35-vulkan-tools-1.4.350.0.drv' to 'ssh-ng://j_kro@sentry'...
copying path '/nix/store/rf4qpjzbky116yhz5008cd4yyh49yxi8-libevdev-1.13.6.tar.xz.drv' to 'ssh-ng://j_kro@sentry'...
copying path '/nix/store/3ji32ymmj6awvy8z8igr4jlx3s5j7j6w-libevdev-1.13.6.drv' to 'ssh-ng://j_kro@sentry'...
copying path '/nix/store/7r09fypc3yqgyai7x8wvww3w7x8a73hk-source.drv' to 'ssh-ng://j_kro@sentry'...
copying path '/nix/store/jgp7cjrqc6r5r2lyi39h65al2xms7sya-hidapi-0.15.0.drv' to 'ssh-ng://j_kro@sentry'...
copying path '/nix/store/s47gj7lq78d1jbjdy10v0q7n7g744xkk-libmanette-0.2.13.tar.xz.drv' to 'ssh-ng://j_kro@sentry'...
copying path '/nix/store/176j59h86ipq86qckh980rmv0n8vy6dk-libmanette-0.2.13.drv' to 'ssh-ng://j_kro@sentry'...
copying path '/nix/store/gjilhsrpywk9mpcjkw0mdx5x8l1hjxai-libidn-1.44.tar.gz.drv' to 'ssh-ng://j_kro@sentry'...
copying path '/nix/store/2qzxlmlr17df8064znx7gx6yx38sj81w-libidn-1.44.drv' to 'ssh-ng://j_kro@sentry'...
copying path '/nix/store/42rl6ipgwxlvjln7rhbfjda2dm5y4awl-webkitgtk-2.52.5.tar.xz.drv' to 'ssh-ng://j_kro@sentry'...
copying path '/nix/store/53rlzjkzrnj3djpvnyv0hr61w6yd6xkq-harfbuzz-icu-13.2.1.drv' to 'ssh-ng://j_kro@sentry'...
copying path '/nix/store/56xj97wnpwapqqi3ms9vvimaajwvjivl-fix-bubblewrap-paths.patch.drv' to 'ssh-ng://j_kro@sentry'...
copying path '/nix/store/9ycq0dq3dwzi7gwd7jkfqd10gcbn25qv-source.drv' to 'ssh-ng://j_kro@sentry'...
copying path '/nix/store/ygnbk8qbrpm8q3fjf7yh06b4646cxs6g-f361c2a1034c02ba8059648f9a04662d6e2b5553.patch.drv' to 'ssh-ng://j_kro@sentry'...
copying path '/nix/store/3fbry6jrnz8221mxywfb5h3m9n4k4ki8-unittest-cpp-2.0.0.drv' to 'ssh-ng://j_kro@sentry'...
copying path '/nix/store/26rdfgmihnfbjfjiyy9bfzjbzv40ymf6-source.drv' to 'ssh-ng://j_kro@sentry'...
copying path '/nix/store/ag2ym4rw2y1qa330lp525cjp7vfs7qkm-hunspell-1.7.3.drv' to 'ssh-ng://j_kro@sentry'...
copying path '/nix/store/gmza5d26ns6p093178lgy17cx171imz2-source.drv' to 'ssh-ng://j_kro@sentry'...
copying path '/nix/store/242qk0flligbnrv7kc0f3mw0p5aa0n6q-source.drv' to 'ssh-ng://j_kro@sentry'...
copying path '/nix/store/vjmd5mcg5igbxvpnicvdpi532a6rpmg0-hfst-ospell-0.5.4.drv' to 'ssh-ng://j_kro@sentry'...
copying path '/nix/store/gnln3314q8pnxz6rm6a1c6j82pd1lx85-libvoikko-4.3.3.drv' to 'ssh-ng://j_kro@sentry'...
copying path '/nix/store/icxmr4z3b3aca662dnbn69sg098iiqj7-enchant-2.6.9.tar.gz.drv' to 'ssh-ng://j_kro@sentry'...
copying path '/nix/store/d1mxr6cnmscrhmkm1z4d1rx76jfmb1z5-aspell-u-deva.drv' to 'ssh-ng://j_kro@sentry'...
copying path '/nix/store/fk2xnx24v338fdiqrz7cnq3d6vkswa4c-aspell-0.60.8.2.tar.gz.drv' to 'ssh-ng://j_kro@sentry'...
copying path '/nix/store/p4207myfvsp53lnhhp1dvqfj64wd1dqg-aspell-0.60.8.2.drv' to 'ssh-ng://j_kro@sentry'...
copying path '/nix/store/lc1gg6m57cnbbbnmngly55gzgmyk5ggz-http-types-0.12.4.tar.gz.drv' to 'ssh-ng://j_kro@sentry'...
copying path '/nix/store/7c51xmfb6abw99b0idf6cqg0s24gvgh6-http-types-0.12.4.drv' to 'ssh-ng://j_kro@sentry'...
copying path '/nix/store/ffjw78i735z6q6xmbjwfkg8w4v98jdvy-attoparsec-0.14.4.tar.gz.drv' to 'ssh-ng://j_kro@sentry'...
copying path '/nix/store/iyxq3j535qdi5m1zn1a6h232manpjm6g-attoparsec-0.14.4-r6.cabal.drv' to 'ssh-ng://j_kro@sentry'...
copying path '/nix/store/jhh1fbxd2023ilcnx0zbijwfy9k9qwyd-quickcheck-unicode-1.0.1.0.tar.gz.drv' to 'ssh-ng://j_kro@sentry'...
copying path '/nix/store/p8a5245cqd9cq5lgnb4z3jrbpm8wxk9i-quickcheck-unicode-1.0.1.0.drv' to 'ssh-ng://j_kro@sentry'...
copying path '/nix/store/bj65pvjjggbaafkbqk9fjmif47xnqdz7-attoparsec-0.14.4.drv' to 'ssh-ng://j_kro@sentry'...
copying path '/nix/store/kmh2dj7ha6b0k2f3ds8znmgjxxpqmcnw-vault-0.3.1.6.tar.gz.drv' to 'ssh-ng://j_kro@sentry'...
copying path '/nix/store/bsfqanq5rzdkwj54gz2gpz8lqm43b9rl-vault-0.3.1.6.drv' to 'ssh-ng://j_kro@sentry'...
copying path '/nix/store/g33j9c5lrq2z0lxwgcyjm7pnb4qbf8sl-wai-3.2.4.tar.gz.drv' to 'ssh-ng://j_kro@sentry'...
copying path '/nix/store/r2vcdr0f1174i6zlqvscvz0c5aq3ni4s-network-3.2.8.0.tar.gz.drv' to 'ssh-ng://j_kro@sentry'...
copying path '/nix/store/y5pdx5vj2i3p8lnljfmjy57iigmbq669-network-3.2.8.0.drv' to 'ssh-ng://j_kro@sentry'...
copying path '/nix/store/lrpg0a487axv5w4k56g3qhq3mqnmvw1l-wai-3.2.4.drv' to 'ssh-ng://j_kro@sentry'...
copying path '/nix/store/4mc2appx93rim77gygcpx87bfb3dj043-base-unicode-symbols-0.2.4.2.tar.gz.drv' to 'ssh-ng://j_kro@sentry'...
copying path '/nix/store/s7w7bhm51nv7spz4ib7b4x10mm42n53n-base-unicode-symbols-0.2.4.2.drv' to 'ssh-ng://j_kro@sentry'...
copying path '/nix/store/2afackpq3n8s98icxrmwlz7sk4bj3rz4-wai-cors-0.2.7.drv' to 'ssh-ng://j_kro@sentry'...
copying path '/nix/store/rfqc9njq7d56h8gjqy635hjg7rnwm6nm-base64-bytestring-1.2.1.0-r1.cabal.drv' to 'ssh-ng://j_kro@sentry'...
copying path '/nix/store/s6ki2ykyj8fmrgy7bh0vh1rixka0xzrz-base64-bytestring-1.2.1.0.tar.gz.drv' to 'ssh-ng://j_kro@sentry'...
copying path '/nix/store/3nfrwjaaf1plpjcdrw1i06899jcjalqr-base64-bytestring-1.2.1.0.drv' to 'ssh-ng://j_kro@sentry'...
copying path '/nix/store/6prjlibhxf1d5kwwj4ycsq4z92r45h5k-integer-conversion-0.1.1.tar.gz.drv' to 'ssh-ng://j_kro@sentry'...
copying path '/nix/store/skx614ypi032w8ry8h0f4h77fzz0spli-integer-conversion-0.1.1-r2.cabal.drv' to 'ssh-ng://j_kro@sentry'...
copying path '/nix/store/1c3r361pvqh4v129bf3yhp6dd9a56v58-integer-conversion-0.1.1.drv' to 'ssh-ng://j_kro@sentry'...
copying path '/nix/store/j610b2gc3hhijqf1ji2yb4mvrqnmfzvj-witherable-0.5-r2.cabal.drv' to 'ssh-ng://j_kro@sentry'...
copying path '/nix/store/yky6qljr94ga3yq8pcyrs5hq91mnx3km-witherable-0.5.tar.gz.drv' to 'ssh-ng://j_kro@sentry'...
copying path '/nix/store/24fqvczs3inzd7z8jx3chkqjqih5yww6-witherable-0.5.drv' to 'ssh-ng://j_kro@sentry'...
copying path '/nix/store/7j6drpj1g57qpwf1l3wwfdxlmhdlnddg-aeson-2.2.4.1.tar.gz.drv' to 'ssh-ng://j_kro@sentry'...
copying path '/nix/store/kxq1b3rr857x275hrwnmczm8pw5sfdm2-Diff-1.0.2.tar.gz.drv' to 'ssh-ng://j_kro@sentry'...
copying path '/nix/store/988y3jnk6dl2wriayrv6hb2yl0cm0nq3-Diff-1.0.2.drv' to 'ssh-ng://j_kro@sentry'...
copying path '/nix/store/mcqb398x3gjy6iwv71b9b79hbl8snzkb-generically-0.1.1-r5.cabal.drv' to 'ssh-ng://j_kro@sentry'...
copying path '/nix/store/v4rhqwwmgpkfazk1vl22z2xrhzhw1qzs-generically-0.1.1.tar.gz.drv' to 'ssh-ng://j_kro@sentry'...
copying path '/nix/store/gxiwxmmg505f9wk89x9704mpl7vz06vb-generically-0.1.1.drv' to 'ssh-ng://j_kro@sentry'...
copying path '/nix/store/ncq9k9ck4kz5l35xkcar3q8zfzlrydkg-text-iso8601-0.1.1.1.tar.gz.drv' to 'ssh-ng://j_kro@sentry'...
copying path '/nix/store/ji3rxg5wlm5jwpqnaj991bv8hcvyayjv-text-iso8601-0.1.1.1.drv' to 'ssh-ng://j_kro@sentry'...
copying path '/nix/store/245nfmnan42yq4z0n2s8shf3aiycz9jm-character-ps-0.1.tar.gz.drv' to 'ssh-ng://j_kro@sentry'...
copying path '/nix/store/kch9cj2jswhga78gf6pmcc7br3w2dx2s-character-ps-0.1.drv' to 'ssh-ng://j_kro@sentry'...
copying path '/nix/store/nbnzw5xa4rwic5dp25fdqd93wapvsjrn-tasty-golden-2.3.6.tar.gz.drv' to 'ssh-ng://j_kro@sentry'...
copying path '/nix/store/dr45da3ic8p4bbd4a2m37l9vkn7bb2a7-unliftio-core-0.2.1.0-r4.cabal.drv' to 'ssh-ng://j_kro@sentry'...
copying path '/nix/store/nnzv4n9d02xarr1j72yjmzsai5i6bssy-unliftio-core-0.2.1.0.tar.gz.drv' to 'ssh-ng://j_kro@sentry'...
copying path '/nix/store/q11pnkr410k8g24zr37mvz7l2gwp0xxz-unliftio-core-0.2.1.0.drv' to 'ssh-ng://j_kro@sentry'...
copying path '/nix/store/qalmf68xp7lw3nab20mhy2q4mxgkvc91-typed-process-0.2.13.0.tar.gz.drv' to 'ssh-ng://j_kro@sentry'...
copying path '/nix/store/zmqky775m83yhqn44p2ckylkpsr7k328-typed-process-0.2.13.0.drv' to 'ssh-ng://j_kro@sentry'...
copying path '/nix/store/x94bpgcdx3y9w1fzyn8acjjgrpjx43jb-tasty-golden-2.3.6.drv' to 'ssh-ng://j_kro@sentry'...
copying path '/nix/store/xjdw2aq2wv5cd5661z9ijj8xiwwbd228-base16-bytestring-1.0.2.0.drv' to 'ssh-ng://j_kro@sentry'...
copying path '/nix/store/cn3f466325z7l699q2wkb1idc27gyb08-dlist-1.0.tar.gz.drv' to 'ssh-ng://j_kro@sentry'...
copying path '/nix/store/wg6i2ab007bvbhyszl5msvd7sl4c6m1i-dlist-1.0-r2.cabal.drv' to 'ssh-ng://j_kro@sentry'...
copying path '/nix/store/zvhky2fgi49avyp8vrkvacr8cfkx2cz2-dlist-1.0.drv' to 'ssh-ng://j_kro@sentry'...
copying path '/nix/store/93hhg2yvdf012dv0h0a89bxarcq2jgkh-aeson-2.2.4.1.drv' to 'ssh-ng://j_kro@sentry'...
copying path '/nix/store/lapnpklfq9fxnmiisvxqj6m5060c1sd3-pandoc-types-1.23.1.1.tar.gz.drv' to 'ssh-ng://j_kro@sentry'...
copying path '/nix/store/6yf92l2z6xavc2kyx29fszzfyx7w82pq-pandoc-types-1.23.1.1.drv' to 'ssh-ng://j_kro@sentry'...
copying path '/nix/store/ck6vj25kf2026k95975m2abf3x97j2q9-Glob-0.10.2-r3.cabal.drv' to 'ssh-ng://j_kro@sentry'...
copying path '/nix/store/k6c1nv4ihlz83xgj3x1vzclywhpgs0yf-Glob-0.10.2.tar.gz.drv' to 'ssh-ng://j_kro@sentry'...
copying path '/nix/store/c739nc36287y0ccy8p22sy3ljxpq612a-Glob-0.10.2.drv' to 'ssh-ng://j_kro@sentry'...
copying path '/nix/store/hzcsxfaj666fjsd0z6yxbvm73y653b1v-text-conversions-0.3.1.1.tar.gz.drv' to 'ssh-ng://j_kro@sentry'...
copying path '/nix/store/fpai0ma8pniwssfxnqk348zr95naa6n0-text-conversions-0.3.1.1.drv' to 'ssh-ng://j_kro@sentry'...
copying path '/nix/store/cfs4r13hk0asbln4ldxwfmdn83aj461d-safe-0.3.21-r1.cabal.drv' to 'ssh-ng://j_kro@sentry'...
copying path '/nix/store/l39x08hfqrxik280isfjm7lbvcwk7c90-safe-0.3.21.tar.gz.drv' to 'ssh-ng://j_kro@sentry'...
copying path '/nix/store/s1vhicv6r521bxxkfpljd7lhv18kal1h-safe-0.3.21.drv' to 'ssh-ng://j_kro@sentry'...
copying path '/nix/store/xm4dkmdnp1bz4ns29hxwa2djn3ps91i7-doctemplates-0.11.0.1.tar.gz.drv' to 'ssh-ng://j_kro@sentry'...
copying path '/nix/store/6yy2b9idncv12x512wgqxbf62fc0sqbx-doclayout-0.5.0.1.tar.gz.drv' to 'ssh-ng://j_kro@sentry'...
copying path '/nix/store/yzn1z8g9sdfhjaxg86syb3dxqqa7m0s2-doclayout-0.5.0.1.drv' to 'ssh-ng://j_kro@sentry'...
copying path '/nix/store/7518r1fj302q04m6i6b5lp3s92yzqzhl-doctemplates-0.11.0.1.drv' to 'ssh-ng://j_kro@sentry'...
copying path '/nix/store/1bwfdal1l8a8cdaizqmy45amg44yb8y7-utf8-string-1.0.2.drv' to 'ssh-ng://j_kro@sentry'...
copying path '/nix/store/fbndibniqd0dgpalwra5ighpb2wm8rx8-resourcet-1.3.0.tar.gz.drv' to 'ssh-ng://j_kro@sentry'...
copying path '/nix/store/4xgp89cqxzvr4lcs6k5l805zzqkxkfz4-resourcet-1.3.0.drv' to 'ssh-ng://j_kro@sentry'...
copying path '/nix/store/4v94ynws3fl1dlyrarni46vwa72v1y38-mono-traversable-1.0.21.0.tar.gz.drv' to 'ssh-ng://j_kro@sentry'...
copying path '/nix/store/2n7rqqx3xy88rwmpsqgr6zds95hkvm8w-foldl-1.4.18.tar.gz.drv' to 'ssh-ng://j_kro@sentry'...
copying path '/nix/store/69l4hw5mhg5f4gyj7fplm04mk50lxn4n-profunctors-5.6.3.tar.gz.drv' to 'ssh-ng://j_kro@sentry'...
copying path '/nix/store/rs6hcb0brbdjzgp2l1jvx89xpvy4r4sm-profunctors-5.6.3.drv' to 'ssh-ng://j_kro@sentry'...
copying path '/nix/store/vkcbj13yznlyy58snmf72ncnpv3zyd8q-foldl-1.4.18-r2.cabal.drv' to 'ssh-ng://j_kro@sentry'...
copying path '/nix/store/mrzgffrmrwcybq66594bv9pxkn69z8az-foldl-1.4.18.drv' to 'ssh-ng://j_kro@sentry'...
copying path '/nix/store/b1y2pddd6mfachcz4ikz4ad1pp8pbf1w-quickcheck-classes-base-0.6.2.0-r1.cabal.drv' to 'ssh-ng://j_kro@sentry'...
copying path '/nix/store/mrr0rghx4c0b18v4n73dk7p2db8v2ssn-quickcheck-classes-base-0.6.2.0.tar.gz.drv' to 'ssh-ng://j_kro@sentry'...
copying path '/nix/store/33wb8aiipmr9lfns9wng9hjvziwhq91q-quickcheck-classes-base-0.6.2.0.drv' to 'ssh-ng://j_kro@sentry'...
copying path '/nix/store/270m91hvjb8iypkizdns7j9sqi3ycaxn-quickcheck-classes-0.6.5.0-r3.cabal.drv' to 'ssh-ng://j_kro@sentry'...
copying path '/nix/store/jv3z1wb7anhl2fip3s7hr9b4iamjlzyn-semirings-0.7.tar.gz.drv' to 'ssh-ng://j_kro@sentry'...
copying path '/nix/store/hwsba9s0n9vdl91lvcsz7b6d863ljdj0-semirings-0.7.drv' to 'ssh-ng://j_kro@sentry'...
copying path '/nix/store/lfyxmgmp8pxp6jsha2fb3d59fb5rpah7-quickcheck-classes-0.6.5.0.tar.gz.drv' to 'ssh-ng://j_kro@sentry'...
copying path '/nix/store/fm7gw43cc3kdpxjv9cbcss9c7nrmz1kz-primitive-addr-0.1.0.3.tar.gz.drv' to 'ssh-ng://j_kro@sentry'...
copying path '/nix/store/zy5zbqpvjzj7qgzljk0ziqp1lgzp7iza-primitive-addr-0.1.0.3.drv' to 'ssh-ng://j_kro@sentry'...
copying path '/nix/store/8hf8mk6h4wqbcr1sg7rg63n9jliwnhyv-quickcheck-classes-0.6.5.0.drv' to 'ssh-ng://j_kro@sentry'...
copying path '/nix/store/a0zm26l7a5vvy965ajrg0lrifxlkh8zb-bitvec-1.1.6.0.tar.gz.drv' to 'ssh-ng://j_kro@sentry'...
copying path '/nix/store/kwklpd9109h7qmg49s8622r8jq33w04q-bitvec-1.1.6.0.drv' to 'ssh-ng://j_kro@sentry'...
copying path '/nix/store/ncwi8nbfrkpf4da24nqk9ppkqnds9694-vector-algorithms-0.9.1.0.tar.gz.drv' to 'ssh-ng://j_kro@sentry'...
copying path '/nix/store/zm9mal3jb0almb9hlbz1x38ylj89hm95-vector-algorithms-0.9.1.0-r1.cabal.drv' to 'ssh-ng://j_kro@sentry'...
copying path '/nix/store/xjdknr2hqd579ynx917frnrijiyz5yx5-vector-algorithms-0.9.1.0.drv' to 'ssh-ng://j_kro@sentry'...
copying path '/nix/store/259j5jxz1zm50yzbkxmfcjr4mvrypr96-mono-traversable-1.0.21.0.drv' to 'ssh-ng://j_kro@sentry'...
copying path '/nix/store/5fhpgk04c00zm16bdnx9f298x7r023k2-conduit-1.3.6.1.tar.gz.drv' to 'ssh-ng://j_kro@sentry'...
copying path '/nix/store/c7kzvyfxx94v1pczrfp62xbahn2kpviw-safe-exceptions-0.1.7.4.tar.gz.drv' to 'ssh-ng://j_kro@sentry'...
copying path '/nix/store/snig3xrfljlvh88swvk7g9wcg77pwb2h-safe-exceptions-0.1.7.4-r1.cabal.drv' to 'ssh-ng://j_kro@sentry'...
copying path '/nix/store/bg1jdlckk68si3l1w6vpld3d764n9mhb-void-0.7.4.tar.gz.drv' to 'ssh-ng://j_kro@sentry'...
copying path '/nix/store/va0ylaanvf53f4xbzn4qsvygrk9k91jv-void-0.7.4.drv' to 'ssh-ng://j_kro@sentry'...
copying path '/nix/store/a7y7jkq8qsf60rhc44k2vpk2m463rk1g-safe-exceptions-0.1.7.4.drv' to 'ssh-ng://j_kro@sentry'...
copying path '/nix/store/s6f5gnpzr7q2gp9ll66h37gm57am0a1z-unliftio-0.2.25.1.tar.gz.drv' to 'ssh-ng://j_kro@sentry'...
copying path '/nix/store/j47al27iawj25700ih08rbsra34sfbvr-unliftio-0.2.25.1.drv' to 'ssh-ng://j_kro@sentry'...
copying path '/nix/store/b4j58hvknvpwzrsyzs8zz2pqa234qwcr-conduit-1.3.6.1.drv' to 'ssh-ng://j_kro@sentry'...
copying path '/nix/store/2i78l9r7hd3v2m6m57sjp9bvqcc4l3q9-blaze-builder-0.4.4.1.tar.gz.drv' to 'ssh-ng://j_kro@sentry'...
copying path '/nix/store/88sd2wdinc9k2qggymr154qc5l1xgjl7-blaze-builder-0.4.4.1.drv' to 'ssh-ng://j_kro@sentry'...
copying path '/nix/store/dw3vgqba5wh120whda30mlxzw3q7b07x-blaze-html-0.9.2.0-r1.cabal.drv' to 'ssh-ng://j_kro@sentry'...
copying path '/nix/store/544h0d4l28z4a6pbv8gnsxbgbr3ms1h8-blaze-markup-0.8.3.0-r2.cabal.drv' to 'ssh-ng://j_kro@sentry'...
copying path '/nix/store/y2fm3bqjqdps1ywyix3g669rjgl2hnc2-blaze-markup-0.8.3.0.tar.gz.drv' to 'ssh-ng://j_kro@sentry'...
copying path '/nix/store/hl4hxcf3626lsmrqcipd202m5yca6s3w-blaze-markup-0.8.3.0.drv' to 'ssh-ng://j_kro@sentry'...
copying path '/nix/store/qacnx6139gkrzs35pgnylic1707c5k89-blaze-html-0.9.2.0.tar.gz.drv' to 'ssh-ng://j_kro@sentry'...
copying path '/nix/store/diy4vif3v9cn643hz7f02vphxk525v8r-blaze-html-0.9.2.0.drv' to 'ssh-ng://j_kro@sentry'...
copying path '/nix/store/ph3lszyn2dk6jcblf1gd82nmymhn6n3n-xml-types-0.3.8.tar.gz.drv' to 'ssh-ng://j_kro@sentry'...
copying path '/nix/store/jlw3n9j14falgdyca5am9n7jvznfqm9w-xml-types-0.3.8.drv' to 'ssh-ng://j_kro@sentry'...
copying path '/nix/store/ngrrwyxd3vjh6fv810g83576y7zpa31c-xml-conduit-1.10.1.0.tar.gz.drv' to 'ssh-ng://j_kro@sentry'...
copying path '/nix/store/8fkfkpwjff5fxq6kq2gla50kpl6dix5v-transformers-base-0.4.6.1.tar.gz.drv' to 'ssh-ng://j_kro@sentry'...
copying path '/nix/store/2mz31mc0dkdq8prs72j2j357r3zwrzda-transformers-base-0.4.6.1.drv' to 'ssh-ng://j_kro@sentry'...
copying path '/nix/store/hpijygd0jyz312fw000ndfzalm23jw10-conduit-extra-1.3.8.tar.gz.drv' to 'ssh-ng://j_kro@sentry'...
copying path '/nix/store/g7xw9vzcn5nnd423yhgjrvf9vmg062d8-streaming-commons-0.2.3.1.tar.gz.drv' to 'ssh-ng://j_kro@sentry'...
copying path '/nix/store/qlvm35xiw3hbqj15rq0acz24m9k9cpsb-zlib-0.7.1.1.tar.gz.drv' to 'ssh-ng://j_kro@sentry'...
copying path '/nix/store/mdlcwx0islimqilk8hnr0sj8a7ffilfk-zlib-0.7.1.1.drv' to 'ssh-ng://j_kro@sentry'...
copying path '/nix/store/vwyq2ppm3dxzxyr2rr4plqa65ai5y56j-streaming-commons-0.2.3.1.drv' to 'ssh-ng://j_kro@sentry'...
copying path '/nix/store/yjwy1lkii0r0s61dvvqvfrgjkyynvr14-conduit-extra-1.3.8-r1.cabal.drv' to 'ssh-ng://j_kro@sentry'...
copying path '/nix/store/r9wrzn7g4bdxpl9h430c85gzxq7ypg3j-conduit-extra-1.3.8.drv' to 'ssh-ng://j_kro@sentry'...
copying path '/nix/store/8ck6lly29d1j3g82akdjbyn8793sxcdq-cabal-doctest-1.0.12-r1.cabal.drv' to 'ssh-ng://j_kro@sentry'...
copying path '/nix/store/im5z2xarx3kwimzpdw9j9i5bdyw78x2m-cabal-doctest-1.0.12.tar.gz.drv' to 'ssh-ng://j_kro@sentry'...
copying path '/nix/store/ybk53h11f3f6v98alal105nwf1yjdds0-cabal-doctest-1.0.12.drv' to 'ssh-ng://j_kro@sentry'...
copying path '/nix/store/9w8zhi0x2q4nbirnxaxgywwk94f7i5h8-xml-conduit-1.10.1.0.drv' to 'ssh-ng://j_kro@sentry'...
copying path '/nix/store/cc5qi88bvp1dkhpgdpyfsnjyza6a101k-skylighting-core-0.14.7.tar.gz.drv' to 'ssh-ng://j_kro@sentry'...
copying path '/nix/store/nx99b4sw6ivxprl5334d9ngy7jw9n22r-pretty-show-1.10.tar.gz.drv' to 'ssh-ng://j_kro@sentry'...
copying path '/nix/store/driyw2d0v72y4zddr8mdpdz3mjdj1nyb-happy-lib-2.1.7.drv' to 'ssh-ng://j_kro@sentry'...
copying path '/nix/store/w8y3gwd0zadfprb9bi0nzabmkcrrf80w-happy-2.1.7.drv' to 'ssh-ng://j_kro@sentry'...
copying path '/nix/store/wax8944j65lbd4gg9vac9idhzijp4x3a-pretty-show-1.10.drv' to 'ssh-ng://j_kro@sentry'...
copying path '/nix/store/wpm7djm4rqxrbpyvd353vcjxij1fr1fb-skylighting-core-0.14.7.drv' to 'ssh-ng://j_kro@sentry'...
copying path '/nix/store/1wsqq4ng559q3sys33rr5rgh86aciaqq-skylighting-format-ansi-0.1.drv' to 'ssh-ng://j_kro@sentry'...
copying path '/nix/store/8s5kakjhhm6mqaxx5fqmbd9xv3iq18xa-skylighting-format-blaze-html-0.1.2.drv' to 'ssh-ng://j_kro@sentry'...
copying path '/nix/store/b4nav0ry96nj5pr51p6lpn6x895ac5j6-skylighting-0.14.7.tar.gz.drv' to 'ssh-ng://j_kro@sentry'...
copying path '/nix/store/1f0nbfqvim7a6nmmpdzmyg6bjij61pa6-skylighting-format-latex-0.1.tar.gz.drv' to 'ssh-ng://j_kro@sentry'...
copying path '/nix/store/b59j4l81gcnpidffbfwpgv0372d42brb-skylighting-format-latex-0.1.drv' to 'ssh-ng://j_kro@sentry'...
copying path '/nix/store/fhl46917whd5h32qdabjrhj9ylywdr8s-skylighting-format-typst-0.1.tar.gz.drv' to 'ssh-ng://j_kro@sentry'...
copying path '/nix/store/f1rlnipzqzdvxlmdg5hp7qsqjbxihbdj-skylighting-format-typst-0.1.drv' to 'ssh-ng://j_kro@sentry'...
copying path '/nix/store/mnq4zs4rqbnihhlb7x36bx2dwncnfzzb-skylighting-format-context-0.1.0.2.tar.gz.drv' to 'ssh-ng://j_kro@sentry'...
copying path '/nix/store/vi43j7z1j85s5p9qd0i8hnszq3sb8021-skylighting-format-context-0.1.0.2.drv' to 'ssh-ng://j_kro@sentry'...
copying path '/nix/store/7w11y5zc81sypiv374qzrzkpi7mqv5p3-skylighting-0.14.7.drv' to 'ssh-ng://j_kro@sentry'...
copying path '/nix/store/whgyfpvfsaqg5mb1xpn8pwwa832phmrc-th-lift-instances-0.1.20.tar.gz.drv' to 'ssh-ng://j_kro@sentry'...
copying path '/nix/store/588x32rsvfd5fsfj8299al5yjysalcl1-th-lift-instances-0.1.20.drv' to 'ssh-ng://j_kro@sentry'...
copying path '/nix/store/fvi4daj1lnr7sv68ik18ps17c6r806rc-unicode-collation-0.1.3.6.tar.gz.drv' to 'ssh-ng://j_kro@sentry'...
copying path '/nix/store/whyxqdccjlfbd9qpcviimwgrfm71f5gy-unicode-collation-0.1.3.6-r2.cabal.drv' to 'ssh-ng://j_kro@sentry'...
copying path '/nix/store/p3f5papgxifj1wd4k2q391v75fn7z28h-unicode-collation-0.1.3.6.drv' to 'ssh-ng://j_kro@sentry'...
copying path '/nix/store/8njfajciaw04v5d4wshm0my2sjnlxwnh-monad-control-1.0.3.1.tar.gz.drv' to 'ssh-ng://j_kro@sentry'...
copying path '/nix/store/346f0qivp5196bvl9wkldy4hp1xb3zrm-monad-control-1.0.3.1.drv' to 'ssh-ng://j_kro@sentry'...
copying path '/nix/store/6vipxm7n48h403hskspjmg8wj59rqkiw-servant-server-0.20.3.0.tar.gz.drv' to 'ssh-ng://j_kro@sentry'...
copying path '/nix/store/wiba3gd4r4hk8gdn3zi95p5mfgj5xr71-jailbreak-cabal-1.4.1.tar.gz.drv' to 'ssh-ng://j_kro@sentry'...
copying path '/nix/store/lgmg6anzjlyiwwsyslgxhn56wckkjzgh-jailbreak-cabal-1.4.1.drv' to 'ssh-ng://j_kro@sentry'...
copying path '/nix/store/ppfk3gb1ib5s7n0g1c5l5z66nc3hl5pf-http-media-0.8.1.1.tar.gz.drv' to 'ssh-ng://j_kro@sentry'...
copying path '/nix/store/wm16cklsnpdzyjv8b76v24r1chdhh0vc-http-media-0.8.1.1-r2.cabal.drv' to 'ssh-ng://j_kro@sentry'...
copying path '/nix/store/afri9fjp7pr5i5ai5dg4j3r2jijh6xlp-http-media-0.8.1.1.drv' to 'ssh-ng://j_kro@sentry'...
copying path '/nix/store/15yzybkrwnrfm29ajn4khbv7lqv8wlsx-auto-update-0.2.6.tar.gz.drv' to 'ssh-ng://j_kro@sentry'...
copying path '/nix/store/346gglxrgf2plb01lmv8cs5jmgfmxhfx-retry-0.9.3.1.tar.gz.drv' to 'ssh-ng://j_kro@sentry'...
copying path '/nix/store/l5lljph198nq3j6dnha0mbaqxk1gq4gp-lifted-base-0.2.3.12.tar.gz.drv' to 'ssh-ng://j_kro@sentry'...
copying path '/nix/store/vp68ri03g0l4q9x4p5zj66kw84zqviw7-6b61483ec7fd0d5d5d56ccb967860d42740781e8.patch.drv' to 'ssh-ng://j_kro@sentry'...
copying path '/nix/store/gf18p0fpdcyvh54xbvpszxn7wabvbsfy-lifted-base-0.2.3.12.drv' to 'ssh-ng://j_kro@sentry'...
copying path '/nix/store/ic12xlmgfdj7v09527y2b0lkcl271hy0-lifted-async-0.10.2.7.tar.gz.drv' to 'ssh-ng://j_kro@sentry'...
copying path '/nix/store/3z9ns8n5chp84zg1gb7ppsp9sdrnanpv-constraints-0.14.4.tar.gz.drv' to 'ssh-ng://j_kro@sentry'...
copying path '/nix/store/3x3kdc7hvc3rfqcp1ypcxzvdwqiq23vr-boring-0.2.2-r1.cabal.drv' to 'ssh-ng://j_kro@sentry'...
copying path '/nix/store/h3k9rgw1s18990lb4ky5aiw45068x3cq-boring-0.2.2.tar.gz.drv' to 'ssh-ng://j_kro@sentry'...
copying path '/nix/store/lxkish55kg6445f1wl2zym1qvp0nr650-boring-0.2.2.drv' to 'ssh-ng://j_kro@sentry'...
copying path '/nix/store/zs42xxbg69pv6h0fg7gqxnria89cdk3s-constraints-0.14.4.drv' to 'ssh-ng://j_kro@sentry'...
copying path '/nix/store/6mv0zbxlsswflfwg0q9agwxrxfxwkf39-lifted-async-0.10.2.7.drv' to 'ssh-ng://j_kro@sentry'...
copying path '/nix/store/8qj926zmkpf0rc03nkvwjn0qhf64v6pn-hedgehog-1.5.tar.gz.drv' to 'ssh-ng://j_kro@sentry'...
copying path '/nix/store/bdndzapn8q6ijf2mnjlnylmfkp6kjykh-concurrent-output-1.10.21.tar.gz.drv' to 'ssh-ng://j_kro@sentry'...
copying path '/nix/store/9rhq2j4w9r83hqpz3rhcs65aa57flkdn-terminal-size-0.3.4-r1.cabal.drv' to 'ssh-ng://j_kro@sentry'...
copying path '/nix/store/aqb3jvavj2gnnhykvqb3cfrsvrbq4rgy-terminal-size-0.3.4.tar.gz.drv' to 'ssh-ng://j_kro@sentry'...
copying path '/nix/store/hrg8ai2ghqkvakxb0f0iy3jnrdvwm17z-terminal-size-0.3.4.drv' to 'ssh-ng://j_kro@sentry'...
copying path '/nix/store/9hiw7p1ksvmypkdam9iqfjhz2zj9x3rm-concurrent-output-1.10.21.drv' to 'ssh-ng://j_kro@sentry'...
copying path '/nix/store/b7q2gkhg9silkdl34vjb96mdl2h9w30i-barbies-2.1.1.0.tar.gz.drv' to 'ssh-ng://j_kro@sentry'...
copying path '/nix/store/9nfsniczzcmfr3wg92l2xgxsbz5w7b7c-barbies-2.1.1.0.drv' to 'ssh-ng://j_kro@sentry'...
copying path '/nix/store/vfds63cv8il36ip0fqabbanqpdj8l41x-wl-pprint-annotated-0.1.0.1-r4.cabal.drv' to 'ssh-ng://j_kro@sentry'...
copying path '/nix/store/wyvicf11zw18b1ql42gjg3g8qgj0lljw-wl-pprint-annotated-0.1.0.1.tar.gz.drv' to 'ssh-ng://j_kro@sentry'...
copying path '/nix/store/chxfq34j1fr1b0xrwwczk8gbzlkl68vm-wl-pprint-annotated-0.1.0.1.drv' to 'ssh-ng://j_kro@sentry'...
copying path '/nix/store/dcxlz6f54fdsakdwa5flwxc51drr4823-hedgehog-1.5-r2.cabal.drv' to 'ssh-ng://j_kro@sentry'...
copying path '/nix/store/i9ja43j0gicn3xah181bbsf8lly4k4wq-mmorph-1.2.2-r2.cabal.drv' to 'ssh-ng://j_kro@sentry'...
copying path '/nix/store/mizldll16qgk5yrvxk2c9c5szaxcfqrh-mmorph-1.2.2.tar.gz.drv' to 'ssh-ng://j_kro@sentry'...
copying path '/nix/store/jm8dnfnn9p8rnk334my29vc6whkk3fds-mmorph-1.2.2.drv' to 'ssh-ng://j_kro@sentry'...
copying path '/nix/store/pdr2l34ncskshzd0xbk8f7nlwn9kcf33-erf-2.0.0.0.tar.gz.drv' to 'ssh-ng://j_kro@sentry'...
copying path '/nix/store/slfg3igyv8l345xbxmzg4ds41c2aarf4-erf-2.0.0.0.drv' to 'ssh-ng://j_kro@sentry'...
copying path '/nix/store/6jsyjcpqppyn5xlgl7giq9129szfdwdh-hedgehog-1.5.drv' to 'ssh-ng://j_kro@sentry'...
copying path '/nix/store/h3xgn37awx4c06f6d2b35v4d8mh1nyzi-tasty-hedgehog-1.4.0.2.tar.gz.drv' to 'ssh-ng://j_kro@sentry'...
copying path '/nix/store/iah12nw267958s0ahkicjhvrq6mdzryy-tasty-hedgehog-1.4.0.2-r8.cabal.drv' to 'ssh-ng://j_kro@sentry'...
copying path '/nix/store/41qwwl9rz7d2byyxgvi0x3wbcbmasbdb-tasty-hedgehog-1.4.0.2.drv' to 'ssh-ng://j_kro@sentry'...
copying path '/nix/store/p74n6yv56rdhv4wjdysncgvfn1aa5m58-retry-0.9.3.1.drv' to 'ssh-ng://j_kro@sentry'...
copying path '/nix/store/bx60kxs6567x4iiq4mrqqgpc2p8s79sr-auto-update-0.2.6.drv' to 'ssh-ng://j_kro@sentry'...
copying path '/nix/store/im3r75skfrk95b44laljb9yzhzwnpkb8-fast-logger-3.2.6.tar.gz.drv' to 'ssh-ng://j_kro@sentry'...
copying path '/nix/store/a6g96sfzzk3vj7kkhg3d6pmlji60371l-unix-compat-0.7.4.1.tar.gz.drv' to 'ssh-ng://j_kro@sentry'...
copying path '/nix/store/yc8l6hl6nc1j9v4m5bazaizyjzpzqhbl-monad-parallel-0.8.0.1.tar.gz.drv' to 'ssh-ng://j_kro@sentry'...
copying path '/nix/store/kg0xjs7yykkg0vxla3l20jrd3wn5lwln-parallel-3.2.2.0-r10.cabal.drv' to 'ssh-ng://j_kro@sentry'...
copying path '/nix/store/zl2g85cw0xq02701j9pdjxj18v1yi9rg-parallel-3.2.2.0.drv' to 'ssh-ng://j_kro@sentry'...
copying path '/nix/store/mkyxxn5cdvfkhijgfhdpm1q85016n71g-monad-parallel-0.8.0.1.drv' to 'ssh-ng://j_kro@sentry'...
copying path '/nix/store/kmgklvzqpbyxdvy73fnzxa809p3v2w8n-unix-compat-0.7.4.1.drv' to 'ssh-ng://j_kro@sentry'...
copying path '/nix/store/4vrg65ic7vxj785qpy1dlxv64sh8q3nr-unix-time-0.4.17.tar.gz.drv' to 'ssh-ng://j_kro@sentry'...
copying path '/nix/store/rbaimric6xhcz9py7fx5hz8q075q474p-unix-time-0.4.17.drv' to 'ssh-ng://j_kro@sentry'...
copying path '/nix/store/w7gfw4238l21g7im773qgl5sa3nv637k-easy-file-0.2.5.tar.gz.drv' to 'ssh-ng://j_kro@sentry'...
copying path '/nix/store/v9vjd0wp1hcfcxzv9rjri587qykz6l05-easy-file-0.2.5.drv' to 'ssh-ng://j_kro@sentry'...
copying path '/nix/store/3xs2682asf1flb951qkilgg9jcvchs5c-fast-logger-3.2.6.drv' to 'ssh-ng://j_kro@sentry'...
copying path '/nix/store/77visy85ch5wr1mbh4rl0k3m2ssdfxv3-wai-extra-3.1.18.tar.gz.drv' to 'ssh-ng://j_kro@sentry'...
copying path '/nix/store/3hgvmd0a2j2j6y2777hbld35rvq2kkhp-warp-3.4.9.tar.gz.drv' to 'ssh-ng://j_kro@sentry'...
copying path '/nix/store/wzq33d2pihnjzmfvljd897s1559ssk6h-recv-0.1.1.tar.gz.drv' to 'ssh-ng://j_kro@sentry'...
copying path '/nix/store/9xj0xqq8l963d1r3wp8lh9jk9b77vhkc-recv-0.1.1.drv' to 'ssh-ng://j_kro@sentry'...
copying path '/nix/store/ihv2gfmmlx0dj8452ds81da9762nd1r1-simple-sendfile-0.2.32.tar.gz.drv' to 'ssh-ng://j_kro@sentry'...
copying path '/nix/store/akgbi529dr2vs0kmfiypd8w97slhdwpb-simple-sendfile-0.2.32.drv' to 'ssh-ng://j_kro@sentry'...
copying path '/nix/store/7731iacvzakaf2r063sp7aln867zxwd4-http-date-0.0.11.tar.gz.drv' to 'ssh-ng://j_kro@sentry'...
copying path '/nix/store/hwpgkqacd9azb2pghrnn4f7cnsjpqbmv-http-date-0.0.11.drv' to 'ssh-ng://j_kro@sentry'...
copying path '/nix/store/2ii5kbfl0fg9a8a7sgfq4lfz9jiraf94-asn1-encoding-0.9.6-r2.cabal.drv' to 'ssh-ng://j_kro@sentry'...
copying path '/nix/store/kyj61v9rp6i7njfbp7dvbk1azwllc5n8-asn1-types-0.3.4.tar.gz.drv' to 'ssh-ng://j_kro@sentry'...
copying path '/nix/store/fmlg994m0jjsr030a0rqldbmljmi4h6b-hourglass-pr-56.patch.drv' to 'ssh-ng://j_kro@sentry'...
copying path '/nix/store/r03cnbs1ir6ad1am08ja2agdl66za0n1-hourglass-0.2.12-r1.cabal.drv' to 'ssh-ng://j_kro@sentry'...
copying path '/nix/store/vx02fdk87wpr42r20k5hv1637azcii8y-hourglass-0.2.12.tar.gz.drv' to 'ssh-ng://j_kro@sentry'...
copying path '/nix/store/vgvy2kb3383abbhi5d3x5cwadyi0xwqg-hourglass-0.2.12.drv' to 'ssh-ng://j_kro@sentry'...
copying path '/nix/store/gg6703jyx1vmj0gzjb7gi3jghpkqn1ak-asn1-types-0.3.4.drv' to 'ssh-ng://j_kro@sentry'...
copying path '/nix/store/pxyhq5f4xny0ljhckrgi5n79yq4x8i9w-asn1-encoding-0.9.6.tar.gz.drv' to 'ssh-ng://j_kro@sentry'...
copying path '/nix/store/8fbppf25592qwdfr1n85m26pjzpfrk2d-asn1-encoding-0.9.6.drv' to 'ssh-ng://j_kro@sentry'...
copying path '/nix/store/rfz0nqk28hhlrxalb9zdms5mh1q83zs5-crypton-1.0.6.tar.gz.drv' to 'ssh-ng://j_kro@sentry'...
copying path '/nix/store/j4g0l6a8naf65cvn94hiksg559h9jc18-tasty-kat-0.0.3.tar.gz.drv' to 'ssh-ng://j_kro@sentry'...
copying path '/nix/store/wmz2g2w5mkahnm7hh07iil6bx5dk636j-tasty-kat-0.0.3.drv' to 'ssh-ng://j_kro@sentry'...
copying path '/nix/store/fj2w6d2fiyjah8zr2pvlawx8rnng82yx-crypton-1.0.6.drv' to 'ssh-ng://j_kro@sentry'...
copying path '/nix/store/g0pf47q2fh2f0az2z05afg91qdkax88w-crypton-x509-1.7.7-r1.cabal.drv' to 'ssh-ng://j_kro@sentry'...
copying path '/nix/store/jbb4wrk7avc9a32y4wh23la7dnn5xhi8-crypton-x509-1.7.7.tar.gz.drv' to 'ssh-ng://j_kro@sentry'...
copying path '/nix/store/2hpw79wallflmip7k80zkbyk4712gjz9-asn1-parse-0.9.5.tar.gz.drv' to 'ssh-ng://j_kro@sentry'...
copying path '/nix/store/k1aliac3kygzj5a2w37cdzhpj5inmb6p-asn1-parse-0.9.5.drv' to 'ssh-ng://j_kro@sentry'...
copying path '/nix/store/k3jgmhdh0qmw2fclz3h3czgds8xn70w8-crypton-x509-1.7.7.drv' to 'ssh-ng://j_kro@sentry'...
copying path '/nix/store/k8h3ab7s5i53cqbzj2xbgwf58swcz1gx-time-manager-0.2.4.tar.gz.drv' to 'ssh-ng://j_kro@sentry'...
copying path '/nix/store/lnkj6x3nr600h66nzw7jb17zgj8xjhqi-time-manager-0.2.4.drv' to 'ssh-ng://j_kro@sentry'...
copying path '/nix/store/1nc3ar322jlwdv6jz8knc2brxkpchxzj-mime-types-0.1.2.2.tar.gz.drv' to 'ssh-ng://j_kro@sentry'...
copying path '/nix/store/b27sksn6ic4cl16dhgsggmfgy63mnwdl-mime-types-0.1.2.2.drv' to 'ssh-ng://j_kro@sentry'...
copying path '/nix/store/aslqw05w30x5vvq5qby1712jdkpld8ps-appar-0.1.8.tar.gz.drv' to 'ssh-ng://j_kro@sentry'...
copying path '/nix/store/484h6zqkk3ma4r7s652ls9ppzd08k16b-appar-0.1.8.drv' to 'ssh-ng://j_kro@sentry'...
copying path '/nix/store/y7ga3pzm79hvcq2c21llhgqq9dlzn02k-byteorder-1.0.4.tar.gz.drv' to 'ssh-ng://j_kro@sentry'...
copying path '/nix/store/l4qix0fkxc22zzbir496g0dna4i6v6sq-byteorder-1.0.4.drv' to 'ssh-ng://j_kro@sentry'...
copying path '/nix/store/xbknzqcw921qi0q0xgwg4756444hj73g-iproute-1.7.15.tar.gz.drv' to 'ssh-ng://j_kro@sentry'...
copying path '/nix/store/qzif8b743ykww2ar2c6brbyj2ag9rr6c-iproute-1.7.15.drv' to 'ssh-ng://j_kro@sentry'...
copying path '/nix/store/rw754s91hj5kn4cx0kfzci38qr0xw2dl-http-client-0.7.19.tar.gz.drv' to 'ssh-ng://j_kro@sentry'...
copying path '/nix/store/lqjbpq88c7nwzw99cjslcyh9f4y1bgcn-http-client-0.7.19.drv' to 'ssh-ng://j_kro@sentry'...
copying path '/nix/store/9qxqg2j8di7a2ydjzz6d7n8i2x7lmvgy-689bf9ce12b8301d0e13a68e4a515c2779b62947.patch.drv' to 'ssh-ng://j_kro@sentry'...
copying path '/nix/store/inzbrn87jiay1prkcbdi4mc5r0lf34rn-source.drv' to 'ssh-ng://j_kro@sentry'...
copying path '/nix/store/ns3b0p0l2m7aca7njhmqhv9jj0ini6s5-bsb-http-chunked-0.0.0.4.drv' to 'ssh-ng://j_kro@sentry'...
copying path '/nix/store/ddhbh01bsrh6dbrcc7y0l0kmxvsjlidg-network-byte-order-0.1.8.tar.gz.drv' to 'ssh-ng://j_kro@sentry'...
copying path '/nix/store/42fmgpfwg9l7il9q1izz044k0xf4wfg8-network-byte-order-0.1.8.drv' to 'ssh-ng://j_kro@sentry'...
copying path '/nix/store/8abjlhkm3xng8wkb2dd8a9pg0chcrki5-http2-5.3.10.tar.gz.drv' to 'ssh-ng://j_kro@sentry'...
copying path '/nix/store/wbs9lbs147a222sciiy1lbbhh1xrw08l-attoparsec-aeson-2.2.2.0.tar.gz.drv' to 'ssh-ng://j_kro@sentry'...
copying path '/nix/store/8af67n6vhf7d8y6d9bcf0i4gfp2v56m5-attoparsec-aeson-2.2.2.0.drv' to 'ssh-ng://j_kro@sentry'...
copying path '/nix/store/q58az20i2g4c5hc5kp358y2xccwyg8lj-cmdargs-0.10.22.tar.gz.drv' to 'ssh-ng://j_kro@sentry'...
copying path '/nix/store/9238mf58a6s1lpzak9p9x42db884x0zz-cmdargs-0.10.22.drv' to 'ssh-ng://j_kro@sentry'...
copying path '/nix/store/xlln6gazjx36q53ydmllwzaw3pvxds8x-aeson-pretty-0.8.10.tar.gz.drv' to 'ssh-ng://j_kro@sentry'...
copying path '/nix/store/bibzmh8x1nmnixdrkkdvl0g4iid01m52-aeson-pretty-0.8.10.drv' to 'ssh-ng://j_kro@sentry'...
copying path '/nix/store/grj460g1d2052kpsgbndqm8wpyprmcfl-network-run-0.4.4.tar.gz.drv' to 'ssh-ng://j_kro@sentry'...
copying path '/nix/store/iaw9alcs990lnkgk1dzhfxda94l274w6-network-run-0.4.4.drv' to 'ssh-ng://j_kro@sentry'...
copying path '/nix/store/fds5kl5jkssz1s2g6v3v7i9ca671llrs-http-semantics-0.3.0.tar.gz.drv' to 'ssh-ng://j_kro@sentry'...
copying path '/nix/store/x92nlgn1nla5bdib4gkff9vznn1zr52l-http-semantics-0.3.0.drv' to 'ssh-ng://j_kro@sentry'...
copying path '/nix/store/h6iz9lavs5q3bg46qx8rgmdglbjbwmlx-pretty-simple-4.1.4.0.tar.gz.drv' to 'ssh-ng://j_kro@sentry'...
copying path '/nix/store/man4l7hb2i0wd44csdy6q0dr7hm5pr1x-pretty-simple-4.1.4.0.drv' to 'ssh-ng://j_kro@sentry'...
copying path '/nix/store/9xqw5kqrqy4rz2xwjmc2284y0cvgagnv-psqueues-0.2.8.3.tar.gz.drv' to 'ssh-ng://j_kro@sentry'...
copying path '/nix/store/nx1l1cpd9cfvrgp36q1ijdvmq23dx0kh-psqueues-0.2.8.3.drv' to 'ssh-ng://j_kro@sentry'...
copying path '/nix/store/pl2k1mmvhy06my51ray901mdjpc81dk0-network-control-0.1.7.tar.gz.drv' to 'ssh-ng://j_kro@sentry'...
copying path '/nix/store/xr5xc9ppq4bbafzrndfz6fvyk8nqmsqc-network-control-0.1.7.drv' to 'ssh-ng://j_kro@sentry'...
copying path '/nix/store/ymigqb5dpgrhj2kjxi5xnmmklvrq0jy1-http2-5.3.10-r1.cabal.drv' to 'ssh-ng://j_kro@sentry'...
copying path '/nix/store/q1gj2ji9kr8b1dmg93zk7fpwvhxcbsz5-http2-5.3.10.drv' to 'ssh-ng://j_kro@sentry'...
copying path '/nix/store/q16rr0q3c225rn84gvzqjl0ara7c1nya-word8-0.1.3.tar.gz.drv' to 'ssh-ng://j_kro@sentry'...
copying path '/nix/store/wjv56dgalh5azl95r3vya92dd1ywl47c-word8-0.1.3.drv' to 'ssh-ng://j_kro@sentry'...
copying path '/nix/store/dw349ys9gx0nz5kk89b92ikphayy2glk-warp-3.4.9.drv' to 'ssh-ng://j_kro@sentry'...
copying path '/nix/store/2hn40gk9rim7g2c3h7xs0jgza8xvl1lg-wai-logger-2.5.0.tar.gz.drv' to 'ssh-ng://j_kro@sentry'...
copying path '/nix/store/hvk4m2z0jh1lwqsz9vyxn52g65797rv6-wai-logger-2.5.0.drv' to 'ssh-ng://j_kro@sentry'...
copying path '/nix/store/bkqk27c64ajrw3bphy8k22n8784c1i22-wai-extra-3.1.18.drv' to 'ssh-ng://j_kro@sentry'...
copying path '/nix/store/gadmcavliwffxa8dpikwr7hb8mv1b649-servant-server-0.20.3.0-r3.cabal.drv' to 'ssh-ng://j_kro@sentry'...
copying path '/nix/store/9s9sb9hv04cz5km07a786z08b54vhkna-hspec-wai-0.11.1.tar.gz.drv' to 'ssh-ng://j_kro@sentry'...
copying path '/nix/store/im099rvxjp0z828yx1v29mjcpx16baya-hspec-wai-0.11.1.drv' to 'ssh-ng://j_kro@sentry'...
copying path '/nix/store/8qk1nh5q9ln28c7f0kapcjznad8ix54m-singleton-bool-0.1.8.tar.gz.drv' to 'ssh-ng://j_kro@sentry'...
copying path '/nix/store/4mpx5ngnwi818s9jkirxnyxlhy4lnzg1-some-1.0.6-r3.cabal.drv' to 'ssh-ng://j_kro@sentry'...
copying path '/nix/store/pvy5k8azl10mhm39z565lfs2j8cvhfr0-some-1.0.6.tar.gz.drv' to 'ssh-ng://j_kro@sentry'...
copying path '/nix/store/f41jj5hh4avrfbzfcsll19hw0yxdzm52-some-1.0.6.drv' to 'ssh-ng://j_kro@sentry'...
copying path '/nix/store/br8p0wszniyzk5y556mm2b2ah813cda9-dec-0.0.6.tar.gz.drv' to 'ssh-ng://j_kro@sentry'...
copying path '/nix/store/c2gbc7wkv4rvl30pc3i458v7pl1022yx-dec-0.0.6-r1.cabal.drv' to 'ssh-ng://j_kro@sentry'...
copying path '/nix/store/m8ll9shngi720xf4kf2wf7jq8y0xyv6x-dec-0.0.6.drv' to 'ssh-ng://j_kro@sentry'...
copying path '/nix/store/vwnidc4rvwcd58vgmy0xlvb0xjrlgcni-singleton-bool-0.1.8-r1.cabal.drv' to 'ssh-ng://j_kro@sentry'...
copying path '/nix/store/7wdcfd7nlfkjm4wv1j2mzpyxc6kfjj2j-singleton-bool-0.1.8.drv' to 'ssh-ng://j_kro@sentry'...
copying path '/nix/store/kdscc86l1ks0p2334c1847bpda76n4kz-servant-0.20.3.0.tar.gz.drv' to 'ssh-ng://j_kro@sentry'...
copying path '/nix/store/1c7s6whm8jcdr08yzgk9ckrifnqyb9qm-generics-sop-0.5.1.4.tar.gz.drv' to 'ssh-ng://j_kro@sentry'...
copying path '/nix/store/7z24l7410521h39yvi5jv16pdg50zvla-generics-sop-0.5.1.4-r3.cabal.drv' to 'ssh-ng://j_kro@sentry'...
copying path '/nix/store/1za9qkab0f6w6g8aa5cjx57iycsxih2j-sop-core-0.5.0.2.tar.gz.drv' to 'ssh-ng://j_kro@sentry'...
copying path '/nix/store/p2frvhsjvwcwb7wi8k2q4igygccbgvq9-sop-core-0.5.0.2-r6.cabal.drv' to 'ssh-ng://j_kro@sentry'...
copying path '/nix/store/sm9v6955rx55w7nsf2xyi1nmspjq669k-sop-core-0.5.0.2.drv' to 'ssh-ng://j_kro@sentry'...
copying path '/nix/store/kqgq120m1s9n73f7w72l8yw2ayikj4v9-generics-sop-0.5.1.4.drv' to 'ssh-ng://j_kro@sentry'...
copying path '/nix/store/434icv29hvzipc51wgavk307rpgl0pjs-http-api-data-0.6.3.tar.gz.drv' to 'ssh-ng://j_kro@sentry'...
copying path '/nix/store/rixwrn63l8w3j0xigdv1f3aqdyncr99k-http-api-data-0.6.3.drv' to 'ssh-ng://j_kro@sentry'...
copying path '/nix/store/x01fb3vagbhf3z1dkr0yjl4m8mvx00k3-servant-0.20.3.0-r3.cabal.drv' to 'ssh-ng://j_kro@sentry'...
copying path '/nix/store/lzb2faf35djjmzc0bfgz0jgj8g8lcw6s-servant-0.20.3.0.drv' to 'ssh-ng://j_kro@sentry'...
copying path '/nix/store/71p0h2012bw3jfr6k8jlvz8qrn1dpk3i-cryptohash-md5-0.11.101.0.tar.gz.drv' to 'ssh-ng://j_kro@sentry'...
copying path '/nix/store/n17d7fqiii2rkym95qfc7dxr2hwh03g8-cryptohash-md5-0.11.101.0-r6.cabal.drv' to 'ssh-ng://j_kro@sentry'...
copying path '/nix/store/1lniialnwpdsvn9ylrlid8dm1q1cpkri-crypto-api-0.13.3-r1.cabal.drv' to 'ssh-ng://j_kro@sentry'...
copying path '/nix/store/b1nxfj5jx9r45i3cvvpdcrjgjdy5v485-entropy-0.4.1.11-r1.cabal.drv' to 'ssh-ng://j_kro@sentry'...
copying path '/nix/store/xm62kh536yqd1k95yp3phgz6ma7ycs3a-entropy-0.4.1.11.tar.gz.drv' to 'ssh-ng://j_kro@sentry'...
copying path '/nix/store/3k19rgaylpadgx2c70rd1mhwg5wxsxx8-entropy-0.4.1.11.drv' to 'ssh-ng://j_kro@sentry'...
copying path '/nix/store/5bj69bsvnalwa2mw3j82vphfkm5snl28-crypto-api-0.13.3.tar.gz.drv' to 'ssh-ng://j_kro@sentry'...
copying path '/nix/store/yq2qj8yn4z9mxvrhxxb26hrggd29vis3-cereal-0.5.8.3.tar.gz.drv' to 'ssh-ng://j_kro@sentry'...
copying path '/nix/store/z55r28q4b2j6cya9xgbaf3vzjab0yx8v-cereal-0.5.8.3.drv' to 'ssh-ng://j_kro@sentry'...
copying path '/nix/store/93q25hfna1jdd4250f5zi0ckj75vry47-crypto-api-0.13.3.drv' to 'ssh-ng://j_kro@sentry'...
copying path '/nix/store/c0fsvmqy6f49dsahmmk22w2m1agc3w7w-pureMD5-2.1.4.tar.gz.drv' to 'ssh-ng://j_kro@sentry'...
copying path '/nix/store/lvfw8wqcyikpd0vjgdcgrww8lc5l7k04-pretty-hex-1.1.tar.gz.drv' to 'ssh-ng://j_kro@sentry'...
copying path '/nix/store/qk217rp12nxwvijdqxbm78v1vnynxh7y-pretty-hex-1.1.drv' to 'ssh-ng://j_kro@sentry'...
copying path '/nix/store/l2qpiqldwmhy6db22cn2is7zqxzs4jrb-crypto-api-tests-0.3.tar.gz.drv' to 'ssh-ng://j_kro@sentry'...
copying path '/nix/store/xnp5yrrphnnp8vmaayj34dnkx1bz6ipl-crypto-api-tests-0.3.drv' to 'ssh-ng://j_kro@sentry'...
copying path '/nix/store/xj32w5hs9gxv7vqqnmn1rzc56iicgcck-pureMD5-2.1.4.drv' to 'ssh-ng://j_kro@sentry'...
copying path '/nix/store/61dq7968s307c6290nq5sb2c5pl95r6f-cryptohash-md5-0.11.101.0.drv' to 'ssh-ng://j_kro@sentry'...
copying path '/nix/store/hqscr492pzps1ndbil2wppaj30anlbkf-wai-app-static-3.1.9.1.tar.gz.drv' to 'ssh-ng://j_kro@sentry'...
copying path '/nix/store/gwjrhj7ays1kqa9323ip11cznwwxjrir-file-embed-0.0.16.0.tar.gz.drv' to 'ssh-ng://j_kro@sentry'...
copying path '/nix/store/yd8kbp42kfap988i21mp7gqj1ii6z2l2-file-embed-0.0.16.0.drv' to 'ssh-ng://j_kro@sentry'...
copying path '/nix/store/mr619y3z3v6b776h30rbiki66nd8xdmk-wai-app-static-3.1.9.1.drv' to 'ssh-ng://j_kro@sentry'...
copying path '/nix/store/m9rmmync5hgwfwcqaigxq03x3xyivnlr-should-not-typecheck-2.1.0.tar.gz.drv' to 'ssh-ng://j_kro@sentry'...
copying path '/nix/store/w6fjmzc15r0a6fald0pr76rq0lkvwava-should-not-typecheck-2.1.0.drv' to 'ssh-ng://j_kro@sentry'...
copying path '/nix/store/pf09748izr4q4rn27a5k062mwj0a2akz-servant-server-0.20.3.0.drv' to 'ssh-ng://j_kro@sentry'...
copying path '/nix/store/v5pha7n832x2kqr80z666fqjm16lvjl3-pandoc-server-0.1.0.11.tar.gz.drv' to 'ssh-ng://j_kro@sentry'...
copying path '/nix/store/4w8gylmnm2sxhbfsvppxny49ygb08ay1-trifecta-2.1.4-r2.cabal.drv' to 'ssh-ng://j_kro@sentry'...
copying path '/nix/store/s9nvsqdyl12sglm3czwrjd7qq3n39c4p-fingertree-0.1.6.3.tar.gz.drv' to 'ssh-ng://j_kro@sentry'...
copying path '/nix/store/70ssb49pclcp865qmgsql2vvh36p4c73-fingertree-0.1.6.3.drv' to 'ssh-ng://j_kro@sentry'...
copying path '/nix/store/7722djjzlznk0hvhjjiybzyywaq1l0ls-reducers-3.12.5.tar.gz.drv' to 'ssh-ng://j_kro@sentry'...
copying path '/nix/store/hr81wyg3mhk52fjzs6gvgppy6vl21375-reducers-3.12.5-r1.cabal.drv' to 'ssh-ng://j_kro@sentry'...
copying path '/nix/store/9lf9pc5s002chv0ylcyjcn4h7knfanrk-reducers-3.12.5.drv' to 'ssh-ng://j_kro@sentry'...
copying path '/nix/store/rybk38by03z2jz4gvlzlcnpx2pw4yfkx-charset-0.3.12.drv' to 'ssh-ng://j_kro@sentry'...
copying path '/nix/store/vdg22zw9g6lzav5cwdmzbh25x5153q5n-parsers-0.12.12.tar.gz.drv' to 'ssh-ng://j_kro@sentry'...
copying path '/nix/store/zprb1cynddlfwpgp6pbgr420mscyz7fd-parsers-0.12.12-r1.cabal.drv' to 'ssh-ng://j_kro@sentry'...
copying path '/nix/store/bmp1qfblj7ah9nys0pfib8a115hz8b1z-parsers-0.12.12.drv' to 'ssh-ng://j_kro@sentry'...
copying path '/nix/store/jzamv3ask83yqvpnj54j3dk66bl86s5l-free-5.2-r8.cabal.drv' to 'ssh-ng://j_kro@sentry'...
copying path '/nix/store/bsmhcf5c5jsaxmb52nx1xlbd4gq9b64v-free-5.2.drv' to 'ssh-ng://j_kro@sentry'...
copying path '/nix/store/fmlnl23cd8c9948sasl2rrxr4fihhz8a-lens-5.3.6.tar.gz.drv' to 'ssh-ng://j_kro@sentry'...
copying path '/nix/store/4kbzwnaki5k2grqkcg0dvrsvnkp7xdy3-kan-extensions-5.2.8.tar.gz.drv' to 'ssh-ng://j_kro@sentry'...
copying path '/nix/store/96yry7dqxzrdrjpb3lr2pnx8yj6z0kzg-invariant-0.6.5.tar.gz.drv' to 'ssh-ng://j_kro@sentry'...
copying path '/nix/store/b67vk8fnyjlqrd9m2f6g31cm05wpgkks-invariant-0.6.5.drv' to 'ssh-ng://j_kro@sentry'...
copying path '/nix/store/bk01vwb1pi1yv753k3120m5y8cq1g23b-adjunctions-4.4.4.tar.gz.drv' to 'ssh-ng://j_kro@sentry'...
copying path '/nix/store/f24kl0vr92rpn4h0xds3fycg8x78slc3-adjunctions-4.4.4.drv' to 'ssh-ng://j_kro@sentry'...
copying path '/nix/store/nsh3yq786xj97nxhnzplapvd4lzm3i76-kan-extensions-5.2.8.drv' to 'ssh-ng://j_kro@sentry'...
copying path '/nix/store/vnf71hl1zmimnln43ki9h0hf5fwz6gv9-simple-reflect-0.3.3.tar.gz.drv' to 'ssh-ng://j_kro@sentry'...
copying path '/nix/store/pr8zm19yz6xgigws0rccp6p3wrpwqz8j-simple-reflect-0.3.3.drv' to 'ssh-ng://j_kro@sentry'...
copying path '/nix/store/wzhcg480k1rghz57iaki05jdlmcczjv9-reflection-2.1.9-r1.cabal.drv' to 'ssh-ng://j_kro@sentry'...
copying path '/nix/store/z2cb3q4l58pgxns4160ddg8yi73gd0k0-reflection-2.1.9.tar.gz.drv' to 'ssh-ng://j_kro@sentry'...
copying path '/nix/store/ych2rzdx14jia0al8b129b7jzw53ic4c-reflection-2.1.9.drv' to 'ssh-ng://j_kro@sentry'...
copying path '/nix/store/hjrdyhzb4y8r1nn4hg0nkahfz241wmpg-lens-5.3.6.drv' to 'ssh-ng://j_kro@sentry'...
copying path '/nix/store/l6424gxxwkgyg1hsjd5wk6cjnn45z2gl-trifecta-2.1.4.tar.gz.drv' to 'ssh-ng://j_kro@sentry'...
copying path '/nix/store/5wf3l8qnv1nkhz0168cb20q4rp2ylwc9-trifecta-2.1.4.drv' to 'ssh-ng://j_kro@sentry'...
copying path '/nix/store/xn2sbsczpj2kyy6ngcadznfjkfalgz4c-tree-diff-0.3.4-r2.cabal.drv' to 'ssh-ng://j_kro@sentry'...
copying path '/nix/store/zv8mpz4zbajy7ffqz62amvpinxgd02li-tree-diff-0.3.4.tar.gz.drv' to 'ssh-ng://j_kro@sentry'...
copying path '/nix/store/b7mrahf32xr754351wm1wqdvjbm67ss9-tree-diff-0.3.4.drv' to 'ssh-ng://j_kro@sentry'...
copying path '/nix/store/bccmn6gs7wis9rqwvc1q8fai10adijyb-haddock-library-1.11.0-r5.cabal.drv' to 'ssh-ng://j_kro@sentry'...
copying path '/nix/store/pwrc02hsww9kshbqvfpaisyrnf53vcfl-haddock-library-1.11.0.tar.gz.drv' to 'ssh-ng://j_kro@sentry'...
copying path '/nix/store/3g6slbcj3bhhgxqxpc57cdlmf094p2b6-haddock-library-1.11.0.drv' to 'ssh-ng://j_kro@sentry'...
copying path '/nix/store/j4g7s4nmfq7psx6rmvdilyga3ybclkpa-alex-3.5.4.2.drv' to 'ssh-ng://j_kro@sentry'...
copying path '/nix/store/mxyrc5mbn8gskzlghc56rsb8y0v88p0s-markdown-unlit-0.6.0.tar.gz.drv' to 'ssh-ng://j_kro@sentry'...
copying path '/nix/store/nkbiz8m00k9c2cnvicjjz77wwq0ia6q5-markdown-unlit-0.6.0.drv' to 'ssh-ng://j_kro@sentry'...
copying path '/nix/store/vld40028yw3a46sgjb3wfh4y8b34rbch-toml-parser-2.0.2.0-r2.cabal.drv' to 'ssh-ng://j_kro@sentry'...
copying path '/nix/store/zm20wanr30wb9lawpnn9mjakf7b1wyr8-toml-parser-2.0.2.0.tar.gz.drv' to 'ssh-ng://j_kro@sentry'...
copying path '/nix/store/17qf3zgkprgfs2bm9fziyvkkywf4v0mg-toml-parser-2.0.2.0.drv' to 'ssh-ng://j_kro@sentry'...
copying path '/nix/store/hrhpfihw9bwnj56qmd8fhyd3hdyk9c1m-setenv-0.1.1.3.tar.gz.drv' to 'ssh-ng://j_kro@sentry'...
copying path '/nix/store/w4p1253924sfsvj5z1vp1155kgilyp88-setenv-0.1.1.3-r1.cabal.drv' to 'ssh-ng://j_kro@sentry'...
copying path '/nix/store/6x8y9clnp7mkrkafrksq0b7izrhn0glq-setenv-0.1.1.3.drv' to 'ssh-ng://j_kro@sentry'...
copying path '/nix/store/ha453958n3h3nbcc21pfw2xbzphcggsn-doctest-parallel-0.4.1.tar.gz.drv' to 'ssh-ng://j_kro@sentry'...
copying path '/nix/store/pgnzzgk4vspnj6g8m2c5wqm2035ifdrc-extra-1.8.1.drv' to 'ssh-ng://j_kro@sentry'...
copying path '/nix/store/v3yr240jh5yyb2bhby6rs59givz1hqpz-ghc-exactprint-1.10.0.0.tar.gz.drv' to 'ssh-ng://j_kro@sentry'...
copying path '/nix/store/rjjc5kvhp06w0ggbb80s6vmxy26in5kl-ghc-exactprint-1.10.0.0.drv' to 'ssh-ng://j_kro@sentry'...
copying path '/nix/store/8pvzkj1lapm9xj5nrbbc2wcg0b2llwvh-doctest-parallel-0.4.1.drv' to 'ssh-ng://j_kro@sentry'...
copying path '/nix/store/slbz5kds7saxbndr4p7h3z37cy8wzn40-regex-tdfa-1.3.2.5.tar.gz.drv' to 'ssh-ng://j_kro@sentry'...
copying path '/nix/store/1ggs2zwzdrg8fgjhlk1xvcd9waiq7vzq-regex-tdfa-1.3.2.5.drv' to 'ssh-ng://j_kro@sentry'...
copying path '/nix/store/288lr9b88fgy2kynrcwaiij4d6nhm4vb-cassava-0.5.4.1.tar.gz.drv' to 'ssh-ng://j_kro@sentry'...
copying path '/nix/store/al65baxgfksqadp9ra8afln7r0n3r5md-Only-0.1-r2.cabal.drv' to 'ssh-ng://j_kro@sentry'...
copying path '/nix/store/qrgal081r8y3mrzfjzi02n9dss7f30jd-Only-0.1.tar.gz.drv' to 'ssh-ng://j_kro@sentry'...
copying path '/nix/store/rnwnm4xv5zmp18lpb06ad11b3hmzwkv2-Only-0.1.drv' to 'ssh-ng://j_kro@sentry'...
copying path '/nix/store/33wqsq7hsax5rxp3m9xh84zk5k8jjrma-cassava-0.5.4.1.drv' to 'ssh-ng://j_kro@sentry'...
copying path '/nix/store/60vf2s5dvkfqj37zwd10br6pb398yfy3-ordered-containers-0.2.4.tar.gz.drv' to 'ssh-ng://j_kro@sentry'...
copying path '/nix/store/h4pfsmq2pizbifi1ds62bsx6x6jvyx8y-ordered-containers-0.2.4.drv' to 'ssh-ng://j_kro@sentry'...
copying path '/nix/store/2iry1vl6qmblf3bl075hwcq70gr91igx-raw-strings-qq-1.1.tar.gz.drv' to 'ssh-ng://j_kro@sentry'...
copying path '/nix/store/1gnwhq6lqvicaxxnp3si7acj2g7ya28m-raw-strings-qq-1.1.drv' to 'ssh-ng://j_kro@sentry'...
copying path '/nix/store/6ixhvq7m93g063k9axy70pdvskg5hnqf-yaml-0.11.11.2.tar.gz.drv' to 'ssh-ng://j_kro@sentry'...
copying path '/nix/store/jk1rgah3z275y94ncfz3h4zdd7a7izfd-yaml-0.11.11.2-r2.cabal.drv' to 'ssh-ng://j_kro@sentry'...
copying path '/nix/store/xcf768pivri0n1l3zqzlrr22137b121c-libyaml-0.1.4.tar.gz.drv' to 'ssh-ng://j_kro@sentry'...
copying path '/nix/store/jkj04cx69ghnydsv2lnjc041zgwpap1r-libyaml-clib-0.2.5.tar.gz.drv' to 'ssh-ng://j_kro@sentry'...
copying path '/nix/store/y0gcvpfbx4hwr0hc1k456phpvi8hvk1d-libyaml-clib-0.2.5.drv' to 'ssh-ng://j_kro@sentry'...
copying path '/nix/store/x8h93jahkhs4znw9smgqvv6xyz89lb8f-libyaml-0.1.4.drv' to 'ssh-ng://j_kro@sentry'...
copying path '/nix/store/pajcm4v1s8js04qq9dy5q639fxarmmsf-yaml-0.11.11.2.drv' to 'ssh-ng://j_kro@sentry'...
copying path '/nix/store/kfrysys3yp8wn1lzkb61kx2i3vw6l8wj-typst-symbols-0.1.8.1.tar.gz.drv' to 'ssh-ng://j_kro@sentry'...
copying path '/nix/store/sxsr0xpqw09h5fm323k1kazx5pdppl45-typst-symbols-0.1.8.1.drv' to 'ssh-ng://j_kro@sentry'...
copying path '/nix/store/zbwc9n4f89xzjg825h669ygsnmkfk68l-typst-0.8.0.2.tar.gz.drv' to 'ssh-ng://j_kro@sentry'...
copying path '/nix/store/5n5knhwkpg3nq5vxz47hvn1yx3l1fscs-typst-0.8.0.2.drv' to 'ssh-ng://j_kro@sentry'...
copying path '/nix/store/d36w7k90yns6nzrs6pdjifb9dryyav71-uniplate-1.6.13.tar.gz.drv' to 'ssh-ng://j_kro@sentry'...
copying path '/nix/store/x5x6748slvr84420k5znskb3j168ljz3-uniplate-1.6.13-r1.cabal.drv' to 'ssh-ng://j_kro@sentry'...
copying path '/nix/store/ncxn5i625im4i3nxn1iz2kd7w56n5r56-uniplate-1.6.13.drv' to 'ssh-ng://j_kro@sentry'...
copying path '/nix/store/pwlma6ichvd78qm2ac46v9lw1ir00vws-citeproc-0.9.0.1.tar.gz.drv' to 'ssh-ng://j_kro@sentry'...
copying path '/nix/store/13xrz43q8zjv8wpixfibj2mz13qsvrdw-timeit-2.0-r2.cabal.drv' to 'ssh-ng://j_kro@sentry'...
copying path '/nix/store/cs8hwicbhfwbcidilc24pbd2x570gj8l-timeit-2.0.tar.gz.drv' to 'ssh-ng://j_kro@sentry'...
copying path '/nix/store/wfv4203bh7wnabdgyqwljv9p36193s61-timeit-2.0.drv' to 'ssh-ng://j_kro@sentry'...
copying path '/nix/store/925apg3a5is7hvz14ld6dk3pap40ni8g-citeproc-0.9.0.1.drv' to 'ssh-ng://j_kro@sentry'...
copying path '/nix/store/3qfdgslabhhzcjv5kjq38c7gzj0lanj4-crypton-x509-store-1.6.14-r1.cabal.drv' to 'ssh-ng://j_kro@sentry'...
copying path '/nix/store/cbz01n00vlfpb5y664rkn564xq6jjl35-crypton-x509-store-1.6.14.tar.gz.drv' to 'ssh-ng://j_kro@sentry'...
copying path '/nix/store/22b7jjc0pvag8694zdlhbgfgpb79kpwl-crypton-x509-store-1.6.14.drv' to 'ssh-ng://j_kro@sentry'...
copying path '/nix/store/iirywbpfswyvyfbkxj95nqrv3803djlk-tls-2.1.8.tar.gz.drv' to 'ssh-ng://j_kro@sentry'...
copying path '/nix/store/652dg23kck51zgb0wb46d18570fac1my-cborg-0.2.10.0-r3.cabal.drv' to 'ssh-ng://j_kro@sentry'...
copying path '/nix/store/ai1slbspb3z0aagjzmyfhfcdncb4i21q-cborg-0.2.10.0.tar.gz.drv' to 'ssh-ng://j_kro@sentry'...
copying path '/nix/store/dhlijhqgiln7diqslc882ib72cdlnhdw-half-0.3.3.tar.gz.drv' to 'ssh-ng://j_kro@sentry'...
copying path '/nix/store/xdmsg7x3dnhgsh1d1drsv3bfg17pdbkv-half-0.3.3-r2.cabal.drv' to 'ssh-ng://j_kro@sentry'...
copying path '/nix/store/bvm99zbiyk95sbgxsa5hjz5k73v26wn8-half-0.3.3.drv' to 'ssh-ng://j_kro@sentry'...
copying path '/nix/store/mjwlnacq8fzv4adgkzkfzxyablncrqym-cborg-i686-support-upstream.patch.drv' to 'ssh-ng://j_kro@sentry'...
copying path '/nix/store/p170yr2gk27zn6p93v8ijs072fg46bxp-cborg-no-gate-on-ghc-prim-version.patch.drv' to 'ssh-ng://j_kro@sentry'...
copying path '/nix/store/32f1z4z6hdsqlbigjil2mxzp580wdwi7-cborg-0.2.10.0.drv' to 'ssh-ng://j_kro@sentry'...
copying path '/nix/store/7xlicj6jf8gf7fwmzj0hsv3b0cha7niv-serialise-0.2.6.1-r5.cabal.drv' to 'ssh-ng://j_kro@sentry'...
copying path '/nix/store/myd7zijmij47yanlrz4fsr7lliaflh0p-serialise-0.2.6.1.tar.gz.drv' to 'ssh-ng://j_kro@sentry'...
copying path '/nix/store/p0sm9q67dxlakiiww47pjwz19db654lp-serialise-0.2.6.1.drv' to 'ssh-ng://j_kro@sentry'...
copying path '/nix/store/85mxpvr9mkxnxjpcpbcc5jmxwbzg3hss-crypton-x509-validation-1.6.14-r1.cabal.drv' to 'ssh-ng://j_kro@sentry'...
copying path '/nix/store/9yjg5isi4gb65w4srjy6s3imv9bqgkfn-crypton-x509-validation-1.6.14.tar.gz.drv' to 'ssh-ng://j_kro@sentry'...
copying path '/nix/store/xh980q15q6cahjacq260i7q1m0ljz4sq-crypton-x509-validation-1.6.14.drv' to 'ssh-ng://j_kro@sentry'...
copying path '/nix/store/962d72m82hnvpr2kpbvksbbv6x23a1sd-tls-2.1.8.drv' to 'ssh-ng://j_kro@sentry'...
copying path '/nix/store/bd2mr3d1bw62f1n3y6kwlm03w7hp52h4-pandoc-skylighting-format-blaze-html-0.1.2.patch.drv' to 'ssh-ng://j_kro@sentry'...
copying path '/nix/store/q2wigdlhspjg5pd1kx3921mk8058gmw6-djot-0.1.4.tar.gz.drv' to 'ssh-ng://j_kro@sentry'...
copying path '/nix/store/blkjfsmmmbighxahd4xg9hq144vak24x-djot-0.1.4.drv' to 'ssh-ng://j_kro@sentry'...
copying path '/nix/store/8knsk6jc68lcn4j5nsar3rcskravk9dl-crypton-connection-0.4.5-r1.cabal.drv' to 'ssh-ng://j_kro@sentry'...
copying path '/nix/store/iir6048shr6xh99108bkm8dh33gjii2d-crypton-connection-0.4.5.tar.gz.drv' to 'ssh-ng://j_kro@sentry'...
copying path '/nix/store/nkvlr864fkmq47fiqd5kd56ljcw8mfs1-crypton-x509-system-1.6.8.tar.gz.drv' to 'ssh-ng://j_kro@sentry'...
copying path '/nix/store/srxsjckkbci1lhlm6a0vd7njqgzbiz4n-crypton-x509-system-1.6.8.drv' to 'ssh-ng://j_kro@sentry'...
copying path '/nix/store/fjzfa9wlf9s7ll48g2x19pi9m6fa4qiq-crypton-socks-0.6.2.tar.gz.drv' to 'ssh-ng://j_kro@sentry'...
copying path '/nix/store/ssmcb1v0qwmjsb41a95prngjpcr59rj1-crypton-socks-0.6.2.drv' to 'ssh-ng://j_kro@sentry'...
copying path '/nix/store/bpvxmgrv2c0s6m2zczrwj0qf0mn5yajd-crypton-connection-0.4.5.drv' to 'ssh-ng://j_kro@sentry'...
copying path '/nix/store/cxrymng8p8d6br3iy2xmsk0k5k77kcck-tagsoup-0.14.8.tar.gz.drv' to 'ssh-ng://j_kro@sentry'...
copying path '/nix/store/fmbf8jdv32r4rbq35x0darxanr3hx52f-tagsoup-0.14.8.drv' to 'ssh-ng://j_kro@sentry'...
copying path '/nix/store/c348vs0cs6nfykw8zzh6487bfz32zdhh-JuicyPixels-3.3.9.tar.gz.drv' to 'ssh-ng://j_kro@sentry'...
copying path '/nix/store/qflbbfp1z4i4z5qyn6vk37jaf4drls46-JuicyPixels-3.3.9-r1.cabal.drv' to 'ssh-ng://j_kro@sentry'...
copying path '/nix/store/gqn6jhqhiwk7d5z92v1ndhjyszdyc839-JuicyPixels-3.3.9.drv' to 'ssh-ng://j_kro@sentry'...
copying path '/nix/store/m3fs32kj2qn8ladg3k7y4mzbrn68a0vl-pandoc-3.7.0.2.tar.gz.drv' to 'ssh-ng://j_kro@sentry'...
copying path '/nix/store/20ff7vdqpl01x1v8bv82rqpsgknifbv8-ipynb-0.2.tar.gz.drv' to 'ssh-ng://j_kro@sentry'...
copying path '/nix/store/38ddi7dxl7ib9bq6j1lkbflllm5ilp1k-ipynb-0.2-r1.cabal.drv' to 'ssh-ng://j_kro@sentry'...
copying path '/nix/store/v0jvsqcadv5msxf2ni28ya920544vp81-microlens-aeson-2.5.2.tar.gz.drv' to 'ssh-ng://j_kro@sentry'...
copying path '/nix/store/v741knk3cbkyb6kg3ncbch2ggk17ckns-microlens-0.4.14.0.tar.gz.drv' to 'ssh-ng://j_kro@sentry'...
copying path '/nix/store/vi2fyyqwj1zrq5153a474ksflkfi3j21-microlens-0.4.14.0.drv' to 'ssh-ng://j_kro@sentry'...
copying path '/nix/store/4yj0hakx2riva39821w7ajv5q1223d6r-microlens-aeson-2.5.2.drv' to 'ssh-ng://j_kro@sentry'...
copying path '/nix/store/n8w6wpqfjprcj29a6fignlikjm4l0qv2-ipynb-0.2.drv' to 'ssh-ng://j_kro@sentry'...
copying path '/nix/store/65fpr4ws8g1hkxylb9zjfpm0zrs0sq8b-http-client-tls-0.3.6.4-r3.cabal.drv' to 'ssh-ng://j_kro@sentry'...
copying path '/nix/store/iyssyay24x8izb8vjd2as8a2ws0a1lw3-http-client-tls-0.3.6.4.tar.gz.drv' to 'ssh-ng://j_kro@sentry'...
copying path '/nix/store/r6jdkcwsksn96i7mxajn6fd8srgwpqxi-http-client-tls-0.3.6.4.drv' to 'ssh-ng://j_kro@sentry'...
copying path '/nix/store/ayk1j8bys7mx1w4kyhc4rr5bfi1164lr-commonmark-pandoc-0.2.3.tar.gz.drv' to 'ssh-ng://j_kro@sentry'...
copying path '/nix/store/rf2fdcaf5zk9qbx98g9p8zl87ipwc41r-commonmark-pandoc-0.2.3.drv' to 'ssh-ng://j_kro@sentry'...
copying path '/nix/store/r8kxcy06w1pg3d38ih9f641anvvcm5gn-gridtables-0.1.1.0.tar.gz.drv' to 'ssh-ng://j_kro@sentry'...
copying path '/nix/store/srf6127vkp0nadqrfb5xgcq1k1yx392q-gridtables-0.1.1.0.drv' to 'ssh-ng://j_kro@sentry'...
copying path '/nix/store/4ias5rvzkxvxsshdl5fvv7cirbldr93j-jira-wiki-markup-1.5.1.tar.gz.drv' to 'ssh-ng://j_kro@sentry'...
copying path '/nix/store/swm1jc0fcn4m2kp5dvih8mldffsld422-jira-wiki-markup-1.5.1.drv' to 'ssh-ng://j_kro@sentry'...
copying path '/nix/store/v49a09yxjjvfbqsqxsi8f2yyl70y1nzn-pandoc-djot-0.1.2.3.patch.drv' to 'ssh-ng://j_kro@sentry'...
copying path '/nix/store/zi4379al0kln1bs1zgfpkbz86lmm9vfd-digest-0.0.2.1.tar.gz.drv' to 'ssh-ng://j_kro@sentry'...
copying path '/nix/store/p7gjyaicx1pv72d8xibrnzkvs1f9hxx8-digest-0.0.2.1.drv' to 'ssh-ng://j_kro@sentry'...
copying path '/nix/store/w147vcqvdwg2zxwm0j3bb65kjvjcyhim-zip-archive-0.4.3.2.tar.gz.drv' to 'ssh-ng://j_kro@sentry'...
copying path '/nix/store/z9vzgk00qvpp51j8zn8x2aw07jsn8y7z-zip-archive-0.4.3.2-r1.cabal.drv' to 'ssh-ng://j_kro@sentry'...
copying path '/nix/store/wvs35psx0vh4r0lsm76l2f8isdfq0p3q-zip-archive-0.4.3.2.drv' to 'ssh-ng://j_kro@sentry'...
copying path '/nix/store/g8jjjrhrrgs3lmajdmiacbr5zsixgcfx-texmath-0.12.10.3.tar.gz.drv' to 'ssh-ng://j_kro@sentry'...
copying path '/nix/store/ybjsmf06qdjp64q67vfgcdyw985qm660-texmath-0.12.10.3.drv' to 'ssh-ng://j_kro@sentry'...
copying path '/nix/store/v94qjgp1fa39yj7w4ckkbi0byy9p1ra4-pandoc-3.7.0.2.drv' to 'ssh-ng://j_kro@sentry'...
copying path '/nix/store/1y8qzcdffcqyr4v804aqd1i96l49540r-pandoc-server-0.1.0.11.drv' to 'ssh-ng://j_kro@sentry'...
copying path '/nix/store/2ygxkqz6d0qj8d2q95qirvpk6dlkdgqd-tasty-hslua-1.1.1.1.tar.gz.drv' to 'ssh-ng://j_kro@sentry'...
copying path '/nix/store/fa5jm6nsw9sjblcqqh6f2fwr3ip36axj-lua-arbitrary-1.0.1.2.tar.gz.drv' to 'ssh-ng://j_kro@sentry'...
copying path '/nix/store/9l8k9vln9qlgf1qbsjdx5b2ayxvmjxn7-lua-2.3.4.tar.gz.drv' to 'ssh-ng://j_kro@sentry'...
copying path '/nix/store/7l3y063pbf5jb8f0k35hm5pyz6zkmgf0-lua-5.4.7.tar.gz.drv' to 'ssh-ng://j_kro@sentry'...
copying path '/nix/store/bhpgrdxm37r76gb2zkzsgdvkbwjwm77c-utils.sh.drv' to 'ssh-ng://j_kro@sentry'...
copying path '/nix/store/hbssxqd6h3mak2q4lqkq80pg4zk67jxk-lua-5.4.7.drv' to 'ssh-ng://j_kro@sentry'...
copying path '/nix/store/ps89b4fhcgfarppx98yl5m1kk1lxss1g-lua-2.3.4.drv' to 'ssh-ng://j_kro@sentry'...
copying path '/nix/store/bqsqplx368rvwqkd000vy43l6awwc0vj-lua-arbitrary-1.0.1.2.drv' to 'ssh-ng://j_kro@sentry'...
copying path '/nix/store/kx2yvlgqfsmicvd11pziihz7a928nx64-hslua-core-2.3.2.1.tar.gz.drv' to 'ssh-ng://j_kro@sentry'...
copying path '/nix/store/kfjcvafyrks0jc7m2a01qzx8w3xfhp9q-hslua-core-2.3.2.1.drv' to 'ssh-ng://j_kro@sentry'...
copying path '/nix/store/2vrgfa5mf8c4xwaczn1z2bb5iii8jmkb-tasty-hslua-1.1.1.1.drv' to 'ssh-ng://j_kro@sentry'...
copying path '/nix/store/rv86cwlv4m1zbm7zxnmcjmrlx3xwh31l-hslua-marshalling-2.3.2.tar.gz.drv' to 'ssh-ng://j_kro@sentry'...
copying path '/nix/store/2m13xmwi2pzqrxp64n9p30cm3a3kxyqw-hslua-marshalling-2.3.2.drv' to 'ssh-ng://j_kro@sentry'...
copying path '/nix/store/q606s3phm5n8k8rcafwjp8zywlyz51di-hslua-cli-1.4.4.tar.gz.drv' to 'ssh-ng://j_kro@sentry'...
copying path '/nix/store/vjjxjr2sjjx5zhh2mcvc8zsy07bgg6jr-hslua-repl-0.1.2.tar.gz.drv' to 'ssh-ng://j_kro@sentry'...
copying path '/nix/store/60l223nby7a831l9jj4h38kjgxjlxaqv-isocline-1.0.9.tar.gz.drv' to 'ssh-ng://j_kro@sentry'...
copying path '/nix/store/ykmwn3hp8kv40yb2dgh3hiy8nkf44sjh-isocline-1.0.9.drv' to 'ssh-ng://j_kro@sentry'...
copying path '/nix/store/wyf5yaw2fh6mymphc77ymlh96wziix2a-hslua-repl-0.1.2.drv' to 'ssh-ng://j_kro@sentry'...
copying path '/nix/store/8nclwa8s7f3800a9xbbs8gm5ry9wyz1r-hslua-cli-1.4.4.drv' to 'ssh-ng://j_kro@sentry'...
copying path '/nix/store/8nzg2i47d12lnakdg3244smyvvn0va9v-pandoc-cli-3.7.0.2.tar.gz.drv' to 'ssh-ng://j_kro@sentry'...
copying path '/nix/store/7kyqslhf94kxg0i93i5pxn8110nqn1j4-hslua-module-system-1.1.3.tar.gz.drv' to 'ssh-ng://j_kro@sentry'...
copying path '/nix/store/6ysn44vdlcs7n1rnyjhq5xqw2gzalxqd-hslua-typing-0.1.1.tar.gz.drv' to 'ssh-ng://j_kro@sentry'...
copying path '/nix/store/sb7ks0lqfh1y3mk8ifrjmghi9a0jbn6v-hslua-typing-0.1.1.drv' to 'ssh-ng://j_kro@sentry'...
copying path '/nix/store/wrp2830af0vh4fnp0zb2jxxz93qgaf6n-hslua-objectorientation-2.3.1.tar.gz.drv' to 'ssh-ng://j_kro@sentry'...
copying path '/nix/store/acxmzsi559d1i1d1awpxb7lfhb7hd5sh-hslua-objectorientation-2.3.1.drv' to 'ssh-ng://j_kro@sentry'...
copying path '/nix/store/j62v1z37f2dkhgpxpx7g2m3ka5kjzsyq-hslua-packaging-2.3.1.tar.gz.drv' to 'ssh-ng://j_kro@sentry'...
copying path '/nix/store/jq3b6r3zcjwanb7y71y5993c4h2ri8ql-hslua-packaging-2.3.1.drv' to 'ssh-ng://j_kro@sentry'...
copying path '/nix/store/f53bg98xqdyj2kbcd5si9ap4fhjymgy3-tasty-lua-1.1.2.tar.gz.drv' to 'ssh-ng://j_kro@sentry'...
copying path '/nix/store/whryw8jlw5pnjbdd7wn5y7ajz7mhhl8k-tasty-lua-1.1.2.drv' to 'ssh-ng://j_kro@sentry'...
copying path '/nix/store/17v3pbk978s3d3kb3qqz41fayaf46qww-hslua-module-system-1.1.3.drv' to 'ssh-ng://j_kro@sentry'...
copying path '/nix/store/hwmgsgs4pq5m9s1aw2w4k4mnm0x4iw52-hslua-module-path-1.1.1.tar.gz.drv' to 'ssh-ng://j_kro@sentry'...
copying path '/nix/store/21ib3rnnb0j6lz78r21ip4i7ir167vil-hslua-module-path-1.1.1.drv' to 'ssh-ng://j_kro@sentry'...
copying path '/nix/store/8bqvv68wqj9xmg1lk1wp11frmqld9r6i-hslua-2.3.1.tar.gz.drv' to 'ssh-ng://j_kro@sentry'...
copying path '/nix/store/vmbspgdpma2sjpgm36dql4nsxfzbcgz8-hslua-classes-2.3.2.tar.gz.drv' to 'ssh-ng://j_kro@sentry'...
copying path '/nix/store/h0ha41ndj0nrvvjiaffrgg9ydkyhh1wg-hslua-classes-2.3.2.drv' to 'ssh-ng://j_kro@sentry'...
copying path '/nix/store/483i29cvrmcf2gz3s2rjrp334pqlx3dr-hslua-aeson-2.3.2.tar.gz.drv' to 'ssh-ng://j_kro@sentry'...
copying path '/nix/store/k3vwfw9nc6p3d1lfcgq3f9vfx2j0wl10-hslua-aeson-2.3.2.drv' to 'ssh-ng://j_kro@sentry'...
copying path '/nix/store/6v1wklqgiqs582j4jpxa62ipwf0w57yq-hslua-2.3.1.drv' to 'ssh-ng://j_kro@sentry'...
copying path '/nix/store/7vz0dbx3p3yg2nwyjjkvvrrfnfh8z3lg-hslua-module-doclayout-1.2.0.1.tar.gz.drv' to 'ssh-ng://j_kro@sentry'...
copying path '/nix/store/445v6iqrbv805ak6wg7rb3gsqw27k3sl-hslua-module-doclayout-1.2.0.1.drv' to 'ssh-ng://j_kro@sentry'...
copying path '/nix/store/z22vcgvrh1vdzzjhch5074a4aizjb4xk-hslua-module-version-1.1.1.tar.gz.drv' to 'ssh-ng://j_kro@sentry'...
copying path '/nix/store/6pyml8bnknj77q2kil6vdkxvgkd8564p-hslua-module-version-1.1.1.drv' to 'ssh-ng://j_kro@sentry'...
copying path '/nix/store/zq4dyfw8jr89c13670s4yr4615qxdvxa-lpeg-1.1.0.1.tar.gz.drv' to 'ssh-ng://j_kro@sentry'...
copying path '/nix/store/iz6cwsk4p1pm4jgwijqppqhi7fhrwwx3-lpeg-1.1.0.1.drv' to 'ssh-ng://j_kro@sentry'...
copying path '/nix/store/1r8l9y1qr9dmc4zksczmfh5ifxk4bbnq-hslua-module-zip-1.1.4-r1.cabal.drv' to 'ssh-ng://j_kro@sentry'...
copying path '/nix/store/ilig3989aad775a7q3m1m0lis9z63xwm-hslua-list-1.1.4.tar.gz.drv' to 'ssh-ng://j_kro@sentry'...
copying path '/nix/store/6w8kxvb3narxr4ds8rkqqp34cszpkl9d-hslua-list-1.1.4.drv' to 'ssh-ng://j_kro@sentry'...
copying path '/nix/store/blmrg8yzjn5c5kcfy0g1ixapwwdyw3p2-hslua-module-zip-1.1.4.tar.gz.drv' to 'ssh-ng://j_kro@sentry'...
copying path '/nix/store/ngq2rj6z6n9jsh7w4mrjl6isavfl9am5-hslua-module-zip-1.1.4.drv' to 'ssh-ng://j_kro@sentry'...
copying path '/nix/store/4mjpvv8fi6vn0b9vp6k3nz489d61lcdb-hslua-module-text-1.1.1.tar.gz.drv' to 'ssh-ng://j_kro@sentry'...
copying path '/nix/store/pbfmqiw10j0xal1icp313nlzs1ps8s5p-hslua-module-text-1.1.1.drv' to 'ssh-ng://j_kro@sentry'...
copying path '/nix/store/v15746q3alihv8066px4yg2svr2l7rll-pandoc-lua-engine-0.4.3-r2.cabal.drv' to 'ssh-ng://j_kro@sentry'...
copying path '/nix/store/v9bfxcizazac7rfwqrw7yxc8d6bf7n4z-pandoc-lua-engine-0.4.3.tar.gz.drv' to 'ssh-ng://j_kro@sentry'...
copying path '/nix/store/wyl3rz7f74bcmrw89nj9x4jpyd1fr9pk-pandoc-lua-marshal-0.3.2.1.tar.gz.drv' to 'ssh-ng://j_kro@sentry'...
copying path '/nix/store/xkb7h584dr6ajdri79lhsvi1gyydcfqc-pandoc-lua-marshal-0.3.2.1.drv' to 'ssh-ng://j_kro@sentry'...
copying path '/nix/store/a3mln5wpnk0ifigzyk52ylbzmpr6lp9h-pandoc-lua-engine-0.4.3.drv' to 'ssh-ng://j_kro@sentry'...
copying path '/nix/store/ssa0l929ffy76x70rd7m33q70rhr37a6-pandoc-cli-3.7.0.2.drv' to 'ssh-ng://j_kro@sentry'...
copying path '/nix/store/zan5j54hzyaw9skps91fwfngz0n8w2fy-source.drv' to 'ssh-ng://j_kro@sentry'...
copying path '/nix/store/q4dh4qxvzxqsyhy9f3y8fxlawq28cvn9-nuspell-5.1.7.drv' to 'ssh-ng://j_kro@sentry'...
copying path '/nix/store/s24w8s03i3hz7xrkkwss20vf3krkrmsg-hspell-1.4.tar.gz.drv' to 'ssh-ng://j_kro@sentry'...
copying path '/nix/store/wf8gd4m8lah6fzrahijw8jwjfqr5qf54-hspell-1.4.drv' to 'ssh-ng://j_kro@sentry'...
copying path '/nix/store/dn38cmp5qb8h5v44j35cnnw8nfdlmn4a-enchant-2.6.9.drv' to 'ssh-ng://j_kro@sentry'...
copying path '/nix/store/vb18phm9ak4v8mhqqx822yfslkbzzvvl-Test-File-1.993.tar.gz.drv' to 'ssh-ng://j_kro@sentry'...
copying path '/nix/store/19xx67lm7rn6c3342w5slc52xvzh09r0-perl5.42.0-Test-File-1.993.drv' to 'ssh-ng://j_kro@sentry'...
copying path '/nix/store/pdijviyvfjk0q5jf7xcsz9cwlqhyfdh5-Path-Tiny-0.144.tar.gz.drv' to 'ssh-ng://j_kro@sentry'...
copying path '/nix/store/nh84rdi4q3vd9lnl5x2zilh5r8isa40z-perl5.42.0-Path-Tiny-0.144.drv' to 'ssh-ng://j_kro@sentry'...
copying path '/nix/store/g34s3w0brl7aymwfyrfwcqhzarc2728p-perl5.42.0-File-Copy-Recursive-0.45.drv' to 'ssh-ng://j_kro@sentry'...
copying path '/nix/store/95ygn3ii3n88925ckrssbhjqhyl1d58x-source.drv' to 'ssh-ng://j_kro@sentry'...
copying path '/nix/store/72qavai2hr42m5slvkrgwmgxbvkx4ay7-glib-networking-2.80.1.tar.xz.drv' to 'ssh-ng://j_kro@sentry'...
copying path '/nix/store/yndi5lay6lgsqq9wmvwvgylqg553w9fr-hardcode-gsettings.patch.drv' to 'ssh-ng://j_kro@sentry'...
copying path '/nix/store/g3nc4z2macfi6irymiysyqf3x8sig8xi-glib-networking-2.80.1.drv' to 'ssh-ng://j_kro@sentry'...
copying path '/nix/store/h8yzb2292pgpfix9kc80sisngqlrwz5x-geoclue-2.7.2.drv' to 'ssh-ng://j_kro@sentry'...
copying path '/nix/store/hhn2i98ykn5k2iibngbxwf3jlkx5adbb-stdenv-linux.drv' to 'ssh-ng://j_kro@sentry'...
copying path '/nix/store/4vrqcmmralwbfpw8r9jl70s51jkv0gni-source.drv' to 'ssh-ng://j_kro@sentry'...
copying path '/nix/store/i6j04ndxwz22bl1xq08ahdr71na576l4-hyphen-2.8.9.drv' to 'ssh-ng://j_kro@sentry'...
copying path '/nix/store/ggr060m91hx5a6hchi4dh3kgcd1pa6xf-unifdef-2.12.tar.xz.drv' to 'ssh-ng://j_kro@sentry'...
copying path '/nix/store/k8pywqb2apx05dycbgr08c00iqa7fihh-unifdef-2.12.drv' to 'ssh-ng://j_kro@sentry'...
copying path '/nix/store/lk1afnzbjhak1ab0yyzcj1xrdc2yinqr-fix_ftbfs_riscv64.patch.drv' to 'ssh-ng://j_kro@sentry'...
copying path '/nix/store/srw92928lzcgn9iichf64815gdk5c3c5-source.drv' to 'ssh-ng://j_kro@sentry'...
copying path '/nix/store/ymw61vyrh7naixhckwjii6vv749m48yb-0002-libbacktrace-Allow-configuring-debug-dir.patch' to 'ssh-ng://j_kro@sentry'...
copying path '/nix/store/nmap3x2fb9nq3bhwmr75wwi403jwiv63-libbacktrace-0-unstable-2026-05-03.drv' to 'ssh-ng://j_kro@sentry'...
copying path '/nix/store/5sa21j5jslmdzr755m1yjb9dqhwyrvbc-source.drv' to 'ssh-ng://j_kro@sentry'...
copying path '/nix/store/w21h0wnw7xmyk3plmqzg9sijq2knagyb-libhwy-1.4.0.drv' to 'ssh-ng://j_kro@sentry'...
copying path '/nix/store/bfdkvbv1dbjlqnxj7kwjidi3ly627l4c-source.drv' to 'ssh-ng://j_kro@sentry'...
copying path '/nix/store/ljh0fcpjkwhgjl0y07y427jysm6qy6jd-gperftools-2.17-disable-generic-dynamic-tls.patch.drv' to 'ssh-ng://j_kro@sentry'...
copying path '/nix/store/y0hm7szmqx8iv3v3cw1256cqh2jnm4s5-gperftools-2.18.1.drv' to 'ssh-ng://j_kro@sentry'...
copying path '/nix/store/zqszm0ga7i2a6w08c1lrzhm95d1qanla-source.drv' to 'ssh-ng://j_kro@sentry'...
copying path '/nix/store/x3nm008smbknj3pl27qi2b01gb8ci9v1-libjxl-0.12.0.drv' to 'ssh-ng://j_kro@sentry'...
copying path '/nix/store/w51f7lsr5yrjiix24j75zqlfdi23nlsc-xdg-dbus-proxy-0.1.7.tar.xz.drv' to 'ssh-ng://j_kro@sentry'...
copying path '/nix/store/zzz1x97fwcc5dskx6r0dmbxgw81hw7lm-xdg-dbus-proxy-0.1.7.drv' to 'ssh-ng://j_kro@sentry'...
copying path '/nix/store/87h9rhl0ripw5bkdwfwbx56qqnpl30rk-webkitgtk-2.52.5+abi=4.1.drv' to 'ssh-ng://j_kro@sentry'...
copying path '/nix/store/c28fgfrmfxdcbqwwdi8f1bn1m7l5a7ry-source.drv' to 'ssh-ng://j_kro@sentry'...
copying path '/nix/store/9g722as6rwk34frk5fjqxv2yf0dy4idm-p7zip-17.06.drv' to 'ssh-ng://j_kro@sentry'...
copying path '/nix/store/85vsjvzwl5km9pif2r05230mx8488wjb-gnome-desktop-44.5.tar.xz.drv' to 'ssh-ng://j_kro@sentry'...
copying path '/nix/store/ndn6lwsa4i1pwkhsm0m0zcsqp4nr6p7f-bubblewrap-paths.patch.drv' to 'ssh-ng://j_kro@sentry'...
copying path '/nix/store/b2s5krnblfxqafigm3mhnr6nl07m3mkq-gnome-desktop-44.5.drv' to 'ssh-ng://j_kro@sentry'...
copying path '/nix/store/icqn7rjh3wp4pja371m20gihdzlhw0jf-source.drv' to 'ssh-ng://j_kro@sentry'...
copying path '/nix/store/g62niky7m2ihnks9q57wc4f0p59q95cn-toolz-1.1.0.tar.gz.drv' to 'ssh-ng://j_kro@sentry'...
copying path '/nix/store/klnxwf8lvj0jpmgwc9sylk3xgpwx2iaz-python3.14-toolz-1.1.0.drv' to 'ssh-ng://j_kro@sentry'...
copying path '/nix/store/m7lj32466598y6a0zl64w72h0bi7zv1q-utils.sh.drv' to 'ssh-ng://j_kro@sentry'...
copying path '/nix/store/s7jacnvxb1rlgfqiz014xcim5mvk62mf-lua-5.2.4.drv' to 'ssh-ng://j_kro@sentry'...
copying path '/nix/store/ykn6565fxacnxqzzcga89an7m09jyd9y-jemalloc-5.3.1.drv' to 'ssh-ng://j_kro@sentry'...
copying path '/nix/store/zcyxlr8s6njv26dssvyg54xk94vm09g7-source.drv' to 'ssh-ng://j_kro@sentry'...
copying path '/nix/store/xfhv6y3r6jmrhnci336b6cp6v8mpa9r8-valkey-9.1.0.drv' to 'ssh-ng://j_kro@sentry'...
copying path '/nix/store/5lnbnb5l7b2wdcf6jsf11lnskz05bpcq-redis-test-hook.drv' to 'ssh-ng://j_kro@sentry'...
copying path '/nix/store/8v3193y39bka0nkz8a5q9l2z7z8w7d9r-python3.14-redis-8.0.1.drv' to 'ssh-ng://j_kro@sentry'...
copying path '/nix/store/qjhapl2zzpga58ll36fbjk0wf1lkipk9-source.drv' to 'ssh-ng://j_kro@sentry'...
copying path '/nix/store/bcfaqjvi4p865d8xl5g4x9jzmb79nf1v-source.drv' to 'ssh-ng://j_kro@sentry'...
copying path '/nix/store/qwgyhww9xw045yxs75rg78lkdhfwxmfy-smmap-6.0.0.tar.gz.drv' to 'ssh-ng://j_kro@sentry'...
copying path '/nix/store/lzdyplw79grfx8chqbr9yfwdqzqbqzgl-python3.14-smmap-6.0.0.drv' to 'ssh-ng://j_kro@sentry'...
copying path '/nix/store/pirvxn36wmz03brqi7q2gx1g1hz7jvgm-gitdb-4.0.12.tar.gz.drv' to 'ssh-ng://j_kro@sentry'...
copying path '/nix/store/iq8xyifdrwhhbsbip57qpv5i5xjnrchy-python3.14-gitdb-4.0.12.drv' to 'ssh-ng://j_kro@sentry'...
copying path '/nix/store/cpbrgl1bciyay6qfqwymscfws529wc0p-ddt-1.7.2.tar.gz.drv' to 'ssh-ng://j_kro@sentry'...
copying path '/nix/store/vipzpg0cahdrrilwl0n8nrhg18w7aikl-python3.14-ddt-1.7.2.drv' to 'ssh-ng://j_kro@sentry'...
copying path '/nix/store/jz9vbw1afq3zj4pzdwx13z9l1nb7s8n2-python3.14-gitpython-3.1.51.drv' to 'ssh-ng://j_kro@sentry'...
copying path '/nix/store/s3xfc0zsfyqhwrx75fj0wb969nc13s4a-source.drv' to 'ssh-ng://j_kro@sentry'...
copying path '/nix/store/8q68fkydbhlxpd9hhi90xnn2h7w1b09g-source.drv' to 'ssh-ng://j_kro@sentry'...
copying path '/nix/store/vi56fa1dik4yic3wysmq40y60681af6p-python3.14-dunamai-1.25.0.drv' to 'ssh-ng://j_kro@sentry'...
copying path '/nix/store/wxyc9sfzr6slyqkifrv0zam77msgf1hm-python3.14-uv-dynamic-versioning-0.13.0.drv' to 'ssh-ng://j_kro@sentry'...
copying path '/nix/store/rq8yrn7z79qk102vl789abz3jspy5bxi-python3.14-pyrate-limiter-4.4.0.drv' to 'ssh-ng://j_kro@sentry'...
copying path '/nix/store/cp5pizrg72kvhxjpg7ph43yvm9fpg61s-python3.14-moddb-0.12.0.drv' to 'ssh-ng://j_kro@sentry'...
copying path '/nix/store/4wrhpbl86han5sfgk7129fq5qciwzxz0-xrandr-1.5.4.tar.xz.drv' to 'ssh-ng://j_kro@sentry'...
copying path '/nix/store/d0z8snzas9zq0bqhdy9glacrw0z89f8w-xrandr-1.5.4.drv' to 'ssh-ng://j_kro@sentry'...
copying path '/nix/store/bp0dhdsf0618a4h3iplpfdpg58vi0d5q-source.drv' to 'ssh-ng://j_kro@sentry'...
copying path '/nix/store/h4bdn46bdsrmzwz81s6n1riwcqxn5dbd-python3.14-pypresence-4.6.1.drv' to 'ssh-ng://j_kro@sentry'...
copying path '/nix/store/wxhdwampd1ylrrmip4k93xhycwqsbzpg-gst-libav-1.28.4.tar.xz.drv' to 'ssh-ng://j_kro@sentry'...
copying path '/nix/store/jdn3pz04fr7kaimk1vl950xh4jj59jx2-gst-libav-1.28.4.drv' to 'ssh-ng://j_kro@sentry'...
copying path '/nix/store/vi4ybky7cjfciyymkjlb7abls8vrg58k-libasyncns-0.8.tar.gz.drv' to 'ssh-ng://j_kro@sentry'...
copying path '/nix/store/c49jpg8b7knpzbzg5llii02glvvk6asm-libasyncns-0.8.drv' to 'ssh-ng://j_kro@sentry'...
copying path '/nix/store/m4y4j8kmv6vck52fz76q0aiccacvscgk-pulseaudio-17.0.drv' to 'ssh-ng://j_kro@sentry'...
copying path '/nix/store/28v1dkvx1b9vn59frlfwqmqp2jl660v0-source.drv' to 'ssh-ng://j_kro@sentry'...
copying path '/nix/store/mgp60bdkivqy1gzkifkh8y8sp6fq0mzc-psmisc-23.7.drv' to 'ssh-ng://j_kro@sentry'...
copying path '/nix/store/8l8klkgvmnks7v1ha2iwj99a28v56gva-source.drv' to 'ssh-ng://j_kro@sentry'...
copying path '/nix/store/brl41dy6ramg03s9ridbqx85w5b47jhc-source.drv' to 'ssh-ng://j_kro@sentry'...
copying path '/nix/store/9gs0sx7sbbhbnx09yr5qg7rmv66kxpa1-pngquant-3.0.3-vendor-staging.drv' to 'ssh-ng://j_kro@sentry'...
copying path '/nix/store/9g26ndsd643dbwq7qhcvrr3nlfa2xpy4-pngquant-3.0.3-vendor.drv' to 'ssh-ng://j_kro@sentry'...
copying path '/nix/store/wb66ws97nydkraqfn0dngsd2pxx751k9-pngquant-3.0.3.drv' to 'ssh-ng://j_kro@sentry'...
copying path '/nix/store/cq45hvkhz3gx42rvv7ija9821fscqdzc-paths.patch.drv' to 'ssh-ng://j_kro@sentry'...
copying path '/nix/store/mram0az293xaq0yv8ikixkjrfhrvi71h-appstream-glib-0.8.3.drv' to 'ssh-ng://j_kro@sentry'...
copying path '/nix/store/a3mvdh9j5vjr4bj9xakqqn4r9105x2w9-mesa-demos-9.0.0.tar.xz.drv' to 'ssh-ng://j_kro@sentry'...
copying path '/nix/store/b71qfblr53qn4v16p3rkiqxwfnqaq7r1-source.drv' to 'ssh-ng://j_kro@sentry'...
copying path '/nix/store/kk8nqs0y2m28c2avwzxd7pd2vk79pc4y-libdecor-0.2.5.drv' to 'ssh-ng://j_kro@sentry'...
copying path '/nix/store/ns0i6k7a2bv9xvjzs6i312jyk9zi6wpy-mesa-demos-9.0.0.drv' to 'ssh-ng://j_kro@sentry'...
copying path '/nix/store/84im7ydqhidb4wr93fv0xcshigw1l0n6-evdev-1.9.3.tar.gz.drv' to 'ssh-ng://j_kro@sentry'...
copying path '/nix/store/sgy1nlpkx4g0nb1w70ymwp05p9nbyq01-python3.14-evdev-1.9.3.drv' to 'ssh-ng://j_kro@sentry'...
copying path '/nix/store/bypqfj2z0m3kdnivnl865127596whgc9-xgamma-1.0.8.tar.xz.drv' to 'ssh-ng://j_kro@sentry'...
copying path '/nix/store/spc4d0b0qhrg04rfvn4iw2a6awy67p7p-xgamma-1.0.8.drv' to 'ssh-ng://j_kro@sentry'...
copying path '/nix/store/6c6azkv771kyj5gw8cvdapx99lkibra3-xorg-server-21.1.24.tar.xz.drv' to 'ssh-ng://j_kro@sentry'...
copying path '/nix/store/xrf7i4qvx2r8awbdkjqlmihip8g3jkal-libtirpc-1.3.7.tar.gz.drv' to 'ssh-ng://j_kro@sentry'...
copying path '/nix/store/w1n4zh73b2bnng3r2n1hj9xcd38k737r-libtirpc-1.3.7.drv' to 'ssh-ng://j_kro@sentry'...
copying path '/nix/store/yl55nrfrhlpkdf3g0rldk3azz96an6as-xorg-server-21.1.24.drv' to 'ssh-ng://j_kro@sentry'...
copying path '/nix/store/zqwiv85v533yli22qsgyp74dlnx0iyi2-source.drv' to 'ssh-ng://j_kro@sentry'...
copying path '/nix/store/114aab0ij3x7lnnf4h964g8njbfccgf4-lutris-unwrapped-0.5.22.drv' to 'ssh-ng://j_kro@sentry'...
copying path '/nix/store/363hm6a41hllvlxayh98iqq53la18adq-sndio-1.10.0.tar.gz.drv' to 'ssh-ng://j_kro@sentry'...
copying path '/nix/store/1izd8phdy46j1kzk8dbx9rnkgcsbv7j2-sndio-1.10.0.drv' to 'ssh-ng://j_kro@sentry'...
copying path '/nix/store/mczlp619p22mz5j20i9lbmf7bjxc98bk-source.drv' to 'ssh-ng://j_kro@sentry'...
copying path '/nix/store/11p562x9grnkfibxwvz3v156az42asr1-miniaudio-0.11.25.drv' to 'ssh-ng://j_kro@sentry'...
copying path '/nix/store/qspb9hlibnsbk0vmndzvpaf1c3qs9afj-source.drv' to 'ssh-ng://j_kro@sentry'...
copying path '/nix/store/11rq037f58dww159sdlj5lwm64p26mbl-leptonica-1.87.0.drv' to 'ssh-ng://j_kro@sentry'...
copying path '/nix/store/12wxqlhv9wvg9d702c1y9mhc7lm4xycm-0002-otfautohint-fix-assertion-high-ghost-first-stem.patch' to 'ssh-ng://j_kro@sentry'...
copying path '/nix/store/2s9bzc3n9rfifdih54c5gai9fw7vn9yv-crate-once_cell-1.21.3.tar.gz.drv' to 'ssh-ng://j_kro@sentry'...
copying path '/nix/store/13h8hjp63fwf3a86mvxj2hv97xcy2ivx-once_cell-1.21.3.drv' to 'ssh-ng://j_kro@sentry'...
copying path '/nix/store/fi4fndkgpw1vc13lz6abfz4d93rfzgfc-source.drv' to 'ssh-ng://j_kro@sentry'...
copying path '/nix/store/13j96kh9i0x4rni38j41dcmqrr3gj5ws-pciutils-3.15.0.drv' to 'ssh-ng://j_kro@sentry'...
copying path '/nix/store/cbzkrga3nz33q27f804aj1agjfbjzpj0-setup-hook.sh.drv' to 'ssh-ng://j_kro@sentry'...
copying path '/nix/store/6cjnscaqq13a0fykdibfpfr56kknrmyi-python-setup-hook.sh.drv' to 'ssh-ng://j_kro@sentry'...
copying path '/nix/store/7gq95b55fsg6wdlwis2bq6gdyy0yfwna-source.drv' to 'ssh-ng://j_kro@sentry'...
copying path '/nix/store/ja858ma48khag2zzxasd56f7qnks01sj-re_match_index.patch.drv' to 'ssh-ng://j_kro@sentry'...
copying path '/nix/store/l7nki39nvr51bm3w1wy3l1nvik5m8fhq-20ea5b46aaf1e7bdf9d6905ba8bece2cc73b05b0.patch.drv' to 'ssh-ng://j_kro@sentry'...
copying path '/nix/store/npyifhyl9mzn571mlhdwkia3ijrbnknp-db-5.3.28.tar.gz.drv' to 'ssh-ng://j_kro@sentry'...
copying path '/nix/store/n0f46m5xbgpy2gh5s9ayn4paqk5wp2z5-db-5.3.28.drv' to 'ssh-ng://j_kro@sentry'...
copying path '/nix/store/8kqm39carswrqzayjqj0mb44y04jz34z-python-2.7.18.12.drv' to 'ssh-ng://j_kro@sentry'...
copying path '/nix/store/13qp78162fw2fw7sbzim6vyj7qs5cd0x-wrap-python-hook.drv' to 'ssh-ng://j_kro@sentry'...
copying path '/nix/store/cbaq07wrlfqanpc2lp0dm5ag6hmhamjp-source.drv' to 'ssh-ng://j_kro@sentry'...
copying path '/nix/store/147xj9961wcmmfhrhgiz9f2mhcbf4l7h-yarn-berry-4-fetcher-1.3.1-vendor-staging.drv' to 'ssh-ng://j_kro@sentry'...
copying path '/nix/store/14fwdnabr0i1l0s1sc72k0ln7j2gg9nw-gtksourceview-3.24.11.tar.xz.drv' to 'ssh-ng://j_kro@sentry'...
copying path '/nix/store/3inhg6syjfn55bl61d2pqn617g7qi1qh-defcon-0.12.2.tar.gz.drv' to 'ssh-ng://j_kro@sentry'...
copying path '/nix/store/px147064jzm638j7qjb8d8cssz7vvnk1-unicodedata2-17.0.1.tar.gz.drv' to 'ssh-ng://j_kro@sentry'...
copying path '/nix/store/mfaarxa5y29y2v83jr1a6gv5a9f833py-python3.14-unicodedata2-17.0.1.drv' to 'ssh-ng://j_kro@sentry'...
copying path '/nix/store/5svj2gnjj38imj9zyzx2476kcz8r813r-python3.14-defcon-0.12.2.drv' to 'ssh-ng://j_kro@sentry'...
copying path '/nix/store/apfhc9fgg1j36xncvp5cnvkr8nbca1ai-source.drv' to 'ssh-ng://j_kro@sentry'...
copying path '/nix/store/xn2qvqn5dqc59hrfdkflmgwxjziafrnz-fontmath-0.9.4.zip.drv' to 'ssh-ng://j_kro@sentry'...
copying path '/nix/store/h5qmwzmq98iw7ccvyxiavlca1pn3xrm4-python3.14-fontmath-0.9.4.drv' to 'ssh-ng://j_kro@sentry'...
copying path '/nix/store/rk1294kzr9r6492wbi2whv1nwsd5dpz6-source.drv' to 'ssh-ng://j_kro@sentry'...
copying path '/nix/store/n559w3cw2d14ny5rvx3w489j6c2lrfrp-python3.14-fontpens-0.4.0.drv' to 'ssh-ng://j_kro@sentry'...
copying path '/nix/store/s4hm04i457k5644qmhbqx0d4p9dj4rcb-source.drv' to 'ssh-ng://j_kro@sentry'...
copying path '/nix/store/wr1vgrnc9fyrifigih19jwxxyjs0sab1-source.drv' to 'ssh-ng://j_kro@sentry'...
copying path '/nix/store/w4x8jj1idzk3l76jypab8m81hw18wh8q-python3.14-pyclipper-1.4.0.drv' to 'ssh-ng://j_kro@sentry'...
copying path '/nix/store/machr2p1zxikjkxmbr5rfnx30mklq5ss-python3.14-booleanoperations-0.10.0.drv' to 'ssh-ng://j_kro@sentry'...
copying path '/nix/store/14n737g7jn5irrhmynfnhia73hq390xf-python3.14-fontparts-1.0.0.drv' to 'ssh-ng://j_kro@sentry'...
copying path '/nix/store/mv91vggg4cfkphc03k7sdr5764arjpgq-mandoc-1.14.6.tar.gz.drv' to 'ssh-ng://j_kro@sentry'...
copying path '/nix/store/14r51p6cf3h979prkviaasf7856nnw4d-mandoc-1.14.6.drv' to 'ssh-ng://j_kro@sentry'...
copying path '/nix/store/15qxy2y6cf0d3sp2rn85if4q79qky4qj-UCD.zip.drv' to 'ssh-ng://j_kro@sentry'...
copying path '/nix/store/174gxpk9z9mv8zxnr1fpbfybvq8z5m31-libXres-1.2.3.tar.xz.drv' to 'ssh-ng://j_kro@sentry'...
copying path '/nix/store/xx01abp7f6076vma2na8n3gngys3wj06-crate-crossbeam-deque-0.8.6.tar.gz.drv' to 'ssh-ng://j_kro@sentry'...
copying path '/nix/store/17dqpnfrvmrs615ch91vhbs4hdd8y6c2-crossbeam-deque-0.8.6.drv' to 'ssh-ng://j_kro@sentry'...
copying path '/nix/store/s2nv27xrkcvm0kwkykp2w91bhpm6jz1g-libzip-1.11.4.tar.gz.drv' to 'ssh-ng://j_kro@sentry'...
copying path '/nix/store/18d53pmc23yhcz6cmrb9hcl93d70cr70-libzip-1.11.4.drv' to 'ssh-ng://j_kro@sentry'...
copying path '/nix/store/89vhrn6k8cm0hqg9z86iyz32r34ymr0i-libbs2b-3.1.0.tar.bz2.drv' to 'ssh-ng://j_kro@sentry'...
copying path '/nix/store/190mnv3z0zgbq7pm25bggc6fsr4kvqdg-libbs2b-3.1.0.drv' to 'ssh-ng://j_kro@sentry'...
copying path '/nix/store/414mqs4s1sq10rz0vgs9q3874bizxxbq-onig-6.9.10.tar.gz.drv' to 'ssh-ng://j_kro@sentry'...
copying path '/nix/store/19ivnpzs28fsfqaqvcy7dh13lxvxglfh-oniguruma-6.9.10.drv' to 'ssh-ng://j_kro@sentry'...
copying path '/nix/store/a4mrhwa6l8rhzl42yxxf7jxdkwgmi7ss-usrsctp-fix-cmake-4.patch.drv' to 'ssh-ng://j_kro@sentry'...
copying path '/nix/store/c49fkzn98mmi1hcsah9bd91ghcc98km5-freebsd-14.patch.drv' to 'ssh-ng://j_kro@sentry'...
copying path '/nix/store/yg5x880zhhy6a6qncv5lk5qa3f2777wb-source.drv' to 'ssh-ng://j_kro@sentry'...
copying path '/nix/store/1a21s3pbzn1f11s7hgmp96pmp353y3z2-usrsctp-0.9.5.0.drv' to 'ssh-ng://j_kro@sentry'...
copying path '/nix/store/1b0zgcl4r8mwahjfd2bm9gzrgg7y2n88-source.drv' to 'ssh-ng://j_kro@sentry'...
copying path '/nix/store/1b32nxgjjdybwv9raydms34k5160xg54-source.drv' to 'ssh-ng://j_kro@sentry'...
copying path '/nix/store/iz36jls9y7gzpwvn5y6axnh177hrlidr-source.drv' to 'ssh-ng://j_kro@sentry'...
copying path '/nix/store/rcidigykrkqdx0cgnxkzj5hc8sw4a3hq-python3.14-sphinx-9.1.0.drv' to 'ssh-ng://j_kro@sentry'...
copying path '/nix/store/1ba8a9jc4ygpym9fdh32mbg7na5l8620-python3.14-sphinx-autodoc-typehints-3.12.1.drv' to 'ssh-ng://j_kro@sentry'...
copying path '/nix/store/vljn80ig7zlyfxjvnzvh4ragvmrivz0b-crate-quote-1.0.40.tar.gz.drv' to 'ssh-ng://j_kro@sentry'...
copying path '/nix/store/1cbrvmb2vb4v9gi2bdhsndnr0ljnbn7h-quote-1.0.40.drv' to 'ssh-ng://j_kro@sentry'...
copying path '/nix/store/39g5n62czhaks78kh51a1hsnpgcfrkm8-neon-0.37.1.tar.gz.drv' to 'ssh-ng://j_kro@sentry'...
copying path '/nix/store/1ch3nqx276cbmbisqy8jw1wmplrsb08b-neon-0.37.1.drv' to 'ssh-ng://j_kro@sentry'...
copying path '/nix/store/268cfiddn2nkvpwr8fnndb6iqphr47cw-crate-bitflags-1.3.2.tar.gz.drv' to 'ssh-ng://j_kro@sentry'...
copying path '/nix/store/1ck3msi5j1kz9sbbkb0iczfnq93fg9gd-bitflags-1.3.2.drv' to 'ssh-ng://j_kro@sentry'...
copying path '/nix/store/1cmpj29y9bn6mzipk6h4znax4hg5c2gj-source.drv' to 'ssh-ng://j_kro@sentry'...
copying path '/nix/store/1dikzdhp01fm6gfczy8hphvxz1bjqjs3-source.drv' to 'ssh-ng://j_kro@sentry'...
copying path '/nix/store/519rys4b475a1zpi3w4d92pphyrss8ai-crate-rand_chacha-0.3.1.tar.gz.drv' to 'ssh-ng://j_kro@sentry'...
copying path '/nix/store/1dna3kdcl0447z8hwfxca8jw17740zgb-rand_chacha-0.3.1.drv' to 'ssh-ng://j_kro@sentry'...
copying path '/nix/store/q54b4d35mlc0n4mq996jzhg3hydgizsn-source.drv' to 'ssh-ng://j_kro@sentry'...
copying path '/nix/store/1dsgkx9a7vzcgzblnwz3cxvslrm0djsg-dhcpcd-10.3.2.drv' to 'ssh-ng://j_kro@sentry'...
copying path '/nix/store/1f4s1kvd2aksqz36m7c08i27dvv17iqk-crate-env_filter-0.1.4.tar.gz.drv' to 'ssh-ng://j_kro@sentry'...
copying path '/nix/store/3m8lqyhla9qspnan7wgnpai3sbyx9g0f-crate-same-file-1.0.6.tar.gz.drv' to 'ssh-ng://j_kro@sentry'...
copying path '/nix/store/1g0g5zcwcaxdl2xkwiyirf7p4h1mh4f2-same-file-1.0.6.drv' to 'ssh-ng://j_kro@sentry'...
copying path '/nix/store/1gls7jxb0vnp2h55q893q85l708381gd-source.drv' to 'ssh-ng://j_kro@sentry'...
copying path '/nix/store/whlazbcrsf85xgphspwdba39gk2wl01c-source.drv' to 'ssh-ng://j_kro@sentry'...
copying path '/nix/store/1gpm09gaydx0fsy1sxbqddlx9984934s-cldr-annotations-48.2.drv' to 'ssh-ng://j_kro@sentry'...
copying path '/nix/store/1haxvl9z4arc0rxfib5n84kvs9lcpq1r-source.drv' to 'ssh-ng://j_kro@sentry'...
copying path '/nix/store/8blqvqls4chhvqbrg26qpvh7fws7z7sc-config.fish.appendix.drv' to 'ssh-ng://j_kro@sentry'...
copying path '/nix/store/gm9dy56qn8zg4g1wj1fgq9dbsk6dbc7c-__fish_build_paths_suffix.fish.drv' to 'ssh-ng://j_kro@sentry'...
copying path '/nix/store/gn4gqj9x08hzgn6vca9q6m9jjfawb6zf-getent-glibc-2.42-67.drv' to 'ssh-ng://j_kro@sentry'...
copying path '/nix/store/jrnmyb4fmc7g7xk6nna2hxkhs60sgak3-cargo-deps-vendor.drv' to 'ssh-ng://j_kro@sentry'...
copying path '/nix/store/1hkn0ryc8ksljarq3r0kwr42g0c6vfzj-fish-4.8.1.drv' to 'ssh-ng://j_kro@sentry'...
copying path '/nix/store/1hwgdy6m78m3jdzndp5iwx5j5pi7q4ya-source.drv' to 'ssh-ng://j_kro@sentry'...
copying path '/nix/store/1i03zq2f914zs6nfa2b5ss1l19fmzy10-source.drv' to 'ssh-ng://j_kro@sentry'...
copying path '/nix/store/1i4xjxg0j6xnb1pzyzc8wa7s4csynpvs-coderay-1.1.3.gem.drv' to 'ssh-ng://j_kro@sentry'...
copying path '/nix/store/qfl1njfby9f054bmkk4h5is4pbw53nw2-crate-wasip2-1.0.1+wasi-0.2.4.tar.gz.drv' to 'ssh-ng://j_kro@sentry'...
copying path '/nix/store/1i6mcvk0yljmqri6bkq287nz6v8m4ycp-wasip2-1.0.1+wasi-0.2.4.drv' to 'ssh-ng://j_kro@sentry'...
copying path '/nix/store/bprvw0yajrwapz7rdgaa1z6ynidhmsc6-source.drv' to 'ssh-ng://j_kro@sentry'...
copying path '/nix/store/1ii314jcgm9xhp1is26w9qrfsv5sg65f-libfreeaptx-0.2.2.drv' to 'ssh-ng://j_kro@sentry'...
copying path '/nix/store/1j3xifw2x830b3aassi7zp748aq9zr3j-crate-find-msvc-tools-0.1.5.tar.gz.drv' to 'ssh-ng://j_kro@sentry'...
copying path '/nix/store/1jkycpjn694dya3zkpfy6sbdm9cy1a50-source.drv' to 'ssh-ng://j_kro@sentry'...
copying path '/nix/store/1jlscppy1jm871y1yvyx3kcchkfvf1ph-crate-anstream-0.6.21.tar.gz.drv' to 'ssh-ng://j_kro@sentry'...
copying path '/nix/store/627223wilv60yaxc75lxlcswkhdi4nkk-2d838ff7319bd384a0b177f40ac19c4b6c81436d.patch?full_index=1.drv' to 'ssh-ng://j_kro@sentry'...
copying path '/nix/store/8d04dsvhby0irvmk9724h5dsickkga07-test069-sleep.patch.drv' to 'ssh-ng://j_kro@sentry'...
copying path '/nix/store/9a09rn2x4bqng1587a38y0kidj5bmshx-cyrus-sasl-2.1.28-gcc15.patch.drv' to 'ssh-ng://j_kro@sentry'...
copying path '/nix/store/i74vkmf74fiqi5l55yrlwnsq9wqlrxnk-cyrus-sasl-2.1.28.tar.gz.drv' to 'ssh-ng://j_kro@sentry'...
copying path '/nix/store/s1f2ba9z77b5fxmwrvz6fah44dyqvsf9-prune-libtool-files.drv' to 'ssh-ng://j_kro@sentry'...
copying path '/nix/store/vmxvap1b5yi2h8f4mpbllmaii8p89il9-cb549ef71c5bb646fe583697ebdcaba93267a237...dfaa62392e7caecc6ecf0097b4d73738ec4fc0a8.patch.drv' to 'ssh-ng://j_kro@sentry'...
copying path '/nix/store/mfb9c5lx4dd4j46dz2xwf0znncgqg3aq-cyrus-sasl-2.1.28.drv' to 'ssh-ng://j_kro@sentry'...
copying path '/nix/store/v55bppj5dz8xs3d9fplkqc5025c4mng0-openldap-2.6.13.tgz.drv' to 'ssh-ng://j_kro@sentry'...
copying path '/nix/store/9bym14i55065jrfah6fq96fd835x2sqg-openldap-2.6.13.drv' to 'ssh-ng://j_kro@sentry'...
copying path '/nix/store/dmmnbj67x4g8l6dv12yhfihrjig42gdx-apr-util-1.6.3.tar.bz2.drv' to 'ssh-ng://j_kro@sentry'...
copying path '/nix/store/m0z8cfafbz20x0v80asqzsf8jf9vi071-e67caa006c75181b45b761cd50294cb3c8e18f1a.patch?full_index=1.drv' to 'ssh-ng://j_kro@sentry'...
copying path '/nix/store/r4d0060x69xj83c9yzbwvr7bljc0c00w-apr-1.7.6.tar.bz2.drv' to 'ssh-ng://j_kro@sentry'...
copying path '/nix/store/rnawfqh6fyygfb7d8v2klks6wz076iw2-apr-1.7.6.drv' to 'ssh-ng://j_kro@sentry'...
copying path '/nix/store/1jx6lhx5gcm8v1pdsrjh6qxhw25n4j06-apr-util-1.6.3.drv' to 'ssh-ng://j_kro@sentry'...
copying path '/nix/store/1kajvlgp4lazdn6nc6nvg438zq0mnfy6-source.drv' to 'ssh-ng://j_kro@sentry'...
copying path '/nix/store/rkiz6ia628cb67amncpf4riw56l7l18p-source.drv' to 'ssh-ng://j_kro@sentry'...
copying path '/nix/store/1kaz2frp4p64ckh37l1c5ah16r6ir6rl-python3.14-clickgen-2.2.5.drv' to 'ssh-ng://j_kro@sentry'...
copying path '/nix/store/by0rb8k3bl73lcy2b1xmmns2fv427v77-pnpm-10.34.5.tgz.drv' to 'ssh-ng://j_kro@sentry'...
copying path '/nix/store/1kxkmpvrhlbrgd4snz09r0ms7kwr2354-pnpm-10.34.5.drv' to 'ssh-ng://j_kro@sentry'...
copying path '/nix/store/1lf4v075rbjvd1mxdkyl3l8ms6ngsr50-source.drv' to 'ssh-ng://j_kro@sentry'...
copying path '/nix/store/7c1gpxqw8dxinzk7bbbwp2kxpnhsr0fa-source.drv' to 'ssh-ng://j_kro@sentry'...
copying path '/nix/store/3rd744s8qhli2jymy3phw6hvyfkskin2-source.drv' to 'ssh-ng://j_kro@sentry'...
copying path '/nix/store/axsxlap412z2ii9d85rsg7d9iawcdg38-yallback-0.2.0.drv' to 'ssh-ng://j_kro@sentry'...
copying path '/nix/store/g3w2f4dqfxgczv9sl57fk68xhaq115ra-procps-ng-4.0.6.tar.xz.drv' to 'ssh-ng://j_kro@sentry'...
copying path '/nix/store/lkq5bf3hh4d5flf4sdgyj2asg8wny48j-procps-4.0.6.drv' to 'ssh-ng://j_kro@sentry'...
copying path '/nix/store/ijb03k1imcg2837mkspbnwqkjifgjj3c-procps-4.0.6-lore-override.drv' to 'ssh-ng://j_kro@sentry'...
copying path '/nix/store/pbszpg63d99y02m7398cyslv3adsm665-source.drv' to 'ssh-ng://j_kro@sentry'...
copying path '/nix/store/9svba9d3i92v6p9x93zj9bgwx6nza5yv-source.drv' to 'ssh-ng://j_kro@sentry'...
copying path '/nix/store/3c05gjh3vg94sg5clzlm6ii4rgfj20zv-source.drv' to 'ssh-ng://j_kro@sentry'...
copying path '/nix/store/4bvwy5b49h1g3aw9mgbdcdxxc6cqj0b6-abseil-cpp-20260107.1.drv' to 'ssh-ng://j_kro@sentry'...
copying path '/nix/store/7q1ch2z2miy20svx5b4h84g6bb6pjgs1-8282f0f8ecf8b847e5964a308e041ba3b049811c.patch.drv' to 'ssh-ng://j_kro@sentry'...
copying path '/nix/store/a7qbgfjyy3xv5j4rnn3qfd1f7fr18kd0-211f52431b9ec30d4d4a1c76aafd64bd78d93c43.patch.drv' to 'ssh-ng://j_kro@sentry'...
copying path '/nix/store/rwx69h2fjlkxcw43jskqaaczdzcvnq2h-source.drv' to 'ssh-ng://j_kro@sentry'...
copying path '/nix/store/nm9qrq35gggqv72f45gpjgywc506k19h-protobuf-33.6.drv' to 'ssh-ng://j_kro@sentry'...
copying path '/nix/store/yvbx0ignqph10bxnlaal80xbbgf2r986-protobuf-c-1.5.2.drv' to 'ssh-ng://j_kro@sentry'...
copying path '/nix/store/ybvwd3dp9mj6wmzv8fh09q4k3dxm48bd-yara-4.5.6.drv' to 'ssh-ng://j_kro@sentry'...
copying path '/nix/store/1lgk764dync3c9r0iz6d7sg2fzmqv20k-procps-4.0.6-binlore.drv' to 'ssh-ng://j_kro@sentry'...
copying path '/nix/store/2b55zl5m6nmriqycq1lfivvsmi2946bq-source.drv' to 'ssh-ng://j_kro@sentry'...
copying path '/nix/store/yhb75ldxcyjkv9037531z5j1aq9iinln-cargo-deps-vendor-staging.drv' to 'ssh-ng://j_kro@sentry'...
copying path '/nix/store/4d7fky863yfhcpmz6v26ryp9mi9vfk38-cargo-deps-vendor.drv' to 'ssh-ng://j_kro@sentry'...
copying path '/nix/store/hc670nar1mmzg01v510n2i0mv7jax0ik-xxhash-3.8.1.tar.gz.drv' to 'ssh-ng://j_kro@sentry'...
copying path '/nix/store/f353l928gr4fgcy2h3d2ln9v95wiqc2r-python3.14-xxhash-3.8.1.drv' to 'ssh-ng://j_kro@sentry'...
copying path '/nix/store/1ryqlhy9sl2cvxnnffmkqa792iyz5f8w-python3.14-setuptools-scm-10.0.5.drv' to 'ssh-ng://j_kro@sentry'...
copying path '/nix/store/n9swmddgzqbkldf8dwpqryfibpxxv6bz-source.drv' to 'ssh-ng://j_kro@sentry'...
copying path '/nix/store/gdyh07rzlp81102fykfisbcdg11p0acj-python3.14-python-xlib-0.33.drv' to 'ssh-ng://j_kro@sentry'...
copying path '/nix/store/dcqwwrzxzcwmm9f891qch4svjlishqr4-source.drv' to 'ssh-ng://j_kro@sentry'...
copying path '/nix/store/krh211gn8ijldkylg0f25lggjgy6dk35-cbor2-6.1.3-vendor-staging.drv' to 'ssh-ng://j_kro@sentry'...
copying path '/nix/store/v28ips2859pw2a491xdd18wxj4bijnb8-cbor2-6.1.3-vendor.drv' to 'ssh-ng://j_kro@sentry'...
copying path '/nix/store/i0rihy5rw9sj4477bx8yfwlcyigcgbnj-python3.14-cbor2-6.1.3.drv' to 'ssh-ng://j_kro@sentry'...
copying path '/nix/store/hpb6bxbfnwwhrlmwy24d22w96k1br0cw-source.drv' to 'ssh-ng://j_kro@sentry'...
copying path '/nix/store/qzn1yv68yv1r2dcbkcm32lgx14ig2qn7-scdoc-1.11.4.drv' to 'ssh-ng://j_kro@sentry'...
copying path '/nix/store/1xjq5a6dgbl6fwz8mmrmlsg0d7qrhm8r-source.drv' to 'ssh-ng://j_kro@sentry'...
copying path '/nix/store/y0ivxxlisz97b1bmj6sbj40nsl966sz6-python3.14-pyzstd-0.19.1.drv' to 'ssh-ng://j_kro@sentry'...
copying path '/nix/store/1lv5br4h7syakxkhr4ky8z38h9scc3bl-python3.14-umu-launcher-unwrapped-1.4.4.drv' to 'ssh-ng://j_kro@sentry'...
copying path '/nix/store/z1wv6wmgkjkbjp6wwlbzl1z79vlr8fr7-gcc-wrapper-16.1.0.drv' to 'ssh-ng://j_kro@sentry'...
copying path '/nix/store/jqrcg1rcr0873sk2pacaa87vvi3l0ymp-stdenv-linux.drv' to 'ssh-ng://j_kro@sentry'...
copying path '/nix/store/rqgz7y1k7h46pbv5694sl31wnlck1hfg-source.drv' to 'ssh-ng://j_kro@sentry'...
copying path '/nix/store/igk8i71pk6xxg1bbk4z9d7qdxrw0scmr-source.drv' to 'ssh-ng://j_kro@sentry'...
copying path '/nix/store/sx0v7590l7jh9bq8ivv365j7gkx7bxh0-hyprutils-0.14.0.drv' to 'ssh-ng://j_kro@sentry'...
copying path '/nix/store/bqjfr99555k1zcdn9xc317g8jbaf1x7p-hyprlang-0.6.8.drv' to 'ssh-ng://j_kro@sentry'...
copying path '/nix/store/js1gakqqfmw04ivp1mflpsyhd4b0r77p-source.drv' to 'ssh-ng://j_kro@sentry'...
copying path '/nix/store/2ylyjflw6vz7915vji86z1fv85cfan82-qtwayland-everywhere-src-6.11.1.tar.xz.drv' to 'ssh-ng://j_kro@sentry'...
copying path '/nix/store/z6k73cdnzdpqgmpjkv25z7hk45dsn0bq-qtwayland-6.11.1.drv' to 'ssh-ng://j_kro@sentry'...
copying path '/nix/store/1m2h6nmhkp5ybdlppg922fh9lvg9fskq-hyprland-qt-support-0.1.0.drv' to 'ssh-ng://j_kro@sentry'...
copying path '/nix/store/wndk5j7gr35ixl0s5nvl0jqsybv53jl4-source.drv' to 'ssh-ng://j_kro@sentry'...
copying path '/nix/store/268za4ddyiv4qrjffjrpaix1vwr2byzw-tesseract-5.5.2.drv' to 'ssh-ng://j_kro@sentry'...
copying path '/nix/store/dw9giz1p8kmvj4k2jv0y5d00cxxldzfw-source.drv' to 'ssh-ng://j_kro@sentry'...
copying path '/nix/store/6apvfbg54s3iy9jcrgd5lbbk42pcfl2n-all.drv' to 'ssh-ng://j_kro@sentry'...
copying path '/nix/store/1mhh79br1l0z0mm2mgydzx9xxq2b8nd3-tesseract-5.5.2.drv' to 'ssh-ng://j_kro@sentry'...
copying path '/nix/store/1n4k9ml6avmaaj9xz9yz3y08d5zgjy0w-crate-regex-syntax-0.8.8.tar.gz.drv' to 'ssh-ng://j_kro@sentry'...
copying path '/nix/store/1nvyd279ibhavhmscc6ckrnb650pyykc-crate-rustix-1.1.2.tar.gz.drv' to 'ssh-ng://j_kro@sentry'...
copying path '/nix/store/1nyslwfxariyrjvj5rvkxlx61jfwg16i-source.drv' to 'ssh-ng://j_kro@sentry'...
copying path '/nix/store/1q2lslv3g4qp4zp94liazdfz8sxx5w99-crate-windows_aarch64_gnullvm-0.48.5.tar.gz.drv' to 'ssh-ng://j_kro@sentry'...
copying path '/nix/store/1r72v96731bxmr6civ33gfsqqim7x6rr-clean-immodules-cache.sh.drv' to 'ssh-ng://j_kro@sentry'...
copying path '/nix/store/1rd00dlc0i2ir6p2g1r09fx3yxl2p306-freebsd-configure.patch.drv' to 'ssh-ng://j_kro@sentry'...
copying path '/nix/store/1x13aw1wsw1jmha0pkqikv4a2x65m91a-prawn-svg-0.34.2.gem.drv' to 'ssh-ng://j_kro@sentry'...
copying path '/nix/store/ik0s545w5hcnzcy3j5y626i2hd0gxrqj-matrix-0.4.3.gem.drv' to 'ssh-ng://j_kro@sentry'...
copying path '/nix/store/21yffhqbp0nl0pqz6bwnjnkgpb3yagdi-ruby3.4-matrix-0.4.3.drv' to 'ssh-ng://j_kro@sentry'...
copying path '/nix/store/4jdbcnbasp9j7i97d668ci426rf380yw-prawn-2.4.0.gem.drv' to 'ssh-ng://j_kro@sentry'...
copying path '/nix/store/vxczlb98qp3ghbzapxb602ggvp5wmyh1-ttfunk-1.7.0.gem.drv' to 'ssh-ng://j_kro@sentry'...
copying path '/nix/store/8bc0wxxkk3gvla2jh4rzyjkgalhg53fj-ruby3.4-ttfunk-1.7.0.drv' to 'ssh-ng://j_kro@sentry'...
copying path '/nix/store/8g91y4d7zwhn5d2gkrnkda884nz1chx2-pdf-core-0.9.0.gem.drv' to 'ssh-ng://j_kro@sentry'...
copying path '/nix/store/mlb3rc70cjhq68cg601angjalc80mdb5-ruby3.4-pdf-core-0.9.0.drv' to 'ssh-ng://j_kro@sentry'...
copying path '/nix/store/ccyrj6pgxgh2xlgk8vp21qzm8inx7ss3-ruby3.4-prawn-2.4.0.drv' to 'ssh-ng://j_kro@sentry'...
copying path '/nix/store/ajgzynm22im3ghy17wsnpz7k96yhii6c-rexml-3.4.4.gem.drv' to 'ssh-ng://j_kro@sentry'...
copying path '/nix/store/d8x8mlhiaykngnkgq87cls79jvh2m8xk-ruby3.4-rexml-3.4.4.drv' to 'ssh-ng://j_kro@sentry'...
copying path '/nix/store/a960j9knf3p3rnfyh6jmva7n3x80n48w-public_suffix-6.0.2.gem.drv' to 'ssh-ng://j_kro@sentry'...
copying path '/nix/store/cczhkiqs7c2mih7mh9hgw4br93w1svqy-ruby3.4-public_suffix-6.0.2.drv' to 'ssh-ng://j_kro@sentry'...
copying path '/nix/store/psvwcb31b1flz5ws17zklzag818ilpxa-addressable-2.8.7.gem.drv' to 'ssh-ng://j_kro@sentry'...
copying path '/nix/store/j7w8d53sfkcn26fj0k0kdrqbirlyjj36-ruby3.4-addressable-2.8.7.drv' to 'ssh-ng://j_kro@sentry'...
copying path '/nix/store/qx1dsf11n6jxsbg9fk8ixxwgpkgkhlfk-css_parser-1.21.1.gem.drv' to 'ssh-ng://j_kro@sentry'...
copying path '/nix/store/vbgzh4flylhikzgx80xali1kinfbric6-ruby3.4-css_parser-1.21.1.drv' to 'ssh-ng://j_kro@sentry'...
copying path '/nix/store/1rj2kcc534sh1wqi5zqxfyza8v9zlbic-ruby3.4-prawn-svg-0.34.2.drv' to 'ssh-ng://j_kro@sentry'...
copying path '/nix/store/qar0p5kbl1m2caavnqp7r6358krjppla-crate-windows-sys-0.61.2.tar.gz.drv' to 'ssh-ng://j_kro@sentry'...
copying path '/nix/store/1rrb58zn9p8hvhfcn3csd8pw0qvfwqvf-windows-sys-0.61.2.drv' to 'ssh-ng://j_kro@sentry'...
copying path '/nix/store/7bxrrnnwpan7a6f9jzxkm0l8d1jvai3j-python-remove-tests-dir-hook.drv' to 'ssh-ng://j_kro@sentry'...
copying path '/nix/store/390m0l8xw05cl8bz9iam7qsn3j1nws1v-pip-install-hook.drv' to 'ssh-ng://j_kro@sentry'...
copying path '/nix/store/ic3cxbkldmrhmmqp9qjnrf6ri19vzq9x-setuptools-44.0.0-source.drv' to 'ssh-ng://j_kro@sentry'...
copying path '/nix/store/7jh5mbs6ir9hz35sp2sbfm9q8njvalq7-setuptools-44.0.0-sdist.tar.gz.drv' to 'ssh-ng://j_kro@sentry'...
copying path '/nix/store/rvqx4lmyj4cr5sp5i3k9lw2wnijqrvg6-pip-20.3.4-source.drv' to 'ssh-ng://j_kro@sentry'...
copying path '/nix/store/w7bljri261kkxjh22cjys8lbgzzb99w7-setuptools-build-hook.drv' to 'ssh-ng://j_kro@sentry'...
copying path '/nix/store/wcl6w9gc9sxbyr0cck4313yqfmv02czz-wheel-0.37.1-source.drv' to 'ssh-ng://j_kro@sentry'...
copying path '/nix/store/bwrybwlj21l62pjx6vahifwi4ljb4jsb-python2.7-bootstrapped-pip-20.3.4.drv' to 'ssh-ng://j_kro@sentry'...
copying path '/nix/store/cgryw09jg7zsc1d7aa3lmbd6q12nyln4-python-imports-check-hook.sh.drv' to 'ssh-ng://j_kro@sentry'...
copying path '/nix/store/m0rn600028f3axv6y7g1hk40za8vrcmp-python2.7-setuptools-44.0.0.drv' to 'ssh-ng://j_kro@sentry'...
copying path '/nix/store/arh39mqyval06b1qg2j17rc5f3jndbpg-python-catch-conflicts-hook.drv' to 'ssh-ng://j_kro@sentry'...
copying path '/nix/store/3gysv2p1h7r9mzrmzwmxr3bz8h50rxmz-python2.7-wheel-0.37.1.drv' to 'ssh-ng://j_kro@sentry'...
copying path '/nix/store/awfn4lvvr261d2jvfw94m8mfizx4mx35-setuptools-build-hook.drv' to 'ssh-ng://j_kro@sentry'...
copying path '/nix/store/3z7vw2xc4ljyrzcjrjxzjpv79gg4zmsb-python2.7-pip-20.3.4.drv' to 'ssh-ng://j_kro@sentry'...
copying path '/nix/store/srh4v0f48hkw95alv35a68aipr07iivh-pip-install-hook.drv' to 'ssh-ng://j_kro@sentry'...
copying path '/nix/store/v7f4qmz4wazf53kfryk80pz14gb74a0x-six-1.16.0.tar.gz.drv' to 'ssh-ng://j_kro@sentry'...
copying path '/nix/store/d9npm4a34fl61kpa5skkbf8gmf606sdy-python2.7-six-1.16.0.drv' to 'ssh-ng://j_kro@sentry'...
copying path '/nix/store/nsff4sz9gw1mh0xkwzdvvjq0yzrs9waj-typing-3.10.0.0.tar.gz.drv' to 'ssh-ng://j_kro@sentry'...
copying path '/nix/store/sm2134wcxpqwqhq1l4a7nxvm0ck0n6rz-python2.7-typing-3.10.0.0.drv' to 'ssh-ng://j_kro@sentry'...
copying path '/nix/store/wanls2d2zx9sncjfjljyw1i82cgjgj1a-source.drv' to 'ssh-ng://j_kro@sentry'...
copying path '/nix/store/zwh6i21mwj84kj7sf4xqpidbxywv0x2h-source.drv' to 'ssh-ng://j_kro@sentry'...
copying path '/nix/store/1rw1mqggqwdgxv2irvlzza3g9badsqf5-python2.7-oildev-unstable-2024-02-26.drv' to 'ssh-ng://j_kro@sentry'...
copying path '/nix/store/b1mkhzhnswl2hvjj57xw7nasp7vz2mvm-source.drv' to 'ssh-ng://j_kro@sentry'...
copying path '/nix/store/zim926n00q2sa72zs30vxb5lwhs3l6n6-alacritty-0.17.0-vendor-staging.drv' to 'ssh-ng://j_kro@sentry'...
copying path '/nix/store/1sxdzbf80ag2cpwb5jqk8m584sk98b4b-alacritty-0.17.0-vendor.drv' to 'ssh-ng://j_kro@sentry'...
copying path '/nix/store/1w104pz8lk3fq02m4hbakkxpbvw0qxm7-2ec8457ab33d539b6f1fecc998360c0b8b05ed4f.diff.drv' to 'ssh-ng://j_kro@sentry'...
copying path '/nix/store/1w38031jhbyi9avzl6fmjbqb47m4r54h-crate-windows-targets-0.53.5.tar.gz.drv' to 'ssh-ng://j_kro@sentry'...
copying path '/nix/store/1xx7azxbscig43fcsa493fm1j0smsqvm-qtwebsockets-everywhere-src-6.11.1.tar.xz.drv' to 'ssh-ng://j_kro@sentry'...
copying path '/nix/store/miz0h11d84g746s2vsxi6if08vg5ad3v-qtwebsockets-6.11.1.drv' to 'ssh-ng://j_kro@sentry'...
copying path '/nix/store/xzynlbby2hqygkddm60hd12f99a034ma-qtwebchannel-everywhere-src-6.11.1.tar.xz.drv' to 'ssh-ng://j_kro@sentry'...
copying path '/nix/store/1w6ym59km3n754z512055klzflqyfzd8-qtwebchannel-6.11.1.drv' to 'ssh-ng://j_kro@sentry'...
copying path '/nix/store/8zvrjz8jz1mfczl1lw5kphyqfijcjqqj-source.drv' to 'ssh-ng://j_kro@sentry'...
copying path '/nix/store/h583m3vlbfi8i6nk91mhxf3k8n4i1bpz-bc-1.08.2.tar.lz.drv' to 'ssh-ng://j_kro@sentry'...
copying path '/nix/store/m4w0psf8f1ywb5qx77gld96z5qs9hj2d-ed-1.22.5.tar.lz.drv' to 'ssh-ng://j_kro@sentry'...
copying path '/nix/store/mx02k6w9rh63mvmakkjpixrdllbmdh5n-ed-1.22.5.drv' to 'ssh-ng://j_kro@sentry'...
copying path '/nix/store/ps5fms8i6vqbkdi35f4px1s45yh989sf-bc-1.08.2.drv' to 'ssh-ng://j_kro@sentry'...
copying path '/nix/store/1w88d7y8k6lqd39br5qmzk8jchhd7ryc-fzf-0.74.1-go-modules.drv' to 'ssh-ng://j_kro@sentry'...
copying path '/nix/store/1wi6k52barjv293b90b4mkim5fhkq6i8-egl+glx.patch' to 'ssh-ng://j_kro@sentry'...
copying path '/nix/store/1x2ajyi3m2q4cw8jk0r2j62srpwigndz-musl.patch.drv' to 'ssh-ng://j_kro@sentry'...
copying path '/nix/store/1xrfm4775hsjgii4yg41fjv06c65r1wq-emoji-sequences.txt.drv' to 'ssh-ng://j_kro@sentry'...
copying path '/nix/store/1yknh1ash3cgd16mcg2jk0jka30lzbwd-freebuff-desktop-0.0.42-fhsenv-profile.drv' to 'ssh-ng://j_kro@sentry'...
copying path '/nix/store/m4jzrly22vr2w2fmr1k32hmw1n6r99mv-source.drv' to 'ssh-ng://j_kro@sentry'...
copying path '/nix/store/1z6glq8y3s78pb6fwgk412q5y8vlg621-python3.14-sortedcontainers-2.4.0.drv' to 'ssh-ng://j_kro@sentry'...
copying path '/nix/store/1zc7ax0h61zcnsbrrz84xc2c15gjvja9-source.drv' to 'ssh-ng://j_kro@sentry'...
copying path '/nix/store/xha6saf2n4x384xw6la3v4fvp4lkbs9m-crate-waker-fn-1.2.0.tar.gz.drv' to 'ssh-ng://j_kro@sentry'...
copying path '/nix/store/1zhmmfzfrdy5w0s68865m3z3yh19jcni-waker-fn-1.2.0.drv' to 'ssh-ng://j_kro@sentry'...
copying path '/nix/store/21a8wr9w6zv8227ksvd6zk5bca4zn9rr-source.drv' to 'ssh-ng://j_kro@sentry'...
copying path '/nix/store/zydcmf95rw21znnp8i1izidmkjs2cch0-crate-futures-core-0.3.31.tar.gz.drv' to 'ssh-ng://j_kro@sentry'...
copying path '/nix/store/21f7m1b4a59zlnjsg6vy32jjgglw746z-futures-core-0.3.31.drv' to 'ssh-ng://j_kro@sentry'...
copying path '/nix/store/x44iqrp7z7czw8c7pnmijff3ykmgg6pp-concurrent-ruby-1.3.5.gem.drv' to 'ssh-ng://j_kro@sentry'...
copying path '/nix/store/3f542jgk6rms9j95vxsd57y800yjhdmr-ruby3.4-concurrent-ruby-1.3.5.drv' to 'ssh-ng://j_kro@sentry'...
copying path '/nix/store/45dr8pim8w7vfmkdzz0ss8v5fvz0q86r-hashery-2.1.2.gem.drv' to 'ssh-ng://j_kro@sentry'...
copying path '/nix/store/92mmr6b944yaflh34s64can4fvic2b1r-ruby3.4-hashery-2.1.2.drv' to 'ssh-ng://j_kro@sentry'...
copying path '/nix/store/x3djq3879vcg91jnbzrmpb89vmcs3483-ruby-rc4-0.1.5.gem.drv' to 'ssh-ng://j_kro@sentry'...
copying path '/nix/store/c9j37w08rndlrsg7c950axz0ksppwiy4-ruby3.4-ruby-rc4-0.1.5.drv' to 'ssh-ng://j_kro@sentry'...
copying path '/nix/store/dyjdfmc6ih4h1cla6nj5wh4v8vi8mh0v-gen-bin-stubs.drv' to 'ssh-ng://j_kro@sentry'...
copying path '/nix/store/3h498ipsbxd4g6v74c46fbmybam5lhrb-treetop-1.6.18.gem.drv' to 'ssh-ng://j_kro@sentry'...
copying path '/nix/store/qsis08j9cqyz68war0fl32jv6z72y4ja-polyglot-0.3.5.gem.drv' to 'ssh-ng://j_kro@sentry'...
copying path '/nix/store/i914ps6zwxz893mqp5midihlmi4b5r7r-ruby3.4-polyglot-0.3.5.drv' to 'ssh-ng://j_kro@sentry'...
copying path '/nix/store/g063fapjxvbhhqnl30j0f7k12yl2fy8j-ruby3.4-treetop-1.6.18.drv' to 'ssh-ng://j_kro@sentry'...
copying path '/nix/store/jilm1l8h8m3q6vx8ycdyvr6sjskawz15-gemfile-and-lockfile.drv' to 'ssh-ng://j_kro@sentry'...
copying path '/nix/store/jligdsi9gxxsxd3inqh34fnx86jfr6gb-ruby3.4-coderay-1.1.3.drv' to 'ssh-ng://j_kro@sentry'...
copying path '/nix/store/7xcwi2yca7b7v97h5dvr2wbg8b1b8by0-asciidoctor-pdf-2.3.24.gem.drv' to 'ssh-ng://j_kro@sentry'...
copying path '/nix/store/zzjglyd9ax0dfgvsd6cmwr6z1k137q4b-prawn-icon-3.0.0.gem.drv' to 'ssh-ng://j_kro@sentry'...
copying path '/nix/store/mvvkc26w2w2grhnrqn5d91mc9c5jd5kg-ruby3.4-prawn-icon-3.0.0.drv' to 'ssh-ng://j_kro@sentry'...
copying path '/nix/store/v08vj8fhhmr4zwznr69wdqi245s6r3c7-asciidoctor-2.0.26.gem.drv' to 'ssh-ng://j_kro@sentry'...
copying path '/nix/store/p7izaqnc3md35ssrfxhcdzq9jsvyvaqr-ruby3.4-asciidoctor-2.0.26.drv' to 'ssh-ng://j_kro@sentry'...
copying path '/nix/store/dr9yh2prgq2psb457zinkm3wgsxp7wvr-prawn-table-0.2.2.gem.drv' to 'ssh-ng://j_kro@sentry'...
copying path '/nix/store/r17yqzbqn2ily38xh2j3wp459by4b8g2-ruby3.4-prawn-table-0.2.2.drv' to 'ssh-ng://j_kro@sentry'...
copying path '/nix/store/7r0jgjgqj96m7n1dldpr6lgxy0842ify-prawn-templates-0.1.2.gem.drv' to 'ssh-ng://j_kro@sentry'...
copying path '/nix/store/ahxwkxxjmpa3b6z21mba2240rxnn2rlh-pdf-reader-2.15.0.gem.drv' to 'ssh-ng://j_kro@sentry'...
copying path '/nix/store/qpzjqplknisqrvqsdl7m7ksacy51i4zd-afm-1.0.0.gem.drv' to 'ssh-ng://j_kro@sentry'...
copying path '/nix/store/mg1b3npx1im1g9ziqrjlamz9yp3y0ijz-ruby3.4-afm-1.0.0.drv' to 'ssh-ng://j_kro@sentry'...
copying path '/nix/store/lyyk83h0l0z0g70gjxf76p9igsq69ddn-ruby3.4-pdf-reader-2.15.0.drv' to 'ssh-ng://j_kro@sentry'...
copying path '/nix/store/yncgqh9dwvw04yc6mrxlbiq5bzam2992-ruby3.4-prawn-templates-0.1.2.drv' to 'ssh-ng://j_kro@sentry'...
copying path '/nix/store/k63hbagblcdmiq0n2kra1z4w2k46gnw4-ruby3.4-asciidoctor-pdf-2.3.24.drv' to 'ssh-ng://j_kro@sentry'...
copying path '/nix/store/v6dqgyzjzkwl59xdyfgdn6h537cvg4zm-rouge-4.6.1.gem.drv' to 'ssh-ng://j_kro@sentry'...
copying path '/nix/store/mhsmsx8hfifx8l7vx9sj2ykz8kzga642-ruby3.4-rouge-4.6.1.drv' to 'ssh-ng://j_kro@sentry'...
copying path '/nix/store/rqg3bxmykgjg2f96qfn2hhvr37ll93pm-bundler-2.7.2.gem.drv' to 'ssh-ng://j_kro@sentry'...
copying path '/nix/store/p4283ihs0wd54yvna9vjkxlxgknn7lrc-bundler-2.7.2.drv' to 'ssh-ng://j_kro@sentry'...
copying path '/nix/store/iin2krl9hgdd5ifvwzsbm7hbdl27jkgk-pygments.rb-4.0.0.gem.drv' to 'ssh-ng://j_kro@sentry'...
copying path '/nix/store/rghs1l34pxdhgl069rvvp5005hp49ja7-ruby3.4-pygments.rb-4.0.0.drv' to 'ssh-ng://j_kro@sentry'...
copying path '/nix/store/6m249jhjzzjvqa8faxvxnc5dq09av81l-tilt-2.6.1.gem.drv' to 'ssh-ng://j_kro@sentry'...
copying path '/nix/store/y242bcrh917hcjv4181vrad8as4787nm-ruby3.4-tilt-2.6.1.drv' to 'ssh-ng://j_kro@sentry'...
copying path '/nix/store/21s4qjdi6cihpbvxki1w695l0y7qd2hi-asciidoctor-2.0.26.drv' to 'ssh-ng://j_kro@sentry'...
copying path '/nix/store/220nhyjig963fc6n6w4jlvvqhz1wb7lc-0001-build-fix-.-configure-with-non-bash-shell.patch.drv' to 'ssh-ng://j_kro@sentry'...
copying path '/nix/store/22akh9ivy9fzh6x4fqfkl8g2wj3vwfd1-python3-3.14.6-env.drv' to 'ssh-ng://j_kro@sentry'...
copying path '/nix/store/22lfi5qd23y32blznai9nh85cavp9pg7-source.drv' to 'ssh-ng://j_kro@sentry'...
copying path '/nix/store/23c4psl96k53ygxqlgp19wj20vh28bfa-source.drv' to 'ssh-ng://j_kro@sentry'...
copying path '/nix/store/8jfd3cfwqjk2zi20m1h1i08xc044fkjm-crate-bytes-1.11.0.tar.gz.drv' to 'ssh-ng://j_kro@sentry'...
copying path '/nix/store/23c889rra1x8kiahb9vl93cx0f7yaijr-bytes-1.11.0.drv' to 'ssh-ng://j_kro@sentry'...
copying path '/nix/store/rz68wcav73m2r7hg848ssqp4j2mncs96-crate-windows_aarch64_msvc-0.53.1.tar.gz.drv' to 'ssh-ng://j_kro@sentry'...
copying path '/nix/store/23nqrs4vfb2xzamfsx18xxg5cnrb0g6x-windows_aarch64_msvc-0.53.1.drv' to 'ssh-ng://j_kro@sentry'...
copying path '/nix/store/hqzcaqs6z8qmlmc8dhv4amlw9nhkmbl3-python3.14-pycryptodome-test-vectors-1.0.14.drv' to 'ssh-ng://j_kro@sentry'...
copying path '/nix/store/25n7b0jcmmh26ji6ffggi6qa2r43h7p6-python3.14-pycryptodome-3.23.0.drv' to 'ssh-ng://j_kro@sentry'...
copying path '/nix/store/267rj2ki3xx1imp4nfi2w56hnns20iji-source.drv' to 'ssh-ng://j_kro@sentry'...
copying path '/nix/store/26w521yzgvchmbyi032x36c7aif85paz-source.drv' to 'ssh-ng://j_kro@sentry'...
copying path '/nix/store/ihx3w7hwjzyn20jacnc18kfjnrjw6lgv-emoji-test.txt.drv' to 'ssh-ng://j_kro@sentry'...
copying path '/nix/store/2703r3kkjaywlg07j8s5bsmrp0cyn5cw-unicode-emoji-test-17.0.0.drv' to 'ssh-ng://j_kro@sentry'...
copying path '/nix/store/84p9dmxsarymks32w6vvhyww226div16-freebuff-desktop.sh' to 'ssh-ng://j_kro@sentry'...
copying path '/nix/store/27if6874ffb703n6p8pbc9vg6l8rk0hp-freebuff-desktop-wrapper-0.0.42.drv' to 'ssh-ng://j_kro@sentry'...
copying path '/nix/store/288rgwyj602z9k58n319rmdycdy26nin-source.drv' to 'ssh-ng://j_kro@sentry'...
copying path '/nix/store/cl7z0rnzxmbbzvph5ill5ngp3g5n282p-source.drv' to 'ssh-ng://j_kro@sentry'...
copying path '/nix/store/g8kjmlcpph237gklf599l28n1d4jyiy4-libXScrnSaver-1.2.5.tar.xz.drv' to 'ssh-ng://j_kro@sentry'...
copying path '/nix/store/h3sh0sn0x9j7ps6fp7ps21ln5wyrk0ni-libxscrnsaver-1.2.5.drv' to 'ssh-ng://j_kro@sentry'...
copying path '/nix/store/9l8652380f7gc0wm3x3b90rl64f6b8pp-fix-paths.patch.drv' to 'ssh-ng://j_kro@sentry'...
copying path '/nix/store/b1ambb7v5h6isgbrwfzpiyaylzs23g71-source.drv' to 'ssh-ng://j_kro@sentry'...
copying path '/nix/store/lv325bg5xis6arwlchgd46769avm34pw-python3-3.14.6-env.drv' to 'ssh-ng://j_kro@sentry'...
copying path '/nix/store/rr33ycfxc8abw45zqvmr03wxwnvxicda-ibus-1.5.34.drv' to 'ssh-ng://j_kro@sentry'...
copying path '/nix/store/claxiqj3snldhxjqnk1mi0swxqjskw47-sdl3-3.4.12.drv' to 'ssh-ng://j_kro@sentry'...
copying path '/nix/store/sasmgr99zr8bffc48p5bm5j5qpgjcvh0-source.drv' to 'ssh-ng://j_kro@sentry'...
copying path '/nix/store/28vr3497i11iwfyv4vkwk2qkmdyhn3fa-sdl2-compat-2.32.70.drv' to 'ssh-ng://j_kro@sentry'...
copying path '/nix/store/sjwm948agv3g2mbb8p0qrfp7dcx1wk5x-crate-itoa-1.0.15.tar.gz.drv' to 'ssh-ng://j_kro@sentry'...
copying path '/nix/store/2azbp2i98cjlg8axv8ciyrrv0hbzxrif-itoa-1.0.15.drv' to 'ssh-ng://j_kro@sentry'...
copying path '/nix/store/vixkq02547jazppf4d6lhg4ngm9w0vx2-source.drv' to 'ssh-ng://j_kro@sentry'...
copying path '/nix/store/y50sj48a5mk1r0bqc4hrk16lqv0qpydx-source.drv' to 'ssh-ng://j_kro@sentry'...
copying path '/nix/store/s69dwvrv44dgcwy5ap1sf6z86xmvxh4z-python3.14-gyp-unstable-2024-02-07.drv' to 'ssh-ng://j_kro@sentry'...
copying path '/nix/store/fyf8mpnhy1crm8p7iv91irmgjqmfd7lm-python3-3.14.6-env.drv' to 'ssh-ng://j_kro@sentry'...
copying path '/nix/store/dgfrxdpwr3y76a8dpy2almnvb3qkpbp6-nspr-4.39.tar.gz.drv' to 'ssh-ng://j_kro@sentry'...
copying path '/nix/store/j1h0nmsv7rfc7wcg9rxksnrzlwh6kxmd-nspr-4.39.drv' to 'ssh-ng://j_kro@sentry'...
copying path '/nix/store/vxqvwnv07x87wk5icap0xn4hklcfd35a-source.drv' to 'ssh-ng://j_kro@sentry'...
copying path '/nix/store/xa3q7rqra46plnpi449zv9ns8vy6jmql-nss-3.112.5.drv' to 'ssh-ng://j_kro@sentry'...
copying path '/nix/store/agg7v4zrbqsrb7sxx2769n0izjskx963-poppler-data-0.4.12.tar.gz.drv' to 'ssh-ng://j_kro@sentry'...
copying path '/nix/store/zjpqjjh568vqmz2qvd200cc6hbbqbs2x-poppler-data-0.4.12.drv' to 'ssh-ng://j_kro@sentry'...
copying path '/nix/store/2b0x0h92vmcmsimi4bjf0wxlcnxfi5zm-poppler-glib-26.06.0.drv' to 'ssh-ng://j_kro@sentry'...
copying path '/nix/store/2bgw0f82y94laxa4xfl2xykni55zf8kq-source.drv' to 'ssh-ng://j_kro@sentry'...
copying path '/nix/store/2biqzsg5nxxy2bz1gh544vsgdp5an5p2-source.drv' to 'ssh-ng://j_kro@sentry'...
copying path '/nix/store/2bmb24k4w16dq8pxsjsc7pgs5f21jn0h-freebuff-desktop.desktop.drv' to 'ssh-ng://j_kro@sentry'...
copying path '/nix/store/2jz8cjxxnach9a5ynvswgv0sqjcraziz-qtquick3d-everywhere-src-6.11.1.tar.xz.drv' to 'ssh-ng://j_kro@sentry'...
copying path '/nix/store/g5wxdlajmx7icy32sr5bfgs6b2fcxq15-qtquick3d-6.11.1.drv' to 'ssh-ng://j_kro@sentry'...
copying path '/nix/store/ibfdwl6nizcqd4mx52sy7awkd332wcl0-libvdpau-1.5.tar.bz2.drv' to 'ssh-ng://j_kro@sentry'...
copying path '/nix/store/zpjiywlmjxrbvkgdgb33hq577jmzpps3-libvdpau-1.5.drv' to 'ssh-ng://j_kro@sentry'...
copying path '/nix/store/rb2vfjpj77gfdx7jr4m2b02n1d9g4g4w-ffmpeg-8.1.2.drv' to 'ssh-ng://j_kro@sentry'...
copying path '/nix/store/wfgf4c20gnajwdraykxzc8n14gx8k8hl-qtmultimedia-everywhere-src-6.11.1.tar.xz.drv' to 'ssh-ng://j_kro@sentry'...
copying path '/nix/store/2brbjq41w0ad8rnz4cd27cd7nqn45p0g-qtmultimedia-6.11.1.drv' to 'ssh-ng://j_kro@sentry'...
copying path '/nix/store/2chjlcs6yr3pqbhqn9rsphz732fcdymj-fix-paths.patch.drv' to 'ssh-ng://j_kro@sentry'...
copying path '/nix/store/2cmcakf33zpr7lwn7s90apz88q6pcl22-Parse-Yapp-1.21.tar.gz.drv' to 'ssh-ng://j_kro@sentry'...
copying path '/nix/store/mpwqzq948iydxj0f8dpl9nacbc602p2d-qtquicktimeline-everywhere-src-6.11.1.tar.xz.drv' to 'ssh-ng://j_kro@sentry'...
copying path '/nix/store/z2l8pa6jcxraxrmznvc2ryi35p8xply5-qtquicktimeline-6.11.1.drv' to 'ssh-ng://j_kro@sentry'...
copying path '/nix/store/zs4pc3qbppy2y68ym1b41f24rjc9h1qd-qtgraphs-everywhere-src-6.11.1.tar.xz.drv' to 'ssh-ng://j_kro@sentry'...
copying path '/nix/store/2fcggb67688j8mqr37bfyyxckbbjk0if-qtgraphs-6.11.1.drv' to 'ssh-ng://j_kro@sentry'...
copying path '/nix/store/w4zzi734z2v4wah2kja76hrvgwn5p31s-source.drv' to 'ssh-ng://j_kro@sentry'...
copying path '/nix/store/2gifqfrxsrlw2znl6473m3bqnkq3nrwm-gh-2.96.0-go-modules.drv' to 'ssh-ng://j_kro@sentry'...
copying path '/nix/store/b6g58mals5zzy6smh1m2b9k0vv5wmksq-crate-castaway-0.1.2.tar.gz.drv' to 'ssh-ng://j_kro@sentry'...
copying path '/nix/store/2grd0q31q9hi5fpngvpxi0hb5ix7q243-castaway-0.1.2.drv' to 'ssh-ng://j_kro@sentry'...
copying path '/nix/store/2h622lab2ydv50kqhja6vqzgh2n1f9ij-form_urlencoded-1.2.2.drv' to 'ssh-ng://j_kro@sentry'...
copying path '/nix/store/2hqfan20ihrirzvrnijqljqb8an19r1d-source.drv' to 'ssh-ng://j_kro@sentry'...
copying path '/nix/store/2hsiyf7q2fxf94d05c79h3sa8kiyxgks-crate-proc-macro2-1.0.95.tar.gz.drv' to 'ssh-ng://j_kro@sentry'...
copying path '/nix/store/2i0da36y2dh7wmvhjwdhp0il2xlkx91b-source.drv' to 'ssh-ng://j_kro@sentry'...
copying path '/nix/store/wf3mb061qi1mh7mh2pis1yisfvwsd8vn-crate-winapi-util-0.1.9.tar.gz.drv' to 'ssh-ng://j_kro@sentry'...
copying path '/nix/store/2i990b8d51ma0yi0yh7fyra20yadsd19-winapi-util-0.1.9.drv' to 'ssh-ng://j_kro@sentry'...
copying path '/nix/store/ffyxq0p9i73x8q4w08yx5f36gdmr1nji-source.drv' to 'ssh-ng://j_kro@sentry'...
copying path '/nix/store/b6v4l60j536p5mi0skmsmdrdrx4kzfm1-sphinxygen-1.0.12.drv' to 'ssh-ng://j_kro@sentry'...
copying path '/nix/store/climqh2askx5ycx29dzqik439zvw3417-serd-0.32.10.tar.xz.drv' to 'ssh-ng://j_kro@sentry'...
copying path '/nix/store/2ifvbkcnlbmgy1jz5zmnb9bv2ybw7y5k-serd-0.32.10.drv' to 'ssh-ng://j_kro@sentry'...
copying path '/nix/store/2iwwyi90a44f280jxig0qab7nx08an36-source.drv' to 'ssh-ng://j_kro@sentry'...
copying path '/nix/store/2jcadvs14lfg00cr68kd771xvwfvfagm-13a058f452d846e43d4691f6885eeeaa8b0ea8d0.patch.drv' to 'ssh-ng://j_kro@sentry'...
copying path '/nix/store/2jgs04vzylvfijnhc3yab83shsmld3vl-net-snmp-5.9.5.2.tar.gz.drv' to 'ssh-ng://j_kro@sentry'...
copying path '/nix/store/hapdyq9wkpffiy0rdhxpcr9chfxcs278-gnugrep-3.12-binlore.drv' to 'ssh-ng://j_kro@sentry'...
copying path '/nix/store/q6jz72dxkbhzvyq68nii2zl6jrp6w1yz-gnused-4.10-binlore.drv' to 'ssh-ng://j_kro@sentry'...
copying path '/nix/store/vp59lxfwz54f91yijfskzpgnawk6r1k6-glib-2.88.1-binlore.drv' to 'ssh-ng://j_kro@sentry'...
copying path '/nix/store/w614ld750rkjdja1vh6xn5q5wyclrv59-dbus-1.16.2-binlore.drv' to 'ssh-ng://j_kro@sentry'...
copying path '/nix/store/wydmdc33n0b1fgcb29gqhr1z3s4cgh3m-bash-interactive-5.3p15-binlore.drv' to 'ssh-ng://j_kro@sentry'...
copying path '/nix/store/xsqh3g2i90qjzwyq21dsy22jkcazamk0-which-2.25-binlore.drv' to 'ssh-ng://j_kro@sentry'...
copying path '/nix/store/581v7zgcrhq04nhrhci7zach5367kxqp-coreutils-9.11-lore-override.drv' to 'ssh-ng://j_kro@sentry'...
copying path '/nix/store/ywcm5g9h1dhkd81jx7sxdh2ljn954n1s-coreutils-9.11-binlore.drv' to 'ssh-ng://j_kro@sentry'...
copying path '/nix/store/2jxikgjx2wwaf1mw6pk3dcxr8yb7495d-more-binlore.drv' to 'ssh-ng://j_kro@sentry'...
copying path '/nix/store/rka9g7p0md6070dzi4wjan8k84vz5113-crate-colorchoice-1.0.4.tar.gz.drv' to 'ssh-ng://j_kro@sentry'...
copying path '/nix/store/2k7193mji39kpzfxv8wqcprfb12ygqhs-colorchoice-1.0.4.drv' to 'ssh-ng://j_kro@sentry'...
copying path '/nix/store/55kqa3wgz3cxq9zl1i3zcplpakyg1b6i-plasma-wayland-protocols-1.21.0.tar.xz.drv' to 'ssh-ng://j_kro@sentry'...
copying path '/nix/store/2km1h1ykz42iyygqhp32kk8hb36bb3yf-plasma-wayland-protocols-1.21.0.drv' to 'ssh-ng://j_kro@sentry'...
copying path '/nix/store/2q10lhg161r3hlvqml419d496nai6cjr-qttools-3e3ab58.drv' to 'ssh-ng://j_kro@sentry'...
copying path '/nix/store/2qc8r8c4zx98vxn2jwc1qh9f6f9j5rnh-sratom-0.6.22.tar.xz.drv' to 'ssh-ng://j_kro@sentry'...
copying path '/nix/store/2r8bv26fziaj4z2lxmz8xbvmnynfmwb1-threading.patch.drv' to 'ssh-ng://j_kro@sentry'...
copying path '/nix/store/q4lbzhscrgikq5m6di58mfh6rn2rjl65-colm-0.13.0.7.tar.gz.drv' to 'ssh-ng://j_kro@sentry'...
copying path '/nix/store/2ri4n7adrn5prm45p7imiszghkl4pgk9-colm-0.13.0.7.drv' to 'ssh-ng://j_kro@sentry'...
copying path '/nix/store/2sdh7gjzvmv09g0wrmn68sw5q6qlgpbp-ufoprocessor-1.14.1.tar.gz.drv' to 'ssh-ng://j_kro@sentry'...
copying path '/nix/store/f871c79kyvqw92sqyiripkivk24n4j7m-gssdp-1.6.6.tar.xz.drv' to 'ssh-ng://j_kro@sentry'...
copying path '/nix/store/36vzx96j4p049fkf36yrfpwhfhm80vz4-libsoup-3.6.6.tar.xz.drv' to 'ssh-ng://j_kro@sentry'...
copying path '/nix/store/pfmp7irsb29lf4vwb0bg7in52jyjr20f-libsoup-3.6.6.drv' to 'ssh-ng://j_kro@sentry'...
copying path '/nix/store/2sykp3yh26b3i0ixmn9ss4yb5fdxciqi-gssdp-1.6.6.drv' to 'ssh-ng://j_kro@sentry'...
copying path '/nix/store/2vprkxs6zh8dh260w88qrfd757w6k5qm-get_patch.drv' to 'ssh-ng://j_kro@sentry'...
copying path '/nix/store/2wpk5izc6zg2asxs1w78sn23yckay7k4-source.drv' to 'ssh-ng://j_kro@sentry'...
copying path '/nix/store/2wzhf56596bdzjwpmb826y4frqd3q2md-add-loongarch-support.patch.drv' to 'ssh-ng://j_kro@sentry'...
copying path '/nix/store/2xhf9ar0r3ilwr7vcy8r9ljifsfy7ahd-0001-addfeatures-hmtx-avoid-unsigned-integer-underflow.patch' to 'ssh-ng://j_kro@sentry'...
copying path '/nix/store/j5v7grz8cr6mdm3gmplrx7fgqs2xfadx-freepats-20060219.tar.bz2.drv' to 'ssh-ng://j_kro@sentry'...
copying path '/nix/store/dqkbrb28arz4wkxxfzc7hbck19x8nw1q-freepats-20060219.drv' to 'ssh-ng://j_kro@sentry'...
copying path '/nix/store/2xsqhnanc7j642hvjrk42mdy90yqdr94-wildmidi.cfg.drv' to 'ssh-ng://j_kro@sentry'...
copying path '/nix/store/2xvsz923j8w3qlaxzygg4gwxml0178il-source.drv' to 'ssh-ng://j_kro@sentry'...
copying path '/nix/store/cl9ji4j3jrlxzdh22g6111h2h1q561fr-rustfmt-1.97.0.drv' to 'ssh-ng://j_kro@sentry'...
copying path '/nix/store/48gs6jjhhklhw0gw7jh3vx40k45j33zc-bindgen-cli-0.72.1.tar.gz.drv' to 'ssh-ng://j_kro@sentry'...
copying path '/nix/store/g5wr7wvb9h57jjv1q93j5s5wr6zhvwc0-rust-bindgen-unwrapped-0.72.1-vendor-staging.drv' to 'ssh-ng://j_kro@sentry'...
copying path '/nix/store/3kfqjn038asqzw2hqivj9w16waza8j5k-rust-bindgen-unwrapped-0.72.1-vendor.drv' to 'ssh-ng://j_kro@sentry'...
copying path '/nix/store/5kg0f2126xn5lsicflkjnvvh5fw50jh3-rustfmt-nightly-1.97.0.drv' to 'ssh-ng://j_kro@sentry'...
copying path '/nix/store/sp7i46c34c0r9cvza0hfyixq32nzzv11-rust-bindgen-unwrapped-0.72.1.drv' to 'ssh-ng://j_kro@sentry'...
copying path '/nix/store/vfg5hy2mhp23f2jvhxarl7ypzqr2phmc-rust-bindgen-0.72.1.drv' to 'ssh-ng://j_kro@sentry'...
copying path '/nix/store/2yla22jhvvc4fh9i1p6czl6m6midnnpr-rustTools.drv' to 'ssh-ng://j_kro@sentry'...
copying path '/nix/store/2znvlrw2nwxkflb4g9x5r1yrl7ssmm4j-source.drv' to 'ssh-ng://j_kro@sentry'...
copying path '/nix/store/wy7lgvjqq2p2xsr8nhd4s114h3baggj6-source.drv' to 'ssh-ng://j_kro@sentry'...
copying path '/nix/store/2zwd9db7yvipbb7ra48c5d6kzkdgpcip-libipt-2.2.drv' to 'ssh-ng://j_kro@sentry'...
copying path '/nix/store/gjzsxzcdia1w53k16blxbpn8rhqql3g1-crate-log-0.4.27.tar.gz.drv' to 'ssh-ng://j_kro@sentry'...
copying path '/nix/store/308clbww4farkfxkj94h0rpzxzw6xcrf-log-0.4.27.drv' to 'ssh-ng://j_kro@sentry'...
copying path '/nix/store/30ydw4sigpygdlshlgyh3z9gv7y1g3sd-yarn-berry-4-fetcher-1.3.1-vendor.drv' to 'ssh-ng://j_kro@sentry'...
copying path '/nix/store/31062c14ag45xanyw8lvypv60ph92dik-source.drv' to 'ssh-ng://j_kro@sentry'...
copying path '/nix/store/315dvc9fxl16wflsx0627lh1a7xdzbh7-glew-2.3.1.tgz.drv' to 'ssh-ng://j_kro@sentry'...
copying path '/nix/store/31aq1mcijgxvyh2nsqhgbmyninq2viqq-crate-anyhow-1.0.98.tar.gz.drv' to 'ssh-ng://j_kro@sentry'...
copying path '/nix/store/hm8mfn6dzci90pqdx7si9y2yy58bk2nh-djvulibre-3.5.30.tar.gz.drv' to 'ssh-ng://j_kro@sentry'...
copying path '/nix/store/32392ibxr7gva8b4qjzj6zksy76lp33p-djvulibre-3.5.30.drv' to 'ssh-ng://j_kro@sentry'...
copying path '/nix/store/33qdhpxk0ji4z5s79pm5hw5ngxph30ds-source.drv' to 'ssh-ng://j_kro@sentry'...
copying path '/nix/store/5zcrg145mncrpmynb1jxkc04zssginvk-0001-build-fix-.-configure-with-non-bash-shell.patch.drv' to 'ssh-ng://j_kro@sentry'...
copying path '/nix/store/5mdnrvnsj9z54c1zg24b4846mdr71vpb-libmnl-1.0.5.tar.bz2.drv' to 'ssh-ng://j_kro@sentry'...
copying path '/nix/store/855ll054swwymwcwmp19hnadfxdxjs9l-libmnl-1.0.5.drv' to 'ssh-ng://j_kro@sentry'...
copying path '/nix/store/9ybjzz3y9gv2bd2m2nrfymxcpdbyhbbp-nftables-1.1.6.tar.xz.drv' to 'ssh-ng://j_kro@sentry'...
copying path '/nix/store/d6jwfqhxd3nm2ywfmx5dwdvlj9q24xir-0004-build-support-SOURCE_DATE_EPOCH-for-build-time-stamp.patch.drv' to 'ssh-ng://j_kro@sentry'...
copying path '/nix/store/x5kya1mqp8ynsb3qjjmyk14mm1fvhky5-libnfnetlink-1.0.2.tar.bz2.drv' to 'ssh-ng://j_kro@sentry'...
copying path '/nix/store/9gfa7w93qp3bizrakg7s9xf11kfxkl9s-libnfnetlink-1.0.2.drv' to 'ssh-ng://j_kro@sentry'...
copying path '/nix/store/ia78xnm7njmq35qlzvv4a6882f8vk3gw-libnetfilter_conntrack-1.1.1.tar.xz.drv' to 'ssh-ng://j_kro@sentry'...
copying path '/nix/store/g7r2fxljwianhr731mb24fhzd87wf759-libnetfilter_conntrack-1.1.1.drv' to 'ssh-ng://j_kro@sentry'...
copying path '/nix/store/6ybrrfamkndvnbqqfpl5zzz783yj1yzx-libnftnl-1.3.1.tar.xz.drv' to 'ssh-ng://j_kro@sentry'...
copying path '/nix/store/m6279n5mkx3iipc9szx828siinzq4w88-libnftnl-1.3.1.drv' to 'ssh-ng://j_kro@sentry'...
copying path '/nix/store/xm0y6czpr6m32gmg4k5yy1aijx6snmym-iptables-1.8.13.tar.xz.drv' to 'ssh-ng://j_kro@sentry'...
copying path '/nix/store/fdwfiqpmfndf731ack1bang5m44fzkk0-iptables-1.8.13.drv' to 'ssh-ng://j_kro@sentry'...
copying path '/nix/store/wq4cfvzi82jnqx6k4mqc940p6ddkbxcs-musl.patch.drv' to 'ssh-ng://j_kro@sentry'...
copying path '/nix/store/xb9zw4d49q22h83cjvjgpyzpix8ykvck-0002-build-simplify-the-instantation-of-nftversion.h.patch.drv' to 'ssh-ng://j_kro@sentry'...
copying path '/nix/store/zy60665m5i2nkpz5zrlywpvz3gvf51cg-0003-build-generate-build-time-stamp-once-at-configure.patch.drv' to 'ssh-ng://j_kro@sentry'...
copying path '/nix/store/33rxgh622fc50hs81j5yhyzdymy0sqm1-nftables-1.1.6.drv' to 'ssh-ng://j_kro@sentry'...
copying path '/nix/store/33zld4iw396rbmxxqjq2xsszg9lwa659-source.drv' to 'ssh-ng://j_kro@sentry'...
copying path '/nix/store/fr42p06xbimhpn9bzx0hdk72pc5b4fns-lutris-0.5.22-init.drv' to 'ssh-ng://j_kro@sentry'...
copying path '/nix/store/5a0bgps41dyq9z2cba75xj4lwk00yrcr-libXtst-1.2.5.tar.xz.drv' to 'ssh-ng://j_kro@sentry'...
copying path '/nix/store/416rngrfwyfkpg4r0zny7pvjmvaimsnp-libxtst-1.2.5.drv' to 'ssh-ng://j_kro@sentry'...
copying path '/nix/store/p8nvbi9hni2jxhnv6irhs8084bw4il13-libzip-1.11.4.tar.gz.drv' to 'ssh-ng://j_kro@sentry'...
copying path '/nix/store/43a7l93n0hy5p1i3y90ghpzxwc9d7cwh-libzip-1.11.4.drv' to 'ssh-ng://j_kro@sentry'...
copying path '/nix/store/kcp0vnmx06cynr8w6yvq40h307irfwwm-opencore-amr-0.1.6.tar.gz.drv' to 'ssh-ng://j_kro@sentry'...
copying path '/nix/store/bra9i9kin8028iznxyp4ayahfqk6bk4y-opencore-amr-0.1.6.drv' to 'ssh-ng://j_kro@sentry'...
copying path '/nix/store/hndr64bnigslxlrydlihaxvcpf3rxr0i-source.drv' to 'ssh-ng://j_kro@sentry'...
copying path '/nix/store/d46qjl8qmbssmm9ha6d7zakq95qsm0bb-twolame-2017-09-27.drv' to 'ssh-ng://j_kro@sentry'...
copying path '/nix/store/flnqkjys246qcc8ma8ksq3xjyx3llcyr-libshout-2.4.6.tar.gz.drv' to 'ssh-ng://j_kro@sentry'...
copying path '/nix/store/hdzis2gsx6c46jb0cjdpyv64ah6iwi2s-600fa105a799986efcccddfedfdfd3e9a1988cd0.patch.drv' to 'ssh-ng://j_kro@sentry'...
copying path '/nix/store/q3sbw4fwhjj82gxjvvgz4n4h3y5crcd3-8ab2de318d55c9d0987ffae7d9b94b365af732c1.patch.drv' to 'ssh-ng://j_kro@sentry'...
copying path '/nix/store/gfvp705gh5igcjw3ag77frxq1gmbjain-libshout-2.4.6.drv' to 'ssh-ng://j_kro@sentry'...
copying path '/nix/store/ibj7zg78c75zczknfd9bgvx6m9n26lsx-source.drv' to 'ssh-ng://j_kro@sentry'...
copying path '/nix/store/k1rqrqbhv9yci8yv9cp00lz5lc3dq8jl-wavpack-5.9.0.drv' to 'ssh-ng://j_kro@sentry'...
copying path '/nix/store/z3vx0awzjlj2z5vl9h5nvqjr5rbkf0gb-libraw1394-2.1.2.tar.gz.drv' to 'ssh-ng://j_kro@sentry'...
copying path '/nix/store/cgn4p4gw27glzqj55is85x4yriplzli6-libraw1394-2.1.2.drv' to 'ssh-ng://j_kro@sentry'...
copying path '/nix/store/r4bvn17y7b3rywsrzrgk7nccas8m30z3-libiec61883-1.2.0.tar.gz.drv' to 'ssh-ng://j_kro@sentry'...
copying path '/nix/store/mgs5np7w2yz44p9hdc5l5pay4xh2077a-libiec61883-1.2.0.drv' to 'ssh-ng://j_kro@sentry'...
copying path '/nix/store/6d47wi6fblh640f8wrpyah1c71sk73bs-libavc1394-0.5.4.tar.gz.drv' to 'ssh-ng://j_kro@sentry'...
copying path '/nix/store/npmavh0bnfgzc9ym83vj8290m147mjlm-libavc1394-0.5.4.drv' to 'ssh-ng://j_kro@sentry'...
copying path '/nix/store/nsjppl1s06lg4rdi6d0qpv3ybsrm7j1h-gst-plugins-good-1.28.4.tar.xz.drv' to 'ssh-ng://j_kro@sentry'...
copying path '/nix/store/42xf7bq8125pwv85nw76in8xg2g17pc2-CVE-2026-42046.patch.drv' to 'ssh-ng://j_kro@sentry'...
copying path '/nix/store/acjd0844b1xs5j05lv8zby5c55q6wp2f-source.drv' to 'ssh-ng://j_kro@sentry'...
copying path '/nix/store/81hqpwi2xjf3b76r6kfbpcd5pf92rpvl-source.drv' to 'ssh-ng://j_kro@sentry'...
copying path '/nix/store/hdb8gdyhdsvzlhmkp3kkvqd9456qjqk0-libid3tag-0.16.4.drv' to 'ssh-ng://j_kro@sentry'...
copying path '/nix/store/z0652dskifj4vw2nlyza1si6bswqirn6-imlib2-1.12.6.tar.xz.drv' to 'ssh-ng://j_kro@sentry'...
copying path '/nix/store/m916g04bpdx1z80q9l5a9418g5smfmng-imlib2-1.12.6.drv' to 'ssh-ng://j_kro@sentry'...
copying path '/nix/store/qk62wcmijxpil6w2f8j8jw7yq5kbm7vq-libcaca-0.99.beta20.drv' to 'ssh-ng://j_kro@sentry'...
copying path '/nix/store/bgqggsq52yz34nwj402qws6a6mqg3xp4-aalib-1.4rc5.tar.gz.drv' to 'ssh-ng://j_kro@sentry'...
copying path '/nix/store/r6gwjcf2zrdpn43fjswfg1n97qkzbi4v-aalib-1.4rc5.drv' to 'ssh-ng://j_kro@sentry'...
copying path '/nix/store/nah9r5lwm34pw0iz2y5kks6v6av9s08f-source.drv' to 'ssh-ng://j_kro@sentry'...
copying path '/nix/store/jh4yiw25lb9lmaddjcv9z4m1pz2my343-source.drv' to 'ssh-ng://j_kro@sentry'...
copying path '/nix/store/s4j40vp62pww5013vnyascjsn7z3x6p0-utf8cpp-4.1.1.drv' to 'ssh-ng://j_kro@sentry'...
copying path '/nix/store/ssqam3697mqmpr3laj0h599ila77hsrj-taglib-2.2.1.drv' to 'ssh-ng://j_kro@sentry'...
copying path '/nix/store/yvvy6ib3gsy9vn86m1cvap97w64vc5b0-souploader.diff.drv' to 'ssh-ng://j_kro@sentry'...
copying path '/nix/store/4799m6awbja4n9jx9nnsjssznbmqffn7-gst-plugins-good-1.28.4.drv' to 'ssh-ng://j_kro@sentry'...
copying path '/nix/store/l4yjis56cxk36sc3x952dw71mpqy0dba-source.drv' to 'ssh-ng://j_kro@sentry'...
copying path '/nix/store/8vmx1l0zwh6pmgsby4ksll1771x6y8rq-source.drv' to 'ssh-ng://j_kro@sentry'...
copying path '/nix/store/x6760ka951q56mpqprnzp7qa64svy0xk-source.drv' to 'ssh-ng://j_kro@sentry'...
copying path '/nix/store/81x41h92ly6b6vrbfj39vccvsc4p8l9x-libmysofa-1.3.3.drv' to 'ssh-ng://j_kro@sentry'...
copying path '/nix/store/sh6yg1p0yz1vn3fya3a1xqb9k5zf3kk9-source.drv' to 'ssh-ng://j_kro@sentry'...
copying path '/nix/store/8rzyzz7zw8qhqnnmzvzzrg7nlqshn95l-ldacbt-2.0.72.drv' to 'ssh-ng://j_kro@sentry'...
copying path '/nix/store/9j47isn3lsc2zgwfbmhhxp0g94xj9mp5-source.drv' to 'ssh-ng://j_kro@sentry'...
copying path '/nix/store/xxnjgxbkqrxdbdz4dmvrqzm2qja84k4s-libcanberra-0.30.tar.xz.drv' to 'ssh-ng://j_kro@sentry'...
copying path '/nix/store/9nx2hdgi1pl43ypfzk4ca51ra1pssgiv-libcanberra-0.30.drv' to 'ssh-ng://j_kro@sentry'...
copying path '/nix/store/jjgxcjx3l76x69anj1dlr17yjynq1kh2-fdk-aac-2.0.3.tar.gz.drv' to 'ssh-ng://j_kro@sentry'...
copying path '/nix/store/adghj240mq3xpydghjx8v420vlfxld1v-fdk-aac-2.0.3.drv' to 'ssh-ng://j_kro@sentry'...
copying path '/nix/store/i6y291b89i1ihgd4jgc7d31nrg6h8a7m-sbc-2.2.tar.xz.drv' to 'ssh-ng://j_kro@sentry'...
copying path '/nix/store/b4l88ij65jn9p11sqfcgdm0q7a8jnyfc-sbc-2.2.drv' to 'ssh-ng://j_kro@sentry'...
copying path '/nix/store/6hi8iflijaky6idmq11i1bbv3fx22pbr-source.drv' to 'ssh-ng://j_kro@sentry'...
copying path '/nix/store/692l41z54y42v323ddd1srb5lq5rg905-CVE-2017-8372-CVE-2017-8373.patch.drv' to 'ssh-ng://j_kro@sentry'...
copying path '/nix/store/fcdx10rv2p1lhglkh9k3f9cnmx0d1qah-amd64-64bit.diff.drv' to 'ssh-ng://j_kro@sentry'...
copying path '/nix/store/mik01bgb4xa2ya8d2fi8rdi8nrw7bq6c-001-mips_removal_h_constraint.patch.drv' to 'ssh-ng://j_kro@sentry'...
copying path '/nix/store/n3lx92zhi8l5m4wnmipyw9mb2frcb0k7-CVE-2017-8374.patch.drv' to 'ssh-ng://j_kro@sentry'...
copying path '/nix/store/nscnv77zk45hxq0yxn71yin018xv2byz-libmad-0.15.1b.tar.gz.drv' to 'ssh-ng://j_kro@sentry'...
copying path '/nix/store/zrgxnxkm0garn5s9z06zf82437s3ra8w-libmad.patch.drv' to 'ssh-ng://j_kro@sentry'...
copying path '/nix/store/r9c10xlza1q1r2sx207h977c32y4blnp-libmad-0.15.1b.drv' to 'ssh-ng://j_kro@sentry'...
copying path '/nix/store/46vy9n1l1wh1zm65l6d5s9z791sx58ns-nanosecond-header.patch.drv' to 'ssh-ng://j_kro@sentry'...
copying path '/nix/store/6slv04b0223d9yzr4m6qa007q7viakwf-source.drv' to 'ssh-ng://j_kro@sentry'...
copying path '/nix/store/xqhwaakfcs7cys1gngniqmjf9633d0nq-libao-1.2.2.drv' to 'ssh-ng://j_kro@sentry'...
copying path '/nix/store/nw7ijm3d677shl792fg7s7bjxz6mflvv-opusfile-0.12.tar.gz.drv' to 'ssh-ng://j_kro@sentry'...
copying path '/nix/store/wmsia9bwif2gd2gm5bamgj5sggpczbhb-CVE-2022-47021.patch.drv' to 'ssh-ng://j_kro@sentry'...
copying path '/nix/store/zz6y4wj27207a0y3bss57x6j36f53ypx-opusfile-0.12.drv' to 'ssh-ng://j_kro@sentry'...
copying path '/nix/store/fvik1z1v9150xv1k4v71cy99niv12f67-sox-unstable-2021-05-09.drv' to 'ssh-ng://j_kro@sentry'...
copying path '/nix/store/iq9g9i46fk8kwzdl4jqn8bp0f0lpykks-1f810894804d3fa61ab3fc2f3feb0599145a3436.patch.drv' to 'ssh-ng://j_kro@sentry'...
copying path '/nix/store/jsnwkcc0bl48xd8c38x7x6mrm3wd02pd-fftw-double-3.3.11.drv' to 'ssh-ng://j_kro@sentry'...
copying path '/nix/store/pyj07qfh8p0g2qrkmcq9vcqdydpbvsm3-f47bcdc301fbddad44e918939eed1b361882f740.patch.drv' to 'ssh-ng://j_kro@sentry'...
copying path '/nix/store/q02x0q10q83dzccshlaik9b02jq1mb2n-f7b96b08db148763039cf3459d0e00da9636eb92.patch.drv' to 'ssh-ng://j_kro@sentry'...
copying path '/nix/store/6a1cfn73nzs7ds56nvb6ns0wfisk6jz0-jbigkit-2.1-build_warnings.patch.drv' to 'ssh-ng://j_kro@sentry'...
copying path '/nix/store/6icll1l5dhq7fxr79r8f0giypkj24xw9-jbigkit-2.1.tar.gz.drv' to 'ssh-ng://j_kro@sentry'...
copying path '/nix/store/b94yrflniqrrglgvnc4arqg1pnr5vs1g-0015-jbg_newlen-check-for-end-of-file-within-MARKER_NEWLE.patch.drv' to 'ssh-ng://j_kro@sentry'...
copying path '/nix/store/bz2v4v3cfkxv9qmcw0aih0qraxl16ih0-0013-new-jbig.c-limit-s-maxmem-maximum-decoded-image-size.patch.drv' to 'ssh-ng://j_kro@sentry'...
copying path '/nix/store/jf88a4kcc49wid29qwyn5inq7wl0zn4y-jbigkit-2.1-ldflags.patch.drv' to 'ssh-ng://j_kro@sentry'...
copying path '/nix/store/syscw1smc3226vsssdbfd0m2dzxr7rrd-jbigkit-2.1-shared_lib.patch.drv' to 'ssh-ng://j_kro@sentry'...
copying path '/nix/store/zqgca5ccinpqw5i4qk1801ng3skzplgw-jbigkit-2.1-coverity.patch.drv' to 'ssh-ng://j_kro@sentry'...
copying path '/nix/store/53g04klmf93gjwmp07cb47inwxdzb030-jbigkit-2.1.drv' to 'ssh-ng://j_kro@sentry'...
copying path '/nix/store/8pkwq4v3852r3byx232blbf3zp38dlfb-openssh-10.4p1.tar.gz.drv' to 'ssh-ng://j_kro@sentry'...
copying path '/nix/store/b0z4jhxlk6dxzfspbzpp1mjycyzpphxw-source.drv' to 'ssh-ng://j_kro@sentry'...
copying path '/nix/store/cbsw67bldam716gj0qbi40qyqsvyn2lm-softhsm-2.7.0.drv' to 'ssh-ng://j_kro@sentry'...
copying path '/nix/store/gb881x4gwkfwpwx0yr1s2w5dwv6440vd-libredirect-0.drv' to 'ssh-ng://j_kro@sentry'...
copying path '/nix/store/6ad451z8zif188f2f9z5d0aca07ha0jh-ldns-1.9.2.tar.gz.drv' to 'ssh-ng://j_kro@sentry'...
copying path '/nix/store/m191z6dfimm2i74f40wxz31pccclxcxm-ldns-1.9.2.drv' to 'ssh-ng://j_kro@sentry'...
copying path '/nix/store/83qpv57ffl8gifldpwnjw101i08qyqsm-openssh-10.4p1.drv' to 'ssh-ng://j_kro@sentry'...
copying path '/nix/store/9yx9fzqi84bdg3y5pkz40grwanfpazsz-subversion-1.14.5.tar.bz2.drv' to 'ssh-ng://j_kro@sentry'...
copying path '/nix/store/3ffmdwsi56qxq8hpv4lhdl1jfiz2pb91-source.drv' to 'ssh-ng://j_kro@sentry'...
copying path '/nix/store/b9wc5ckfh18ib0hadfryiiy495n4bh76-utf8proc-2.11.3.drv' to 'ssh-ng://j_kro@sentry'...
copying path '/nix/store/b2axpw4qhw0v8aqncr2cjf3nkxhzcnx0-libserf-1.3.9-errgetfunc.patch.drv' to 'ssh-ng://j_kro@sentry'...
copying path '/nix/store/bs11gvqqms0csarbsyxmnmjrd5kiby17-serf-1.3.10.tar.bz2.drv' to 'ssh-ng://j_kro@sentry'...
copying path '/nix/store/g0ni0fq4nb9wvjbk5yplf01w3pzg8kym-python3.14-cmake-4.3.4.drv' to 'ssh-ng://j_kro@sentry'...
copying path '/nix/store/j1spw1yr8qki32n45rg3qb02hxh141a8-meson_python-0.20.0.tar.gz.drv' to 'ssh-ng://j_kro@sentry'...
copying path '/nix/store/r9rdqm1mxhczmji46j8fw58dncq59l1y-meson-1.10.2.drv' to 'ssh-ng://j_kro@sentry'...
copying path '/nix/store/8jdbnsjsi8bgh2xmmhb2z0yqzfj373kk-pyproject_metadata-0.12.1.tar.gz.drv' to 'ssh-ng://j_kro@sentry'...
copying path '/nix/store/rrh97q91gq67dkgr93mbas6wqf6pjlgd-python3.14-pyproject-metadata-0.12.1.drv' to 'ssh-ng://j_kro@sentry'...
copying path '/nix/store/9bxjhvrv0d668salhhmzq8ajiyl5h35y-python3.14-meson-python-0.20.0.drv' to 'ssh-ng://j_kro@sentry'...
copying path '/nix/store/57cicjw2bglz9a7hbpvd8yacvrnr5j9i-3f6e928d34aca977bd5d4191e6d2c2338a342.patch.drv' to 'ssh-ng://j_kro@sentry'...
copying path '/nix/store/9ksfx74q40vdd1c7pq0cj8rgx52h28s2-source.drv' to 'ssh-ng://j_kro@sentry'...
copying path '/nix/store/czdzw0glg2sbcvlp9q8chb9kdcbkcvis-e3ce4623c299068bbd47c35ee87aab334bac73b1.patch.drv' to 'ssh-ng://j_kro@sentry'...
copying path '/nix/store/8vjanda37rhz5274r37awnq02mvcyrwn-openblas-0.3.33.drv' to 'ssh-ng://j_kro@sentry'...
copying path '/nix/store/w5rs2k6vzvv1013a327lszsw5mz34gd1-source.drv' to 'ssh-ng://j_kro@sentry'...
copying path '/nix/store/yriirlsxf044na6mh1pi637kpbdpbpch-liblapack-3.12.1.drv' to 'ssh-ng://j_kro@sentry'...
copying path '/nix/store/fy3i3w2l4gdn6dikb5aqik87kz5yv8ig-blas-3.drv' to 'ssh-ng://j_kro@sentry'...
copying path '/nix/store/4d5p1884dann7kikzlaahb7bmbclrzyx-hypothesis-6.156.1-vendor.drv' to 'ssh-ng://j_kro@sentry'...
copying path '/nix/store/7ypg98j5gkgpdcxx7j8ahr82w99n698g-python3.14-syrupy-5.5.3.drv' to 'ssh-ng://j_kro@sentry'...
copying path '/nix/store/ka3fmmf70ck0cipyzbh18rzm57vb4y1s-python3.14-hypothesis-6.156.1.drv' to 'ssh-ng://j_kro@sentry'...
copying path '/nix/store/knr2g9gsryc42v9dnzhk4qa0ff2sqs4v-lapack-3.drv' to 'ssh-ng://j_kro@sentry'...
copying path '/nix/store/z1dcdg1634mxhzknjjnsfv8id68hljzy-source.drv' to 'ssh-ng://j_kro@sentry'...
copying path '/nix/store/z6qj2qypcb04lkymyg8vmvw4d9wcw6q1-site.cfg.drv' to 'ssh-ng://j_kro@sentry'...
copying path '/nix/store/71gn3qadvdplr41pfccvcx7igv2mpqv1-python3.14-numpy-2.5.1.drv' to 'ssh-ng://j_kro@sentry'...
copying path '/nix/store/hxls7l8573523d8mxm1b8z7n6rraxcxp-source.drv' to 'ssh-ng://j_kro@sentry'...
copying path '/nix/store/mhr4mii505r8xvwdszckwzrrhj44r7q6-source.drv' to 'ssh-ng://j_kro@sentry'...
copying path '/nix/store/hyzn8cbys7abqnv800zwj4z98p9a8pqf-python3.14-versioneer-0.29.drv' to 'ssh-ng://j_kro@sentry'...
copying path '/nix/store/lxx67584spxmj1glhqnkz09dgv621dwy-python3.14-tzdata-2026.3.drv' to 'ssh-ng://j_kro@sentry'...
copying path '/nix/store/6ydhxni6y08qj86ncly09rxasygxiphh-python3.14-pandas-3.0.4.drv' to 'ssh-ng://j_kro@sentry'...
copying path '/nix/store/gqdfliniknpnf9d6kmw2v5q494fyrwcz-pyfakefs-6.2.0.tar.gz.drv' to 'ssh-ng://j_kro@sentry'...
copying path '/nix/store/7s4jvy4xvzphbbiyjwlysvvy3wgff67m-python3.14-pyfakefs-6.2.0.drv' to 'ssh-ng://j_kro@sentry'...
copying path '/nix/store/58jsg5yw6f88nyqdfj659r90s7dw6ay5-jaraco_collections-5.2.1.tar.gz.drv' to 'ssh-ng://j_kro@sentry'...
copying path '/nix/store/h8qbgq092cp1pkn7w904xd8hadlrk18h-source.drv' to 'ssh-ng://j_kro@sentry'...
copying path '/nix/store/9r35mpg29m8xzghh7kc6hcdp3qr35s1j-python3.14-jaraco-context-6.1.0.drv' to 'ssh-ng://j_kro@sentry'...
copying path '/nix/store/a2bydnw4y75wza3wwvdg2d940vkfmc09-python3.14-sphinx-hook.drv' to 'ssh-ng://j_kro@sentry'...
copying path '/nix/store/b8ighx47j75bm07adbqn5csbiffg8mxl-typeguard-4.5.2.tar.gz.drv' to 'ssh-ng://j_kro@sentry'...
copying path '/nix/store/623gb4pwsh71alakq7qwkf1cigflczsg-fix-tests-with-sphinx7.1.patch.drv' to 'ssh-ng://j_kro@sentry'...
copying path '/nix/store/q55w6f4c7vffqsa9l7p1h86svcjr22wm-fix-tests-with-sphinx7.2-and-python312.patch.drv' to 'ssh-ng://j_kro@sentry'...
copying path '/nix/store/h3q7r867pxhfi355shya7slh75gvpx6z-python3.14-sphinxcontrib-jquery-4.1.drv' to 'ssh-ng://j_kro@sentry'...
copying path '/nix/store/s242by1zj7y7b89ckbgflrr4rmwihf67-python3.14-sphinx-rtd-theme-3.1.0.drv' to 'ssh-ng://j_kro@sentry'...
copying path '/nix/store/alp7s669hawj96v38wddfi9vp2w2iwkz-python3.14-typeguard-4.5.2.drv' to 'ssh-ng://j_kro@sentry'...
copying path '/nix/store/vb6n07nakhl0qklndviw7gp0s8dmsf04-source.drv' to 'ssh-ng://j_kro@sentry'...
copying path '/nix/store/s5k5900w7pnj9fyn8knfi1lka7r791s9-source.drv' to 'ssh-ng://j_kro@sentry'...
copying path '/nix/store/z6ngziqhcykarma2by7fn595sk2hzv9k-python3.14-more-itertools-11.1.0.drv' to 'ssh-ng://j_kro@sentry'...
copying path '/nix/store/bf88jijnr9rxrssyqmxlkbbaz1ga4gxz-python3.14-inflect-7.5.0.drv' to 'ssh-ng://j_kro@sentry'...
copying path '/nix/store/h2v1691chynrwam3gv44f3agsvlb0n3i-jaraco_functools-4.4.0.tar.gz.drv' to 'ssh-ng://j_kro@sentry'...
copying path '/nix/store/vsbflfdryjbi1glbhki5pn25irjzvm1b-source.drv' to 'ssh-ng://j_kro@sentry'...
copying path '/nix/store/nlz26z7svpphpa8blihyw56swfzb6ry1-python3.14-jaraco-classes-3.4.0.drv' to 'ssh-ng://j_kro@sentry'...
copying path '/nix/store/s5qhcnwwk69bixyc0zy1v65lmq9wlz2a-python3.14-jaraco-functools-4.4.0.drv' to 'ssh-ng://j_kro@sentry'...
copying path '/nix/store/scvgaalmnhp10znhp8b0zw76mc3q2j92-source.drv' to 'ssh-ng://j_kro@sentry'...
copying path '/nix/store/x1sa703r2rm1qd31y76k2j03dsba428w-python3.14-autocommand-2.2.2.drv' to 'ssh-ng://j_kro@sentry'...
copying path '/nix/store/ynrq5f2rmfy2g2n70v9p14pwc16ddr06-jaraco_text-4.0.0.tar.gz.drv' to 'ssh-ng://j_kro@sentry'...
copying path '/nix/store/gm4wys6b87y2868rb0ln031kvby5jss8-python3.14-jaraco-text-4.0.0.drv' to 'ssh-ng://j_kro@sentry'...
copying path '/nix/store/9szmzkqyqymvw8555930rdgfgrvsw59z-python3.14-jaraco-collections-5.2.1.drv' to 'ssh-ng://j_kro@sentry'...
copying path '/nix/store/5ii3b19y4k91fk7wvsf3k62qp01a4aa5-source.drv' to 'ssh-ng://j_kro@sentry'...
copying path '/nix/store/dfbpc6nd80kwi91kp9aq12hll0q14508-python3.14-jaraco-path-3.7.2.drv' to 'ssh-ng://j_kro@sentry'...
copying path '/nix/store/g6kkamfbd6lcg2zdnsij8d12bxby4r9q-source.drv' to 'ssh-ng://j_kro@sentry'...
copying path '/nix/store/q44c2zkgn9ddwnp7xc83ghvgk9smab0v-libz-1.2.8.2025.03.07.drv' to 'ssh-ng://j_kro@sentry'...
copying path '/nix/store/g0z725r85ll3k0rd693kr6x4b7fcpyml-source.drv' to 'ssh-ng://j_kro@sentry'...
copying path '/nix/store/7xxqj04530y48ip9j644x88z88p7p0yw-python3.14-cachetools-7.1.4.drv' to 'ssh-ng://j_kro@sentry'...
copying path '/nix/store/9ny9gh3yqhb6064035ykn6f5vxjgpb60-source.drv' to 'ssh-ng://j_kro@sentry'...
copying path '/nix/store/46aj90w7fivi4jfjkvv16mqviww2205a-npm-build-hook.drv' to 'ssh-ng://j_kro@sentry'...
copying path '/nix/store/pwm6zhsi6i6jlgckqz5ql8bhg7bbrprr-source.drv' to 'ssh-ng://j_kro@sentry'...
copying path '/nix/store/3r04r9vm2a45dqvskx8h7bxl6s5nd7d3-simdutf-6.5.0.drv' to 'ssh-ng://j_kro@sentry'...
copying path '/nix/store/7438nc8320dg3bn32xj2yr2jnka11p4s-869d0cbca3b0b5e594b3254869a34d549664e089.patch?full_index=1.drv' to 'ssh-ng://j_kro@sentry'...
copying path '/nix/store/zn5lgzlpjzi3f8mv7nz2kh5igs8pmxi3-source.drv' to 'ssh-ng://j_kro@sentry'...
copying path '/nix/store/8yd5x9hx8ymjqng9pj7f387n30a6fl3p-simdjson-4.6.4.drv' to 'ssh-ng://j_kro@sentry'...
copying path '/nix/store/5ykdrdhb0akbdq2jxwnfrzs5gq6xdknx-no-avx2-i386.patch' to 'ssh-ng://j_kro@sentry'...
copying path '/nix/store/qsk1flfrjl0m1h1pnjyaa3h6iz92ib4r-source.drv' to 'ssh-ng://j_kro@sentry'...
copying path '/nix/store/bj4k62ghmarsw4qfb7ywaqhd7f2npj23-hdrhistogram_c-0.11.10.drv' to 'ssh-ng://j_kro@sentry'...
copying path '/nix/store/98v3lqrghy9f3p2xy1mj8cw8ha2n7afq-source.drv' to 'ssh-ng://j_kro@sentry'...
copying path '/nix/store/c2sfyhl6xrz2hwpgmgd64d9gknk5qfik-uvwasi-0.0.23.drv' to 'ssh-ng://j_kro@sentry'...
copying path '/nix/store/dfsly83lnaxa87v3vgnqj2kd3bknzvid-merve-1.2.2.drv' to 'ssh-ng://j_kro@sentry'...
copying path '/nix/store/lz9bn8l99gim739swabm16nzpyk2kv2w-source.drv' to 'ssh-ng://j_kro@sentry'...
copying path '/nix/store/fv7yfl86yi96rnvc8r8kfzzbmjinzylz-simdutf-9.0.0.drv' to 'ssh-ng://j_kro@sentry'...
copying path '/nix/store/k5c5qqqr2zs43w71qhvylw1q80di0623-source.drv' to 'ssh-ng://j_kro@sentry'...
copying path '/nix/store/7p66xwijdizabd6pyn4v6l0xsnakzsmr-portability.patch.drv' to 'ssh-ng://j_kro@sentry'...
copying path '/nix/store/wn7gmrqn17s98wyl8xri461p7k71k3ka-gbenchmark-1.9.5.drv' to 'ssh-ng://j_kro@sentry'...
copying path '/nix/store/n83m936hb4hsvkrmwd03h0yhmgd4nmam-ada-3.4.4.drv' to 'ssh-ng://j_kro@sentry'...
copying path '/nix/store/shgn90rbkcc5f6lak5zx8zics6fi6fkb-source.drv' to 'ssh-ng://j_kro@sentry'...
copying path '/nix/store/s1qp8lm5l63bdxsdrk4bcm2a6v8qgwy4-nbytes-0.1.4.drv' to 'ssh-ng://j_kro@sentry'...
copying path '/nix/store/saw4ljnbvh7lsjvly9i82d89gqx060kf-node-v24.18.0.tar.xz.drv' to 'ssh-ng://j_kro@sentry'...
copying path '/nix/store/cxd4xbnvxfddxf0cmwwa351y8lsf26yf-source.drv' to 'ssh-ng://j_kro@sentry'...
copying path '/nix/store/smb9ijp6m8d3v50qfsf8fva4icrmjqk4-llhttp-9.4.2.drv' to 'ssh-ng://j_kro@sentry'...
copying path '/nix/store/mdg0vzkm2iqw1897780szw3avmrrrw81-pkgconf-2.5.1.tar.gz.drv' to 'ssh-ng://j_kro@sentry'...
copying path '/nix/store/hvwpdf0lwrpjd8b4278a4dsd2ww72l70-pkgconf-2.5.1.drv' to 'ssh-ng://j_kro@sentry'...
copying path '/nix/store/z2vl1yis01i1l856iizv8zbfgzkq4qbn-pkgs-config-setup-hook.drv' to 'ssh-ng://j_kro@sentry'...
copying path '/nix/store/zarakk3r5yrhvn0gvlz2niisbdvhjddi-pkgconf-wrapper-2.5.1.drv' to 'ssh-ng://j_kro@sentry'...
copying path '/nix/store/y1g7wq3m35ykk3xmd6z286idgwi88dyx-nodejs-slim-24.18.0.drv' to 'ssh-ng://j_kro@sentry'...
copying path '/nix/store/77486jyjhvxkhvlx0ghzp1wvlwv4z941-nodejs-24.18.0-source.drv' to 'ssh-ng://j_kro@sentry'...
copying path '/nix/store/ba636vna1gwlz6919iriwkcphxyhplsj-tar-1.35.tar.xz.drv' to 'ssh-ng://j_kro@sentry'...
copying path '/nix/store/kvjzbja63k0a2rfjad52gpf2mqqm8sqx-gnutar-1.35.drv' to 'ssh-ng://j_kro@sentry'...
copying path '/nix/store/g4lrzzp5fjq74hwhllvlcqlh8kdsa83v-crate-pin-project-internal-1.1.10.tar.gz.drv' to 'ssh-ng://j_kro@sentry'...
copying path '/nix/store/34yg6qfg0k2sj4jbx0rnwr7d92lw2gam-pin-project-internal-1.1.10.drv' to 'ssh-ng://j_kro@sentry'...
copying path '/nix/store/pdkn1f9csl7q6mynaq4gn7146ac9z4li-crate-camino-1.2.2.tar.gz.drv' to 'ssh-ng://j_kro@sentry'...
copying path '/nix/store/3573kdjd66camhz4z9d0zdgh2z6a6lah-camino-1.2.2.drv' to 'ssh-ng://j_kro@sentry'...
copying path '/nix/store/smvq9nxz3ahh7ar3bb603nbb9512qbsm-crate-serde-1.0.228.tar.gz.drv' to 'ssh-ng://j_kro@sentry'...
copying path '/nix/store/36g9dbqgrbwybk2gvcck2bqjc8dz8rjw-serde-1.0.228.drv' to 'ssh-ng://j_kro@sentry'...
copying path '/nix/store/ihr6p4m4w1wdxfdb9ynkiwggj2wbvagh-crate-windows_aarch64_gnullvm-0.52.6.tar.gz.drv' to 'ssh-ng://j_kro@sentry'...
copying path '/nix/store/3fqw58xk9vd0xrqgsg26pw4czk39kiwc-windows_aarch64_gnullvm-0.52.6.drv' to 'ssh-ng://j_kro@sentry'...
copying path '/nix/store/y8kryn088grj35hh7dn78ff8ddrffrsa-crate-quote-1.0.42.tar.gz.drv' to 'ssh-ng://j_kro@sentry'...
copying path '/nix/store/3g711fbbmlghg3lvf3py6jvzg1xpdshk-quote-1.0.42.drv' to 'ssh-ng://j_kro@sentry'...
copying path '/nix/store/bwzkx6h1183ccp5vwzvn9jg78bn4yk2z-crate-parking-2.2.1.tar.gz.drv' to 'ssh-ng://j_kro@sentry'...
copying path '/nix/store/3h6svb525jabawvv7p4y9f9bl0fkglkm-parking-2.2.1.drv' to 'ssh-ng://j_kro@sentry'...
copying path '/nix/store/b4nsp7mr056q60r77s8v3gf9ylvlpfp8-crate-tracing-attributes-0.1.31.tar.gz.drv' to 'ssh-ng://j_kro@sentry'...
copying path '/nix/store/3hrkfw254crdmzrf7jx09vpr40758yba-tracing-attributes-0.1.31.drv' to 'ssh-ng://j_kro@sentry'...
copying path '/nix/store/z573bzqasx5ibrlwpkaiyrfqcxgrzcwd-crate-thiserror-1.0.69.tar.gz.drv' to 'ssh-ng://j_kro@sentry'...
copying path '/nix/store/3rky2zyxs1kac90s0835h4jni1n1kffa-thiserror-1.0.69.drv' to 'ssh-ng://j_kro@sentry'...
copying path '/nix/store/cs5naad3a5crakjgr9fl61fprdbg7wy2-crate-libc-0.2.178.tar.gz.drv' to 'ssh-ng://j_kro@sentry'...
copying path '/nix/store/3rz59f90958kg207sxwwva3m02pkpm6i-libc-0.2.178.drv' to 'ssh-ng://j_kro@sentry'...
copying path '/nix/store/3wksq7a172ngxkdda39nfkd31szlkd4m-rustix-1.1.2.drv' to 'ssh-ng://j_kro@sentry'...
copying path '/nix/store/idqdzs6jgmfrym46acikqijpyj197xji-crate-windows_i686_msvc-0.52.6.tar.gz.drv' to 'ssh-ng://j_kro@sentry'...
copying path '/nix/store/4n9acbbi4g9zx79q9by50lwmmszi6kr6-windows_i686_msvc-0.52.6.drv' to 'ssh-ng://j_kro@sentry'...
copying path '/nix/store/rhb1m2pvg5dg6xwcmwv9irw1z91ywxvf-crate-windows_x86_64_msvc-0.52.6.tar.gz.drv' to 'ssh-ng://j_kro@sentry'...
copying path '/nix/store/4qk9giw8kqdhc7z31sixn03f7c5a4hhd-windows_x86_64_msvc-0.52.6.drv' to 'ssh-ng://j_kro@sentry'...
copying path '/nix/store/bfk9fr7pq5qfdwwi16alnrwp66b2gpa0-crate-rand_core-0.6.4.tar.gz.drv' to 'ssh-ng://j_kro@sentry'...
copying path '/nix/store/4w3l6byjgaydlzz7s2g2xfvq8izqz0j0-rand_core-0.6.4.drv' to 'ssh-ng://j_kro@sentry'...
copying path '/nix/store/gmdxashf8avyhl9db8m35359cxbf42pq-crate-rayon-1.11.0.tar.gz.drv' to 'ssh-ng://j_kro@sentry'...
copying path '/nix/store/5dakx54hxj6f5bqyxrqgk8snbykp8r8r-rayon-1.11.0.drv' to 'ssh-ng://j_kro@sentry'...
copying path '/nix/store/hya9lxjsqxpllx5xy8j8ijhqnvimgn6f-crate-windows_aarch64_msvc-0.48.5.tar.gz.drv' to 'ssh-ng://j_kro@sentry'...
copying path '/nix/store/5lal74gj1q1app2l4z72s125h6x0w4yb-windows_aarch64_msvc-0.48.5.drv' to 'ssh-ng://j_kro@sentry'...
copying path '/nix/store/3wvbdsij2ml5i4aghvv9xgwyff6hnfrf-crate-windows_x86_64_gnu-0.53.1.tar.gz.drv' to 'ssh-ng://j_kro@sentry'...
copying path '/nix/store/5ndbx4xgypx11b48jk6kj0vv5wf3mfrh-windows_x86_64_gnu-0.53.1.drv' to 'ssh-ng://j_kro@sentry'...
copying path '/nix/store/vpvgfmsc5y5s8bj61xqp5cgc1hg2gxam-crate-rayon-core-1.13.0.tar.gz.drv' to 'ssh-ng://j_kro@sentry'...
copying path '/nix/store/5q59hphq86njrvxkdqcgsiwbq3vvkblg-rayon-core-1.13.0.drv' to 'ssh-ng://j_kro@sentry'...
copying path '/nix/store/rz51ljjjwcdk9mpqys2g31yfd9v3n5qq-crate-crossbeam-utils-0.8.21.tar.gz.drv' to 'ssh-ng://j_kro@sentry'...
copying path '/nix/store/5vs9ip2q5wf1n0l009myryi77yfh0hi9-crossbeam-utils-0.8.21.drv' to 'ssh-ng://j_kro@sentry'...
copying path '/nix/store/5n5pfh6sczkqn30hd5xfnaap4zjxy26l-crate-winapi-util-0.1.11.tar.gz.drv' to 'ssh-ng://j_kro@sentry'...
copying path '/nix/store/5wva0ihhasn14d3q067pbfnb9wgb2ydl-winapi-util-0.1.11.drv' to 'ssh-ng://j_kro@sentry'...
copying path '/nix/store/80l0plf8lmfap8qyrzhkxz00l4vn26n1-crate-litemap-0.8.1.tar.gz.drv' to 'ssh-ng://j_kro@sentry'...
copying path '/nix/store/5zfp118i1mlwswvfpdxk2pzgnmqr1fw8-litemap-0.8.1.drv' to 'ssh-ng://j_kro@sentry'...
copying path '/nix/store/zzjaf49fsc8mgp83q84swjmyndna7yhl-crate-icu_normalizer_data-2.1.1.tar.gz.drv' to 'ssh-ng://j_kro@sentry'...
copying path '/nix/store/60f3pr9ndhpsbaq0c5xkdpxg596dp4sm-icu_normalizer_data-2.1.1.drv' to 'ssh-ng://j_kro@sentry'...
copying path '/nix/store/f47vpfzs2ksd1rsayp7l3yfp2176ib3p-crate-getrandom-0.3.4.tar.gz.drv' to 'ssh-ng://j_kro@sentry'...
copying path '/nix/store/6bypxynfj5q81q0slwamsdvhnq64yf11-getrandom-0.3.4.drv' to 'ssh-ng://j_kro@sentry'...
copying path '/nix/store/aanfim61ipxv5mks4kl35pvzypcqlzgj-crate-anstyle-query-1.1.5.tar.gz.drv' to 'ssh-ng://j_kro@sentry'...
copying path '/nix/store/6shan5vwdxikjcfpzz3s3drvpa2ypkhn-anstyle-query-1.1.5.drv' to 'ssh-ng://j_kro@sentry'...
copying path '/nix/store/j1v68c1pq0lragimhsp3kwvg509ifkzl-crate-anyhow-1.0.100.tar.gz.drv' to 'ssh-ng://j_kro@sentry'...
copying path '/nix/store/7z05k4fa504fjvwl5776gwi05bg4qjqh-anyhow-1.0.100.drv' to 'ssh-ng://j_kro@sentry'...
copying path '/nix/store/s2q091iw81l5gjqjf32msxlq29n4cppw-crate-aho-corasick-1.1.4.tar.gz.drv' to 'ssh-ng://j_kro@sentry'...
copying path '/nix/store/81920fcjvpwdwwd62kgdmmadlji2kr4s-aho-corasick-1.1.4.drv' to 'ssh-ng://j_kro@sentry'...
copying path '/nix/store/jj3cx2499pq7zrlczpxx7a00m5syxnhg-crate-zerocopy-0.8.31.tar.gz.drv' to 'ssh-ng://j_kro@sentry'...
copying path '/nix/store/8jbdbkkhm5hqz3vxlx98ycbywdn3v3f3-zerocopy-0.8.31.drv' to 'ssh-ng://j_kro@sentry'...
copying path '/nix/store/awhcqwq3ikvd6xjdlzxc8cwd394km04i-crate-zerocopy-derive-0.8.31.tar.gz.drv' to 'ssh-ng://j_kro@sentry'...
copying path '/nix/store/8rf5vdxsr4jhbpywcp63x032ilhbpnxf-zerocopy-derive-0.8.31.drv' to 'ssh-ng://j_kro@sentry'...
copying path '/nix/store/7hpq752zd57hs2vs9cm382ynalbrnhqa-crate-digest-0.10.7.tar.gz.drv' to 'ssh-ng://j_kro@sentry'...
copying path '/nix/store/8sr309m98xn3qwc2v7jv0d1b3sy681za-digest-0.10.7.drv' to 'ssh-ng://j_kro@sentry'...
copying path '/nix/store/48c0jbp9wcxlm139y5h8b86vdqk9dakz-crate-http-0.2.12.tar.gz.drv' to 'ssh-ng://j_kro@sentry'...
copying path '/nix/store/8vjygfhi4yknv9hkx0pkgg1yl3wglpsz-http-0.2.12.drv' to 'ssh-ng://j_kro@sentry'...
copying path '/nix/store/mkxbq162hdig2wbkss1y0h4dhs5pyibn-crate-windows_i686_gnullvm-0.52.6.tar.gz.drv' to 'ssh-ng://j_kro@sentry'...
copying path '/nix/store/90i5dwk50lm5q36d8f2abwxh02s2qqnm-windows_i686_gnullvm-0.52.6.drv' to 'ssh-ng://j_kro@sentry'...
copying path '/nix/store/5g0shr2vrkhznrdmx7svrkf6f780ghx2-crate-crossbeam-epoch-0.9.18.tar.gz.drv' to 'ssh-ng://j_kro@sentry'...
copying path '/nix/store/9m0xcn18jl9j9n5dm154iyf0vknw5idm-crossbeam-epoch-0.9.18.drv' to 'ssh-ng://j_kro@sentry'...
copying path '/nix/store/z40786r577w8d0zzirgp9h57ibvbiyi7-crate-windows_aarch64_gnullvm-0.53.1.tar.gz.drv' to 'ssh-ng://j_kro@sentry'...
copying path '/nix/store/a2n9w52zg1649l9g37izz9xwlfnlrvj6-windows_aarch64_gnullvm-0.53.1.drv' to 'ssh-ng://j_kro@sentry'...
copying path '/nix/store/isw65iw060s31dy8difwvag68any0bxj-crate-generic-array-0.14.7.tar.gz.drv' to 'ssh-ng://j_kro@sentry'...
copying path '/nix/store/a4mvzs8zhsxi3amq0973zf9jfxam9qjj-generic-array-0.14.7.drv' to 'ssh-ng://j_kro@sentry'...
copying path '/nix/store/pr3dqh5pm5w7687fqdsch2gffa7lcwz1-crate-windows_x86_64_gnullvm-0.48.5.tar.gz.drv' to 'ssh-ng://j_kro@sentry'...
copying path '/nix/store/a51mx7gi117p1vcsfd0f7rsafp37w96c-windows_x86_64_gnullvm-0.48.5.drv' to 'ssh-ng://j_kro@sentry'...
copying path '/nix/store/4n84sg23nqc2wyiwa8g12lyryqh42sak-crate-env_logger-0.11.8.tar.gz.drv' to 'ssh-ng://j_kro@sentry'...
copying path '/nix/store/ajcmkhgdbz0hz67jwf6h5dh4y2fd8blb-env_logger-0.11.8.drv' to 'ssh-ng://j_kro@sentry'...
copying path '/nix/store/dj0y78hf0a8skxz25piznma9x1wbxkqk-crate-idna_adapter-1.2.1.tar.gz.drv' to 'ssh-ng://j_kro@sentry'...
copying path '/nix/store/an099zn04wxhb2m7c3f3zfmi2qic4q86-idna_adapter-1.2.1.drv' to 'ssh-ng://j_kro@sentry'...
copying path '/nix/store/aqwrbcblvab5nnylzk258naaq0crwj95-windows-targets-0.53.5.drv' to 'ssh-ng://j_kro@sentry'...
copying path '/nix/store/36krl1l2gqqdvc6gxgn8iq9wiz0c63wg-crate-windows-link-0.2.1.tar.gz.drv' to 'ssh-ng://j_kro@sentry'...
copying path '/nix/store/avz7w4pc8q3nlvc1b4ppzvvvy42ah2ka-windows-link-0.2.1.drv' to 'ssh-ng://j_kro@sentry'...
copying path '/nix/store/mv695h3halk6dckrir1g3m1f6wwci3sf-crate-windows-sys-0.59.0.tar.gz.drv' to 'ssh-ng://j_kro@sentry'...
copying path '/nix/store/axkwhy16ck1s2yxjn22r03zkxx7nrgsd-windows-sys-0.59.0.drv' to 'ssh-ng://j_kro@sentry'...
copying path '/nix/store/l0y32hq1x1s1zgqrwai81rq3zm5dsxds-crate-log-0.4.29.tar.gz.drv' to 'ssh-ng://j_kro@sentry'...
copying path '/nix/store/b4niw3blmyqjpixcwdhfvcsy7w3nc00p-log-0.4.29.drv' to 'ssh-ng://j_kro@sentry'...
copying path '/nix/store/djvkd1w0qws3941clv9w8cfk4dzqwf74-crate-polling-2.8.0.tar.gz.drv' to 'ssh-ng://j_kro@sentry'...
copying path '/nix/store/b4vp9c35vs5hk6ps46cvyfpj3512xzc2-polling-2.8.0.drv' to 'ssh-ng://j_kro@sentry'...
copying path '/nix/store/l9lam52wdpq0d1r1w195mcp9q5s60mk9-crate-icu_properties_data-2.1.2.tar.gz.drv' to 'ssh-ng://j_kro@sentry'...
copying path '/nix/store/bhfgf6gasjblixfzl00assw0y8ghs6jp-icu_properties_data-2.1.2.drv' to 'ssh-ng://j_kro@sentry'...
copying path '/nix/store/7hpmmwb6fi8njyw5asws60ypvnq18dmc-crate-windows_i686_gnullvm-0.53.1.tar.gz.drv' to 'ssh-ng://j_kro@sentry'...
copying path '/nix/store/c9kcwpf1cl1gv95ib3sv33x93zvsjpns-windows_i686_gnullvm-0.53.1.drv' to 'ssh-ng://j_kro@sentry'...
copying path '/nix/store/sdsxb42bidxgn3q3mc9sx91479gdnyq4-crate-tempfile-3.23.0.tar.gz.drv' to 'ssh-ng://j_kro@sentry'...
copying path '/nix/store/cl26w57jwfizih1k47sm83acl58wbkm4-tempfile-3.23.0.drv' to 'ssh-ng://j_kro@sentry'...
copying path '/nix/store/kwhkdln6mcjlyrzmcnc0isc11lzdacqv-crate-icu_collections-2.1.1.tar.gz.drv' to 'ssh-ng://j_kro@sentry'...
copying path '/nix/store/d9xk1h9zrj8clj0fs086jr6ih29hk592-icu_collections-2.1.1.drv' to 'ssh-ng://j_kro@sentry'...
copying path '/nix/store/g3wr3hnfx7jnw25nsc1mhyg9pdnwgwzm-crate-async-channel-1.9.0.tar.gz.drv' to 'ssh-ng://j_kro@sentry'...
copying path '/nix/store/dh7bw7hk10dqf3c5akixv444xpab2zi6-async-channel-1.9.0.drv' to 'ssh-ng://j_kro@sentry'...
copying path '/nix/store/m9nql211sxql23hv4zs72p9vvcw25sxg-crate-pin-project-lite-0.2.16.tar.gz.drv' to 'ssh-ng://j_kro@sentry'...
copying path '/nix/store/dhmaa4vdglrlhd39a3vwcjbs8126g1dd-pin-project-lite-0.2.16.drv' to 'ssh-ng://j_kro@sentry'...
copying path '/nix/store/icr2l6rw18660y5ivpbm13m3fabyn2dd-crate-potential_utf-0.1.4.tar.gz.drv' to 'ssh-ng://j_kro@sentry'...
copying path '/nix/store/djndblkydj3p4z6idjmf7bgdkd1p4x53-potential_utf-0.1.4.drv' to 'ssh-ng://j_kro@sentry'...
copying path '/nix/store/58bp6lz35y1r672crx42mgcrkng9n9c1-crate-sluice-0.5.5.tar.gz.drv' to 'ssh-ng://j_kro@sentry'...
copying path '/nix/store/dm801z7gqdw7253yw241k36wci6w6km9-sluice-0.5.5.drv' to 'ssh-ng://j_kro@sentry'...
copying path '/nix/store/97wr2r25p89sgzbb60q27wqwk6a566xg-crate-cfg-if-1.0.4.tar.gz.drv' to 'ssh-ng://j_kro@sentry'...
copying path '/nix/store/dwjhbpaj5g3gsfpzlzdnvjr3xm6rd94h-cfg-if-1.0.4.drv' to 'ssh-ng://j_kro@sentry'...
copying path '/nix/store/l63m51m7k3yzlpi4y4wy1pn0rg862msm-crate-zerovec-derive-0.11.2.tar.gz.drv' to 'ssh-ng://j_kro@sentry'...
copying path '/nix/store/dxf9awnaxnghi51g0pvx2q969nf0pf66-zerovec-derive-0.11.2.drv' to 'ssh-ng://j_kro@sentry'...
copying path '/nix/store/ig6wb15l8zy4d92sixwa8x3zi0igda00-crate-openssl-probe-0.1.6.tar.gz.drv' to 'ssh-ng://j_kro@sentry'...
copying path '/nix/store/f5w6k9w57c3n8yi6z2xjigr1rj5rrsx4-openssl-probe-0.1.6.drv' to 'ssh-ng://j_kro@sentry'...
copying path '/nix/store/iq3pxh7dz12y43namajnwznyagjry5j2-crate-bitflags-2.10.0.tar.gz.drv' to 'ssh-ng://j_kro@sentry'...
copying path '/nix/store/f7yfkpk66ws2dy2lgnbmwlcwid2d0k51-bitflags-2.10.0.drv' to 'ssh-ng://j_kro@sentry'...
copying path '/nix/store/72swzmvsxcqsq3iwx8af8r0kl0i72j45-crate-windows_x86_64_gnu-0.48.5.tar.gz.drv' to 'ssh-ng://j_kro@sentry'...
copying path '/nix/store/fd4lbf7iycvr9viv0yyfyb2jv87d1j2i-windows_x86_64_gnu-0.48.5.drv' to 'ssh-ng://j_kro@sentry'...
copying path '/nix/store/7qg1fcgjy9r39sx6s3i87c0vn512blzs-crate-sha1-0.10.6.tar.gz.drv' to 'ssh-ng://j_kro@sentry'...
copying path '/nix/store/fwv77lvmpb0z8zksq3k0hmmrah5qssk1-sha1-0.10.6.drv' to 'ssh-ng://j_kro@sentry'...
copying path '/nix/store/5zj87fk94vdh1fv37nqhzpw6gzj28gqd-crate-yoke-0.8.1.tar.gz.drv' to 'ssh-ng://j_kro@sentry'...
copying path '/nix/store/g36l7630vrnrrw64sxxxh6xwkffxk37n-yoke-0.8.1.drv' to 'ssh-ng://j_kro@sentry'...
copying path '/nix/store/g5y25sapab40k79n7zkzl1prak4m24b0-regex-syntax-0.8.8.drv' to 'ssh-ng://j_kro@sentry'...
copying path '/nix/store/r6prh7v363gf4pfxw60z6js8a85w6khw-crate-regex-1.12.2.tar.gz.drv' to 'ssh-ng://j_kro@sentry'...
copying path '/nix/store/gchp110vimbwcg2czkyprivnr3xi81cr-regex-1.12.2.drv' to 'ssh-ng://j_kro@sentry'...
copying path '/nix/store/dr9613l5v3cmmclxl4bzhn4403ky2zh2-crate-portable-atomic-util-0.2.4.tar.gz.drv' to 'ssh-ng://j_kro@sentry'...
copying path '/nix/store/ggnfhbxxi0n33kni8y6kjqvgjfg69yi3-portable-atomic-util-0.2.4.drv' to 'ssh-ng://j_kro@sentry'...
copying path '/nix/store/778yp3yn0ra4ifv43xk3sij248fsk133-crate-data-encoding-2.9.0.tar.gz.drv' to 'ssh-ng://j_kro@sentry'...
copying path '/nix/store/gr4jd2kmyrgpbwyxmd46j602mn0c9f4f-data-encoding-2.9.0.drv' to 'ssh-ng://j_kro@sentry'...
copying path '/nix/store/3ql53kbwssy1b70wda3md7wc0hkryf6h-crate-windows_aarch64_msvc-0.52.6.tar.gz.drv' to 'ssh-ng://j_kro@sentry'...
copying path '/nix/store/gvdl0ssbxg4c927jfrjd3hq78kx4xsgq-windows_aarch64_msvc-0.52.6.drv' to 'ssh-ng://j_kro@sentry'...
copying path '/nix/store/h3pgp64h5ms4lllqv3zgpk32hnyr1846-windows_i686_gnu-0.53.1.drv' to 'ssh-ng://j_kro@sentry'...
copying path '/nix/store/ngwmv3syvzdj7r70gxrgr24zy9qsjpb1-crate-is_executable-1.0.5.tar.gz.drv' to 'ssh-ng://j_kro@sentry'...
copying path '/nix/store/hciwy8q0cdfqxk7nw6w7s2k8z2nw89jh-is_executable-1.0.5.drv' to 'ssh-ng://j_kro@sentry'...
copying path '/nix/store/bkyfmjsgi6z779vsb5a95il8gjyk8gjs-crate-schannel-0.1.28.tar.gz.drv' to 'ssh-ng://j_kro@sentry'...
copying path '/nix/store/hfnkx5mxd2gv3rwmd07v76hscy548x5c-schannel-0.1.28.drv' to 'ssh-ng://j_kro@sentry'...
copying path '/nix/store/3nisp9h0n8bnqxk8m47mk30p98kkgyrc-crate-smallvec-1.15.1.tar.gz.drv' to 'ssh-ng://j_kro@sentry'...
copying path '/nix/store/hj7ijljdvngvmkq4x0c36202syqlx06v-smallvec-1.15.1.drv' to 'ssh-ng://j_kro@sentry'...
copying path '/nix/store/b4rkw30agidbxqbaml6iziin8siagxj1-crate-tracing-futures-0.2.5.tar.gz.drv' to 'ssh-ng://j_kro@sentry'...
copying path '/nix/store/hqxrlrqc35csv8lz8vqdq1ix3aq9shcz-tracing-futures-0.2.5.drv' to 'ssh-ng://j_kro@sentry'...
copying path '/nix/store/z34zildix2wj7wl472bfcczdiphjhkcd-crate-cpufeatures-0.2.17.tar.gz.drv' to 'ssh-ng://j_kro@sentry'...
copying path '/nix/store/hz7abj63px6xivghkrh0dcchh17prm0y-cpufeatures-0.2.17.drv' to 'ssh-ng://j_kro@sentry'...
copying path '/nix/store/wkmlivxj6hiq9q587zyyipy9gdzg5p3b-crate-symlink-0.1.0.tar.gz.drv' to 'ssh-ng://j_kro@sentry'...
copying path '/nix/store/i49h29vdilpshxl09cycypa49w3rlx61-symlink-0.1.0.drv' to 'ssh-ng://j_kro@sentry'...
copying path '/nix/store/m3k6ywypjk2s9xnyk2czms6a79nndy2i-crate-stable_deref_trait-1.2.1.tar.gz.drv' to 'ssh-ng://j_kro@sentry'...
copying path '/nix/store/imwsf4sj0pf6vxxwfr4qddmdx6di7s5l-stable_deref_trait-1.2.1.drv' to 'ssh-ng://j_kro@sentry'...
copying path '/nix/store/khfywpsjk04anmad6fyy71m0i1hpd582-crate-sha2-0.10.9.tar.gz.drv' to 'ssh-ng://j_kro@sentry'...
copying path '/nix/store/iwl1pjjdsh69vl8rjblv940qabmpdazj-sha2-0.10.9.drv' to 'ssh-ng://j_kro@sentry'...
copying path '/nix/store/6gy133cwc3ix4ps51cfl7cwvy3pgy9wg-crate-url-2.5.7.tar.gz.drv' to 'ssh-ng://j_kro@sentry'...
copying path '/nix/store/j10p4rppmz1b3rpkp6ppxk30zz7hh3cp-url-2.5.7.drv' to 'ssh-ng://j_kro@sentry'...
copying path '/nix/store/jl2srnmn3k8cxg2ns4n8gyan6pklxkgg-anstream-0.6.21.drv' to 'ssh-ng://j_kro@sentry'...
copying path '/nix/store/x0vy649fyd8ny9nmcwslnrx4ihz65mqd-crate-icu_locale_core-2.1.1.tar.gz.drv' to 'ssh-ng://j_kro@sentry'...
copying path '/nix/store/jlyc0p4mq0479kxnfnkdm27nspi30x6g-icu_locale_core-2.1.1.drv' to 'ssh-ng://j_kro@sentry'...
copying path '/nix/store/jn7njkbky0px959vy3agzsi6cz84nqiy-tracing-0.1.44.drv' to 'ssh-ng://j_kro@sentry'...
copying path '/nix/store/gm35ldmz9gb6id44cgbxl4bzgl22cvd1-crate-serde_derive-1.0.228.tar.gz.drv' to 'ssh-ng://j_kro@sentry'...
copying path '/nix/store/jrv8x8gp485fi56hsw245jfq4z8zdmz3-serde_derive-1.0.228.drv' to 'ssh-ng://j_kro@sentry'...
copying path '/nix/store/x5ql4vidzh47hac3n4wnb7f3zr8wdc5w-crate-yoke-derive-0.8.1.tar.gz.drv' to 'ssh-ng://j_kro@sentry'...
copying path '/nix/store/jxc43a0jra9ki21jyaw4y96kmzzis8zy-yoke-derive-0.8.1.drv' to 'ssh-ng://j_kro@sentry'...
copying path '/nix/store/630mrw7psdq4ylx1jdpn4s5ablcx18fr-crate-concurrent-queue-2.5.0.tar.gz.drv' to 'ssh-ng://j_kro@sentry'...
copying path '/nix/store/kgjzfly32jdnvn0dzip2dh16p527q1w6-concurrent-queue-2.5.0.drv' to 'ssh-ng://j_kro@sentry'...
copying path '/nix/store/vz12mivjh2jxwh58dc11sxffn7jb0j9c-crate-getrandom-0.2.16.tar.gz.drv' to 'ssh-ng://j_kro@sentry'...
copying path '/nix/store/kidn43mryayirr4ynb48pvfrfn6zl2y9-getrandom-0.2.16.drv' to 'ssh-ng://j_kro@sentry'...
copying path '/nix/store/vc0bmwd6fd2fh2m166xbpk865xzc8zv5-crate-icu_properties-2.1.2.tar.gz.drv' to 'ssh-ng://j_kro@sentry'...
copying path '/nix/store/klnvdl92591bsgyasf0qlhwlcnw4ys8l-icu_properties-2.1.2.drv' to 'ssh-ng://j_kro@sentry'...
copying path '/nix/store/a1r192dg05m2anf7rp7dj359935hknmj-crate-backoff-0.4.0.tar.gz.drv' to 'ssh-ng://j_kro@sentry'...
copying path '/nix/store/knjcpyzypynkgrc1b5m4km6hwx4n6767-backoff-0.4.0.drv' to 'ssh-ng://j_kro@sentry'...
copying path '/nix/store/35m8xk7yqi5v1sfa44fc802yljvl41kg-crate-once_cell_polyfill-1.70.2.tar.gz.drv' to 'ssh-ng://j_kro@sentry'...
copying path '/nix/store/lavnhcdk7ywv9ci2giqcwq5qb1c76wjq-once_cell_polyfill-1.70.2.drv' to 'ssh-ng://j_kro@sentry'...
copying path '/nix/store/hyzq36mfnimqajwy4akxq1qcbmyp1srv-crate-windows_x86_64_msvc-0.53.1.tar.gz.drv' to 'ssh-ng://j_kro@sentry'...
copying path '/nix/store/lc9da75xjjynhr8ycwswdkvcvlam9n6d-windows_x86_64_msvc-0.53.1.drv' to 'ssh-ng://j_kro@sentry'...
copying path '/nix/store/5dw7k5xhmc41knh02mwzcqiqd6rnhmd0-crate-anstyle-parse-0.2.7.tar.gz.drv' to 'ssh-ng://j_kro@sentry'...
copying path '/nix/store/ljnpkvijz9xwgr359ih3f6m9v91cjgb4-anstyle-parse-0.2.7.drv' to 'ssh-ng://j_kro@sentry'...
copying path '/nix/store/3qw80zdziir8qwqrhh26gvcrhr21vn5k-crate-proc-macro2-1.0.103.tar.gz.drv' to 'ssh-ng://j_kro@sentry'...
copying path '/nix/store/mainmbxfanqqgsgw19ai642d76dxqahc-proc-macro2-1.0.103.drv' to 'ssh-ng://j_kro@sentry'...
copying path '/nix/store/jk1szaf6w4k9yp97rhypjh85xp1rv3vj-crate-tinystr-0.8.2.tar.gz.drv' to 'ssh-ng://j_kro@sentry'...
copying path '/nix/store/md5iigg7cwn0jlbw6qf8vjf4jvciinsx-tinystr-0.8.2.drv' to 'ssh-ng://j_kro@sentry'...
copying path '/nix/store/3rq073dpsv4lgrqvmpynw133lv5w6pfl-crate-openssl-sys-0.9.111.tar.gz.drv' to 'ssh-ng://j_kro@sentry'...
copying path '/nix/store/mg9mlac4i5qimzycvk4rknvysq8640ys-openssl-sys-0.9.111.drv' to 'ssh-ng://j_kro@sentry'...
copying path '/nix/store/vyddf8v8i1cpra17cm810dhksvv468mg-crate-memchr-2.7.6.tar.gz.drv' to 'ssh-ng://j_kro@sentry'...
copying path '/nix/store/mh17fg7i9g49lfchkmg5v6ssiwrjl5ai-memchr-2.7.6.drv' to 'ssh-ng://j_kro@sentry'...
copying path '/nix/store/ksssjrpqx4blgd7r0yxizin158wsxzz7-crate-thiserror-impl-1.0.69.tar.gz.drv' to 'ssh-ng://j_kro@sentry'...
copying path '/nix/store/mmfk69i4r2lbcbbxnrcrrv3r021aw78r-thiserror-impl-1.0.69.drv' to 'ssh-ng://j_kro@sentry'...
copying path '/nix/store/lgp9f7k99mqmmbkgr0ipc1n7kpk9gzbx-crate-version_check-0.9.5.tar.gz.drv' to 'ssh-ng://j_kro@sentry'...
copying path '/nix/store/mndkw2wafmv719xl2idp4x24zkj1a89g-version_check-0.9.5.drv' to 'ssh-ng://j_kro@sentry'...
copying path '/nix/store/8ac7b1fk41x4amavz11wndzwhv8b4y5w-crate-icu_provider-2.1.1.tar.gz.drv' to 'ssh-ng://j_kro@sentry'...
copying path '/nix/store/msfwcfx5mzjxy9vz8xngzk45cmixc1y2-icu_provider-2.1.1.drv' to 'ssh-ng://j_kro@sentry'...
copying path '/nix/store/67ljl5z6r61ifmjanb1f394xqbj4j1j2-crate-syn-2.0.111.tar.gz.drv' to 'ssh-ng://j_kro@sentry'...
copying path '/nix/store/mw8kbzy7qlizhrmv8hml8rm5jk6b3s2m-syn-2.0.111.drv' to 'ssh-ng://j_kro@sentry'...
copying path '/nix/store/35fbmq5awv0ial0pyywf33h9vhdj06nw-crate-windows_i686_gnu-0.52.6.tar.gz.drv' to 'ssh-ng://j_kro@sentry'...
copying path '/nix/store/n1ar0rwsjlbr01qxrqvivm6kndjpwvip-windows_i686_gnu-0.52.6.drv' to 'ssh-ng://j_kro@sentry'...
copying path '/nix/store/7zj9k0vzyv0jx4fasa7kjbgvkczv5dw3-crate-wit-bindgen-0.46.0.tar.gz.drv' to 'ssh-ng://j_kro@sentry'...
copying path '/nix/store/n3sxjna5lbh9al5155jx092smhbcsr6i-wit-bindgen-0.46.0.drv' to 'ssh-ng://j_kro@sentry'...
copying path '/nix/store/nhnvg09f1mazj5k17jw334lx468qkjvp-env_filter-0.1.4.drv' to 'ssh-ng://j_kro@sentry'...
copying path '/nix/store/3gawc1m7yzziwms52y39gdz0j1cb4m01-crate-zerotrie-0.2.3.tar.gz.drv' to 'ssh-ng://j_kro@sentry'...
copying path '/nix/store/nmf6h61c005vmks7bi5y2cbwfyizwkgq-zerotrie-0.2.3.drv' to 'ssh-ng://j_kro@sentry'...
copying path '/nix/store/cf1z809wfpv4r6lyvm1z8vxcxi4n61b5-crate-socket2-0.6.1.tar.gz.drv' to 'ssh-ng://j_kro@sentry'...
copying path '/nix/store/nwv2w30dqsri84rmg801xb6z9wvxvcpa-socket2-0.6.1.drv' to 'ssh-ng://j_kro@sentry'...
copying path '/nix/store/wd2y1x2l2w3wk21yr5mhibhf56pr936b-crate-linux-raw-sys-0.11.0.tar.gz.drv' to 'ssh-ng://j_kro@sentry'...
copying path '/nix/store/nypcizwd9qnzzgyh50jf4av9mxk1iic7-linux-raw-sys-0.11.0.drv' to 'ssh-ng://j_kro@sentry'...
copying path '/nix/store/ds8hv2nk6g0f9zzhhb3pmzc1kg5q7asp-crate-windows_i686_gnu-0.48.5.tar.gz.drv' to 'ssh-ng://j_kro@sentry'...
copying path '/nix/store/p0zv140838myjwn05l8bj3knfanz2f27-windows_i686_gnu-0.48.5.drv' to 'ssh-ng://j_kro@sentry'...
copying path '/nix/store/ck8z5b4hwv7y907rx3hfz74jf490n64m-crate-futures-lite-1.13.0.tar.gz.drv' to 'ssh-ng://j_kro@sentry'...
copying path '/nix/store/p34r0zlh52dh6mzbzxngkccs7rmmh8dh-futures-lite-1.13.0.drv' to 'ssh-ng://j_kro@sentry'...
copying path '/nix/store/wd6icg8wbsvavll8b0wyxzcfzp7axv3f-crate-autocfg-1.5.0.tar.gz.drv' to 'ssh-ng://j_kro@sentry'...
copying path '/nix/store/p9rf6rgr772j0g97fzzsga18dxwydm45-autocfg-1.5.0.drv' to 'ssh-ng://j_kro@sentry'...
copying path '/nix/store/vpdfycw4w42v7wz6121lm5051h2100z3-crate-displaydoc-0.2.5.tar.gz.drv' to 'ssh-ng://j_kro@sentry'...
copying path '/nix/store/pbr6l4m1ayrnkx2hwp3r1w7bkhcs162p-displaydoc-0.2.5.drv' to 'ssh-ng://j_kro@sentry'...
copying path '/nix/store/ba04fc4mlfj24q8gli74ca0v1m6wiihq-crate-isahc-1.7.2.tar.gz.drv' to 'ssh-ng://j_kro@sentry'...
copying path '/nix/store/pjnqz9phjxacnpsn76i8papcmb8l2hjj-isahc-1.7.2.drv' to 'ssh-ng://j_kro@sentry'...
copying path '/nix/store/7mjagpd5cs0j04g04qhl52v9jj1yzrd2-crate-ppv-lite86-0.2.21.tar.gz.drv' to 'ssh-ng://j_kro@sentry'...
copying path '/nix/store/pn725xnmai9kb1fyqj68ly9srcljyrjl-ppv-lite86-0.2.21.drv' to 'ssh-ng://j_kro@sentry'...
copying path '/nix/store/y4qchiddrj88c26jahirv8s6nchsr274-crate-errno-0.3.14.tar.gz.drv' to 'ssh-ng://j_kro@sentry'...
copying path '/nix/store/q1kzzdf403lyci9l73bkqdvy2dcnciiy-errno-0.3.14.drv' to 'ssh-ng://j_kro@sentry'...
copying path '/nix/store/5mgv8pz1yi90sxkj4lfhkkp2z5v7nrd0-crate-idna-1.1.0.tar.gz.drv' to 'ssh-ng://j_kro@sentry'...
copying path '/nix/store/q3jy76q6s66w1y03s5c1ndkch9g5l8dp-idna-1.1.0.drv' to 'ssh-ng://j_kro@sentry'...
copying path '/nix/store/sk1kpnc2x81hks7m4x5sk9sra9yxal52-crate-pkg-config-0.3.32.tar.gz.drv' to 'ssh-ng://j_kro@sentry'...
copying path '/nix/store/qd8m0jbgmx0sdp4srmblkgghx3r0lmcf-pkg-config-0.3.32.drv' to 'ssh-ng://j_kro@sentry'...
copying path '/nix/store/71rsnnxavy01qbb7i1gvrpsqf04fbgn0-crate-walkdir-2.5.0.tar.gz.drv' to 'ssh-ng://j_kro@sentry'...
copying path '/nix/store/qfx67vc5s68r0vfc18vqj01qy5x72i6q-walkdir-2.5.0.drv' to 'ssh-ng://j_kro@sentry'...
copying path '/nix/store/69g8v3ppzqbqiasjzb98wyc4fykqxrk0-crate-windows-sys-0.60.2.tar.gz.drv' to 'ssh-ng://j_kro@sentry'...
copying path '/nix/store/qhr6v1fcc3ir9b63hcc3jfjpq4q2c09j-windows-sys-0.60.2.drv' to 'ssh-ng://j_kro@sentry'...
copying path '/nix/store/5da99bcwr2ghzs1l8byi4asrcgk4zxcw-crate-fastrand-2.3.0.tar.gz.drv' to 'ssh-ng://j_kro@sentry'...
copying path '/nix/store/qlwjh2xg8fi9i989ijl5qh6s8fsw7xzv-fastrand-2.3.0.drv' to 'ssh-ng://j_kro@sentry'...
copying path '/nix/store/k8z5hnqmm3ngyi2fdncljrji64f2n023-crate-windows_x86_64_msvc-0.48.5.tar.gz.drv' to 'ssh-ng://j_kro@sentry'...
copying path '/nix/store/qnp995qnakxb9d66xxr6f891lidi4ijy-windows_x86_64_msvc-0.48.5.drv' to 'ssh-ng://j_kro@sentry'...
copying path '/nix/store/hy72a0ggsjg3b6nxai47ymkkb3xnrbzm-crate-zerofrom-derive-0.1.6.tar.gz.drv' to 'ssh-ng://j_kro@sentry'...
copying path '/nix/store/qy2ng2lki234jhjgxcdrqs996v4cj44z-zerofrom-derive-0.1.6.drv' to 'ssh-ng://j_kro@sentry'...
copying path '/nix/store/k3l4iy2v1qj6v8dzlwg75ah65lb9khvv-crate-serde_core-1.0.228.tar.gz.drv' to 'ssh-ng://j_kro@sentry'...
copying path '/nix/store/r1h6haw7b2mihbhsif4wglnmrysdkw5h-serde_core-1.0.228.drv' to 'ssh-ng://j_kro@sentry'...
copying path '/nix/store/s0mf41dc9amkm5y1c0qxwzxhkz2qyrf9-crate-windows_x86_64_gnullvm-0.53.1.tar.gz.drv' to 'ssh-ng://j_kro@sentry'...
copying path '/nix/store/r5d5aamxrwdbp5lq7c8rcvkpkyp8wg2l-windows_x86_64_gnullvm-0.53.1.drv' to 'ssh-ng://j_kro@sentry'...
copying path '/nix/store/dk0ki2sfs490ic8wmx3j9zr2y3cbxrsc-crate-zerovec-0.11.5.tar.gz.drv' to 'ssh-ng://j_kro@sentry'...
copying path '/nix/store/rln9vfnjl70ga1gi8cjax38nxccp7ixv-zerovec-0.11.5.drv' to 'ssh-ng://j_kro@sentry'...
copying path '/nix/store/dvy3dnf715fz05c1vj9cry6p3nbqdw4y-crate-icu_normalizer-2.1.1.tar.gz.drv' to 'ssh-ng://j_kro@sentry'...
copying path '/nix/store/rxgail8459j317ickbhhyjskkjik1w6a-icu_normalizer-2.1.1.drv' to 'ssh-ng://j_kro@sentry'...
copying path '/nix/store/xd2sblvjzqw7h0q3x74bp5apgrwxyvc8-crate-jiff-0.2.16.tar.gz.drv' to 'ssh-ng://j_kro@sentry'...
copying path '/nix/store/rxm1641hnrgaphni0xsdg7hiiizxmj82-jiff-0.2.16.drv' to 'ssh-ng://j_kro@sentry'...
copying path '/nix/store/5myq4pybz8dxrdjavag349h9fp5pck9x-crate-windows_i686_msvc-0.53.1.tar.gz.drv' to 'ssh-ng://j_kro@sentry'...
copying path '/nix/store/sblnz7s0rprmcarwxpwsfs7xwjwa9z3g-windows_i686_msvc-0.53.1.drv' to 'ssh-ng://j_kro@sentry'...
copying path '/nix/store/si1w9qwlgbaarafxwcj7g6xl5vq913bp-windows_aarch64_gnullvm-0.48.5.drv' to 'ssh-ng://j_kro@sentry'...
copying path '/nix/store/g9sy2c8inbwr6yzpy1m7158yssy4br12-crate-nix-nar-0.3.0.tar.gz.drv' to 'ssh-ng://j_kro@sentry'...
copying path '/nix/store/sk8ka070xn4g4cf50zbg5yv009sflnsz-nix-nar-0.3.0.drv' to 'ssh-ng://j_kro@sentry'...
copying path '/nix/store/nd1jvr4qvl32h771kll788fhllxa3p5x-crate-typenum-1.19.0.tar.gz.drv' to 'ssh-ng://j_kro@sentry'...
copying path '/nix/store/sl2p5rc1130i5pp4dvzb1pnhphjp4x94-typenum-1.19.0.drv' to 'ssh-ng://j_kro@sentry'...
copying path '/nix/store/igbqfn0m7a1d470sffq26nl1zmwwcaq6-crate-windows-targets-0.48.5.tar.gz.drv' to 'ssh-ng://j_kro@sentry'...
copying path '/nix/store/sr4snrnyq5fwx5pjp9y8xsiifyjq8c43-windows-targets-0.48.5.drv' to 'ssh-ng://j_kro@sentry'...
copying path '/nix/store/yjbkddikz31drb90jzfy5vz1r58i8l22-crate-futures-io-0.3.31.tar.gz.drv' to 'ssh-ng://j_kro@sentry'...
copying path '/nix/store/v2ngpkxja6k26h8x66ck1bk9m86axl4p-futures-io-0.3.31.drv' to 'ssh-ng://j_kro@sentry'...
copying path '/nix/store/vcivx29pjdx9nsnvfybqw7lmfx41i89c-find-msvc-tools-0.1.5.drv' to 'ssh-ng://j_kro@sentry'...
copying path '/nix/store/8id99s3xjl59d753wzakymha45m1np57-crate-crypto-common-0.1.7.tar.gz.drv' to 'ssh-ng://j_kro@sentry'...
copying path '/nix/store/w1c7wmzswbz89w9zg8r8l3p32qiwd1d4-crypto-common-0.1.7.drv' to 'ssh-ng://j_kro@sentry'...
copying path '/nix/store/cwyy5m2i1fi56waxp2dw1v58b2231mlm-crate-percent-encoding-2.3.2.tar.gz.drv' to 'ssh-ng://j_kro@sentry'...
copying path '/nix/store/w7gc7x07svpd2gi2c2ydpg9czg41p1gf-percent-encoding-2.3.2.drv' to 'ssh-ng://j_kro@sentry'...
copying path '/nix/store/k9qxvvqg9fwrrckhd6y007njj1k2wgrg-crate-shlex-1.3.0.tar.gz.drv' to 'ssh-ng://j_kro@sentry'...
copying path '/nix/store/wb6sx65lf4grif0jnjr3akq2z0nhw70i-shlex-1.3.0.drv' to 'ssh-ng://j_kro@sentry'...
copying path '/nix/store/zwa9g1r9p2vq6nvy55bn8gfnr632ihph-crate-windows_i686_msvc-0.48.5.tar.gz.drv' to 'ssh-ng://j_kro@sentry'...
copying path '/nix/store/whg0dp5yhb7sbz2gcclib6cdhz91khib-windows_i686_msvc-0.48.5.drv' to 'ssh-ng://j_kro@sentry'...
copying path '/nix/store/4qk16gx5kfrys1198bwzhnhww4x73148-crate-fnv-1.0.7.tar.gz.drv' to 'ssh-ng://j_kro@sentry'...
copying path '/nix/store/wjv6klsdhi7r2j2akbvsms2jh86k80bb-fnv-1.0.7.drv' to 'ssh-ng://j_kro@sentry'...
copying path '/nix/store/aaawflbsvc9vdq34ibpzilhzbbvb8d3z-crate-either-1.15.0.tar.gz.drv' to 'ssh-ng://j_kro@sentry'...
copying path '/nix/store/wr6si0ggs43l9mid8cf25hgs60yf4xjr-either-1.15.0.drv' to 'ssh-ng://j_kro@sentry'...
copying path '/nix/store/7d0hcsd3k7n71q9vg7v6b78snfg1lc6p-crate-libz-sys-1.1.23.tar.gz.drv' to 'ssh-ng://j_kro@sentry'...
copying path '/nix/store/wzg8xj83qdnjmmdya0w888w8111fdcm2-libz-sys-1.1.23.drv' to 'ssh-ng://j_kro@sentry'...
copying path '/nix/store/k4mp40zf5kldyxmhnqwbh04kmrqjzw61-crate-block-buffer-0.10.4.tar.gz.drv' to 'ssh-ng://j_kro@sentry'...
copying path '/nix/store/x025c9cbwcrjjiix3qbqrwfpnn7zmqvg-block-buffer-0.10.4.drv' to 'ssh-ng://j_kro@sentry'...
copying path '/nix/store/a1j7y6yd158slja89an5c39sjbdj78d4-crate-windows-sys-0.48.0.tar.gz.drv' to 'ssh-ng://j_kro@sentry'...
copying path '/nix/store/x1yw8la8h3nxh3iwvd7wbi5pwzm01zpj-windows-sys-0.48.0.drv' to 'ssh-ng://j_kro@sentry'...
copying path '/nix/store/pmnkq8h8v262lww547igc9yxkpqawyhr-crate-unicode-ident-1.0.22.tar.gz.drv' to 'ssh-ng://j_kro@sentry'...
copying path '/nix/store/x2zprbmz7jckk6n015sixpyqx3hqj47j-unicode-ident-1.0.22.drv' to 'ssh-ng://j_kro@sentry'...
copying path '/nix/store/pbc9vs9pdbqrkpdw4g9rd4bd5bgjc1lq-crate-curl-0.4.49.tar.gz.drv' to 'ssh-ng://j_kro@sentry'...
copying path '/nix/store/x7n96v39kn8k6b3pxrqbfyii72q4jjrd-curl-0.4.49.drv' to 'ssh-ng://j_kro@sentry'...
copying path '/nix/store/76fbd1wwsw70qqw8px5bc0xnvirxmr55-crate-anstyle-1.0.13.tar.gz.drv' to 'ssh-ng://j_kro@sentry'...
copying path '/nix/store/x9r7580zk445l3vw0jsd2jcbhiv3w8bg-anstyle-1.0.13.drv' to 'ssh-ng://j_kro@sentry'...
copying path '/nix/store/mmkbk4x51nrcdk7n27fk1wg5i8h8vf4x-crate-fastrand-1.9.0.tar.gz.drv' to 'ssh-ng://j_kro@sentry'...
copying path '/nix/store/xbmx2pdfqhk234ih01ck70d073gs3day-fastrand-1.9.0.drv' to 'ssh-ng://j_kro@sentry'...
copying path '/nix/store/wgvwr3f55rngdj9xr5fqiyagqga7xyd4-crate-windows_x86_64_gnu-0.52.6.tar.gz.drv' to 'ssh-ng://j_kro@sentry'...
copying path '/nix/store/xcz197l18cx97lpyccsbj3n4z3jp6nrd-windows_x86_64_gnu-0.52.6.drv' to 'ssh-ng://j_kro@sentry'...
copying path '/nix/store/f12inw9dhrw8w5azkffjfmz96jwpcqs4-crate-slab-0.4.11.tar.gz.drv' to 'ssh-ng://j_kro@sentry'...
copying path '/nix/store/xm6vjc7ajz34mwagdc4p865pdmabslim-slab-0.4.11.drv' to 'ssh-ng://j_kro@sentry'...
copying path '/nix/store/n1b8m7j8vkk23a6vaq0f12w9q5npsc02-crate-cc-1.2.50.tar.gz.drv' to 'ssh-ng://j_kro@sentry'...
copying path '/nix/store/xvgrdfgz6xasd5msgcd9db5lz0kqh5x1-cc-1.2.50.drv' to 'ssh-ng://j_kro@sentry'...
copying path '/nix/store/wqh4wiq99mx96j30sxlx4cq61dk8r5y7-crate-utf8_iter-1.0.4.tar.gz.drv' to 'ssh-ng://j_kro@sentry'...
copying path '/nix/store/y3p4i5g6yfn8as61j3rp1rz4izvnfj0n-utf8_iter-1.0.4.drv' to 'ssh-ng://j_kro@sentry'...
copying path '/nix/store/x2jrf86iz5svigm8wpvrdaqdlkn5287z-crate-windows_x86_64_gnullvm-0.52.6.tar.gz.drv' to 'ssh-ng://j_kro@sentry'...
copying path '/nix/store/y48qirpng8rv9k4czm3dsrjzjbky7hi9-windows_x86_64_gnullvm-0.52.6.drv' to 'ssh-ng://j_kro@sentry'...
copying path '/nix/store/n7hcy5jr95nn5c6b16hz3n9044v7ffzv-crate-tracing-core-0.1.36.tar.gz.drv' to 'ssh-ng://j_kro@sentry'...
copying path '/nix/store/y4v30gxggci2mdzcdrvigjzrcxbivp0q-tracing-core-0.1.36.drv' to 'ssh-ng://j_kro@sentry'...
copying path '/nix/store/83zvbsi4pmy521zi5wg70a7dgg15jjdb-crate-instant-0.1.13.tar.gz.drv' to 'ssh-ng://j_kro@sentry'...
copying path '/nix/store/y583d0zj5l0in6fmhqvg7w8vcx2iq8j4-instant-0.1.13.drv' to 'ssh-ng://j_kro@sentry'...
copying path '/nix/store/n52z2k9hf1l51ykcsxpz2w5n7dqf133b-crate-rand-0.8.5.tar.gz.drv' to 'ssh-ng://j_kro@sentry'...
copying path '/nix/store/yaz9ibvfpakglx0qvqlpviba1ajxhpar-rand-0.8.5.drv' to 'ssh-ng://j_kro@sentry'...
copying path '/nix/store/qcakmhvwy33c784j44jzisdfwd71y211-crate-event-listener-2.5.3.tar.gz.drv' to 'ssh-ng://j_kro@sentry'...
copying path '/nix/store/ygx5s2gy9wzrbfrvql7c36vqxyvrdapz-event-listener-2.5.3.drv' to 'ssh-ng://j_kro@sentry'...
copying path '/nix/store/7w75j49zpyk1gv6nq2n88rhkr7g43n22-crate-pin-project-1.1.10.tar.gz.drv' to 'ssh-ng://j_kro@sentry'...
copying path '/nix/store/yqy1cy9nxax0p1vfxj4vc91h3bgffwmr-pin-project-1.1.10.drv' to 'ssh-ng://j_kro@sentry'...
copying path '/nix/store/ldhd2yxir3m4f09mhl2s5gp39v003qwa-crate-ryu-1.0.20.tar.gz.drv' to 'ssh-ng://j_kro@sentry'...
copying path '/nix/store/yxxxsyfp2bg3rkiqxd9kkc5xlm05icrj-ryu-1.0.20.drv' to 'ssh-ng://j_kro@sentry'...
copying path '/nix/store/j6v4ws7m8f6kcgmn35w377c80aqdyrzc-crate-curl-sys-0.4.84+curl-8.17.0.tar.gz.drv' to 'ssh-ng://j_kro@sentry'...
copying path '/nix/store/z0hb4ic9yfnjvqf5hk78bfmsd1aizfds-curl-sys-0.4.84+curl-8.17.0.drv' to 'ssh-ng://j_kro@sentry'...
copying path '/nix/store/8df35gf04k1d7gpq5mh5i0pb5ac5ywkc-crate-windows-targets-0.52.6.tar.gz.drv' to 'ssh-ng://j_kro@sentry'...
copying path '/nix/store/z0ndcxkpm13fk29igp5x97xnvib7qxqc-windows-targets-0.52.6.drv' to 'ssh-ng://j_kro@sentry'...
copying path '/nix/store/sxz9vj03qy27kzwmxbkgxrfifbif4m51-crate-zerofrom-0.1.6.tar.gz.drv' to 'ssh-ng://j_kro@sentry'...
copying path '/nix/store/zp7v484hmdym2f8ddd266blad4p44d3z-zerofrom-0.1.6.drv' to 'ssh-ng://j_kro@sentry'...
copying path '/nix/store/p96pzgg79hls3cvd0cjf05pq6yhxm2dd-crate-synstructure-0.13.2.tar.gz.drv' to 'ssh-ng://j_kro@sentry'...
copying path '/nix/store/zsvskb8ahhwdsh5sv3j8s9sn8zg7yj23-synstructure-0.13.2.drv' to 'ssh-ng://j_kro@sentry'...
copying path '/nix/store/49abcz8yd4zadmgnkymlwjl62v1jk89j-crate-r-efi-5.3.0.tar.gz.drv' to 'ssh-ng://j_kro@sentry'...
copying path '/nix/store/zswb43k934m59h4jm7x1llzhrapcndnk-r-efi-5.3.0.drv' to 'ssh-ng://j_kro@sentry'...
copying path '/nix/store/aaaa0djj7jkk1gkpqpbi6kx32959s8bg-crate-vcpkg-0.2.15.tar.gz.drv' to 'ssh-ng://j_kro@sentry'...
copying path '/nix/store/zvjx7ryv2q3g9096lmc9dy6k9x70vcw5-vcpkg-0.2.15.drv' to 'ssh-ng://j_kro@sentry'...
copying path '/nix/store/sa40m3qfxirqln3a80sjjc91k0sgmiwl-crate-utf8parse-0.2.2.tar.gz.drv' to 'ssh-ng://j_kro@sentry'...
copying path '/nix/store/zyibar34j98q05hr2x6fwf4dc5cvy33m-utf8parse-0.2.2.drv' to 'ssh-ng://j_kro@sentry'...
copying path '/nix/store/4icxzzsbgdm8gx8b4xjydfaxxvi56hfl-crate-serde_json-1.0.145.tar.gz.drv' to 'ssh-ng://j_kro@sentry'...
copying path '/nix/store/zyqskgz7ncpka63p70swj72329dmjh34-serde_json-1.0.145.drv' to 'ssh-ng://j_kro@sentry'...
copying path '/nix/store/v1m9im5cw6hl2jzakcld8gccx730scz3-cargo-vendor-dir.drv' to 'ssh-ng://j_kro@sentry'...
copying path '/nix/store/7k08h9d3drdah6f7kxvw1ik9kir8jj7f-prefetch-npm-deps-0.1.0.drv' to 'ssh-ng://j_kro@sentry'...
copying path '/nix/store/iqg9028jq6gcw656hhxr62yk8hmwvchm-nodejs-24.18.0.drv' to 'ssh-ng://j_kro@sentry'...
copying path '/nix/store/6fx3fg83psxn23s1dx4602lv9q5ymn76-jq-1.8.2.tar.gz.drv' to 'ssh-ng://j_kro@sentry'...
copying path '/nix/store/lmipz1ibi5fxkhlmqvjivz17cmliz7cg-jq-1.8.2.drv' to 'ssh-ng://j_kro@sentry'...
copying path '/nix/store/4w12b3xhnrp3q1mi7vakcak9bdlwlw0j-npm-config-hook.drv' to 'ssh-ng://j_kro@sentry'...
copying path '/nix/store/f8nmj9hj5rx9qb76wxlcrnp3sfy491av-source.drv' to 'ssh-ng://j_kro@sentry'...
copying path '/nix/store/99ivklrzib2l5jqccd3yqc5c5w6spdkr-furo-web-2025.12.19-npm-deps.drv' to 'ssh-ng://j_kro@sentry'...
copying path '/nix/store/6dj4plbg6gqj7d5pd776hk11a3s3qc74-nodejs-install-manuals.drv' to 'ssh-ng://j_kro@sentry'...
copying path '/nix/store/79zn7ssfqvy9spi4v56xcmxw31ly7z3c-nodejs-install-executables.drv' to 'ssh-ng://j_kro@sentry'...
copying path '/nix/store/rbkxdgbk9k6z43pdf9dv7sbs0v9k9sv6-npm-install-hook.drv' to 'ssh-ng://j_kro@sentry'...
copying path '/nix/store/7vjnr2cykswss8f6sdijnbdilrqf5isd-furo-web-2025.12.19.drv' to 'ssh-ng://j_kro@sentry'...
copying path '/nix/store/83aqf2hsz5v5b3sccb3z96gv6f1pkd7r-hatch_fancy_pypi_readme-25.1.0.tar.gz.drv' to 'ssh-ng://j_kro@sentry'...
copying path '/nix/store/7rrjlz10ckhnj8jv2wz5zv4a7xijkk1a-python3.14-hatch-fancy-pypi-readme-25.1.0.drv' to 'ssh-ng://j_kro@sentry'...
copying path '/nix/store/jkyzckwfrpzw6qrc6yy1rnxqdlfr7qfa-accessible_pygments-0.0.5.tar.gz.drv' to 'ssh-ng://j_kro@sentry'...
copying path '/nix/store/aki6bsjajpq5as15jiji5rqsvjp0zxdb-python3.14-accessible-pygments-0.0.5.drv' to 'ssh-ng://j_kro@sentry'...
copying path '/nix/store/rzkx2aw1q3gvnqq1c4q65x5c79zqyvm4-source.drv' to 'ssh-ng://j_kro@sentry'...
copying path '/nix/store/cz5z3bzd9q280nlv4g28rbnizh55y7hi-python3.14-sphinx-basic-ng-1.0.0.beta2.drv' to 'ssh-ng://j_kro@sentry'...
copying path '/nix/store/8zcanr65yp960hm2sdazwwi4zid204ji-source.drv' to 'ssh-ng://j_kro@sentry'...
copying path '/nix/store/5cgnch9z193gn589s9x9m7an0v73n3r2-webencodings-0.5.1.tar.gz.drv' to 'ssh-ng://j_kro@sentry'...
copying path '/nix/store/slaz4f52zyiyc15ddscb3svj6sgng8p1-python3.14-webencodings-0.5.1.drv' to 'ssh-ng://j_kro@sentry'...
copying path '/nix/store/8i12m6wsg1fyxkb1j3cva8gsj4csgp4a-python3.14-u-msgpack-python-2.8.0.drv' to 'ssh-ng://j_kro@sentry'...
copying path '/nix/store/9q8a4isdf0dj9bazkgi6gzc29lhcln8v-pytest-expect-1.1.0.tar.gz.drv' to 'ssh-ng://j_kro@sentry'...
copying path '/nix/store/x8s05jcjc0y2zfbnb2kg5hmjbzqg7lv1-python3.14-pytest-expect-1.1.0.drv' to 'ssh-ng://j_kro@sentry'...
copying path '/nix/store/7s9r9bblss2iyngn2kfxlplls5v38jlc-python3.14-html5lib-1.1-unstable-2024-02-21.drv' to 'ssh-ng://j_kro@sentry'...
copying path '/nix/store/gxfspadkvbswql07y3i0j9ripwsx2h6x-beautifulsoup4-4.15.0.tar.gz.drv' to 'ssh-ng://j_kro@sentry'...
copying path '/nix/store/4d8hy4rz397j4fahq0r8z4y102gamjh9-soupsieve-2.8.4.tar.gz.drv' to 'ssh-ng://j_kro@sentry'...
copying path '/nix/store/pi1s0bs35pddkgygvps9ak155ld4qi2v-python3.14-soupsieve-2.8.4.drv' to 'ssh-ng://j_kro@sentry'...
copying path '/nix/store/74ybqsgzkfy9aaz9jal6pqzh2zs8cz63-source.drv' to 'ssh-ng://j_kro@sentry'...
copying path '/nix/store/v1w3lp10rk3adqvg3c8pyr080xchv579-python3.14-chardet-6.0.0.post1.drv' to 'ssh-ng://j_kro@sentry'...
copying path '/nix/store/gdwh9rlg43wsvprnswq59k0kkac42ymr-python3.14-beautifulsoup4-4.15.0.drv' to 'ssh-ng://j_kro@sentry'...
copying path '/nix/store/bqm00gc6ip05riky1qnvra6n9a3arc6w-python3.14-furo-2025.12.19.drv' to 'ssh-ng://j_kro@sentry'...
copying path '/nix/store/9hbm3ac3fh7f8gmh9479977nzzcyqdsd-python3.14-pyproject-api-1.10.0.drv' to 'ssh-ng://j_kro@sentry'...
copying path '/nix/store/b8xqdhn19a76ialfayj5gb6jwrgvvi8v-source.drv' to 'ssh-ng://j_kro@sentry'...
copying path '/nix/store/y3mqbc98zbzzqkrzn9snin6rvmjbqwl9-colorama-0.4.6.tar.gz.drv' to 'ssh-ng://j_kro@sentry'...
copying path '/nix/store/yil4b2gd40xyzs8ii3lpp6d8p3q7qasw-python3.14-colorama-0.4.6.drv' to 'ssh-ng://j_kro@sentry'...
copying path '/nix/store/l3hc0r8ckdi4kwk9wdf2fzv5cjvbjd0f-python3.14-tox-4.34.1.drv' to 'ssh-ng://j_kro@sentry'...
copying path '/nix/store/lb36qwvbx209vymlcv475lr6cjbrxpp9-source.drv' to 'ssh-ng://j_kro@sentry'...
copying path '/nix/store/x9njbw3b5p0b3rky0986qp28agvwaiss-path-17.1.1.tar.gz.drv' to 'ssh-ng://j_kro@sentry'...
copying path '/nix/store/w8639slw7857fgb6ijrfy9hnbgmy832m-python3.14-path-17.1.1.drv' to 'ssh-ng://j_kro@sentry'...
copying path '/nix/store/rbkxr7kbvnycav2dd5x1l50452p0spr1-python3.14-jaraco-envs-2.6.0.drv' to 'ssh-ng://j_kro@sentry'...
copying path '/nix/store/xiz4j84vkxmb01svg6aim1wk1mknqzz3-source.drv' to 'ssh-ng://j_kro@sentry'...
copying path '/nix/store/n4fz1lzf9s09y7ln5ms3ir5kgqdxl16s-python3.14-distutils-83.0.0.drv' to 'ssh-ng://j_kro@sentry'...
copying path '/nix/store/rnsk60wjy29wl40q5yxpkah1b4nz1018-source.drv' to 'ssh-ng://j_kro@sentry'...
copying path '/nix/store/rdy0x9514y5iiarzp8ycgm5aafr690c3-scons-4.10.1.drv' to 'ssh-ng://j_kro@sentry'...
copying path '/nix/store/khm5n9jcan4w9g9psc3d43wqm3rchfvf-serf-1.3.10.drv' to 'ssh-ng://j_kro@sentry'...
copying path '/nix/store/wrsddqqw91fv99sb9ak78pq1gb55cn5a-swig-4.4.patch.drv' to 'ssh-ng://j_kro@sentry'...
copying path '/nix/store/qd2inw03nmzlpfcj2fj00i04hz25a9cr-subversion-1.14.5.drv' to 'ssh-ng://j_kro@sentry'...
copying path '/nix/store/zd8zcfd55gx428jqclnrjdcr4bws6bq0-advanced-r5227.drv' to 'ssh-ng://j_kro@sentry'...
copying path '/nix/store/ya853ls541sjsqaki8kn8cvkpsxj45nv-netpbm-11.15.1.drv' to 'ssh-ng://j_kro@sentry'...
copying path '/nix/store/ymn7c3wlbg93jfdhqa6lv0pw7vcwrnns-spandsp-0.0.6.tar.gz.drv' to 'ssh-ng://j_kro@sentry'...
copying path '/nix/store/d7n0s3ffmy1i0h6qdjjin5bksag9q8wh-spandsp-0.0.6.drv' to 'ssh-ng://j_kro@sentry'...
copying path '/nix/store/clvm33phfdhag7kl2f7pbb6a17g3m7s2-sysctl-procps-4.0.6.drv' to 'ssh-ng://j_kro@sentry'...
copying path '/nix/store/pz6vsbxcg7a6fpz5cxybr30djiax28ca-ell.drv' to 'ssh-ng://j_kro@sentry'...
copying path '/nix/store/5dkzj387hids4ia1k3ppmxmhhy11hk8z-ell-0.83.drv' to 'ssh-ng://j_kro@sentry'...
copying path '/nix/store/gzlwzm2m1g9lb0y9aybm49arw6fqli99-support-libical-4.0.patch.drv' to 'ssh-ng://j_kro@sentry'...
copying path '/nix/store/wzk0dyjwa3psy5dq5nqf70xjn6nldxan-dbus-glib-0.114.tar.gz.drv' to 'ssh-ng://j_kro@sentry'...
copying path '/nix/store/h70ihcyiknxqbcvijl1wv243apvqpdkf-dbus-glib-0.114.drv' to 'ssh-ng://j_kro@sentry'...
copying path '/nix/store/lnrlrwgbb0mlqfv3irk3ky0yqi95az7n-d5e19698a8d6e1485f05b67a5b2daa2392819aaf.patch.drv' to 'ssh-ng://j_kro@sentry'...
copying path '/nix/store/ky8bnw5kv7fbkcqw5qs8gahf351qgdrn-python3.14-dbus-python-1.4.0.drv' to 'ssh-ng://j_kro@sentry'...
copying path '/nix/store/pggbhmnxspgw6avs49bs8vc25srbajgz-fix-btctl-noninteractive-regression.drv' to 'ssh-ng://j_kro@sentry'...
copying path '/nix/store/n59y1hb2hn8ndwi0b59smlkgy3326fjl-source.drv' to 'ssh-ng://j_kro@sentry'...
copying path '/nix/store/pikapxylxrshfxd5agp79w4nnyalb9am-libical-3.0.20.drv' to 'ssh-ng://j_kro@sentry'...
copying path '/nix/store/wnsr7vwwsj2qf69bj9nhc0czn291rzsm-fix-btctl-noninteractive-regression-2.drv' to 'ssh-ng://j_kro@sentry'...
copying path '/nix/store/dqsfzm0hzgwxc3gcswmi1wykfb8rh4f9-bluez-5.86.drv' to 'ssh-ng://j_kro@sentry'...
copying path '/nix/store/4nrrr3hv78vqd32mz73k6pzyj89j2hza-gdb-17.2.tar.xz.drv' to 'ssh-ng://j_kro@sentry'...
copying path '/nix/store/xk958czfbpqx3rgq5i404rlczyyhk8hg-mpfr-4.2.2.tar.xz.drv' to 'ssh-ng://j_kro@sentry'...
copying path '/nix/store/kv7xpl2aacrdk5qjmdxn43w1wb49p6w0-mpfr-4.2.2.drv' to 'ssh-ng://j_kro@sentry'...
copying path '/nix/store/c9v6gy46j5fkgbwhbcvl5p7arb5xq1s5-gdb-17.2.drv' to 'ssh-ng://j_kro@sentry'...
copying path '/nix/store/h4n96p47d9c3cn12rdny1gpf07hbzgz2-valgrind-3.27.1.drv' to 'ssh-ng://j_kro@sentry'...
copying path '/nix/store/w1y5jcwik8n338wlkxmvbkpg5fi5s19x-gengetopt-2.23.tar.xz.drv' to 'ssh-ng://j_kro@sentry'...
copying path '/nix/store/892h51x9kxilz8kb5zsj8g25p83k74wp-gengetopt-2.23.drv' to 'ssh-ng://j_kro@sentry'...
copying path '/nix/store/q6x10df6lkr1c0w2zl976089klq3pyp7-ragel-6.10.tar.gz.drv' to 'ssh-ng://j_kro@sentry'...
copying path '/nix/store/9vw6bbcrh172b0br5nznk74w20rbwna5-ragel-6.10.drv' to 'ssh-ng://j_kro@sentry'...
copying path '/nix/store/r6x7zdknm3lf48d5cdpn10c6nrnk6q1v-source.drv' to 'ssh-ng://j_kro@sentry'...
copying path '/nix/store/c5v18l3a9m9cg30x5mhrz6jrpdg6r854-openfec-1.4.2.12.drv' to 'ssh-ng://j_kro@sentry'...
copying path '/nix/store/ssl6xv2p0yp6nhvqs4b68m3awsjk83m9-source.drv' to 'ssh-ng://j_kro@sentry'...
copying path '/nix/store/i4p7yhjwqjbh9if42nmwlp4z3p30m27c-roc-toolkit-0.4.0.drv' to 'ssh-ng://j_kro@sentry'...
copying path '/nix/store/d52z4kz13y9gws4dwk3l4ms1rjai4ycc-source.drv' to 'ssh-ng://j_kro@sentry'...
copying path '/nix/store/jnwr6qbvjpqgjr862d4m41pmh53ygmik-liblc3-1.1.3.drv' to 'ssh-ng://j_kro@sentry'...
copying path '/nix/store/krh1bh8wvv52lxlp3mmpxyvwkywcmpiy-musl.patch.drv' to 'ssh-ng://j_kro@sentry'...
copying path '/nix/store/9s73a6b1ily5h4zl2pax49c8hd4d9by5-source.drv' to 'ssh-ng://j_kro@sentry'...
copying path '/nix/store/9zksn22lx889iwgaql1qaa6b7gxdrvcp-05361692ee7d6260ce5c04c9fa0e5a1aa7565323.patch.drv' to 'ssh-ng://j_kro@sentry'...
copying path '/nix/store/gwcl4ndrfc3lm6vyrpqczw6kixmc1ms8-ppp-2.5.2.drv' to 'ssh-ng://j_kro@sentry'...
copying path '/nix/store/8c8c1wk8alnmffzw7caz8kjxhnqp1qmz-source.drv' to 'ssh-ng://j_kro@sentry'...
copying path '/nix/store/jgq058hf8fa94ji496ii2minq5v7p6fc-python3.14-python-dbusmock-0.37.2.drv' to 'ssh-ng://j_kro@sentry'...
copying path '/nix/store/ash052miw5qi4ndql6izl9ph1xhvmm74-python3-3.14.6-env.drv' to 'ssh-ng://j_kro@sentry'...
copying path '/nix/store/cz0jl638pwzv3cyjy202nqj5vyvbca2d-source.drv' to 'ssh-ng://j_kro@sentry'...
copying path '/nix/store/ynbcpb1n7r5bbxy545kz238s8xj4ig5p-duktape-2.7.0.tar.xz.drv' to 'ssh-ng://j_kro@sentry'...
copying path '/nix/store/ri42bf86ich8z0p6wd23g8x4j9hc571x-duktape-2.7.0.drv' to 'ssh-ng://j_kro@sentry'...
copying path '/nix/store/i2pgrhmwfvmiwigqwvxdx60294xmkm0w-polkit-127.drv' to 'ssh-ng://j_kro@sentry'...
copying path '/nix/store/k92vhrmvmh4p9qfyb0vgyh9qwab86h5z-source.drv' to 'ssh-ng://j_kro@sentry'...
copying path '/nix/store/llgyvhy81p9r2vblm3glakncghv2sprn-modemmanager-1.24.2.drv' to 'ssh-ng://j_kro@sentry'...
copying path '/nix/store/99bwkqlpipl8q56qj0zizyiihk7m8kgk-gcc-15-compat.patch.drv' to 'ssh-ng://j_kro@sentry'...
copying path '/nix/store/mhkmmr46lanxip34i47qvj0swf10dl7q-source.drv' to 'ssh-ng://j_kro@sentry'...
copying path '/nix/store/nllrw9d8hs014m0caih2c2zmmyxs8445-webrtc-audio-processing-2.1.drv' to 'ssh-ng://j_kro@sentry'...
copying path '/nix/store/8m6cv4ajhgiz3slllx0hhamslz9vqa09-source.drv' to 'ssh-ng://j_kro@sentry'...
copying path '/nix/store/qnchz6hnczp3fh1mrc63bc1ycwfa8rwp-libebur128-1.2.6.drv' to 'ssh-ng://j_kro@sentry'...
copying path '/nix/store/h2ivb1b1qbjdqnr769rvz49mcpmjcn32-source.drv' to 'ssh-ng://j_kro@sentry'...
copying path '/nix/store/36z5j5mddhasws0ddhrydiy29xzj4nfg-zix-0.8.2.drv' to 'ssh-ng://j_kro@sentry'...
copying path '/nix/store/gk4sz1fkn2j9yqhw6zzfzdikzvq56gpj-source.drv' to 'ssh-ng://j_kro@sentry'...
copying path '/nix/store/bzs777p6sb4wxr80axxpr63crcjvjwlq-sord-0.16.22.drv' to 'ssh-ng://j_kro@sentry'...
copying path '/nix/store/5z4m99cv2g8mn227dngdz795igl80fdd-sratom-0.6.22.drv' to 'ssh-ng://j_kro@sentry'...
copying path '/nix/store/c908164h15723yjjapajm5vw9wi4jph3-lilv-0.28.0.tar.xz.drv' to 'ssh-ng://j_kro@sentry'...
copying path '/nix/store/s3axf3fmg28hwl74nki9kzw87cf8wqcx-lilv-0.28.0.drv' to 'ssh-ng://j_kro@sentry'...
copying path '/nix/store/ipcr7rfag6bpg212j0xvv551c9rj7jv9-ply-3.11.tar.gz.drv' to 'ssh-ng://j_kro@sentry'...
copying path '/nix/store/53wjxb7srlwwz2x5wzjmk4s5kyfglfca-python3.14-ply-3.11.drv' to 'ssh-ng://j_kro@sentry'...
copying path '/nix/store/clpfs3gq2nk0ibpyv1bkiga7mz8wn1rj-libcamera.drv' to 'ssh-ng://j_kro@sentry'...
copying path '/nix/store/45kai2hclczcnnk35vcp31pcaf5gh391-source.drv' to 'ssh-ng://j_kro@sentry'...
copying path '/nix/store/6wk5hxcmmj9s9pl7isgx5ji3i5b90y41-userspace-rcu-0.15.6.tar.bz2.drv' to 'ssh-ng://j_kro@sentry'...
copying path '/nix/store/lbmxwly27qz335zbfq6v1ks8d5kcx3wl-liburcu-0.15.6.drv' to 'ssh-ng://j_kro@sentry'...
copying path '/nix/store/d6vdrzvrb4nbkci136pb2hspl6h81a7q-lttng-ust-2.15.1.drv' to 'ssh-ng://j_kro@sentry'...
copying path '/nix/store/82v5lwzii7np2jczbja9b2yx0clap7v8-source.drv' to 'ssh-ng://j_kro@sentry'...
copying path '/nix/store/iyzrc8pclm79cj3xvn79gg0ny7ixy6fs-source.drv' to 'ssh-ng://j_kro@sentry'...
copying path '/nix/store/kxzbayji2fcfy83lv5ar6xrm3qlp6ybf-python3.14-scikit-build-core-1.0.2.drv' to 'ssh-ng://j_kro@sentry'...
copying path '/nix/store/8yb8v38i7n7px77hkpr9i0js0xfglz1q-source.drv' to 'ssh-ng://j_kro@sentry'...
copying path '/nix/store/vqziy3mn4mkvg0sd31v3k0pn7h9nlaw5-3e1367a3b5efcdc8ce716db77a322cedeb5e01b4.patch.drv' to 'ssh-ng://j_kro@sentry'...
copying path '/nix/store/lrxg4w5z8iwd176mysvr59hk7v9wf8b7-eigen-3.4.1.drv' to 'ssh-ng://j_kro@sentry'...
copying path '/nix/store/prs5vrsvqmngwrbj487ly81fpy246hls-catch2-2.13.10.drv' to 'ssh-ng://j_kro@sentry'...
copying path '/nix/store/qd1d5xn63gfk6j4sfq8xk0vjw174d5y6-boost-1.89.0.drv' to 'ssh-ng://j_kro@sentry'...
copying path '/nix/store/x1xn0v83krsraahcyzwliamh1ngg4w8i-pybind11-setup-hook.drv' to 'ssh-ng://j_kro@sentry'...
copying path '/nix/store/ksl2ild58b23hqg7hjz2nlyws8z0v1vm-python3.14-pybind11-3.0.4.drv' to 'ssh-ng://j_kro@sentry'...
copying path '/nix/store/x15vminvinhmxahm2jfhi377xsimj5xk-fonts.conf.drv' to 'ssh-ng://j_kro@sentry'...
copying path '/nix/store/v1nss64r5ya99rbxnz5lzyy4z7piyswi-libcamera-0.7.0.drv' to 'ssh-ng://j_kro@sentry'...
copying path '/nix/store/nfqfxms6pywv59rckkgl7nf9mnsyyp97-libffado-2.4.9.tgz.drv' to 'ssh-ng://j_kro@sentry'...
copying path '/nix/store/8nr5yyil3zd2z587nsi06dg5ja858y43-dbus-cplusplus-0.9.0.tar.gz.drv' to 'ssh-ng://j_kro@sentry'...
copying path '/nix/store/lxxsy2b6d4cmymbs4z8qhqkxg20r1hi2-writechar.patch.drv' to 'ssh-ng://j_kro@sentry'...
copying path '/nix/store/nab4akx6sgsqa9vzv2i88i89ji813rvb-0001-src-eventloop.cpp-use-portable-method-for-initializi.patch.drv' to 'ssh-ng://j_kro@sentry'...
copying path '/nix/store/p7vggrlfzpyjkc43kxla3ywjk06iby5h-template-operators.patch.drv' to 'ssh-ng://j_kro@sentry'...
copying path '/nix/store/pfcs20kcfv5mffygnk7cp7vmipyarpf6-0002-tools-generate_proxy.cpp-avoid-possibly-undefined-ui.patch.drv' to 'ssh-ng://j_kro@sentry'...
copying path '/nix/store/xpn2ax1zbmj0yyhq0hiknxvfch9ppb3s-gcc-4.7.patch.drv' to 'ssh-ng://j_kro@sentry'...
copying path '/nix/store/yd08pixcgqddrnv8nkklj80cbabs0vma-0003-Fixed-undefined-ssize_t-for-clang-3.8.0-on-FreeBSD.patch.drv' to 'ssh-ng://j_kro@sentry'...
copying path '/nix/store/rapvgdzlzr650xawfyk6i29m10isgm97-dbus-cplusplus-0.9.0.drv' to 'ssh-ng://j_kro@sentry'...
copying path '/nix/store/q9az3jan8hd64r1zmj6v48mfrkij11k8-libconfig-1.8.2.tar.gz.drv' to 'ssh-ng://j_kro@sentry'...
copying path '/nix/store/ynnp15j4hpaqk2585ywkzm16lxlg6hqj-libconfig-1.8.2.drv' to 'ssh-ng://j_kro@sentry'...
copying path '/nix/store/mm9s7vykskqilmpn4vfpc4lgfrgdd1na-libsigc++-2.12.1.tar.xz.drv' to 'ssh-ng://j_kro@sentry'...
copying path '/nix/store/apcvrdqzs0y6i8c8vjxya4ly4px3rhw2-libsigc++-2.12.1.drv' to 'ssh-ng://j_kro@sentry'...
copying path '/nix/store/qqg6l929z281d9fd6m10yxibxq16kb3q-glibmm-2.66.8.tar.xz.drv' to 'ssh-ng://j_kro@sentry'...
copying path '/nix/store/ys95mjkvh1rdb0id5br6gmqawyw3w3z5-glibmm-2.66.8.drv' to 'ssh-ng://j_kro@sentry'...
copying path '/nix/store/zbvi276yw0b3m8i6gwgyhhar175y3nwv-python3-3.14.6-env.drv' to 'ssh-ng://j_kro@sentry'...
copying path '/nix/store/dy8laicxzf4bl68vj23v0vkj9frcidzh-libxml++-3.2.5.tar.xz.drv' to 'ssh-ng://j_kro@sentry'...
copying path '/nix/store/zzw47jibmffj4xkslpzxdsgn3vrld921-libxml++-3.2.5.drv' to 'ssh-ng://j_kro@sentry'...
copying path '/nix/store/w719alk9mdfrmxpfrcr20bmnshxkxww3-ffado-2.4.9.drv' to 'ssh-ng://j_kro@sentry'...
copying path '/nix/store/c6ximxm0sjdgal3202gv5j4shga1nm1l-pipewire-1.6.8.drv' to 'ssh-ng://j_kro@sentry'...
copying path '/nix/store/dx19zq2f67cn6jlg8b2rvhz9ql39khsg-libxcursor-1.2.3.drv' to 'ssh-ng://j_kro@sentry'...
copying path '/nix/store/9xipihv9l66x0ydy9shjfhhczb4wc6cr-wrap-gapps-hook.drv' to 'ssh-ng://j_kro@sentry'...
copying path '/nix/store/mpaqkf17p26ibbk1hkfv2maf450xrfpw-cross-file.conf.drv' to 'ssh-ng://j_kro@sentry'...
copying path '/nix/store/nc5sj0jb9s7izbpd6siyil3zc8wm6z5i-tinysparql-3.11.1.tar.xz.drv' to 'ssh-ng://j_kro@sentry'...
copying path '/nix/store/7k32kxc564mxbqggjda9byq8q0cay5rr-tinysparql-3.11.1.drv' to 'ssh-ng://j_kro@sentry'...
copying path '/nix/store/gvldq0q8h8brbvdkjddm476qc1302xfy-source.drv' to 'ssh-ng://j_kro@sentry'...
copying path '/nix/store/7kicjk06qnbxq0jmqbhbk6gcxnjg5mgy-libepoxy-1.5.10.drv' to 'ssh-ng://j_kro@sentry'...
copying path '/nix/store/mafijmyswdgp1zip5l0rwgy2sq847f4q-at-spi2-core-2.60.4.tar.xz.drv' to 'ssh-ng://j_kro@sentry'...
copying path '/nix/store/6qms5jqa0ppjcmx6gfawwgcvckarj3bk-gsettings-desktop-schemas-50.1.tar.xz.drv' to 'ssh-ng://j_kro@sentry'...
copying path '/nix/store/srg8lsmak5f05sh6cw2swn6b9jwl9xjv-gsettings-desktop-schemas-50.1.drv' to 'ssh-ng://j_kro@sentry'...
copying path '/nix/store/98byyqjv1b6z47p23d594ndpqfcafka9-at-spi2-core-2.60.4.drv' to 'ssh-ng://j_kro@sentry'...
copying path '/nix/store/a292bbl8vn0f2620wfri2r1qcj5bjssz-gtk-3.24.52.tar.xz.drv' to 'ssh-ng://j_kro@sentry'...
copying path '/nix/store/qssrb5y1dgyjnhw3jggyf71xbxk2qm16-libXcomposite-0.4.7.tar.xz.drv' to 'ssh-ng://j_kro@sentry'...
copying path '/nix/store/gml6k00hxqkwmk56wdh8jrsmmw62arp8-libxcomposite-0.4.7.drv' to 'ssh-ng://j_kro@sentry'...
copying path '/nix/store/q9k023rh39yfaqlw7lwh6070sv67rvlw-libXinerama-1.1.6.tar.xz.drv' to 'ssh-ng://j_kro@sentry'...
copying path '/nix/store/j64ilhhs5i6y283rc7cch1wq7n4b0piv-libxinerama-1.1.6.drv' to 'ssh-ng://j_kro@sentry'...
copying path '/nix/store/niy4qp2rx080ijgdynsw85ky49pjp0a7-clean-immodules-cache.sh.drv' to 'ssh-ng://j_kro@sentry'...
copying path '/nix/store/rm796n2jf6iia94hg4yilc3a64i38gg5-source.drv' to 'ssh-ng://j_kro@sentry'...
copying path '/nix/store/xwrhlhvp7zxhsan6f64pnijwvld1j29r-shared-mime-info-2.4.drv' to 'ssh-ng://j_kro@sentry'...
copying path '/nix/store/n5gap5yk7a9sk52sz0ydhdli2fdcv1ck-source.drv' to 'ssh-ng://j_kro@sentry'...
copying path '/nix/store/z6h0cni44j47dms1x3pfrs6cqd5zy4jm-sassc-3.6.2.drv' to 'ssh-ng://j_kro@sentry'...
copying path '/nix/store/gmd47sr3bw75wpj7zkz97wxypmlkq5bh-gtk+3-3.24.52.drv' to 'ssh-ng://j_kro@sentry'...
copying path '/nix/store/ncvpmzvwiw2x1gpifi82k5vfxixvmxyi-source.drv' to 'ssh-ng://j_kro@sentry'...
copying path '/nix/store/g65v5hb9r487iknkllvy2fc3ycqy43lc-libdecor-0.2.5.drv' to 'ssh-ng://j_kro@sentry'...
copying path '/nix/store/6cdjf9c54y8wjcnqbfymz38qi897gdyp-source.drv' to 'ssh-ng://j_kro@sentry'...
copying path '/nix/store/i0wxzqsj0yzvx8r9r7978fz2ri5jvwl1-unvendor-glslang.patch.drv' to 'ssh-ng://j_kro@sentry'...
copying path '/nix/store/61jjj422z2r2s2k3jjrs1lv8kp5a6hgg-ctestCheckHook.drv' to 'ssh-ng://j_kro@sentry'...
copying path '/nix/store/8gd71v5k6ciqs80wjpxg412d7rjlvka1-1a22b167081842915a1c78a0b5b5a353a23284aa.diff.drv' to 'ssh-ng://j_kro@sentry'...
copying path '/nix/store/98f3zdrak8nygpv9w7b3zxpmp4pr26sx-source.drv' to 'ssh-ng://j_kro@sentry'...
copying path '/nix/store/kvjyblb1y68xmjm5zvha6qday787yqnv-b8a32968473ce852a809b9de5f04f02a5a9dfa78.patch.drv' to 'ssh-ng://j_kro@sentry'...
copying path '/nix/store/lgq7n1pmvynf1hjljc7paniy1f81p09y-spirv-headers-1.4.350.0.drv' to 'ssh-ng://j_kro@sentry'...
copying path '/nix/store/pbbsjb8hw63fm8zgh767l6f6c3q9yrgn-source.drv' to 'ssh-ng://j_kro@sentry'...
copying path '/nix/store/7r5yp0wpqrhwndh8g4gjh0n2wwyd23m7-spirv-tools-1.4.350.0.drv' to 'ssh-ng://j_kro@sentry'...
copying path '/nix/store/c94qlrzx7ac9zqicy0krsxznm86a006l-source.drv' to 'ssh-ng://j_kro@sentry'...
copying path '/nix/store/mwaav278cbc73rny9hgzk1wxwpsc9p05-glslang-16.3.0.drv' to 'ssh-ng://j_kro@sentry'...
copying path '/nix/store/crxay0bgi20mv2n593jmfklhxvli7w66-shaderc-2026.1.drv' to 'ssh-ng://j_kro@sentry'...
copying path '/nix/store/fg794gslha29cg8if9fzavx3d1fhx79i-clean-immodules-cache.sh.drv' to 'ssh-ng://j_kro@sentry'...
copying path '/nix/store/rq8w418bbjgl6z38gb9mn4q24p889mv5-fix-32bit-VkImage-null.patch.drv' to 'ssh-ng://j_kro@sentry'...
copying path '/nix/store/rxr4yar0xwja4cn6n0q6ciik5ch6wlim-source.drv' to 'ssh-ng://j_kro@sentry'...
copying path '/nix/store/4g573xbnzahn8cpifiwq2j825qw5qrp7-openal-soft-1.24.3.drv' to 'ssh-ng://j_kro@sentry'...
copying path '/nix/store/ss9b17fsm6p8wvaxdmig0d56ky7xqkac-source.drv' to 'ssh-ng://j_kro@sentry'...
copying path '/nix/store/h78llm3l99vz9gn706ayl19yzis2208v-imath-3.2.2.drv' to 'ssh-ng://j_kro@sentry'...
copying path '/nix/store/i7cg9y7b4lqlniybfbbnzg6n53mv5zib-source.drv' to 'ssh-ng://j_kro@sentry'...
copying path '/nix/store/596h1x6dpnw2n5w1yhij3nsjxr9ygcmy-openexr-3.4.11.drv' to 'ssh-ng://j_kro@sentry'...
copying path '/nix/store/5m7pwm6gvwgcvmzs8w6skj2d265bb7s9-source.drv' to 'ssh-ng://j_kro@sentry'...
copying path '/nix/store/6b5pizjm8sbncjlbkjqyfagjssxh0qhi-libde265-1.1.1.drv' to 'ssh-ng://j_kro@sentry'...
copying path '/nix/store/mhl660rjn4n37r00j6iqdm5saawbr96y-ladspa_sdk_1.17.tgz.drv' to 'ssh-ng://j_kro@sentry'...
copying path '/nix/store/78lnvi8mg103sjxdfc733922l8dhafka-ladspa-header-1.17.drv' to 'ssh-ng://j_kro@sentry'...
copying path '/nix/store/8b0c678zhb7db7nhzwrd5z7gx0sw75ag-wildmidi-0.4.6.drv' to 'ssh-ng://j_kro@sentry'...
copying path '/nix/store/s1hklclbv0fhvx9iwagkjv99g0bl901r-cargo-c-0.10.22+cargo-0.96.0.tar.gz.drv' to 'ssh-ng://j_kro@sentry'...
copying path '/nix/store/myvlrqmdq8dam023ab0nv2pqxayvw2cf-cargo-c-0.10.22-vendor-staging.drv' to 'ssh-ng://j_kro@sentry'...
copying path '/nix/store/6pw22a2d2jsvmk48mvdgap9ppgfjghd9-cargo-c-0.10.22-vendor.drv' to 'ssh-ng://j_kro@sentry'...
copying path '/nix/store/9hiypms1f0jxds6paidw34751zyyz5q1-cargo-c-0.10.22.drv' to 'ssh-ng://j_kro@sentry'...
copying path '/nix/store/imxic6r271af36kvl5vv4gqlgcjwbxh6-gdk-pixbuf-loader-loaders-wrapped.drv' to 'ssh-ng://j_kro@sentry'...
copying path '/nix/store/l6l3aiqa1p2mp6q9myhyrb03df1lk4bb-librsvg-2.62.3.tar.xz.drv' to 'ssh-ng://j_kro@sentry'...
copying path '/nix/store/r108yahz5q3n11s6yjpv62crkwf1i5zq-librsvg-deps-2.62.3-vendor-staging.drv' to 'ssh-ng://j_kro@sentry'...
copying path '/nix/store/s4wsd0b7241zcrhw17q3wvp1gnplrc97-librsvg-deps-2.62.3-vendor.drv' to 'ssh-ng://j_kro@sentry'...
copying path '/nix/store/9c03va2j14p2ndri5ns2vp9fknrdrd7y-librsvg-2.62.3.drv' to 'ssh-ng://j_kro@sentry'...
copying path '/nix/store/5hb1i2syspjxdr0f2c0fdy7rsl52ga0j-source.drv' to 'ssh-ng://j_kro@sentry'...
copying path '/nix/store/ag7m51zqvyna2xq2ycc0jzn1xbj7imcf-zint-2.16.0.drv' to 'ssh-ng://j_kro@sentry'...
copying path '/nix/store/abf2dy05v55867j3q3nihs127vnlbp6x-zxing-cpp-2.3.0.drv' to 'ssh-ng://j_kro@sentry'...
copying path '/nix/store/asi2cy5y8sbs4s46bwj6xvhzrb5d2rkx-source.drv' to 'ssh-ng://j_kro@sentry'...
copying path '/nix/store/cbvfjc6w8fg743xjdyan27wxg5gl1agn-libsrtp-2.8.0.drv' to 'ssh-ng://j_kro@sentry'...
copying path '/nix/store/d61z2m8n2crhg10340iz1n3baw9a50lm-gst-plugins-bad-1.28.4.tar.xz.drv' to 'ssh-ng://j_kro@sentry'...
copying path '/nix/store/aaq5m8lzfp4qbip0f0gclcpaizmvjjhy-libmodplug-0.8.9.0.tar.gz.drv' to 'ssh-ng://j_kro@sentry'...
copying path '/nix/store/dffgb12yj0j8m7pnzvh6h6rlnqpdp2ja-libmodplug-0.8.9.0.drv' to 'ssh-ng://j_kro@sentry'...
copying path '/nix/store/4c1926a4b8mw88z70s6hxhjvs5y5gqmd-source.drv' to 'ssh-ng://j_kro@sentry'...
copying path '/nix/store/g8db0lp7c3vhy5ahxn45zprg57m0lhlr-fluidsynth-2.5.5.drv' to 'ssh-ng://j_kro@sentry'...
copying path '/nix/store/dscacsgqnl9kg9vldhflwq90aj2zzrrz-freebsd.patch.drv' to 'ssh-ng://j_kro@sentry'...
copying path '/nix/store/jyasr3q07h1z5d236vpxzxqwf39df46w-libnice-0.1.23.tar.gz.drv' to 'ssh-ng://j_kro@sentry'...
copying path '/nix/store/59nhdzd4jnf3g6j0rfxip7cn2j6qk9bq-gupnp-1.6.10.tar.xz.drv' to 'ssh-ng://j_kro@sentry'...
copying path '/nix/store/8mmjvbka6r3gp0mz2vf3knszvv1h68wh-gupnp-1.6.10.drv' to 'ssh-ng://j_kro@sentry'...
copying path '/nix/store/lliar7aplclxfrkynmsyglx4qnh577m3-gupnp-igd-1.6.0.tar.xz.drv' to 'ssh-ng://j_kro@sentry'...
copying path '/nix/store/vw7j1vq08xx0jkd8mb3asdbr42rpzsa7-gupnp-igd-1.6.0.drv' to 'ssh-ng://j_kro@sentry'...
copying path '/nix/store/h2wf4krhlivwnd2bqdxsdqnlrnadm2hp-libnice-0.1.23.drv' to 'ssh-ng://j_kro@sentry'...
copying path '/nix/store/w9wq2bzhid12pyb1dvjz5rjs3fzr9qqg-vo-aacenc-0.1.3.tar.gz.drv' to 'ssh-ng://j_kro@sentry'...
copying path '/nix/store/h6d2lf0dy3jc6vw0flr2hkwndvqfsb67-vo-aacenc-0.1.3.drv' to 'ssh-ng://j_kro@sentry'...
copying path '/nix/store/kpqz4ijz4xh6g5pibfbmlvhv0pmnrwyj-source.drv' to 'ssh-ng://j_kro@sentry'...
copying path '/nix/store/h34wcpkxkpwv1z9pwi0iw5akh2x6kyid-libdvdcss-1.5.0.drv' to 'ssh-ng://j_kro@sentry'...
copying path '/nix/store/h892bnwbs0qf0dgfij2mzndkw2l1b3rb-libdvdread-7.0.1.tar.xz.drv' to 'ssh-ng://j_kro@sentry'...
copying path '/nix/store/n8skz57434jcva3rbwi9zqhizrmn6z4k-libdvdread-7.0.1.drv' to 'ssh-ng://j_kro@sentry'...
copying path '/nix/store/rzgdflsndapa0bnh6kf1ndgyppz3v82d-libdvdnav-6.1.1.tar.bz2.drv' to 'ssh-ng://j_kro@sentry'...
copying path '/nix/store/hjv649743a6ay1vblbsq65hw0z5g6ljl-libdvdnav-6.1.1.drv' to 'ssh-ng://j_kro@sentry'...
copying path '/nix/store/7jmkn2rdzxigr9k3rc1kigxks2gjhws2-source.drv' to 'ssh-ng://j_kro@sentry'...
copying path '/nix/store/hnqqj9y6qbq56c4hg1cbiv9v1y89ggaf-faad2-2.11.2.drv' to 'ssh-ng://j_kro@sentry'...
copying path '/nix/store/6khkky328yqyy5az5vjc1wvqpkz7q815-rtmpdump-6f6bb13.drv' to 'ssh-ng://j_kro@sentry'...
copying path '/nix/store/imyrfy3qk5m5iwin7shjf8d82awvmcc3-rtmpdump-2.6.drv' to 'ssh-ng://j_kro@sentry'...
copying path '/nix/store/87hbm2bry26pb0yzp86y3bkx7kl85ha0-patch-configure.drv' to 'ssh-ng://j_kro@sentry'...
copying path '/nix/store/afxkr0fa6y1pw8m85p3q60qmdf1hx9rj-54c65164840777326bbb83517568e38a128122ef.patch.drv' to 'ssh-ng://j_kro@sentry'...
copying path '/nix/store/fb5xw5bmwlbc8x9y8h3aivmzlq51j4x3-source.drv' to 'ssh-ng://j_kro@sentry'...
copying path '/nix/store/inv9gdnkyjy5jvlf8blyrvqr7266yb3s-flite-2.2.drv' to 'ssh-ng://j_kro@sentry'...
copying path '/nix/store/g6h9ngyy1g5pl4bnc5g06vidfbrqmkm1-source.drv' to 'ssh-ng://j_kro@sentry'...
copying path '/nix/store/j9waavrwgpyfr47csrixazfw0aypmbs6-openh264-2.6.0.drv' to 'ssh-ng://j_kro@sentry'...
copying path '/nix/store/xmbnf6g0qlvm2nkzzhm36qpnmyfgsc7k-source.drv' to 'ssh-ng://j_kro@sentry'...
copying path '/nix/store/lg4gy1ndvc37c3gzrpwfirbsvaiv2v0v-soundtouch-2.4.1.drv' to 'ssh-ng://j_kro@sentry'...
copying path '/nix/store/s6vyxx53yvk7g1y86mywn85lihndzwig-libmpeg2-0.5.1.tar.gz.drv' to 'ssh-ng://j_kro@sentry'...
copying path '/nix/store/r97njspzy4wmfs93xbja8r40gjyhhw89-libmpeg2-0.5.1.drv' to 'ssh-ng://j_kro@sentry'...
copying path '/nix/store/9aggrmra96q1lq5k0imhrdy1xmgcx1cw-0001-Fix-compilation-with-GCC-15.patch.drv' to 'ssh-ng://j_kro@sentry'...
copying path '/nix/store/arc4wdgwr83qwy2iw3p3idcs8r9q6jjw-0001-rtc_base-Include-stdint.h-to-fix-build-failures.patch?id=625e19c19972e69e034c0870a31b375833d1ab5d.drv' to 'ssh-ng://j_kro@sentry'...
copying path '/nix/store/slrxda704lda1rilcgf5l6qxyifgnsf7-webrtc-audio-processing-1.3.drv' to 'ssh-ng://j_kro@sentry'...
copying path '/nix/store/c2qq3f6ckgfxsawxrihgp5rxl2yk9qyf-source.drv' to 'ssh-ng://j_kro@sentry'...
copying path '/nix/store/v652r5g60j453g3gjnp75gz2jy142n8b-game-music-emu-0.6.5.drv' to 'ssh-ng://j_kro@sentry'...
copying path '/nix/store/c80pmkvv04m25ps5739sgj61qrn17bas-libxml2-2.11.patch.drv' to 'ssh-ng://j_kro@sentry'...
copying path '/nix/store/lpkb25bqzdxfli37iqmx3w18655gan6w-source.drv' to 'ssh-ng://j_kro@sentry'...
copying path '/nix/store/mm86aqmfxa98z93f757x1wqgw8cffckw-raptor2-2.0.16.drv' to 'ssh-ng://j_kro@sentry'...
copying path '/nix/store/xqms7m76r88wqa2gbnhzy3srxp45drz3-source.drv' to 'ssh-ng://j_kro@sentry'...
copying path '/nix/store/w62q10s47p9mfzpvl5lf87s0p2b50ha8-lrdf-0.6.1.drv' to 'ssh-ng://j_kro@sentry'...
copying path '/nix/store/ldj6gsgnd4rdrv51hvrxqfhciamvyv3c-gsm-1.0.24.tar.gz.drv' to 'ssh-ng://j_kro@sentry'...
copying path '/nix/store/w99jgpaixbmg91vy17pajfi1g74kp9j6-gsm-1.0.24.drv' to 'ssh-ng://j_kro@sentry'...
copying path '/nix/store/cy5dlj9spm69mm7nyqpw22dzyxmcq3ir-libdc1394-2.2.7.tar.gz.drv' to 'ssh-ng://j_kro@sentry'...
copying path '/nix/store/yb3khhzz25p0ignjgw2wk0mxdwqardbg-libdc1394-2.2.7.drv' to 'ssh-ng://j_kro@sentry'...
copying path '/nix/store/yc9f07kyafcl52pywqy79qzv37y0ldvm-libajantv2-17.5.0.drv' to 'ssh-ng://j_kro@sentry'...
copying path '/nix/store/vqf7yapg12gykb8s256f0vdgzvwkjw8h-gst-plugins-bad-1.28.4.drv' to 'ssh-ng://j_kro@sentry'...
copying path '/nix/store/wghkzp7wzrv74kw9p3ms1dlzydz8i67q-gtk-4.22.4.tar.xz.drv' to 'ssh-ng://j_kro@sentry'...
copying path '/nix/store/74k6732pyf71nvdb14m50wcmbpn2a901-gtk4-4.22.4.drv' to 'ssh-ng://j_kro@sentry'...
copying path '/nix/store/d9kqndwxbl0383a8k2cpdqj5bbmb8700-zenity-4.2.2.tar.xz.drv' to 'ssh-ng://j_kro@sentry'...
copying path '/nix/store/rf9da97iwk4ng3zx229cljxhxq26aczi-wrap-gapps-hook.drv' to 'ssh-ng://j_kro@sentry'...
copying path '/nix/store/fgfnmzsvzpvc8jcrgr47q86j3vwxwnb8-source.drv' to 'ssh-ng://j_kro@sentry'...
copying path '/nix/store/hq88718j2h8aq3wzxg0gclx3mhyn309d-desktop-file-utils-0.28.tar.xz.drv' to 'ssh-ng://j_kro@sentry'...
copying path '/nix/store/lc79h5amspkwnii1z26xx1z7nwxkjan2-desktop-file-utils-0.28.drv' to 'ssh-ng://j_kro@sentry'...
copying path '/nix/store/411qc949hs6m4phyr2q47p1kfyrcpr0h-source.drv' to 'ssh-ng://j_kro@sentry'...
copying path '/nix/store/ffd93zd64bfg9972gv2i82z06j8c80bx-1026d76850909dc9b1c5f95b8cd94e865a313fd5.diff.drv' to 'ssh-ng://j_kro@sentry'...
copying path '/nix/store/ipqwdc49dxvdmz6n7lpg6cywwcnsphs5-24b18e7363b336962fe160c1dc05ca57ba95783c.diff.drv' to 'ssh-ng://j_kro@sentry'...
copying path '/nix/store/m9nray4rx245zarvbixdqgw81w5ssfwy-9192deaac095f9881cc1e5756dede683f36b09d6.diff.drv' to 'ssh-ng://j_kro@sentry'...
copying path '/nix/store/pnw3i5hvwbpcadrdyjl4wjpqianndj8w-0982fcefc6a16d4c8cb5b06747d3fc8e630de3ae.diff.drv' to 'ssh-ng://j_kro@sentry'...
copying path '/nix/store/xyx6hv4vq3wqc5wkqmrp8mg1pwf5lnxs-9f2492ca27bb1fda64f2b12edc2da17406208b93.diff.drv' to 'ssh-ng://j_kro@sentry'...
copying path '/nix/store/4g26lm33jy7chp6y5pgibg7ibwj1kj8i-libfyaml-0.9.6.drv' to 'ssh-ng://j_kro@sentry'...
copying path '/nix/store/5kdn2q0gx1kn8pbhyb4jr7r7777bhdv6-source.drv' to 'ssh-ng://j_kro@sentry'...
copying path '/nix/store/88kjsi60zm27g7xn09s0ganz3my5b2v6-fix-paths.patch.drv' to 'ssh-ng://j_kro@sentry'...
copying path '/nix/store/c6nl4rxygqm9v94xxcfdg0sssm0qbm7b-source.drv' to 'ssh-ng://j_kro@sentry'...
copying path '/nix/store/lb25safan0fbwyr1qp7xynyc5nccq4vd-source.drv' to 'ssh-ng://j_kro@sentry'...
copying path '/nix/store/4mnh3ib6pbhh7b05dwv0hdb760bmhn1i-source.drv' to 'ssh-ng://j_kro@sentry'...
copying path '/nix/store/vz806v8xv8wizy2lxnyq5dqwgw0y92gq-hwloc-2.14.0.drv' to 'ssh-ng://j_kro@sentry'...
copying path '/nix/store/xnhh54v77z2sz3sn7vi09y1w347lx9s3-onetbb-2022.3.0.drv' to 'ssh-ng://j_kro@sentry'...
copying path '/nix/store/8a4aar0r73qbx5ka1vh7rw9fkyvc7fdl-libblake3-1.8.5.drv' to 'ssh-ng://j_kro@sentry'...
copying path '/nix/store/ispjznfjgn97x12pbqgxy169l13lgy3x-source.drv' to 'ssh-ng://j_kro@sentry'...
copying path '/nix/store/ljrfag17zx8yg9dh263ilcw1j08zqmrx-libxmlb-0.3.27.drv' to 'ssh-ng://j_kro@sentry'...
copying path '/nix/store/mcpbdik2spdgb6k1xv8a1jddrd3xgqmp-xapian-core-1.4.31.tar.xz.drv' to 'ssh-ng://j_kro@sentry'...
copying path '/nix/store/m6dgdpcqwrdp7lg8zp3s3awlfv9x1r6i-xapian-1.4.31.drv' to 'ssh-ng://j_kro@sentry'...
copying path '/nix/store/pg54fj74i1h4cbjvvmb8hkqxm532f70s-appstream-1.1.3.drv' to 'ssh-ng://j_kro@sentry'...
copying path '/nix/store/wmm4qyrvrbc1y8alls1g9mbw0xalj0s6-adwaita-icon-theme-50.0.tar.xz.drv' to 'ssh-ng://j_kro@sentry'...
copying path '/nix/store/3mm7mdrqh0m13zgkaqjj7lsyxzh2p54b-source.drv' to 'ssh-ng://j_kro@sentry'...
copying path '/nix/store/x8vzk37d5mq2hx80sdzaqh30gdfs02xq-hicolor-icon-theme-0.18.drv' to 'ssh-ng://j_kro@sentry'...
copying path '/nix/store/w8wswsipbyk8r6nrcm4f1qyg0b5y5gd4-adwaita-icon-theme-50.0.drv' to 'ssh-ng://j_kro@sentry'...
copying path '/nix/store/xk4xy3ah9czb1x6rzrpqlnxxiq3s2iss-libadwaita-1.9.2.drv' to 'ssh-ng://j_kro@sentry'...
copying path '/nix/store/j00z0ggwidxd2iwkpi8v49472qsr6pb0-zenity-4.2.2.drv' to 'ssh-ng://j_kro@sentry'...
copying path '/nix/store/xqq2p0ix720vj1iy8i6gy1adhxc8vk6m-libXScrnSaver-1.2.5.tar.xz.drv' to 'ssh-ng://j_kro@sentry'...
copying path '/nix/store/wdnfad0yqm09kawwc83ppf2kl1z6pjfz-libxscrnsaver-1.2.5.drv' to 'ssh-ng://j_kro@sentry'...
copying path '/nix/store/ag34s1rdnzvsg584nfxzk4750wsrg3d8-sdl3-3.4.12.drv' to 'ssh-ng://j_kro@sentry'...
copying path '/nix/store/cwj2xsazs0v4kch4a5z37jdf41z06j76-source.drv' to 'ssh-ng://j_kro@sentry'...
copying path '/nix/store/vsv1fx1w42b719wlpivp2a6xxvmxba9m-sdl2-compat-2.32.70.drv' to 'ssh-ng://j_kro@sentry'...
copying path '/nix/store/3dl49rv23n7wp6jrpp1jb5wa5lx5a535-glu-9.0.3.tar.xz.drv' to 'ssh-ng://j_kro@sentry'...
copying path '/nix/store/wf01b08gr2y17anizi93sd3jjp6amza0-glu-9.0.3.drv' to 'ssh-ng://j_kro@sentry'...
copying path '/nix/store/5xjgv0vmra7znjri21ipiynwpnfg6kys-sdl12-compat-1.2.76.drv' to 'ssh-ng://j_kro@sentry'...
copying path '/nix/store/zjrch6nd69zpx94kf847gfsqn0n3dmlm-source.drv' to 'ssh-ng://j_kro@sentry'...
copying path '/nix/store/ijg566fxm3x1lf265v9q64sg4ff7ifgz-sdl12-compat-1.2.76.drv' to 'ssh-ng://j_kro@sentry'...
copying path '/nix/store/8sr79v0a5f8q69p10syzg4hkwsgrakvb-libmikmod-3.3.13.tar.gz.drv' to 'ssh-ng://j_kro@sentry'...
copying path '/nix/store/kga9zqsg03yf4b98qkds3y6dyjcfjhwh-libmikmod-3.3.13.drv' to 'ssh-ng://j_kro@sentry'...
copying path '/nix/store/nxwxf5l4bzlx80bfbzyqcbzpkwcbmfmh-SDL_sound-1.0.3.tar.gz.drv' to 'ssh-ng://j_kro@sentry'...
copying path '/nix/store/5y16hz1qy0l0f48azvrnys13xyw9jahz-SDL_sound-1.0.3.drv' to 'ssh-ng://j_kro@sentry'...
copying path '/nix/store/l1g28fqvlkvs5x085763xa57m909dfln-source.drv' to 'ssh-ng://j_kro@sentry'...
copying path '/nix/store/d7ca8860pka18ngwmmlh72q6ciszvknb-libexif-0.6.26.drv' to 'ssh-ng://j_kro@sentry'...
copying path '/nix/store/w3qyffnbaisdsqsqvk3mzh8z8yah5rq7-source.drv' to 'ssh-ng://j_kro@sentry'...
copying path '/nix/store/601ib2jl5bysv6x1fxkg8bnzplvwc1dd-libgphoto2-2.5.34.drv' to 'ssh-ng://j_kro@sentry'...
copying path '/nix/store/58xw2qmi0a3m1vyggdv2alf79r2h5bvn-8acc267d5f4049d8438456821137ae56e91baea9.patch.drv' to 'ssh-ng://j_kro@sentry'...
copying path '/nix/store/mi0kgzm748xxw593jil1gvhilvd3g9r6-musl.patch.drv' to 'ssh-ng://j_kro@sentry'...
copying path '/nix/store/p6a9y70pkia7v8hdr3zr545rfpsymzw0-source.drv' to 'ssh-ng://j_kro@sentry'...
copying path '/nix/store/pphchw4sxrsm5qdyvgqpli00aiwqsrvy-libieee1284-0.2.11.drv' to 'ssh-ng://j_kro@sentry'...
copying path '/nix/store/q6v6wn9gfq5mab1mhnk164hi43hsa4j8-source.drv' to 'ssh-ng://j_kro@sentry'...
copying path '/nix/store/vhwb8mbwv814qc865rwx1qbd09gvswdb-net-snmp-5.9.5.2.drv' to 'ssh-ng://j_kro@sentry'...
copying path '/nix/store/zhasi4kvbpih9b5a6nmpvwa2dl1s2zna-fbf80b0fc1d262ed40d4b49dd53c14707083ef60.patch.drv' to 'ssh-ng://j_kro@sentry'...
copying path '/nix/store/64f1nvwgq714jc7yws96w0b96aisw6ay-sane-backends-1.4.0.drv' to 'ssh-ng://j_kro@sentry'...
copying path '/nix/store/761fbqyri9znv4v02q9d9jmsqda2qnam-source.drv' to 'ssh-ng://j_kro@sentry'...
copying path '/nix/store/zjs3ygzqbhmkvqxwb0lgvmd3n85mbkr0-e263ab6f56c382e10fed31347ec68095d691a0e8.patch.drv' to 'ssh-ng://j_kro@sentry'...
copying path '/nix/store/6lp4j37r99n1mlwlmwnpx4pz8d5d1qay-miniupnpc-2.3.3.drv' to 'ssh-ng://j_kro@sentry'...
copying path '/nix/store/cbbn7akqk6kknkcbsb03p440sln3fby1-qtmultimedia-8ddc441.drv' to 'ssh-ng://j_kro@sentry'...
copying path '/nix/store/j6l62p7lmr9cmj19vl8b29hngzkizr26-cross_build_mysql.diff.drv' to 'ssh-ng://j_kro@sentry'...
copying path '/nix/store/k85kng5l860q43j2g4xkg4hfcl5yr2qf-qtbase-fbed962.drv' to 'ssh-ng://j_kro@sentry'...
copying path '/nix/store/pp0hyvhsfybrdh0fw659qh60fx4cbxc7-0012-qtbase-loongarch64.patch.drv' to 'ssh-ng://j_kro@sentry'...
copying path '/nix/store/rh0d972rw6wqgb6ka75c0bqrp8g4i0aw-qtbase5-setup-hook.drv' to 'ssh-ng://j_kro@sentry'...
copying path '/nix/store/i4ccpyx3pc9w0mkmrgvp2l4wl3g3ww8b-qttranslations-388e4f3.drv' to 'ssh-ng://j_kro@sentry'...
copying path '/nix/store/8fcgf48dgzhv1g5718b47hq1jhw27ln8-qtbase-5.15.19.drv' to 'ssh-ng://j_kro@sentry'...
copying path '/nix/store/hc17b0qb6n43s3ng1nk5g1mlbg86s6f7-qttools-libclang-main-header.patch.drv' to 'ssh-ng://j_kro@sentry'...
copying path '/nix/store/jwppmdm688ql8p2s92kbwksykjmy20ar-qttools-QT_HOST_DATA-refs.patch.drv' to 'ssh-ng://j_kro@sentry'...
copying path '/nix/store/vkd0xgl6zmy88nrijmvpkfq6nanprk6w-qmake-hook.drv' to 'ssh-ng://j_kro@sentry'...
copying path '/nix/store/lahd9833ylpsmhahxn0rr03prkba4psl-qttools-5.15.19.drv' to 'ssh-ng://j_kro@sentry'...
copying path '/nix/store/sy23f8jcbwa7pi4g6mdq7qd2rvj6dys9-qttranslations-5.15.19.drv' to 'ssh-ng://j_kro@sentry'...
copying path '/nix/store/wsq2axf7zbg315fp6nndgq6v18kh3d1s-qtbase-5.15.19.drv' to 'ssh-ng://j_kro@sentry'...
copying path '/nix/store/cdsxgja01yd34j5s8l1qdzzcpsl08yv5-qmake-hook.drv' to 'ssh-ng://j_kro@sentry'...
copying path '/nix/store/ipy92rybpjdi8lm56s0j17ana39sdap7-qtsvg-d2abfb9.drv' to 'ssh-ng://j_kro@sentry'...
copying path '/nix/store/762nalmyqzxq028y7cs6izh7vznrishc-qtsvg-5.15.19.drv' to 'ssh-ng://j_kro@sentry'...
copying path '/nix/store/x5lzad18yzx068x4p40rg37yhx3wycxn-qtdeclarative-5bc1ac0.drv' to 'ssh-ng://j_kro@sentry'...
copying path '/nix/store/rkpfzfb9a0ngylifx9k9ifi2sfln700s-qtdeclarative-5.15.19.drv' to 'ssh-ng://j_kro@sentry'...
copying path '/nix/store/7l1qkbxfwv3q6fialhspl40i2d7pyjgr-qtmultimedia-5.15.19.drv' to 'ssh-ng://j_kro@sentry'...
copying path '/nix/store/b2w02z9axckqnsl7qwnwmabj8f7v9ss7-crate-serde_json-1.0.141.tar.gz.drv' to 'ssh-ng://j_kro@sentry'...
copying path '/nix/store/4q1g4fkj4d6vjx1ynrv0zqbc7rb84p1m-serde_json-1.0.141.drv' to 'ssh-ng://j_kro@sentry'...
copying path '/nix/store/a2snd2zzsbwa1cbvciwks0jad3z91yg4-crate-scroll_derive-0.13.0.tar.gz.drv' to 'ssh-ng://j_kro@sentry'...
copying path '/nix/store/7wqw28fd68q42kb0g80g271f50h4mzbh-scroll_derive-0.13.0.drv' to 'ssh-ng://j_kro@sentry'...
copying path '/nix/store/b08dhvxpdyfvfnqkw96g7ikplj2i33pc-anyhow-1.0.98.drv' to 'ssh-ng://j_kro@sentry'...
copying path '/nix/store/f7ynqjvifpc42a4w3347kgg38mb6c607-crate-plain-0.2.3.tar.gz.drv' to 'ssh-ng://j_kro@sentry'...
copying path '/nix/store/b1vf2v47nvh9vp3mdvpnx9sbd9j53wm2-plain-0.2.3.drv' to 'ssh-ng://j_kro@sentry'...
copying path '/nix/store/hkiqvwkk85n9saysdq7cgk0cg9i50gwc-crate-serde_derive-1.0.219.tar.gz.drv' to 'ssh-ng://j_kro@sentry'...
copying path '/nix/store/gn3hys6pim3q5pydzi3ihb26f0z0s1ap-serde_derive-1.0.219.drv' to 'ssh-ng://j_kro@sentry'...
copying path '/nix/store/zkzjgny37zjjxapw4y5dccjky66zx5v4-crate-goblin-0.10.0.tar.gz.drv' to 'ssh-ng://j_kro@sentry'...
copying path '/nix/store/iakmkwfw34vdarbrcfpq14362zxydhf3-goblin-0.10.0.drv' to 'ssh-ng://j_kro@sentry'...
copying path '/nix/store/mbmngkiprlnmkbl50mk75rfmpzqq9pp5-crate-scroll-0.13.0.tar.gz.drv' to 'ssh-ng://j_kro@sentry'...
copying path '/nix/store/isgcx54di1yqzq2wyp9qszbqk7yf9wkg-scroll-0.13.0.drv' to 'ssh-ng://j_kro@sentry'...
copying path '/nix/store/43k2rlwncbspc2rvpmplslyx62f1mqqa-crate-serde-1.0.219.tar.gz.drv' to 'ssh-ng://j_kro@sentry'...
copying path '/nix/store/jkcb737vq55xv8v6l079lw1hdrrnra45-serde-1.0.219.drv' to 'ssh-ng://j_kro@sentry'...
copying path '/nix/store/yb4gza6881y0dbihyfmdjpbyj01vfm6g-crate-memchr-2.7.5.tar.gz.drv' to 'ssh-ng://j_kro@sentry'...
copying path '/nix/store/kvxc60srwy1lpkz6bl26glf8vd6z01is-memchr-2.7.5.drv' to 'ssh-ng://j_kro@sentry'...
copying path '/nix/store/msyr4phcnz6sdls02rxb62ca1l3zzvqi-proc-macro2-1.0.95.drv' to 'ssh-ng://j_kro@sentry'...
copying path '/nix/store/5yj8ic9vvks1wpypjmkv85ibb894dap3-crate-syn-2.0.104.tar.gz.drv' to 'ssh-ng://j_kro@sentry'...
copying path '/nix/store/s8avijahsd5djcn9q0zv0gni41mdpk7c-syn-2.0.104.drv' to 'ssh-ng://j_kro@sentry'...
copying path '/nix/store/9cakpahhy88hahkhbmgk8d4awaxnx0hw-crate-unicode-ident-1.0.18.tar.gz.drv' to 'ssh-ng://j_kro@sentry'...
copying path '/nix/store/ysly0hx80ivn1pqs7y0z8iappr5i8zmf-unicode-ident-1.0.18.drv' to 'ssh-ng://j_kro@sentry'...
copying path '/nix/store/4wrfy1r54dhra4jwxx57cl5x51fja20x-cargo-vendor-dir.drv' to 'ssh-ng://j_kro@sentry'...
copying path '/nix/store/8f1ir5m2grzqzdcr28837cn0yxipmb2r-fhs-rootfs-bulder.drv' to 'ssh-ng://j_kro@sentry'...
copying path '/nix/store/7xpabmx418ky4a8y3qmpj4kffjgzi3v6-pcre-8.45.tar.bz2.drv' to 'ssh-ng://j_kro@sentry'...
copying path '/nix/store/86sg6d2n6bz7qsqkjhhnz7r72y8bj9d3-sljit-ppc-icache-flush.patch.drv' to 'ssh-ng://j_kro@sentry'...
copying path '/nix/store/8vxxpkn82z02x1f1vlc82z54y2fr1h73-pcre-8.45.drv' to 'ssh-ng://j_kro@sentry'...
copying path '/nix/store/8z6inzsxm6mri1bgz4gf2np7hpr89rah-glew-2.3.1.drv' to 'ssh-ng://j_kro@sentry'...
copying path '/nix/store/hgd5lnkghlwj2kf4ga7idmgdgsh4sc1k-gst-plugins-ugly-1.28.4.tar.xz.drv' to 'ssh-ng://j_kro@sentry'...
copying path '/nix/store/phmwb74xpmh2d17q3r72rscsq3vlggnz-libcddb-1.3.2.tar.bz2.drv' to 'ssh-ng://j_kro@sentry'...
copying path '/nix/store/k04w4y5slnvzwg7a2w4ir2p2wgmlq6fd-libcddb-1.3.2.drv' to 'ssh-ng://j_kro@sentry'...
copying path '/nix/store/ybb0rcqdvzhjpjxxq7gp0n4jbhnhb52m-source.drv' to 'ssh-ng://j_kro@sentry'...
copying path '/nix/store/xhylikpf8jjx4163k2hf942b9ai2447i-libcdio-2.3.0.drv' to 'ssh-ng://j_kro@sentry'...
copying path '/nix/store/k0pl4mrvncksz1pb58h7k432wdvzf8bm-source.drv' to 'ssh-ng://j_kro@sentry'...
copying path '/nix/store/z1j7qfhkz4wd5b1bczvb8vzxwslcl6dq-a52dec-0.8.0.drv' to 'ssh-ng://j_kro@sentry'...
copying path '/nix/store/9vp4nvm2937wax953gvx52gfvlcpwha2-gst-plugins-ugly-1.28.4.drv' to 'ssh-ng://j_kro@sentry'...
copying path '/nix/store/8cqf2xk8lph9ya5m15yy8rm9vxhab7kz-zip-3.0-exec-stack.patch?id=d37d095fc7a2a9e4a8e904a7bf0f597fe99df85a.drv' to 'ssh-ng://j_kro@sentry'...
copying path '/nix/store/9rxc2fqs9pwjx84awgcayxqzfwpj9zbi-zip-3.0-build.patch?id=d37d095fc7a2a9e4a8e904a7bf0f597fe99df85a.drv' to 'ssh-ng://j_kro@sentry'...
copying path '/nix/store/advljx8408m723plzlcc24d0zq2qyd16-zip-3.0-no-crypt.patch?id=d37d095fc7a2a9e4a8e904a7bf0f597fe99df85a.drv' to 'ssh-ng://j_kro@sentry'...
copying path '/nix/store/fxy9571sz1jvbdagfwkw2vs0jywsmv8m-zip-3.0-zipnote-freeze.patch?id=d37d095fc7a2a9e4a8e904a7bf0f597fe99df85a.drv' to 'ssh-ng://j_kro@sentry'...
copying path '/nix/store/irs3x85ck3pgnig38qs1b288z3b38f9r-zip-3.0-format-security.patch?id=d37d095fc7a2a9e4a8e904a7bf0f597fe99df85a.drv' to 'ssh-ng://j_kro@sentry'...
copying path '/nix/store/jsw3j7g8mxm7id2n873zpv7ak2xn7cbi-zip30.tgz.drv' to 'ssh-ng://j_kro@sentry'...
copying path '/nix/store/ma3sws34ba6q90cwxvmg2f0w07lrn05z-zip-3.0-pic.patch?id=d37d095fc7a2a9e4a8e904a7bf0f597fe99df85a.drv' to 'ssh-ng://j_kro@sentry'...
copying path '/nix/store/g8f0j7d037d3jb5yfxmhmdi07akbw25x-zip-3.0.drv' to 'ssh-ng://j_kro@sentry'...
copying path '/nix/store/wlx5l1vnzj8i2vfl21xkad24lmqazlh8-source.drv' to 'ssh-ng://j_kro@sentry'...
copying path '/nix/store/aa90nmm62w46rp2qxcdlagsi8kg5sda0-zziplib-0.13.80.drv' to 'ssh-ng://j_kro@sentry'...
copying path '/nix/store/rv1yna6scdjrrgjmildxk8mzs8k9lrzs-source.drv' to 'ssh-ng://j_kro@sentry'...
copying path '/nix/store/3dv5l85dvmvxc0ssxv3galvfnzsz5gfn-libexif-0.6.26.drv' to 'ssh-ng://j_kro@sentry'...
copying path '/nix/store/iyc69xbjlcbsz8fpmpbycdcnjpiyj53m-source.drv' to 'ssh-ng://j_kro@sentry'...
copying path '/nix/store/am3gsmvds837i8f8h3894myppq4b5b60-libgphoto2-2.5.34.drv' to 'ssh-ng://j_kro@sentry'...
copying path '/nix/store/aripnm0dsnz8dhdwi692ybcwnj9a611v-svt-av1-4.0.0-compat.patch.drv' to 'ssh-ng://j_kro@sentry'...
copying path '/nix/store/gwghpbjir9jlx2b89mk88mmllrdxc2kw-texinfo-7.1.patch.drv' to 'ssh-ng://j_kro@sentry'...
copying path '/nix/store/irnkq0z8lb727kcbbhvil9h5j9jhic5w-ffmpeg.drv' to 'ssh-ng://j_kro@sentry'...
copying path '/nix/store/lcaassnc5sdir50gamqbzljlymrg35rd-unbreak-svt-av1-3.0.0.patch.drv' to 'ssh-ng://j_kro@sentry'...
copying path '/nix/store/c0hkkw0whnykjlf3csy3zi5x7yzzbv5f-ffmpeg-6.1.6.drv' to 'ssh-ng://j_kro@sentry'...
copying path '/nix/store/hdd9nps3rs1hhb9fnhrknmzwgspw7lbj-force-overwrite-bootstrap.patch' to 'ssh-ng://j_kro@sentry'...
copying path '/nix/store/xwi5q96qj6bf5g4vhb88rinbs2xldiih-steam_1.0.0.87.tar.gz.drv' to 'ssh-ng://j_kro@sentry'...
copying path '/nix/store/b7gsqblifvfdxs2yh34xvl0x3xyqrp8s-steam-unwrapped-1.0.0.87.drv' to 'ssh-ng://j_kro@sentry'...
copying path '/nix/store/6lwyfnbcfbd7h5ddpwv11594hvg5b7wj-xorg-locale.drv' to 'ssh-ng://j_kro@sentry'...
copying path '/nix/store/6m0dmziyfqdkk3qp8fkbn2nkyjl40xhj-steam-1.0.0.87-fhsenv-profile.drv' to 'ssh-ng://j_kro@sentry'...
copying path '/nix/store/wzbdg2h81hp67rj1clxhqa57cndalw47-mobile-broadband-provider-info-20240407.tar.xz.drv' to 'ssh-ng://j_kro@sentry'...
copying path '/nix/store/8kfk827h2w5svldj9bfwsfcaprd8b289-mobile-broadband-provider-info-20240407.drv' to 'ssh-ng://j_kro@sentry'...
copying path '/nix/store/a3jb3lrz2d4d8l56lwky05lrqfdbc9r7-musl.patch.drv' to 'ssh-ng://j_kro@sentry'...
copying path '/nix/store/cbg5kv4zh6mbxcpqllz0zdqxsc2wa0pq-0002-build-simplify-the-instantation-of-nftversion.h.patch.drv' to 'ssh-ng://j_kro@sentry'...
copying path '/nix/store/lv2g38dmylw0zf3jzwfsv4557d6nldz5-0004-build-support-SOURCE_DATE_EPOCH-for-build-time-stamp.patch.drv' to 'ssh-ng://j_kro@sentry'...
copying path '/nix/store/v7l2gh9pga0qagxdjhj1bn27b75yyfr5-0003-build-generate-build-time-stamp-once-at-configure.patch.drv' to 'ssh-ng://j_kro@sentry'...
copying path '/nix/store/vac4rjim84wrxqqnrccv4vvxi3i30lzq-nftables-1.1.6.tar.xz.drv' to 'ssh-ng://j_kro@sentry'...
copying path '/nix/store/8pjxc7kggwmidmzm4ghh453xilnfbiki-nftables-1.1.6.drv' to 'ssh-ng://j_kro@sentry'...
copying path '/nix/store/n16jskdk9iw6ra5qm78gphbmpp9dhqrh-closure-info.drv' to 'ssh-ng://j_kro@sentry'...
copying path '/nix/store/7vir5y2v69dh7qdrw7flli4x9xidbv7j-apparmor-closure-rules-ping.drv' to 'ssh-ng://j_kro@sentry'...
copying path '/nix/store/mia1m7wyhx26qw4wh5l6lrxryg0jacy4-source.drv' to 'ssh-ng://j_kro@sentry'...
copying path '/nix/store/f05sch2y9cbwvik5akr2p6n3lhhxcilr-iputils-20250605.drv' to 'ssh-ng://j_kro@sentry'...
copying path '/nix/store/vp3klml21c3c5x8606vgfq9bsfsgnk9s-ethtool-7.0.tar.xz.drv' to 'ssh-ng://j_kro@sentry'...
copying path '/nix/store/jhd17czxr6d6zbxmsi2dgc8k9iz8w4zd-ethtool-7.0.drv' to 'ssh-ng://j_kro@sentry'...
copying path '/nix/store/f5ijjx87g5nzhyh8dd86p30gps283hhm-fix-paths.patch.drv' to 'ssh-ng://j_kro@sentry'...
copying path '/nix/store/88mzj8af503n42likhhjmc40avjbsd8v-libndp-1.9.tar.gz.drv' to 'ssh-ng://j_kro@sentry'...
copying path '/nix/store/i6mlx1f81lz5rdc5vg79ym1jpgplhwhf-libndp-1.9.drv' to 'ssh-ng://j_kro@sentry'...
copying path '/nix/store/n05xkffzcmrawknmyyg7aa4l8i6q7vfn-source.drv' to 'ssh-ng://j_kro@sentry'...
copying path '/nix/store/pilwxy0zv6ryp6z1l5c53apx6ygf7sbv-openresolv-3.17.4.drv' to 'ssh-ng://j_kro@sentry'...
copying path '/nix/store/pzgxgj5d2gbgddxwvl0sz722qkzmwpmh-NetworkManager-1.56.0.tar.xz.drv' to 'ssh-ng://j_kro@sentry'...
copying path '/nix/store/8f629l21nfx1r8sk5596bchl04g7ncdx-dnsmasq-2.93.tar.xz.drv' to 'ssh-ng://j_kro@sentry'...
copying path '/nix/store/s21mdin1sbdjrkzql79zzs5rhaxdd8vb-dnsmasq-2.93.drv' to 'ssh-ng://j_kro@sentry'...
copying path '/nix/store/xl2jdsj2wwy4zxc4ybr3kaik96hqxmvm-dhcpcd-10.3.2.drv' to 'ssh-ng://j_kro@sentry'...
copying path '/nix/store/gj4sgm402p5adv5sif2r0v5jlfcz7lr6-networkmanager-1.56.0.drv' to 'ssh-ng://j_kro@sentry'...
copying path '/nix/store/93r56d62byhv5hvp715n2mwj9cla0pdx-source.drv' to 'ssh-ng://j_kro@sentry'...
copying path '/nix/store/n9dvvwkhn8p12gzcj19qcb45aay3bbd1-libudev0-shim-1.drv' to 'ssh-ng://j_kro@sentry'...
copying path '/nix/store/r9z3casyp9y02rqk6n5rkw6na5p9mx5p-ldconfig.drv' to 'ssh-ng://j_kro@sentry'...
copying path '/nix/store/nz18k2a6bxqcn08qsc0sl34bysw7g3di-dnsmasq-2.93.tar.xz.drv' to 'ssh-ng://j_kro@sentry'...
copying path '/nix/store/5jcrf075zlhxvfiq9j6nya9cfmpsw00g-dnsmasq-2.93.drv' to 'ssh-ng://j_kro@sentry'...
copying path '/nix/store/i23n19j07hdgc6k3pqr8lncgn6qfr349-libndp-1.9.tar.gz.drv' to 'ssh-ng://j_kro@sentry'...
copying path '/nix/store/r2wjb2f36mm36zk1v2ycg6k3bjrqayi0-musl.patch.drv' to 'ssh-ng://j_kro@sentry'...
copying path '/nix/store/6mvsml59pmfsdsk4pgjmv85bsvajj99j-libndp-1.9.drv' to 'ssh-ng://j_kro@sentry'...
copying path '/nix/store/q2bf99pzp0gv6maw06y08h6a7d8xzv7l-newt-0.52.24.tar.gz.drv' to 'ssh-ng://j_kro@sentry'...
copying path '/nix/store/c947k66y9cdc2z0myjhz2qwmribs697d-slang-2.3.3.tar.bz2.drv' to 'ssh-ng://j_kro@sentry'...
copying path '/nix/store/xdf8kcgaxacisa72mlw7k1vi7zhfjv1z-slang-2.3.3.drv' to 'ssh-ng://j_kro@sentry'...
copying path '/nix/store/c5kw84k6sxlirfwj2i9xqg1z7wxvv1z2-newt-0.52.24.drv' to 'ssh-ng://j_kro@sentry'...
copying path '/nix/store/smw4dsvg6zfxk7mii4zaxg8rsgc2y0h5-mobile-broadband-provider-info-20240407.tar.xz.drv' to 'ssh-ng://j_kro@sentry'...
copying path '/nix/store/mxmgv66iapvw6b8ph5diwkiwhmaq21yj-mobile-broadband-provider-info-20240407.drv' to 'ssh-ng://j_kro@sentry'...
copying path '/nix/store/n0xdn7zfqy802fkbpi52i6c3gpcajq8c-NetworkManager-1.56.0.tar.xz.drv' to 'ssh-ng://j_kro@sentry'...
copying path '/nix/store/s2y2d7fzvpsha83cgx6f3npgn0qjbn9j-ethtool-7.0.tar.xz.drv' to 'ssh-ng://j_kro@sentry'...
copying path '/nix/store/bqcnzsj1f7mznnkz48ln9y17wdbmwa5l-ethtool-7.0.drv' to 'ssh-ng://j_kro@sentry'...
copying path '/nix/store/lcw95i8xzc22r36z7z0alnqkhyaxlj82-closure-info.drv' to 'ssh-ng://j_kro@sentry'...
copying path '/nix/store/sdv8kzw6qfqhylwj4577l7r009flm7lv-apparmor-closure-rules-ping.drv' to 'ssh-ng://j_kro@sentry'...
copying path '/nix/store/x6li1yrfww916x3jvlivkvsg2gxhlr10-source.drv' to 'ssh-ng://j_kro@sentry'...
copying path '/nix/store/y38yyc83id3mh2d19wpy0wwpy14wvm6y-iputils-20250605.drv' to 'ssh-ng://j_kro@sentry'...
copying path '/nix/store/rrvck904zy2pq15gy67jnl8d0cp2cw57-fix-paths.patch.drv' to 'ssh-ng://j_kro@sentry'...
copying path '/nix/store/kl9dwdl6yjksqc35vn4x8ky5bqyqnbk8-source.drv' to 'ssh-ng://j_kro@sentry'...
copying path '/nix/store/ybncf8a6pzvch91qy4nfjc87fdrqczig-openresolv-3.17.4.drv' to 'ssh-ng://j_kro@sentry'...
copying path '/nix/store/vqbbqdfl5grgicj1ijimpmslzbja8a2m-networkmanager-1.56.0.drv' to 'ssh-ng://j_kro@sentry'...
copying path '/nix/store/x6s6hbngnjpdacll5mal97r0nr52s5jm-lsb_release.drv' to 'ssh-ng://j_kro@sentry'...
copying path '/nix/store/n1jmzzn68ar6g3sx03lcf2y9j0pk65zb-steam-1.0.0.87-fhsenv-rootfs.drv' to 'ssh-ng://j_kro@sentry'...
copying path '/nix/store/ymnagcnw1wnmf75ajshvgk00zzl5pmkq-steam-1.0.0.87-init.drv' to 'ssh-ng://j_kro@sentry'...
copying path '/nix/store/q0kzyn6nzcym6hgr098kiwz08jk5wb39-steam-1.0.0.87-bwrap.drv' to 'ssh-ng://j_kro@sentry'...
copying path '/nix/store/cgw9ylnh5np41dfhiaa8b2and9mh222z-steam-1.0.0.87.drv' to 'ssh-ng://j_kro@sentry'...
copying path '/nix/store/45bkw9z4l0gdryc5wh4icayf0w9s14ww-clean-immodules-cache.sh.drv' to 'ssh-ng://j_kro@sentry'...
copying path '/nix/store/prcrhrbzjwafg4p1q6sms80kkawzvb9r-CVE-2024-6655.patch.drv' to 'ssh-ng://j_kro@sentry'...
copying path '/nix/store/cndds8zii00z7rngxxgjyqi5q4vpg9ar-gtk+-2.24.33.drv' to 'ssh-ng://j_kro@sentry'...
copying path '/nix/store/gbjy2r76k3vbgxfcsmyvlcb1iqpwrhp4-source.drv' to 'ssh-ng://j_kro@sentry'...
copying path '/nix/store/cplsyh3blm0zhq1fhzimh507sjryg77a-zziplib-0.13.80.drv' to 'ssh-ng://j_kro@sentry'...
copying path '/nix/store/d48pc219mz1jp33f1c1nd42bw29fd6bf-lutris-0.5.22-fhsenv-profile.drv' to 'ssh-ng://j_kro@sentry'...
copying path '/nix/store/488lrq3khcxi7k942s9mfm0g8z58waqm-agg-2.5.tar.gz.drv' to 'ssh-ng://j_kro@sentry'...
copying path '/nix/store/gqkvpxx352db6pvv2hizlwpnb71hgvv7-agg-2.5.drv' to 'ssh-ng://j_kro@sentry'...
copying path '/nix/store/gs18a9b77h7bl6xyw14sn58ld3mbglwd-unixodbc-2.3.14.drv' to 'ssh-ng://j_kro@sentry'...
copying path '/nix/store/g74zx256h98jp6xrlkvd735iapjrfnha-fuse-2.9.9-closefrom-glibc-2-34.patch?id=8a970396fca7aca2d5a761b8e7a8242f1eef14c9.drv' to 'ssh-ng://j_kro@sentry'...
copying path '/nix/store/wpj4fn9nyhwrm7jssdyanln1a57c5g65-source.drv' to 'ssh-ng://j_kro@sentry'...
copying path '/nix/store/h8m4rpf4s4hjsf57la0ix5bgq23rhm2v-fuse-2.9.9.drv' to 'ssh-ng://j_kro@sentry'...
copying path '/nix/store/64fj4kyirycbgdaz7say9w17f9k4rvlz-osaka-jade.yaml.drv' to 'ssh-ng://j_kro@sentry'...
copying path '/nix/store/vsxxml2w6jmak546pycsrcscrva2bd9p-source.drv' to 'ssh-ng://j_kro@sentry'...
copying path '/nix/store/vzivlvzy8amxr2r7flf6yliwdvn7rrmn-mustache-go-1.4.0-go-modules.drv' to 'ssh-ng://j_kro@sentry'...
copying path '/nix/store/hw89za95a90hzq9v37yh0vqdc6wbpfvv-mustache-go-1.4.0.drv' to 'ssh-ng://j_kro@sentry'...
copying path '/nix/store/ykf5mz3mzjvbbdmrac7ll72dr6r25f3w-template.xml.mustache' to 'ssh-ng://j_kro@sentry'...
copying path '/nix/store/fw1cxjgcvrxfp9j0m5b101gq3zz143y7-base16-osaka-jade.xml.drv' to 'ssh-ng://j_kro@sentry'...
copying path '/nix/store/hfkshsi5xf5smmvc5gx0xirkadnzp4qk-gtksourceview-3.24.11.drv' to 'ssh-ng://j_kro@sentry'...
copying path '/nix/store/c2sdzndyyhpw3dgw477g0qvbksrrcirk-source.drv' to 'ssh-ng://j_kro@sentry'...
copying path '/nix/store/3c2gqpxp6y2szycsnwwwywg49n0cf7wy-liburing-2.14.drv' to 'ssh-ng://j_kro@sentry'...
copying path '/nix/store/3yqcz111mxni9kxf2qy2if2lbqf9fm4v-samba-reproducible-builds.patch.drv' to 'ssh-ng://j_kro@sentry'...
copying path '/nix/store/3mdmws70y1hndarwjv3rnw7a5y6vzxh0-follow-RPCGEN_CPP-env-var.drv' to 'ssh-ng://j_kro@sentry'...
copying path '/nix/store/7pbzjkx3gfpzn7x0ym9gl6kbsddwwwpm-source.drv' to 'ssh-ng://j_kro@sentry'...
copying path '/nix/store/8kz86m7y2az17s7qim3zmgyg2ifakrxm-rpcsvc-proto-1.4.4.drv' to 'ssh-ng://j_kro@sentry'...
copying path '/nix/store/f9adl8wbgndakgax9sv7qpmj3d40xp64-build-find-pre-built-heimdal-build-tools-in-case-of-.patch.drv' to 'ssh-ng://j_kro@sentry'...
copying path '/nix/store/jwb3q11nb4hb8lwfbc6ribmmjacpw7bn-perl5.42.0-Parse-Yapp-1.21.drv' to 'ssh-ng://j_kro@sentry'...
copying path '/nix/store/qxcj08qvii349bn336aqqx97m3rgywk8-cross-compile.patch.drv' to 'ssh-ng://j_kro@sentry'...
copying path '/nix/store/8r3gkbk3ax1ls0q9sj51wqmqy9m7235a-JSON-4.10.tar.gz.drv' to 'ssh-ng://j_kro@sentry'...
copying path '/nix/store/r6mnxwwx1z1q6vk8avfj3v58nfj7wqil-perl5.42.0-JSON-4.10.drv' to 'ssh-ng://j_kro@sentry'...
copying path '/nix/store/isyrdcxks77pk574ssjhq7l2p02hny4f-source.drv' to 'ssh-ng://j_kro@sentry'...
copying path '/nix/store/sq5b4ikm3ldjh1h7m76ld4l11lrgibhd-lmdb-0.9.35.drv' to 'ssh-ng://j_kro@sentry'...
copying path '/nix/store/vjjf8qkfas7dfzbvwj7dwnn8mi9gcv3k-samba-4.23.8.tar.gz.drv' to 'ssh-ng://j_kro@sentry'...
copying path '/nix/store/hm9jnbsnhyn42z6bjpjr2ra9a9395kdl-samba-4.23.8.drv' to 'ssh-ng://j_kro@sentry'...
copying path '/nix/store/3gyy7mc60nxdqkyxxcli8m1hcdfm7gxd-add-int.h.patch.drv' to 'ssh-ng://j_kro@sentry'...
copying path '/nix/store/i5vqb60dm2g9j5nl35y4fvhnb93ghwy7-minizip-1.3.2.drv' to 'ssh-ng://j_kro@sentry'...
copying path '/nix/store/40c0ri4hnsnin8nhh26y43kr6micx1sq-libgnome-keyring-3.12.0.tar.xz.drv' to 'ssh-ng://j_kro@sentry'...
copying path '/nix/store/inmj5nv18xw0ry5y154g5lg52q2l3f64-libgnome-keyring-3.12.0.drv' to 'ssh-ng://j_kro@sentry'...
copying path '/nix/store/75dm85m390lv5l2qil5q966aq94g31yp-SDL2_ttf-2.24.0.tar.gz.drv' to 'ssh-ng://j_kro@sentry'...
copying path '/nix/store/j23kgwd9z12zf325ygzgqcvxykg4xdv9-SDL2_ttf-2.24.0.drv' to 'ssh-ng://j_kro@sentry'...
copying path '/nix/store/k2sh8ppdxmpqqdx8zx744cl4kcig4k2s-libXxf86vm-1.1.7.tar.xz.drv' to 'ssh-ng://j_kro@sentry'...
copying path '/nix/store/k9b10ws2shbc8602sfsq1mjbagzv3pgk-libxxf86vm-1.1.7.drv' to 'ssh-ng://j_kro@sentry'...
copying path '/nix/store/sn4qmvnzfnwwisz8gc3q1j6qkrypjwim-source.drv' to 'ssh-ng://j_kro@sentry'...
copying path '/nix/store/lkpd5bgkcy4g8445k8lzk2ngiz9fbm47-SDL_net-1.2.8-unstable-2026-05-27.drv' to 'ssh-ng://j_kro@sentry'...
copying path '/nix/store/4c3r175i739pxx2biflr5idfk4p4gms2-CVE-2024-6655.patch.drv' to 'ssh-ng://j_kro@sentry'...
copying path '/nix/store/6spz60nwffz7jca768f8165i3y5aakl5-gtk+-2.24.33.tar.xz.drv' to 'ssh-ng://j_kro@sentry'...
copying path '/nix/store/m0alxx59f1k7qc8am8jy3qxarvnk0q85-gtk+-2.24.33.drv' to 'ssh-ng://j_kro@sentry'...
copying path '/nix/store/vl49k5qq7cp887pg7n3ydlcf8akqhyx6-jq-1.8.2-binlore.drv' to 'ssh-ng://j_kro@sentry'...
copying path '/nix/store/4b5wwg7vaivgcm9g4av9aa5mk31vi7zk-more-binlore.drv' to 'ssh-ng://j_kro@sentry'...
copying path '/nix/store/zf42fk03a192zv5269r57p0ss5rjrx6r-X11-Protocol-0.56.tar.gz.drv' to 'ssh-ng://j_kro@sentry'...
copying path '/nix/store/5ljxskvizs8lr1ia5y2s1v6lmqzpbjzh-perl5.42.0-X11-Protocol-0.56.drv' to 'ssh-ng://j_kro@sentry'...
copying path '/nix/store/zh4q4p94g40dyd3xchxs3hycnbg7bjkp-XML-Twig-3.52.tar.gz.drv' to 'ssh-ng://j_kro@sentry'...
copying path '/nix/store/bgyh24v20l2hfvxnsgj44q1yk5j419vh-perl5.42.0-XML-Twig-3.52.drv' to 'ssh-ng://j_kro@sentry'...
copying path '/nix/store/zvnfi4yy935pl5d7idcxw624681zmxp9-Test-Pod-1.52.tar.gz.drv' to 'ssh-ng://j_kro@sentry'...
copying path '/nix/store/9gm8hn4dcxn8xn2hjs89wzda2d9h2w59-perl5.42.0-Test-Pod-1.52.drv' to 'ssh-ng://j_kro@sentry'...
copying path '/nix/store/m50yqpac0nwfj4bmy6fzk9pdmwh4lgcr-Test-Pod-Coverage-1.10.tar.gz.drv' to 'ssh-ng://j_kro@sentry'...
copying path '/nix/store/7in4df0p6b0js5zcm8lmf70b5yfzj491-Pod-Coverage-0.23.tar.gz.drv' to 'ssh-ng://j_kro@sentry'...
copying path '/nix/store/if791xcmavs9l0p3h0wa62f2livz0wbv-Devel-Symdump-2.18.tar.gz.drv' to 'ssh-ng://j_kro@sentry'...
copying path '/nix/store/m27iblqcx174xmv46288r6029p8pj7mb-perl5.42.0-Devel-Symdump-2.18.drv' to 'ssh-ng://j_kro@sentry'...
copying path '/nix/store/mbdrw1b1dg9hq684rpcvylkwmbq6shyn-perl5.42.0-Pod-Coverage-0.23.drv' to 'ssh-ng://j_kro@sentry'...
copying path '/nix/store/im21klvjpkw2hkcxd590slmk874zb0y0-perl5.42.0-Test-Pod-Coverage-1.10.drv' to 'ssh-ng://j_kro@sentry'...
copying path '/nix/store/p8665x2j4n4ap2npi3w21mg7wqqpxz11-Net-DBus-1.2.0.tar.gz.drv' to 'ssh-ng://j_kro@sentry'...
copying path '/nix/store/za78srhvffiwf07zdm8paiwac4527fzh-6bac8f188fb06e5e5edd27aee672d66b7c28caa4.patch.drv' to 'ssh-ng://j_kro@sentry'...
copying path '/nix/store/xq9xpr358cwvqa8b99d19c10hl3npqfk-perl5.42.0-Net-DBus-1.2.0.drv' to 'ssh-ng://j_kro@sentry'...
copying path '/nix/store/9s51vhn1z790bahdp5k2jrg1cl25d0xg-xdg-screensaver-prologue.drv' to 'ssh-ng://j_kro@sentry'...
copying path '/nix/store/bg2xb4j0zdmzy2qiv0iixqfi9js6ch85-xdg-utils-prologue.drv' to 'ssh-ng://j_kro@sentry'...
copying path '/nix/store/h4xf01556aq98x51dswm3ljd6b56ji79-more-binlore.drv' to 'ssh-ng://j_kro@sentry'...
copying path '/nix/store/ch90d480mc6iqszk6va4bbr51x0hdgik-source.drv' to 'ssh-ng://j_kro@sentry'...
copying path '/nix/store/7wh4x3m28lq95afr8k9rplffqd7k8ii5-python2.7-sedparse-0.1.2.drv' to 'ssh-ng://j_kro@sentry'...
copying path '/nix/store/8vbdnpp6q8hyzakmcsvwfximshqxb0bf-source.drv' to 'ssh-ng://j_kro@sentry'...
copying path '/nix/store/xa1j1028szny6cz92qbxgs83rq2y2zjs-source.drv' to 'ssh-ng://j_kro@sentry'...
copying path '/nix/store/vrk5wfn16ggr04nzl1zq11n7xkf2llsb-python2.7-configargparse-1.5.3.drv' to 'ssh-ng://j_kro@sentry'...
copying path '/nix/store/i357x6wg5wd3nmsxxhrlks4fs8xk9ga6-resholve-0.10.7.drv' to 'ssh-ng://j_kro@sentry'...
copying path '/nix/store/iyib3w87mwyihk7ajl3glmrcg964rc1j-source.drv' to 'ssh-ng://j_kro@sentry'...
copying path '/nix/store/lkk98vkkb09j4cj544spg9hz7jrdp0fq-source.drv' to 'ssh-ng://j_kro@sentry'...
copying path '/nix/store/9almycjk7pgb0j9bbm6bjpggwz5hf5qx-hostname-debian-3.25.drv' to 'ssh-ng://j_kro@sentry'...
copying path '/nix/store/xp2w1filwjgl4incpw4naghq01n8hsiq-hostname-hostname-debian-3.25.drv' to 'ssh-ng://j_kro@sentry'...
copying path '/nix/store/can47irba3anq3baakki2j701jpma48v-hostname-hostname-debian-3.25-binlore.drv' to 'ssh-ng://j_kro@sentry'...
copying path '/nix/store/kc42z0jyvcz42fzvx6g9ig1z8ssvvz7s-more-binlore.drv' to 'ssh-ng://j_kro@sentry'...
copying path '/nix/store/d4mlzh0ar8j474ppzsfcdbsbxmay86i5-perl-5.42.0-binlore.drv' to 'ssh-ng://j_kro@sentry'...
copying path '/nix/store/mx1h2d16zw94gfspdjdyk4yrdyv7sy8c-more-binlore.drv' to 'ssh-ng://j_kro@sentry'...
copying path '/nix/store/8ivfd2k9if17jr9f1gg40wn59flggc39-file-5.48-binlore.drv' to 'ssh-ng://j_kro@sentry'...
copying path '/nix/store/m97qmqns0j72kbmchkzg88yc4vzrqyf9-gawk-5.4.1-binlore.drv' to 'ssh-ng://j_kro@sentry'...
copying path '/nix/store/nygk4hm9sfagzcyiib9mw5l29g7vk0wd-more-binlore.drv' to 'ssh-ng://j_kro@sentry'...
copying path '/nix/store/s7xaxkssrxbrsadasjgnp5c95ghibrgg-more-binlore.drv' to 'ssh-ng://j_kro@sentry'...
copying path '/nix/store/5vyyi0x33s8vygk2991hrzb3x50xxjjw-File-MimeInfo-0.33.tar.gz.drv' to 'ssh-ng://j_kro@sentry'...
copying path '/nix/store/3prg4p4c69j3hdnz2dypy8ja025hmp9y-IPC-System-Simple-1.30.tar.gz.drv' to 'ssh-ng://j_kro@sentry'...
copying path '/nix/store/3qn86bz2h09a1k7sr121dnx3vxbqcl2r-perl5.42.0-IPC-System-Simple-1.30.drv' to 'ssh-ng://j_kro@sentry'...
copying path '/nix/store/yiyqjr0821ayxf6ma2vmgpf30yib2jnv-File-Which-1.27.tar.gz.drv' to 'ssh-ng://j_kro@sentry'...
copying path '/nix/store/brb01p54gbi2j4b5axkhhayy8m5ahwdl-perl5.42.0-File-Which-1.27.drv' to 'ssh-ng://j_kro@sentry'...
copying path '/nix/store/brndl4mbx99zdj003pl6ivgvsi5l6vlz-File-BaseDir-0.09.tar.gz.drv' to 'ssh-ng://j_kro@sentry'...
copying path '/nix/store/8ds3nba36bm9jr4qlm1ap2y2gzhcw236-perl5.42.0-File-BaseDir-0.09.drv' to 'ssh-ng://j_kro@sentry'...
copying path '/nix/store/dsh48wibdbcij9w520fqcxj60935zzjz-File-DesktopEntry-0.22.tar.gz.drv' to 'ssh-ng://j_kro@sentry'...
copying path '/nix/store/92nd9d8vrnpbaygwg2w292ljhqh1ncwr-perl5.42.0-File-DesktopEntry-0.22.drv' to 'ssh-ng://j_kro@sentry'...
copying path '/nix/store/dnyy1gcv3vzbsqjaflab4p8zwmqsx47q-perl5.42.0-File-MimeInfo-0.33.drv' to 'ssh-ng://j_kro@sentry'...
copying path '/nix/store/xjlk12lc28824y05hbki31m8w308wdqy-xdg-mime-prologue.drv' to 'ssh-ng://j_kro@sentry'...
copying path '/nix/store/wxxzh7x9pnnqph9g58rdfad4sm2k0lw0-xdg-user-dirs-0.20.tar.xz.drv' to 'ssh-ng://j_kro@sentry'...
copying path '/nix/store/xlcf2l94vpdiqfms7qds2km44pwj49g7-xdg-user-dirs-0.20.drv' to 'ssh-ng://j_kro@sentry'...
copying path '/nix/store/y4lr8a6y7mklawap6paj2hpsapx8cncc-xdg-user-dirs-0.20-binlore.drv' to 'ssh-ng://j_kro@sentry'...
copying path '/nix/store/ywq4b8vdsfzv9cicj0qf1pljgmrfcx37-more-binlore.drv' to 'ssh-ng://j_kro@sentry'...
copying path '/nix/store/zfjkjd7bigwgdmvjgfx8clrzc8i9hrri-more-binlore.drv' to 'ssh-ng://j_kro@sentry'...
copying path '/nix/store/mb9jymgwsxhhmrgy7rxlbd12msf8p48a-xdg-utils-1.2.1.drv' to 'ssh-ng://j_kro@sentry'...
copying path '/nix/store/xjrngkb2z1l6zn1ddrxk8zsszs3m3684-e2fsprogs-1.47.4.tar.xz.drv' to 'ssh-ng://j_kro@sentry'...
copying path '/nix/store/n6m7591ak4wwin7vkkn4w1jvfd7lkxi4-e2fsprogs-1.47.4.drv' to 'ssh-ng://j_kro@sentry'...
copying path '/nix/store/632sdm5v1raqbq4k8hn2kx7i78zzgv1q-source.drv' to 'ssh-ng://j_kro@sentry'...
copying path '/nix/store/m8a8hzjhhd8mgsbw504xda4cmm58dymk-reenable-rtti.patch?rev=e3449869b466869fc6b8a03a1a528fa6.drv' to 'ssh-ng://j_kro@sentry'...
copying path '/nix/store/q8v21hh3w5bj4pr4rham15ww718d8hvw-snappy-1.2.2.drv' to 'ssh-ng://j_kro@sentry'...
copying path '/nix/store/fxacbf0qnh7imcwyxpa49bkp4xwvfh6m-source.drv' to 'ssh-ng://j_kro@sentry'...
copying path '/nix/store/ql69qc7py565mnkp7x9r17sbv30bj892-sfml-3.0.2.drv' to 'ssh-ng://j_kro@sentry'...
copying path '/nix/store/izarmpvrr48idlwpyn63z9235angzi7q-cabextract-1.11.tar.gz.drv' to 'ssh-ng://j_kro@sentry'...
copying path '/nix/store/qx1lhlc9bp0cc1mc2gmgyybf68k0dk32-cabextract-1.11.drv' to 'ssh-ng://j_kro@sentry'...
copying path '/nix/store/9p4a3ha9hzgk7ycq1lb73gcy9mx4151x-samba-4.23.8.tar.gz.drv' to 'ssh-ng://j_kro@sentry'...
copying path '/nix/store/agik6zyz0mhr47nx5r6f96sdpgzw8kpn-cross-compile.patch.drv' to 'ssh-ng://j_kro@sentry'...
copying path '/nix/store/rp4kdxmnc088qlvi3445ilbc5zg8fhlx-source.drv' to 'ssh-ng://j_kro@sentry'...
copying path '/nix/store/cdza9kjgnmha8xijkh7gwf74hag5fk32-liburing-2.14.drv' to 'ssh-ng://j_kro@sentry'...
copying path '/nix/store/h88nwfa1zf4hik885c1fr492vg585q9z-tevent-0.17.1.tar.gz.drv' to 'ssh-ng://j_kro@sentry'...
copying path '/nix/store/dyfhwy6c4dc64rvr31srva2vcagqd814-tevent-0.17.1.drv' to 'ssh-ng://j_kro@sentry'...
copying path '/nix/store/hz6wssr4x7zann7j6wbmjn0shjl89k84-tdb-1.4.15.tar.gz.drv' to 'ssh-ng://j_kro@sentry'...
copying path '/nix/store/kxwb6mcci625vgsk8k8qznjz8s5660f5-tdb-1.4.15.drv' to 'ssh-ng://j_kro@sentry'...
copying path '/nix/store/nsfqybf0k91pgivx19fv9hrg43lin2kh-build-find-pre-built-heimdal-build-tools-in-case-of-.patch.drv' to 'ssh-ng://j_kro@sentry'...
copying path '/nix/store/i391rl2zy94p056151x29wapk1ls5v5i-ldb-2.9.2.tar.gz.drv' to 'ssh-ng://j_kro@sentry'...
copying path '/nix/store/q88mb90p38xfhvjr2pzn4v2id6j3jymf-ldb-2.9.2.drv' to 'ssh-ng://j_kro@sentry'...
copying path '/nix/store/kqkm17v9dn4y7knvvyny5gpmcn87dqgk-Parse-Yapp-1.21.tar.gz.drv' to 'ssh-ng://j_kro@sentry'...
copying path '/nix/store/sxg6kax3fdlik82nx2fxnzm2608y0amb-perl5.42.0-Parse-Yapp-1.21.drv' to 'ssh-ng://j_kro@sentry'...
copying path '/nix/store/ws67nnrsk2dgayrc52xz45sajq4zh274-samba-reproducible-builds.patch.drv' to 'ssh-ng://j_kro@sentry'...
copying path '/nix/store/kq0r71y4zxawaxyq5rd412ifymzrdhdy-dnspython-2.8.0.tar.gz.drv' to 'ssh-ng://j_kro@sentry'...
copying path '/nix/store/x3l8cd4094hyn5hrfv33hgrlfxxfrw9j-python3.14-dnspython-2.8.0.drv' to 'ssh-ng://j_kro@sentry'...
copying path '/nix/store/4i88zfp6gvjyz8cqcfkl4smd8h80qyf9-JSON-4.10.tar.gz.drv' to 'ssh-ng://j_kro@sentry'...
copying path '/nix/store/xizjr8ki1ks1x3ihf5avqdj2xvf6wlgv-perl5.42.0-JSON-4.10.drv' to 'ssh-ng://j_kro@sentry'...
copying path '/nix/store/wc3hnz6j0p6c0mahyp9bqhigkjh9nd32-source.drv' to 'ssh-ng://j_kro@sentry'...
copying path '/nix/store/zp6fwhfpfia9makyry6b6ms6m49qlvnz-lmdb-0.9.35.drv' to 'ssh-ng://j_kro@sentry'...
copying path '/nix/store/r6ib2csi7ybpqcaj2gh7yayy7xvc3y41-samba-4.23.8.drv' to 'ssh-ng://j_kro@sentry'...
copying path '/nix/store/a3slasy5fwqgv2d0m854ascpqsdwcsp9-fbf80b0fc1d262ed40d4b49dd53c14707083ef60.patch.drv' to 'ssh-ng://j_kro@sentry'...
copying path '/nix/store/8wjzlsf4nyr8h0za1l05yshghb907y39-source.drv' to 'ssh-ng://j_kro@sentry'...
copying path '/nix/store/sg7gmp2v7bbrq07yr5r7zya73yqy11mp-poppler-data-0.4.12.tar.gz.drv' to 'ssh-ng://j_kro@sentry'...
copying path '/nix/store/gl5cw98cbvqhvrpdk51sfpyjapx5hpzd-poppler-data-0.4.12.drv' to 'ssh-ng://j_kro@sentry'...
copying path '/nix/store/ml2z54rq40byq1j24iik56f0qs9my9ns-poppler-26.06.0.tar.xz.drv' to 'ssh-ng://j_kro@sentry'...
copying path '/nix/store/as914qmq7jcfj5zis37bmpnnwi17q8sn-poppler-glib-26.06.0.drv' to 'ssh-ng://j_kro@sentry'...
copying path '/nix/store/k4p5phm86qghfi9xi45wg518vwh9pymj-net-snmp-5.9.5.2.tar.gz.drv' to 'ssh-ng://j_kro@sentry'...
copying path '/nix/store/fxs62vkwrhh033pp68ck2nsndyhclszk-net-snmp-5.9.5.2.drv' to 'ssh-ng://j_kro@sentry'...
copying path '/nix/store/6ys01l9fnxjv7w1fl55rxd84czrwf6n2-musl.patch.drv' to 'ssh-ng://j_kro@sentry'...
copying path '/nix/store/rfczxzwvpi5y3d560qjz5lpy9w1ldc8k-source.drv' to 'ssh-ng://j_kro@sentry'...
copying path '/nix/store/gx4bikrilps23d7xx50xm39k4ydq82mk-libieee1284-0.2.11.drv' to 'ssh-ng://j_kro@sentry'...
copying path '/nix/store/i1n5pw2ys23idrvlapq3q40pidfmlxkg-8acc267d5f4049d8438456821137ae56e91baea9.patch.drv' to 'ssh-ng://j_kro@sentry'...
copying path '/nix/store/r9b5jvr3rdd316cdg5qv9zmizwq0isq0-sane-backends-1.4.0.drv' to 'ssh-ng://j_kro@sentry'...
copying path '/nix/store/x331v3547nsgfaaq6qip2gwd8839mmp4-libevdev-1.13.6.tar.xz.drv' to 'ssh-ng://j_kro@sentry'...
copying path '/nix/store/rn0gjy4f9k00krlf879v6w461272684z-libevdev-1.13.6.drv' to 'ssh-ng://j_kro@sentry'...
copying path '/nix/store/52545zjgch2mfif06wy2rvjd6n1dbz78-libXxf86dga-1.1.7.tar.xz.drv' to 'ssh-ng://j_kro@sentry'...
copying path '/nix/store/gg6mmrpv84qr3cwkvhcd6l8sj0kidbdr-libxxf86dga-1.1.7.drv' to 'ssh-ng://j_kro@sentry'...
copying path '/nix/store/bn43fphd5qhd4ipv5nba19ib2n8h2j0y-libXxf86misc-1.0.4.tar.bz2.drv' to 'ssh-ng://j_kro@sentry'...
copying path '/nix/store/vxgn1kyscs2pbg8zl33pqsanknk0dfla-libxxf86misc-1.0.4.drv' to 'ssh-ng://j_kro@sentry'...
copying path '/nix/store/zgzbpy25q544hjpcfrli1i1gisas0cy8-allegro-4.4.3.1.tar.gz.drv' to 'ssh-ng://j_kro@sentry'...
copying path '/nix/store/v6z5d8zy76jqw00qmx6ff4hadp214ywr-allegro-4.4.3.1.drv' to 'ssh-ng://j_kro@sentry'...
copying path '/nix/store/rf4mmd9y4476axrl3nxphilfvr11ai9v-gst-libav-1.28.4.tar.xz.drv' to 'ssh-ng://j_kro@sentry'...
copying path '/nix/store/wdqcb8w1k95i7c1aqzc1s8fb9hgf0c8h-gst-libav-1.28.4.drv' to 'ssh-ng://j_kro@sentry'...
copying path '/nix/store/76vbpxb9ihdbpf8azpbnrw0llanpp0ra-cabextract-1.11.tar.gz.drv' to 'ssh-ng://j_kro@sentry'...
copying path '/nix/store/wyqzd1b1l74hfr0mc0zjaijijxhg3yc9-cabextract-1.11.drv' to 'ssh-ng://j_kro@sentry'...
copying path '/nix/store/4mh1h22c6na9g2ia21dvz8xsl58yqpgl-fluid-soundfont.tar.gz.drv' to 'ssh-ng://j_kro@sentry'...
copying path '/nix/store/yld2k0hhmjyhd0psv2higdpz4i0q7hx3-Fluid-3.drv' to 'ssh-ng://j_kro@sentry'...
copying path '/nix/store/k3kj5xbdix3piahdz0nwqgbhwfbcpxd5-lutris-0.5.22-fhsenv-rootfs.drv' to 'ssh-ng://j_kro@sentry'...
copying path '/nix/store/930csj971qlp7cq5p07z1lv5fiyr8i11-lutris-0.5.22-bwrap.drv' to 'ssh-ng://j_kro@sentry'...
copying path '/nix/store/341g1x3vgm11rpdvmmizi38zb2i1li9c-lutris-0.5.22.drv' to 'ssh-ng://j_kro@sentry'...
copying path '/nix/store/342r7n3jhb6s3ny2qgsh0njf8v8id1zi-source.drv' to 'ssh-ng://j_kro@sentry'...
copying path '/nix/store/34cdmkg9grgrh240ia48kcqr3h8wxl0n-emoji-zwj-sequences.txt.drv' to 'ssh-ng://j_kro@sentry'...
copying path '/nix/store/35lambshaqhnm2rm0g4mx8agqk4qz6bl-source.drv' to 'ssh-ng://j_kro@sentry'...
copying path '/nix/store/3b2i8vj00zc44p6c32lqfjkmyggjvn34-source.drv' to 'ssh-ng://j_kro@sentry'...
copying path '/nix/store/smdrimwbrg2ynmqnlpk0aba8r0wwdqas-umu-launcher-1.4.4-fhsenv-profile.drv' to 'ssh-ng://j_kro@sentry'...
copying path '/nix/store/3b9xb3gq36b5p3bsaksvik0w1v54x9gd-umu-launcher-1.4.4-fhsenv-rootfs.drv' to 'ssh-ng://j_kro@sentry'...
copying path '/nix/store/3cck3r4rqkijy3rdgffa11cb5kxagzza-source.drv' to 'ssh-ng://j_kro@sentry'...
copying path '/nix/store/p3brpiv72jrfxy7pbql7gms47dj8b18h-libpng-1.2.59.tar.xz.drv' to 'ssh-ng://j_kro@sentry'...
copying path '/nix/store/3d6kbhsyj1ckr0bka29j8zl4q6b533pl-libpng-1.2.59.drv' to 'ssh-ng://j_kro@sentry'...
copying path '/nix/store/4267jil4hf98ndlf9vnalydcbqqy1qww-source.drv' to 'ssh-ng://j_kro@sentry'...
copying path '/nix/store/h86a7xlbzfc453ai4yafdbn4vm1i1nkx-copy-desktop-items-hook.drv' to 'ssh-ng://j_kro@sentry'...
copying path '/nix/store/j0qvc9fya8ddjczk4y4g4zpr80fcgxqh-satty-0.21.1-vendor-staging.drv' to 'ssh-ng://j_kro@sentry'...
copying path '/nix/store/ny39kjhar6cyvbvaqgyh2d7f0z3k0pk0-satty-0.21.1-vendor.drv' to 'ssh-ng://j_kro@sentry'...
copying path '/nix/store/3gyd040iw9jrlqmgkwdn0822c1jhisa1-satty-0.21.1.drv' to 'ssh-ng://j_kro@sentry'...
copying path '/nix/store/3h6gq5x6lvp5w076c0dhhbivky3ppm7j-tomlplusplus-install-example-programs.patch.drv' to 'ssh-ng://j_kro@sentry'...
copying path '/nix/store/w55z2f8q26w4sg4jam8xhhwljxxc3npc-source.drv' to 'ssh-ng://j_kro@sentry'...
copying path '/nix/store/3h8h5bq95ll7jg32hqajfahagniccvjk-yyjson-0.12.0.drv' to 'ssh-ng://j_kro@sentry'...
copying path '/nix/store/3illl1r2zmgj4c4rspp31lp809gr5r1d-source.drv' to 'ssh-ng://j_kro@sentry'...
copying path '/nix/store/3k1vxsv7jmh6qcwi5ahs8hj5lnrc3bf6-source.drv' to 'ssh-ng://j_kro@sentry'...
copying path '/nix/store/g7181wj58rcl4bnmqynidsyy7mbdffng-source.drv' to 'ssh-ng://j_kro@sentry'...
copying path '/nix/store/3lz23ap58xdx4l6zh7w7gq6kqnyr7a46-bat-0.26.1-vendor-staging.drv' to 'ssh-ng://j_kro@sentry'...
copying path '/nix/store/ybj53wv1vpaw07fh9cbqbm67ywiw6yl2-source.drv' to 'ssh-ng://j_kro@sentry'...
copying path '/nix/store/rqaa7yw84hwpw2grwzqyilfrxxb574pz-libspng-0.7.4.drv' to 'ssh-ng://j_kro@sentry'...
copying path '/nix/store/y75s3qbm2kdqmh0i0chg40ljz255fs8c-source.drv' to 'ssh-ng://j_kro@sentry'...
copying path '/nix/store/3mzfm19h49m0bxfqci8n9w6jms2y00x3-hyprgraphics-0.5.1.drv' to 'ssh-ng://j_kro@sentry'...
copying path '/nix/store/3nb7yy4h98sjw5dn5m8pwqax5jiziv2g-source.drv' to 'ssh-ng://j_kro@sentry'...
copying path '/nix/store/3nhnrnv4s7sp8r44ni9ma3dzk84sx5gx-theme-switch.drv' to 'ssh-ng://j_kro@sentry'...
copying path '/nix/store/3nqqzm8aqa7rshg6c9zwwm1zc1jzkrbc-python3.14-orjson-3.11.9.drv' to 'ssh-ng://j_kro@sentry'...
copying path '/nix/store/3p6hw2a5h091v6qa3blpmycrrhhjpmaf-source.drv' to 'ssh-ng://j_kro@sentry'...
copying path '/nix/store/3s0wr3g4j06bms0mfvi9b8i4p1lx9kgk-source.drv' to 'ssh-ng://j_kro@sentry'...
copying path '/nix/store/i8aa7d9vkxzimzd8yx1pmmcd8kb59hk9-umu-launcher-1.4.4-init.drv' to 'ssh-ng://j_kro@sentry'...
copying path '/nix/store/pjy802xbc591fmgfqbrxj3znyrrhr9vg-umu-launcher-1.4.4-bwrap.drv' to 'ssh-ng://j_kro@sentry'...
copying path '/nix/store/5b7dwvbwjqyn8kfg07ldkg0rnv1wcl3p-umu-launcher-1.4.4.drv' to 'ssh-ng://j_kro@sentry'...
copying path '/nix/store/42nkwys8yg5fg8pjcn7ncycald6a1cqf-source.drv' to 'ssh-ng://j_kro@sentry'...
copying path '/nix/store/m512lx701w5iz6bmk1mh8ycs2ks7ilnc-python3.14-pycryptodomex-3.23.0.drv' to 'ssh-ng://j_kro@sentry'...
copying path '/nix/store/qyrprp79y9z5i7f4pv20nw64mi3bmwr0-python3.14-requests-futures-1.0.2.drv' to 'ssh-ng://j_kro@sentry'...
copying path '/nix/store/68gjs5kvhlmr27y53vknxla47icdzb25-legendary-heroic-0.20.43.drv' to 'ssh-ng://j_kro@sentry'...
copying path '/nix/store/dz0h1rqhcha60fw4ycqsgzfmpss3kjjv-use-binsh.patch.drv' to 'ssh-ng://j_kro@sentry'...
copying path '/nix/store/ikd9i4yyi2jcl02sgyslj1dcfdjlhbn7-fix-paths.patch.drv' to 'ssh-ng://j_kro@sentry'...
copying path '/nix/store/k5iq7av8kj5rkirxx41mwfvinwlbym8n-speech-dispatcher-0.12.1.tar.gz.drv' to 'ssh-ng://j_kro@sentry'...
copying path '/nix/store/d4inhllirmzyb4shlmh4mqarmpgswhkc-source.drv' to 'ssh-ng://j_kro@sentry'...
copying path '/nix/store/lr23c16ml87i6mzdv28fv91da3pjhgxf-python3.14-pyxdg-0.28.drv' to 'ssh-ng://j_kro@sentry'...
copying path '/nix/store/cjjkgcq7mwc5hfrgljdq83m8k8sf97rf-source.drv' to 'ssh-ng://j_kro@sentry'...
copying path '/nix/store/wdrdw26sq35lqyx5rjw97p912kkf8m10-dotconf-1.4.1.drv' to 'ssh-ng://j_kro@sentry'...
copying path '/nix/store/5c4qs8id17b7rqxd4spid8m5l3xqqdal-speech-dispatcher-0.12.1.drv' to 'ssh-ng://j_kro@sentry'...
copying path '/nix/store/7cya710b9dc4wl4w8k36pb03ah1p7ryb-ungoogled-chromium-145-build-with-wasm-rollup.patch.drv' to 'ssh-ng://j_kro@sentry'...
copying path '/nix/store/8945bsy6svzq09nj74r8kxrylsxr3v34-chromium-146-revert-Add-finch-seeds-to-desktop-perf-builds.patch.drv' to 'ssh-ng://j_kro@sentry'...
copying path '/nix/store/8a1lq36czvbi3wx264w0hhmcr44yd2vy-gclient-unpack-hook.drv' to 'ssh-ng://j_kro@sentry'...
copying path '/nix/store/45alp3s2dmqfp3s61r8ixd19fikzmipq-lld-src-21.1.8.drv' to 'ssh-ng://j_kro@sentry'...
copying path '/nix/store/w1rqpvm0sg2xkgsqh6akmr9w47c7779q-lld-21.1.8.drv' to 'ssh-ng://j_kro@sentry'...
copying path '/nix/store/fjaxs39lk3sws1mzryajpnklk49ap1dl-llvm-binutils-21.1.8.drv' to 'ssh-ng://j_kro@sentry'...
copying path '/nix/store/8jb42k87gfcrg8zfcrzf31sr8hyh7515-llvm-binutils-wrapper-21.1.8.drv' to 'ssh-ng://j_kro@sentry'...
copying path '/nix/store/ai8vpaq4slw8q4i72598gqblgk5pw07q-chromium-138-rust-1.86-mismatched_lifetime_syntaxes.patch.drv' to 'ssh-ng://j_kro@sentry'...
copying path '/nix/store/gqi18lqz4f04xlgsk54gxazplq4ppfxh-clang-wrapper-21.1.8.drv' to 'ssh-ng://j_kro@sentry'...
copying path '/nix/store/igjzic2sxh5720jhia2ynwp2n6s1lmw1-missing-hashes.json.drv' to 'ssh-ng://j_kro@sentry'...
copying path '/nix/store/6nivh6p2r6dfqzsxr5wvbas2jiw2048d-asciidoctor-2.0.26.drv' to 'ssh-ng://j_kro@sentry'...
copying path '/nix/store/yfwl69cjb59icv17zsd8q18y9qxlfadv-git-lfs-3.7.1-go-modules.drv' to 'ssh-ng://j_kro@sentry'...
copying path '/nix/store/6bv7fg7jiagcykpy9r83z1bxjn8c6082-git-lfs-3.7.1.drv' to 'ssh-ng://j_kro@sentry'...
copying path '/nix/store/mzxvn6m4j83vzgpgfxfqidml2kxqlzdn-nix-prefetch-git-26.11.drv' to 'ssh-ng://j_kro@sentry'...
copying path '/nix/store/mx4b2p4nykwg2cn39cn3bdcyb28w5c3h-be819413be8a284b1827437006c0859644d0c367.patch.drv' to 'ssh-ng://j_kro@sentry'...
copying path '/nix/store/znf14qf1n2x28zhb1fx1i4pgs8mpck6q-zlib-ng-2.3.3.drv' to 'ssh-ng://j_kro@sentry'...
copying path '/nix/store/6393dqas00gy15ny4zjs8apwxisvq54b-libzip-1.11.4.drv' to 'ssh-ng://j_kro@sentry'...
copying path '/nix/store/w2zaryxpivb1cac2c53vnw78m4id5prf-yarn-berry-4-fetcher-1.3.1.drv' to 'ssh-ng://j_kro@sentry'...
copying path '/nix/store/wkpryj76zqp7955lp7l1v3nnwz8x6xjd-source.drv' to 'ssh-ng://j_kro@sentry'...
copying path '/nix/store/h4l1w93iskr6naadgp6bgrvv3vavn5jx-offline.drv' to 'ssh-ng://j_kro@sentry'...
copying path '/nix/store/ix9sdldz0qh4ab1dk7a5alg2w9fqhyy3-python3-3.14.6-env.drv' to 'ssh-ng://j_kro@sentry'...
copying path '/nix/store/rkl8j0yq16ri1zilx476p17c48a9j454-llvmCcAndBintools.drv' to 'ssh-ng://j_kro@sentry'...
copying path '/nix/store/sdpkarqpg17sp9n2a4il068pashjjcsp-stdenv-linux.drv' to 'ssh-ng://j_kro@sentry'...
copying path '/nix/store/w5qm3b1qn2yccmpvf7jvbymsh900pxka-npm-deps.drv' to 'ssh-ng://j_kro@sentry'...
copying path '/nix/store/lwvbkln35fcpglr966a4ql80fgqd51cc-source.drv' to 'ssh-ng://j_kro@sentry'...
copying path '/nix/store/5a0880casm0czvdf97pclx22z3dw8d6x-yarn-1.22.22.drv' to 'ssh-ng://j_kro@sentry'...
copying path '/nix/store/xlqgkcabh8mfwb5p8kwxpfb3f1az6qmc-yarn-berry-4.14.1.drv' to 'ssh-ng://j_kro@sentry'...
copying path '/nix/store/yj6b09f8wjqlbv5wzylg1vgpn61b7rss-chromium-146-revert-Update-fsanitizer=array-bounds-config.patch.drv' to 'ssh-ng://j_kro@sentry'...
copying path '/nix/store/bqv196bb9brvzfb9kflgqc506hd3pvnq-berry-4-offline.patch.drv' to 'ssh-ng://j_kro@sentry'...
copying path '/nix/store/dnm3wwmn1i9zllymvxh9hvrk4mkrdl6p-yarn-berry-offline-4.14.1.drv' to 'ssh-ng://j_kro@sentry'...
copying path '/nix/store/z0wigb322rfjm79iwaxivdc88g9ljm18-yarn-berry-config-hook.drv' to 'ssh-ng://j_kro@sentry'...
copying path '/nix/store/41rjvvjspz1djzva1mxv44vqvwriwjd7-source.drv' to 'ssh-ng://j_kro@sentry'...
copying path '/nix/store/4vh7whd251gh4fgklxp30hymbp94kvbq-source.drv' to 'ssh-ng://j_kro@sentry'...
copying path '/nix/store/4xdkz323bl0xigw6wxffchi5my4mbz2b-source.drv' to 'ssh-ng://j_kro@sentry'...
copying path '/nix/store/50c5qd7qnyswqx2150ab6gf9qlb81q76-source.drv' to 'ssh-ng://j_kro@sentry'...
copying path '/nix/store/51w6y574qy5k1y4gj6zndgfkjvw5018g-source.drv' to 'ssh-ng://j_kro@sentry'...
copying path '/nix/store/58qz2dp4iyb0rq54hdbqk50lcz7v9pfc-source.drv' to 'ssh-ng://j_kro@sentry'...
copying path '/nix/store/5id6pblrsmav0qhw5gfhp89j6k9n9w6g-source.drv' to 'ssh-ng://j_kro@sentry'...
copying path '/nix/store/5xvgys0hhgqfirhl8pikqnqjhjc74r4n-source.drv' to 'ssh-ng://j_kro@sentry'...
copying path '/nix/store/63yzrsld35gzzzmfhhqbfi2iwdpy0z5x-source.drv' to 'ssh-ng://j_kro@sentry'...
copying path '/nix/store/67716486vd6h2bpxls9v9fjjs6vf3xws-source.drv' to 'ssh-ng://j_kro@sentry'...
copying path '/nix/store/6c42l1hkr3c7r7x1yki2kbhp85vpy59n-source.drv' to 'ssh-ng://j_kro@sentry'...
copying path '/nix/store/6l4k2fmj7nzhc17y6wj8g75vxcq8x9dn-source.drv' to 'ssh-ng://j_kro@sentry'...
copying path '/nix/store/704lx17sck7bkbsw0j198c59vk9xhfwh-source.drv' to 'ssh-ng://j_kro@sentry'...
copying path '/nix/store/73qz5i8294ziiz0as0icia1fsn6srmkf-source.drv' to 'ssh-ng://j_kro@sentry'...
copying path '/nix/store/769zxzdlvcj14fzhngm37cmn5mpkwr4i-source.drv' to 'ssh-ng://j_kro@sentry'...
copying path '/nix/store/7g4sg1i79kk5vmbnp7j111d0kgpvs14s-source.drv' to 'ssh-ng://j_kro@sentry'...
copying path '/nix/store/7gy7llbzbskdwg0hrm8ijvalvwn93xzf-source.drv' to 'ssh-ng://j_kro@sentry'...
copying path '/nix/store/7x87qjxnbdqhf8177igr30nci984vnw2-source.drv' to 'ssh-ng://j_kro@sentry'...
copying path '/nix/store/839da07w9x0jlvy9dwbh99636lifhrp6-source.drv' to 'ssh-ng://j_kro@sentry'...
copying path '/nix/store/88xyy2dbrm3dafm6ghlp2x2im9236s6m-source.drv' to 'ssh-ng://j_kro@sentry'...
copying path '/nix/store/8gmy14zqr2nhx7h4ba0841zklglax24v-source.drv' to 'ssh-ng://j_kro@sentry'...
copying path '/nix/store/8gv7cds6cm5gkbcdvqhbqxqp9m39z1gj-source.drv' to 'ssh-ng://j_kro@sentry'...
copying path '/nix/store/8pp34crafqxl6mhg2plbfvx7553r77vs-source.drv' to 'ssh-ng://j_kro@sentry'...
copying path '/nix/store/97aig8pmb1jg1w717sncljkhw4ip8n1p-source.drv' to 'ssh-ng://j_kro@sentry'...
copying path '/nix/store/9cpllv6x35463n0g9az50w0bmnbd6sf9-source.drv' to 'ssh-ng://j_kro@sentry'...
copying path '/nix/store/9lj257gjwa1zm1cs8qq93307xgfzqf8z-source.drv' to 'ssh-ng://j_kro@sentry'...
copying path '/nix/store/9qaxc8q4czvpfal5f4vkdj7prlmlb27h-source.drv' to 'ssh-ng://j_kro@sentry'...
copying path '/nix/store/9qq2jas1369gmbijvpw7idwxv0kwdpfx-source.drv' to 'ssh-ng://j_kro@sentry'...
copying path '/nix/store/9xcn7s9141rz83902zgzvxf9njvrdjvy-source.drv' to 'ssh-ng://j_kro@sentry'...
copying path '/nix/store/9xrq74jj3pbzh53y4ayyfqdc1b03hw0b-source.drv' to 'ssh-ng://j_kro@sentry'...
copying path '/nix/store/a60jvpq9ljlvjw8bjg7vaggrrqs1cvi5-source.drv' to 'ssh-ng://j_kro@sentry'...
copying path '/nix/store/a6nwcjvjpkc1svisnr6hb931g1cp1j0s-source.drv' to 'ssh-ng://j_kro@sentry'...
copying path '/nix/store/agay5jkv8y1jqk36ah7yk7s0xpdff562-source.drv' to 'ssh-ng://j_kro@sentry'...
copying path '/nix/store/aii6vhq2lfbb54yh1vnlkc0s7wgvw4gk-source.drv' to 'ssh-ng://j_kro@sentry'...
copying path '/nix/store/am5z7jrhhvyrk1sj12dnsqr36cw07bzr-source.drv' to 'ssh-ng://j_kro@sentry'...
copying path '/nix/store/aps6gw2v7c2iy9cn5harm8b531z8r7z3-source.drv' to 'ssh-ng://j_kro@sentry'...
copying path '/nix/store/as2p1kp1kjhnyqrgip3xc97v2blv5mbh-source.drv' to 'ssh-ng://j_kro@sentry'...
copying path '/nix/store/b1rb9pkkf03i79cn1qkq2rsspccwfdz9-source.drv' to 'ssh-ng://j_kro@sentry'...
copying path '/nix/store/bb19mv9vrl8chrxvhqigy9dwv0m82yyp-source.drv' to 'ssh-ng://j_kro@sentry'...
copying path '/nix/store/bx4481khrgz8rp49b3w5j2qvchgpqwhb-source.drv' to 'ssh-ng://j_kro@sentry'...
copying path '/nix/store/c0abs6rxyadx7xwlg8x76bi9g3apq13l-source.drv' to 'ssh-ng://j_kro@sentry'...
copying path '/nix/store/c2hl1a9ymwrcca7rw2s4nhfq1wi1cbr1-source.drv' to 'ssh-ng://j_kro@sentry'...
copying path '/nix/store/c2lblgx0sdnbiwzkiypn447zvzsbqfj8-source.drv' to 'ssh-ng://j_kro@sentry'...
copying path '/nix/store/c2xszqh8kp1xw1n3szsc2nl2q03s56za-source.drv' to 'ssh-ng://j_kro@sentry'...
copying path '/nix/store/c5hb6q17rpinqy2xpxmhjr1d5786q323-source.drv' to 'ssh-ng://j_kro@sentry'...
copying path '/nix/store/cpvgq1ix6kgp82f9x5iv6ijacims7pga-source.drv' to 'ssh-ng://j_kro@sentry'...
copying path '/nix/store/cvpankfk9d9xlz4g9606ipvsyrjh8kfq-source.drv' to 'ssh-ng://j_kro@sentry'...
copying path '/nix/store/czvx7mkc8rfxx3vzpq17g4za6mkybd8n-source.drv' to 'ssh-ng://j_kro@sentry'...
copying path '/nix/store/d05gz9rmdgr6xg3dk4xqr3805k9a0sgk-source.drv' to 'ssh-ng://j_kro@sentry'...
copying path '/nix/store/f690dsn9lh3zg75z0vzk9p8igbxg8xgk-source.drv' to 'ssh-ng://j_kro@sentry'...
copying path '/nix/store/f8zsi1xwgi1ydr344yjmsjcw27k4lhab-source.drv' to 'ssh-ng://j_kro@sentry'...
copying path '/nix/store/fiqv0s79i23si95nfzhwx50z3w9n4hm0-source.drv' to 'ssh-ng://j_kro@sentry'...
copying path '/nix/store/fnxn76q28l7gk2nn865im7y2fhy1q43j-source.drv' to 'ssh-ng://j_kro@sentry'...
copying path '/nix/store/fwx071qqf7cnxvjk4ic1nzvifjh4fawr-source.drv' to 'ssh-ng://j_kro@sentry'...
copying path '/nix/store/fxn4l8r8pp3g3pd5jiyqvma327kcvys4-source.drv' to 'ssh-ng://j_kro@sentry'...
copying path '/nix/store/gcs1i56i2svvnc1n3ffsg6iq2bxk065h-source.drv' to 'ssh-ng://j_kro@sentry'...
copying path '/nix/store/gf95jc63lg74illpjgzqfjll3xhbsy38-source.drv' to 'ssh-ng://j_kro@sentry'...
copying path '/nix/store/ggbip3f44rl10xzw6lb50c6ljcryw62v-source.drv' to 'ssh-ng://j_kro@sentry'...
copying path '/nix/store/gh7dbdparv3n5pgdcdv28acnikdlhb8f-source.drv' to 'ssh-ng://j_kro@sentry'...
copying path '/nix/store/gv407mjr6lark0yygfd1vk7x9np2jmbr-source.drv' to 'ssh-ng://j_kro@sentry'...
copying path '/nix/store/gxqav582jws02cpcvz6ybv3b3i4qfw7k-source.drv' to 'ssh-ng://j_kro@sentry'...
copying path '/nix/store/gxyrmrr7y6sxpk61rma9yjb322cb7zal-source.drv' to 'ssh-ng://j_kro@sentry'...
copying path '/nix/store/gyps1a435dpdsdjm0facc4cxr4vwkd59-source.drv' to 'ssh-ng://j_kro@sentry'...
copying path '/nix/store/gzggf6kz79jsf94xqbbiin5dglhyp9ji-source.drv' to 'ssh-ng://j_kro@sentry'...
copying path '/nix/store/h6a249sivwwcbdsgmmz99l4nz1m1mvxd-source.drv' to 'ssh-ng://j_kro@sentry'...
copying path '/nix/store/h7x37gs2x47sjjnbpddjp5hyv7z2n4jn-source.drv' to 'ssh-ng://j_kro@sentry'...
copying path '/nix/store/hfq2v1r5vzc368mar0ci5wm38ac3dxsk-source.drv' to 'ssh-ng://j_kro@sentry'...
copying path '/nix/store/hgqqzn7lfqwnx0szh43bivvlic4jlvmb-source.drv' to 'ssh-ng://j_kro@sentry'...
copying path '/nix/store/i8xw5qphf9vyysjcj39s3k9gwf8rvh04-source.drv' to 'ssh-ng://j_kro@sentry'...
copying path '/nix/store/ib8b7mv3fagr3ar889ljazx1263d5zaw-source.drv' to 'ssh-ng://j_kro@sentry'...
copying path '/nix/store/icm9driv51mph8181a5iz76lxiaggp0x-source.drv' to 'ssh-ng://j_kro@sentry'...
copying path '/nix/store/ik8dlavkc8sfwa0r2ycma5svlablir66-source.drv' to 'ssh-ng://j_kro@sentry'...
copying path '/nix/store/imbj43ac4i8xc347p8m03w6hs3yaii6b-source.drv' to 'ssh-ng://j_kro@sentry'...
copying path '/nix/store/ipg1pva6r0a27749lv840mvl7s4d6sy6-source.drv' to 'ssh-ng://j_kro@sentry'...
copying path '/nix/store/iw8kip690f852v03czcrzkk0k8hmp756-source.drv' to 'ssh-ng://j_kro@sentry'...
copying path '/nix/store/j3l8wi2f4akn0azhf6w9n0nwzkpd65yf-source.drv' to 'ssh-ng://j_kro@sentry'...
copying path '/nix/store/jk6a0zrzhqphghrgfbpq86jslbn9plhb-source.drv' to 'ssh-ng://j_kro@sentry'...
copying path '/nix/store/k04f61zcnn1nigqlywxa4pik2lfgndk9-source.drv' to 'ssh-ng://j_kro@sentry'...
copying path '/nix/store/k2qwijcbpwqpl3biqcfhnf3zspy91wpq-source.drv' to 'ssh-ng://j_kro@sentry'...
copying path '/nix/store/k4jvwx9cyaf5wzym173r7n6by6fg3zlq-source.drv' to 'ssh-ng://j_kro@sentry'...
copying path '/nix/store/kbar0flhxqazb6dcdl8x5cf2l5jqxnnm-source.drv' to 'ssh-ng://j_kro@sentry'...
copying path '/nix/store/kbqaps7q14bxcq6w05r5xlfk9pnicahx-source.drv' to 'ssh-ng://j_kro@sentry'...
copying path '/nix/store/kbr6pw7vsypqkri90y148a07ip80y1j4-source.drv' to 'ssh-ng://j_kro@sentry'...
copying path '/nix/store/kinfij614i0nf5jqd6iyr6hgrfl0mf40-source.drv' to 'ssh-ng://j_kro@sentry'...
copying path '/nix/store/kp7rd9fbyrqqlh6ivs9iwf4nnnbxkgmh-source.drv' to 'ssh-ng://j_kro@sentry'...
copying path '/nix/store/ldby0kzgmxgpydyg30qjy9nvqdz920k4-source.drv' to 'ssh-ng://j_kro@sentry'...
copying path '/nix/store/ll6xj6shiiy4cjhg4g169dws8z5axgch-source.drv' to 'ssh-ng://j_kro@sentry'...
copying path '/nix/store/lvizr1x0z0dyczcs14wy5d8nkcjy6hap-source.drv' to 'ssh-ng://j_kro@sentry'...
copying path '/nix/store/m3navfnp3gaj6s6haiak4m1bkjxlknc6-source.drv' to 'ssh-ng://j_kro@sentry'...
copying path '/nix/store/mqvkqxmwi4zjqzax3axma91540ymhml5-source.drv' to 'ssh-ng://j_kro@sentry'...
copying path '/nix/store/n3k8jj6pdbczg5d2jzvj3hhavd2qpnyx-source.drv' to 'ssh-ng://j_kro@sentry'...
copying path '/nix/store/nbyday1z8pd6f8xqz9b12r2az77hgg3l-source.drv' to 'ssh-ng://j_kro@sentry'...
copying path '/nix/store/ndq6cvc39lxpisx6q9mgdgwchnr7k3j7-source.drv' to 'ssh-ng://j_kro@sentry'...
copying path '/nix/store/nf9c8gbi13jawjn04s2g7lrx5ma5xgsh-source.drv' to 'ssh-ng://j_kro@sentry'...
copying path '/nix/store/nxql1rhrh9fx6g0wnabrmbm1vqy5jmhk-source.drv' to 'ssh-ng://j_kro@sentry'...
copying path '/nix/store/pj2mcfpqqznjbwcj3ljkksb7iyw5qhai-source.drv' to 'ssh-ng://j_kro@sentry'...
copying path '/nix/store/pydiagkbjrs6pdnvd2l3hj8rgwf1kahq-source.drv' to 'ssh-ng://j_kro@sentry'...
copying path '/nix/store/q199jiq82mv0in9zriyybls5s3zisdbz-source.drv' to 'ssh-ng://j_kro@sentry'...
copying path '/nix/store/q6aqgbffblbskp12ysmxxvkb6vxqfffn-source.drv' to 'ssh-ng://j_kro@sentry'...
copying path '/nix/store/qljl66322k5wnzmy7d4q2zjyhhhgq0x0-source.drv' to 'ssh-ng://j_kro@sentry'...
copying path '/nix/store/qpjga5yjk3chn41jfnfqx9lhzainsjjy-source.drv' to 'ssh-ng://j_kro@sentry'...
copying path '/nix/store/qqhcywx658cfhbrx2yfzdv9kcmnxis3n-source.drv' to 'ssh-ng://j_kro@sentry'...
copying path '/nix/store/qw22kja734sy359bzxnibm6lkcdk0h1y-source.drv' to 'ssh-ng://j_kro@sentry'...
copying path '/nix/store/r9zal08m33icm6y4h9na9cwa44vxjdav-source.drv' to 'ssh-ng://j_kro@sentry'...
copying path '/nix/store/rajqi1dg0s2v7nxlvlkqvki3vf4z1ygx-source.drv' to 'ssh-ng://j_kro@sentry'...
copying path '/nix/store/ri4zi63rfr51154gx10pkxr8z2asppzm-source.drv' to 'ssh-ng://j_kro@sentry'...
copying path '/nix/store/rjcipkkrbjgx35xrq706hyg5f0jsi8wv-source.drv' to 'ssh-ng://j_kro@sentry'...
copying path '/nix/store/s7sdaj0fn59vdyla2m2fk7sj6crji99j-source.drv' to 'ssh-ng://j_kro@sentry'...
copying path '/nix/store/s8wi2j7xzdaz54cxvgly62xqhzs6h4jk-source.drv' to 'ssh-ng://j_kro@sentry'...
copying path '/nix/store/s9004016qsay5dmpqq80917y4zfdp8ig-source.drv' to 'ssh-ng://j_kro@sentry'...
copying path '/nix/store/sb8q8k04x68f51ghjcsis2rggdwj9a2g-source.drv' to 'ssh-ng://j_kro@sentry'...
copying path '/nix/store/sbhn01z9acx1qz1niniffppxkhsgbgwy-source.drv' to 'ssh-ng://j_kro@sentry'...
copying path '/nix/store/sbv510abxcaxb07c18pvqrryn7qcqbvi-source.drv' to 'ssh-ng://j_kro@sentry'...
copying path '/nix/store/sgx3sff7qyfzsq6cm3wvlk59wammnl6k-source.drv' to 'ssh-ng://j_kro@sentry'...
copying path '/nix/store/sirnxs1b83bcyfk96snjrglk1sqdbicb-source.drv' to 'ssh-ng://j_kro@sentry'...
copying path '/nix/store/snx2zi2f85m282zbqv34xghk7czy7ynn-source.drv' to 'ssh-ng://j_kro@sentry'...
copying path '/nix/store/syx7kscrkrx2yl02jkx7xlg9yz4w2ic8-source.drv' to 'ssh-ng://j_kro@sentry'...
copying path '/nix/store/sz9a9417r4g62z1ipirax2hlpjx58qn3-source.drv' to 'ssh-ng://j_kro@sentry'...
copying path '/nix/store/szlh2bp2wzy5746i6i5j4xrfz93hk2yx-source.drv' to 'ssh-ng://j_kro@sentry'...
copying path '/nix/store/v267i23hjn2n99x17f4srkp9wwi1730z-source.drv' to 'ssh-ng://j_kro@sentry'...
copying path '/nix/store/vcri79s709g32f1zrwln4vlfmrcwj5gs-source.drv' to 'ssh-ng://j_kro@sentry'...
copying path '/nix/store/vf85rm0wl1p6zfla1svj63lpr94p6k8a-source.drv' to 'ssh-ng://j_kro@sentry'...
copying path '/nix/store/vrq95iz0njf79p2axjxrgrk9mm3a62nz-source.drv' to 'ssh-ng://j_kro@sentry'...
copying path '/nix/store/vy3xarbaxp3dnnmnscf6bd9azyidddky-source.drv' to 'ssh-ng://j_kro@sentry'...
copying path '/nix/store/w0c97kg18pmqplryzr9ai3i8x5j0ykmz-source.drv' to 'ssh-ng://j_kro@sentry'...
copying path '/nix/store/w9yfw6ac8wd639ddlgdm7xgfhv23sgzj-source.drv' to 'ssh-ng://j_kro@sentry'...
copying path '/nix/store/wbw439p69ix2qavgs7g14n4byb71pywd-source.drv' to 'ssh-ng://j_kro@sentry'...
copying path '/nix/store/wj7x0kzjssn683flpwpfljfq1w17dn4k-source.drv' to 'ssh-ng://j_kro@sentry'...
copying path '/nix/store/x31xhkpacp8wx64nmixaabvdwc08b4r3-source.drv' to 'ssh-ng://j_kro@sentry'...
copying path '/nix/store/x48d3bd1vk2fmixsbxprpd1hyq0ggq74-source.drv' to 'ssh-ng://j_kro@sentry'...
copying path '/nix/store/x4bs01gpkd67hcw6id9svf89n3pwxkvz-source.drv' to 'ssh-ng://j_kro@sentry'...
copying path '/nix/store/x553vl3dmzzvq6i7102cwba0yw45dvc8-source.drv' to 'ssh-ng://j_kro@sentry'...
copying path '/nix/store/x674bksl3dkaaj55n2skj079xzk9w2xi-source.drv' to 'ssh-ng://j_kro@sentry'...
copying path '/nix/store/xcldsf7gxbscby3jbcngqgwld3hzzynh-source.drv' to 'ssh-ng://j_kro@sentry'...
copying path '/nix/store/xh9x6x5fil4wn00p6kxgqpbf7v347bg0-source.drv' to 'ssh-ng://j_kro@sentry'...
copying path '/nix/store/xkdyjn05jyj6qw88d9grvhjhdyh3435n-source.drv' to 'ssh-ng://j_kro@sentry'...
copying path '/nix/store/xn8sbv2cvsdkz4bmx6filh84kzr0vadq-source.drv' to 'ssh-ng://j_kro@sentry'...
copying path '/nix/store/xqx9pikdqyyb5jxbih5rlnpw598kakr5-source.drv' to 'ssh-ng://j_kro@sentry'...
copying path '/nix/store/y7zsgqaajcv7m3f1jan3qzj5z853ch10-source.drv' to 'ssh-ng://j_kro@sentry'...
copying path '/nix/store/yhmag4k729vz6qm3fqrwrnpaamyq9nh3-source.drv' to 'ssh-ng://j_kro@sentry'...
copying path '/nix/store/yj43f7pz2viyh4p76zrc60ax645pb8s0-source.drv' to 'ssh-ng://j_kro@sentry'...
copying path '/nix/store/yrw8j16ry1z1wcvbsv5hhb0f0fypcmc4-source.drv' to 'ssh-ng://j_kro@sentry'...
copying path '/nix/store/zk118n3xl04b3kcf8hv2v097rfd8h98g-source.drv' to 'ssh-ng://j_kro@sentry'...
copying path '/nix/store/zqrx5mr2hznypjc2lzn4mayxvhzl2vd1-source.drv' to 'ssh-ng://j_kro@sentry'...
copying path '/nix/store/zv2x1ln6gjny24pvbi8whya2wachcnsd-source.drv' to 'ssh-ng://j_kro@sentry'...
copying path '/nix/store/zr9jfmgvg3017xmh0njn0x2gnwmphc8c-gclient-manifest.json.drv' to 'ssh-ng://j_kro@sentry'...
copying path '/nix/store/kqm5z7qb8yqq3g9zhg1gs474iksfc7ah-electron-unwrapped-41.10.3.drv' to 'ssh-ng://j_kro@sentry'...
copying path '/nix/store/8d6fwpc26838d45r0x8xq20l72la0cr3-electron-41.10.3.drv' to 'ssh-ng://j_kro@sentry'...
copying path '/nix/store/z6xmy743pgiqwh3avjpqzi6ja1v6acxq-pnpm-config-hook.sh' to 'ssh-ng://j_kro@sentry'...
copying path '/nix/store/cm23iydn42h9n6p7n2p852kfl1qf634a-pnpm-config-hook.drv' to 'ssh-ng://j_kro@sentry'...
copying path '/nix/store/40zxhzf991ca0myyxa6l58kplvjhmbbf-libstdc-fix-compilation-in-freestanding-win32.patch.drv' to 'ssh-ng://j_kro@sentry'...
copying path '/nix/store/hgm8fc7cp8fgkzc7f3qnzls1whsqncrd-gcc-15.3.0.tar.xz.drv' to 'ssh-ng://j_kro@sentry'...
copying path '/nix/store/s77i07nmwhb1rwxw02c87a9wr2n6klsv-gcc-15.3.0.drv' to 'ssh-ng://j_kro@sentry'...
copying path '/nix/store/h0hg6m8gspppkfml96namay20163ada2-gcc-wrapper-15.3.0.drv' to 'ssh-ng://j_kro@sentry'...
copying path '/nix/store/4b4lbxwqgvj6sqp0mlmb4nd763j3d1v8-stdenv-linux.drv' to 'ssh-ng://j_kro@sentry'...
copying path '/nix/store/p5fvgh3zim1f3hk7j4wk3kar0zmfgs5l-stdenv-linux.drv' to 'ssh-ng://j_kro@sentry'...
copying path '/nix/store/vzc06k5qlgnk3scfsxwwh014yp5kkk5c-mingw-w64-v14.0.0.tar.bz2.drv' to 'ssh-ng://j_kro@sentry'...
copying path '/nix/store/84hzzswci1sh19snx9wyjxbn43y48mxq-mingw_w64-headers-14.0.0.drv' to 'ssh-ng://j_kro@sentry'...
copying path '/nix/store/lq0w4sv8pli1gg1183p7rjdiiznjhad2-x86_64-w64-mingw32-binutils-2.46.drv' to 'ssh-ng://j_kro@sentry'...
copying path '/nix/store/x7nsvdpnb9pvhb6l63y7pcbqg2545x3a-x86_64-w64-mingw32-binutils-wrapper-2.46.drv' to 'ssh-ng://j_kro@sentry'...
copying path '/nix/store/srzm7p33h4c9dj0lk5nm2rj9bc0w993z-x86_64-w64-mingw32-nolibc-gcc-15.3.0.drv' to 'ssh-ng://j_kro@sentry'...
copying path '/nix/store/kjldfcmb4z7ssr2h1v95ndfb3sqg2fa2-win-dll-hook.sh.drv' to 'ssh-ng://j_kro@sentry'...
copying path '/nix/store/yqjmzm4nqala7m5825s2migin100gjn8-x86_64-w64-mingw32-nolibc-gcc-wrapper-15.3.0.drv' to 'ssh-ng://j_kro@sentry'...
copying path '/nix/store/r2csvp4yfqdvj4nckm4gw3z7vj3z8s0m-stdenv-linux.drv' to 'ssh-ng://j_kro@sentry'...
copying path '/nix/store/aly2szncrfr56b9x7k4jscsiwv593kb1-mingw-w64-x86_64-w64-mingw32-14.0.0.drv' to 'ssh-ng://j_kro@sentry'...
copying path '/nix/store/dvph33j49fccz1v64ja4kwsv5zxab6xv-meson-1.10.2.drv' to 'ssh-ng://j_kro@sentry'...
copying path '/nix/store/gjhl72m8fq75gjbvyyvh52bd1nip4jin-dlltool.drv' to 'ssh-ng://j_kro@sentry'...
copying path '/nix/store/j9yqv3y4vh4nz1j1cyzkhbxmrzsrfqdy-source.drv' to 'ssh-ng://j_kro@sentry'...
copying path '/nix/store/sc29bpxmh495q3n9378a056s4ndn1j2w-x86_64-w64-mingw32-binutils-wrapper-2.46.drv' to 'ssh-ng://j_kro@sentry'...
copying path '/nix/store/dm6yr4prcam1sp5j61s3qdgfmm6sw3zr-x86_64-w64-mingw32-nolibc-gcc-wrapper-15.3.0.drv' to 'ssh-ng://j_kro@sentry'...
copying path '/nix/store/vbfb8mhzw6b02c8pgjcy6p81j97bkhpn-stdenv-linux.drv' to 'ssh-ng://j_kro@sentry'...
copying path '/nix/store/qvazf34jjyqmx8b2m0s0y7qan2y6h6ll-mcfgthread-x86_64-w64-mingw32-2.4.2.drv' to 'ssh-ng://j_kro@sentry'...
copying path '/nix/store/9hdjxshlpvz3xxl9292f0p2xrmhz774k-x86_64-w64-mingw32-gcc-15.3.0.drv' to 'ssh-ng://j_kro@sentry'...
copying path '/nix/store/prvvjxrlg5i2ib86d8j3hv73myqf2r6x-win-dll-hook.sh.drv' to 'ssh-ng://j_kro@sentry'...
copying path '/nix/store/dp7y5059lg64ijd29imirnvsfv19diwy-x86_64-w64-mingw32-gcc-wrapper-15.3.0.drv' to 'ssh-ng://j_kro@sentry'...
copying path '/nix/store/j6d9x6g9xh0b0qlr0150p2bfdvys9p42-source.drv' to 'ssh-ng://j_kro@sentry'...
copying path '/nix/store/d83lblg2j59a5hxm1klpin1vicdw3gpl-heroic-epic-integration-0.4.drv' to 'ssh-ng://j_kro@sentry'...
copying path '/nix/store/mn9g0zs828y8l5p3rr3vxsdivs92x90b-source.drv' to 'ssh-ng://j_kro@sentry'...
copying path '/nix/store/99p40lxzyc5mds2y6ab7jyj07sczqfkx-vulkan-helper-0-unstable-2023-12-22-vendor-staging.drv' to 'ssh-ng://j_kro@sentry'...
copying path '/nix/store/mjrs3skbn5nv93fpqz4k3ls6iqxyc27b-vulkan-helper-0-unstable-2023-12-22-vendor.drv' to 'ssh-ng://j_kro@sentry'...
copying path '/nix/store/ivlcz4cylzicw7c3n6shglhjxgjhd2y6-vulkan-helper-0-unstable-2023-12-22.drv' to 'ssh-ng://j_kro@sentry'...
copying path '/nix/store/hvr6yzhcb5whfg4rmv9mss4idizwlm64-pnpm-fixup-state-db-1.0.0-npm-deps.drv' to 'ssh-ng://j_kro@sentry'...
copying path '/nix/store/j7m305k6dkbaf0mkz70hfbmf5yqpsika-nodejs-slim-24.18.0-source.drv' to 'ssh-ng://j_kro@sentry'...
copying path '/nix/store/nii5q0iywgj0zpj5hazj64c58xwjmal2-npm-config-hook.drv' to 'ssh-ng://j_kro@sentry'...
copying path '/nix/store/iaj0yi40lkprwai4fbza6craf6zlyz7r-nodejs-install-executables.drv' to 'ssh-ng://j_kro@sentry'...
copying path '/nix/store/zmpnpj0876gycb6k26inn3jx0i00cri2-npm-install-hook.drv' to 'ssh-ng://j_kro@sentry'...
copying path '/nix/store/50d6h25ldihg3mxp7bbjr5szrlyq6dbk-pnpm-fixup-state-db-1.0.0.drv' to 'ssh-ng://j_kro@sentry'...
copying path '/nix/store/ap462rysx0k5h532vb5vi2srrn3sw00r-Time-Duration-1.21.tar.gz.drv' to 'ssh-ng://j_kro@sentry'...
copying path '/nix/store/cfkhxfr8gvhdl9nilx3rpnqz8ha48d30-perl5.42.0-Time-Duration-1.21.drv' to 'ssh-ng://j_kro@sentry'...
copying path '/nix/store/yrljnzc9j8wx48bz8waxgcn4jzxadsmz-Readonly-2.05.tar.gz.drv' to 'ssh-ng://j_kro@sentry'...
copying path '/nix/store/dlz49frgnki0zz0q05v5ichqjn24cdgs-perl5.42.0-Readonly-2.05.drv' to 'ssh-ng://j_kro@sentry'...
copying path '/nix/store/fmy58qsckc4x179b0vdm1yd3hy779sb1-IPC-Run-20231003.0.tar.gz.drv' to 'ssh-ng://j_kro@sentry'...
copying path '/nix/store/m9b4gz3r77gzhfy482ifl7972719i13y-IO-Tty-1.20.tar.gz.drv' to 'ssh-ng://j_kro@sentry'...
copying path '/nix/store/wkfqqjm49yznspq948dpq7i6x0z096l9-perl5.42.0-IO-Tty-1.20.drv' to 'ssh-ng://j_kro@sentry'...
copying path '/nix/store/dym9fg2dq772j2k546mvi9x5vl6cbj9r-perl5.42.0-IPC-Run-20231003.0.drv' to 'ssh-ng://j_kro@sentry'...
copying path '/nix/store/5npd6wnkzf948d1mxmqp6nk10hpybh65-perl-5.42.0-env.drv' to 'ssh-ng://j_kro@sentry'...
copying path '/nix/store/dhii4knf9pnlgbhqxzpqw5nlf1k6b75g-moreutils.drv' to 'ssh-ng://j_kro@sentry'...
copying path '/nix/store/jq70qf6xz561g7ilqqixrnnf1igmqkja-moreutils-0.70.drv' to 'ssh-ng://j_kro@sentry'...
copying path '/nix/store/ll01gl7k9vw5vybmxng7b5lmav67n9g1-source.drv' to 'ssh-ng://j_kro@sentry'...
copying path '/nix/store/ldlri1hp3gbpny3mxzmdivwpc46prhjf-heroic-unwrapped-pnpm-deps.drv' to 'ssh-ng://j_kro@sentry'...
copying path '/nix/store/4ddxfxc31hkiqss5c7694h3pg94k980g-source.drv' to 'ssh-ng://j_kro@sentry'...
copying path '/nix/store/8z48bd08f5n7l34a8z82j2dwvkc05azg-source.drv' to 'ssh-ng://j_kro@sentry'...
copying path '/nix/store/asqbf1a72jl3zdydkfyd1anjjc5q73vx-python3.14-json5-0.13.0.drv' to 'ssh-ng://j_kro@sentry'...
copying path '/nix/store/m7w5nwvycs116r1g021dhbzghhq04fk7-nile-1.2.0.drv' to 'ssh-ng://j_kro@sentry'...
copying path '/nix/store/s7m8gwd8kwji9y37wqmn98gxnrs4j67b-source.drv' to 'ssh-ng://j_kro@sentry'...
copying path '/nix/store/4phs67v74iyjgqp8dqln5i1lvgfmzfam-comet-gog-0.2.0-vendor-staging.drv' to 'ssh-ng://j_kro@sentry'...
copying path '/nix/store/q3yq2cvhq9iqx66giwm0gl2nvvccashg-comet-gog-0.2.0-vendor.drv' to 'ssh-ng://j_kro@sentry'...
copying path '/nix/store/naf79f4dwc4a9yrbkkjqn7gvqjq61hsc-comet-gog-0.2.0.drv' to 'ssh-ng://j_kro@sentry'...
copying path '/nix/store/zjxp7fpl313f8h25796qxayxqqzb8nqq-galaxy-dummy-service-0.2.0.drv' to 'ssh-ng://j_kro@sentry'...
copying path '/nix/store/9jnmrnjxrgf9nxnnj12j180nngqwkx33-heroic-unwrapped-2.22.0.drv' to 'ssh-ng://j_kro@sentry'...
copying path '/nix/store/pf4kpi0ycx6a5hx4ljh5xpcwim8s9z63-heroic-2.22.0-fhsenv-profile.drv' to 'ssh-ng://j_kro@sentry'...
copying path '/nix/store/3vqycq57vf0637famg4w8rcds88klvia-heroic-2.22.0-fhsenv-rootfs.drv' to 'ssh-ng://j_kro@sentry'...
copying path '/nix/store/hsdfh2qjisdv9fwdwj6nw3v6q4rpj4n4-source.drv' to 'ssh-ng://j_kro@sentry'...
copying path '/nix/store/vnajj5bmbydx1jdy9ajd890rpchlpzpv-source.drv' to 'ssh-ng://j_kro@sentry'...
copying path '/nix/store/ifk2ad52pqpzm5z0ybfab0jxpwy5z6gz-pugixml-1.16.drv' to 'ssh-ng://j_kro@sentry'...
copying path '/nix/store/3xpyh2f52bw7n75br7pzi23hygnss5w6-hyprwayland-scanner-0.4.6.drv' to 'ssh-ng://j_kro@sentry'...
copying path '/nix/store/416qys8c4pwlv0ikpsdpjy4vh5v9qvxn-qmake6-hook.drv' to 'ssh-ng://j_kro@sentry'...
copying path '/nix/store/428pcgklb2ipjjmmbcvzlg94l210bf0k-Fix-build-with-Qt-6.10.drv' to 'ssh-ng://j_kro@sentry'...
copying path '/nix/store/6f3xwl6139nrv6zyn403qwkbp44vnddj-source.drv' to 'ssh-ng://j_kro@sentry'...
copying path '/nix/store/7qpcav3dgsc8i28p2ynj0c6x4jamdw2h-rpm-4.20.1.tar.bz2.drv' to 'ssh-ng://j_kro@sentry'...
copying path '/nix/store/iiglyksb3gflfmcanmmy6vxkx9dpikl4-gnupg-2.4.9.tar.bz2.drv' to 'ssh-ng://j_kro@sentry'...
copying path '/nix/store/53j9n73c9zzndb8i5kwkg5dnnxf51pnb-libksba-1.8.0.tar.bz2.drv' to 'ssh-ng://j_kro@sentry'...
copying path '/nix/store/imlx18j4m8h174avn29s2rfwabvws0vg-libksba-1.8.0.drv' to 'ssh-ng://j_kro@sentry'...
copying path '/nix/store/jknqj0m0rkixkjiz1c7jm1hia2in9w2n-source.drv' to 'ssh-ng://j_kro@sentry'...
copying path '/nix/store/lcgx3nx0b03dm9a3fnvylidybv9dkicz-npth-1.8.tar.bz2.drv' to 'ssh-ng://j_kro@sentry'...
copying path '/nix/store/kwff3sx3w1np2lyrdcpdyh364pali7y5-npth-1.8.drv' to 'ssh-ng://j_kro@sentry'...
copying path '/nix/store/j3l04s9gkx704szgsnshdnsqnfgc5xam-libassuan-3.0.2.tar.bz2.drv' to 'ssh-ng://j_kro@sentry'...
copying path '/nix/store/y58v2cdfsmg3xsh1bwikg10ib5518v2b-libassuan-3.0.2.drv' to 'ssh-ng://j_kro@sentry'...
copying path '/nix/store/lzh61wfqcqkidaqbgb5ads7jk3x6xxnz-adns-1.6.1.tar.gz.drv' to 'ssh-ng://j_kro@sentry'...
copying path '/nix/store/ybj7s5rhqarmbz7fvv8l01ycxwzirzna-adns-1.6.1.drv' to 'ssh-ng://j_kro@sentry'...
copying path '/nix/store/gdnm3knrwhiyvgklc3w9h6yr0jr11gl6-gnupg-2.4.9.drv' to 'ssh-ng://j_kro@sentry'...
copying path '/nix/store/alm6dppddm4p560f2mq16psmim1zcliw-source.drv' to 'ssh-ng://j_kro@sentry'...
copying path '/nix/store/lzz00h6h8iz0z54pjcdph5zfgr7qfn1n-rpm-sequoia-1.10.0-vendor-staging.drv' to 'ssh-ng://j_kro@sentry'...
copying path '/nix/store/vnppl7065jyhymq5k363a011q76pqhhg-rpm-sequoia-1.10.0-vendor.drv' to 'ssh-ng://j_kro@sentry'...
copying path '/nix/store/zldnahz8dkvyrdrd2kj6qzvfllv7ksyy-rpm-sequoia-1.10.0.drv' to 'ssh-ng://j_kro@sentry'...
copying path '/nix/store/bbranaappc88nr7y004in4aiff13ndfn-rpm-4.20.1.drv' to 'ssh-ng://j_kro@sentry'...
copying path '/nix/store/i1zvrvbvnv8cs8h0gq284v5r4dbsv8q6-source.drv' to 'ssh-ng://j_kro@sentry'...
copying path '/nix/store/mxbis9dkhd6wv7bf9cc1yxyilw0l8lzk-d1a4256b3a019117f2bb6cb8c63d6367aaf512e2.patch.drv' to 'ssh-ng://j_kro@sentry'...
copying path '/nix/store/54b6aqrqn4fidwhzjx012bgxr728b1s6-bullet-3.25.drv' to 'ssh-ng://j_kro@sentry'...
copying path '/nix/store/6bqjgbcqysc4a4hvc5gs6fn3f7bcmn53-efl-1.28.1.tar.xz.drv' to 'ssh-ng://j_kro@sentry'...
copying path '/nix/store/ddhq2629q1bmz2mf485byqvs2nwzmzkm-libspectre-0.2.12.drv' to 'ssh-ng://j_kro@sentry'...
copying path '/nix/store/i01qlhv8rzhs5fjvqwqklzkyd9a8hi8r-setupHook.sh.drv' to 'ssh-ng://j_kro@sentry'...
copying path '/nix/store/8d348bdybfv0rqzarr8ckgv478jj3c2w-source.drv' to 'ssh-ng://j_kro@sentry'...
copying path '/nix/store/jfbsbngjwpqxhz3l7d0n4in049hz9b7p-libraw-0.22.1.drv' to 'ssh-ng://j_kro@sentry'...
copying path '/nix/store/varw4wwrib5ixxpzsxvnj35rxccvscmj-unicode-emoji-sequences-17.0.0.drv' to 'ssh-ng://j_kro@sentry'...
copying path '/nix/store/xlavfn95s15ykmr139k7bzp2k339c6n6-unicode-emoji-zwj-sequences-17.0.0.drv' to 'ssh-ng://j_kro@sentry'...
copying path '/nix/store/gfa5w9kqbrma1yiv7saj0b8jiskcxy3f-unicode-emoji-17.0.0.drv' to 'ssh-ng://j_kro@sentry'...
copying path '/nix/store/y19id5k9kf5v9ij0ik5zsp6qvkgzjrdc-unicode-character-database-17.0.0.drv' to 'ssh-ng://j_kro@sentry'...
copying path '/nix/store/qzfw1g8y9f2rqwwj8xcrixin4825xrra-ibus-1.5.34.drv' to 'ssh-ng://j_kro@sentry'...
copying path '/nix/store/xcpmhdk23cgfjnld3bj412bxyapn00jm-humanity-icon-theme_0.6.16.tar.xz.drv' to 'ssh-ng://j_kro@sentry'...
copying path '/nix/store/gbrc5dnpmm5jqhp0bqnsd763kg7qdpnv-humanity-icon-theme-0.6.16.drv' to 'ssh-ng://j_kro@sentry'...
copying path '/nix/store/lw5cw361ps3895v6ri76v3zc6phvsah6-source.drv' to 'ssh-ng://j_kro@sentry'...
copying path '/nix/store/snvnjljw3i45qlgninjv83kqs5n5hkd8-mint-x-icons-1.7.6.drv' to 'ssh-ng://j_kro@sentry'...
copying path '/nix/store/5rwpgvy21wfxb2w6qsk4x73cdvrq9qhj-source.drv' to 'ssh-ng://j_kro@sentry'...
copying path '/nix/store/vqwlq7c7l4ah51xsd2ckm3mff6m692yb-pyudev-0.24.4.tar.gz.drv' to 'ssh-ng://j_kro@sentry'...
copying path '/nix/store/7213mn8dnj9hjyiy3sbbqrwrv6xcbmhh-python3.14-pyudev-0.24.4.drv' to 'ssh-ng://j_kro@sentry'...
copying path '/nix/store/c02ldrqq4azw4cxg0w5ap5xahwbckbmh-libevdev-0.13.1.tar.gz.drv' to 'ssh-ng://j_kro@sentry'...
copying path '/nix/store/x423hy8xdl60zdr58zhv0dxky6b6w3ak-fix-paths.patch.drv' to 'ssh-ng://j_kro@sentry'...
copying path '/nix/store/pd64agcp0rqd1qjd5r1q7if2f3h820gm-python3.14-libevdev-0.13.1.drv' to 'ssh-ng://j_kro@sentry'...
copying path '/nix/store/jqmljdzjd1i6s9p9g3szw0fgh1q5c0n4-python3-3.14.6-env.drv' to 'ssh-ng://j_kro@sentry'...
copying path '/nix/store/ajix593wk1anzfz2x3s25qm8g73nlv4j-libwacom-2.19.1.drv' to 'ssh-ng://j_kro@sentry'...
copying path '/nix/store/s1bz1jjrcl4lslnziry9cqc7km1avdgg-python3-3.14.6-env.drv' to 'ssh-ng://j_kro@sentry'...
copying path '/nix/store/wxszacq172482z7zk4gl7mp2wbhdm4x5-libinput-1.31.3.drv' to 'ssh-ng://j_kro@sentry'...
copying path '/nix/store/ib94ycmh7d730ijbpadanbfwvw90i54f-efl-1.28.1.drv' to 'ssh-ng://j_kro@sentry'...
copying path '/nix/store/iknlwr0955npgizhpgr900i7ky0c6rxq-source.drv' to 'ssh-ng://j_kro@sentry'...
copying path '/nix/store/l87q518kz7xj4gkkfnm7ic1jhwwqsjbk-chafa-1.18.2.drv' to 'ssh-ng://j_kro@sentry'...
copying path '/nix/store/561ixl9qqphhpi3kw82893jpi253wbc1-6fb72fda0f60d9efb591e320f83f78b19ec451cc.patch?full_index=1.drv' to 'ssh-ng://j_kro@sentry'...
copying path '/nix/store/vy6k76q1p2nnd46hsf5cpg8c030x46ww-nfs-utils-2.9.1.tar.xz.drv' to 'ssh-ng://j_kro@sentry'...
copying path '/nix/store/c676zd5b7c3m50cmjiz78kj10ccagiqr-nfs-utils-2.9.1.drv' to 'ssh-ng://j_kro@sentry'...
copying path '/nix/store/y44dmr4xibcs93b4g1ihhyys102k226v-source.drv' to 'ssh-ng://j_kro@sentry'...
copying path '/nix/store/d401pj8b98q6cl8ivm4yw92jgc7a7xqb-sysstat-12.7.7.drv' to 'ssh-ng://j_kro@sentry'...
copying path '/nix/store/kvy406j8mqc9m3xgzjkcz96a6x7gw11g-source.drv' to 'ssh-ng://j_kro@sentry'...
copying path '/nix/store/8wnsj4nfppv82z5vpfgg9a5nv58bjcdp-source.drv' to 'ssh-ng://j_kro@sentry'...
copying path '/nix/store/h274szwm0zivdzlbj3vscz748i956aky-source.drv' to 'ssh-ng://j_kro@sentry'...
copying path '/nix/store/yaxqb46mfqs1w2431ffzvwkbn62b7vy7-smartmontools-7.5.drv' to 'ssh-ng://j_kro@sentry'...
copying path '/nix/store/yh57bxldz01786xgc4i6bf86jhi1gzrs-zfs-user-2.4.3.drv' to 'ssh-ng://j_kro@sentry'...
copying path '/nix/store/c6aaj614md1ldr62g2dzm0pngjjy6hfb-source.drv' to 'ssh-ng://j_kro@sentry'...
copying path '/nix/store/cg0ikknaj5ygn4i927l3n9r9b7nx8v6s-potrace-1.16.tar.gz.drv' to 'ssh-ng://j_kro@sentry'...
copying path '/nix/store/qvwm810gcdh51f74xp584ws19ipxc7iy-potrace-1.16.drv' to 'ssh-ng://j_kro@sentry'...
copying path '/nix/store/wlx70zg61p2baik1ny9sl8j47vwcwz65-liblqr-1-0.4.3.drv' to 'ssh-ng://j_kro@sentry'...
copying path '/nix/store/cw2jan1zsk2dmxv3h3v3v6i2b530rksr-gtest.patch.drv' to 'ssh-ng://j_kro@sentry'...
copying path '/nix/store/h8qliqvly4zy5d7dsj9zq6pprr3f9y1n-remove-platform-and-detection-logic.patch' to 'ssh-ng://j_kro@sentry'...
copying path '/nix/store/i5y9vl1im12xbpwvccapna4k7vbxpkxy-source.drv' to 'ssh-ng://j_kro@sentry'...
copying path '/nix/store/k7v8vfwzd121q78hlmvw938i61c3yqwy-5fa99b5271a3c80a13c78062d7adc6310222dd8e.patch.drv' to 'ssh-ng://j_kro@sentry'...
copying path '/nix/store/ynx5pqqcl43p8cyg3s83j87w80rb2flc-libultrahdr-1.4.0.drv' to 'ssh-ng://j_kro@sentry'...
copying path '/nix/store/zxkwivggps9xwi967kf8a8i6bkkqk89q-imagemagick-7.1.2-27.drv' to 'ssh-ng://j_kro@sentry'...
copying path '/nix/store/8dgklv3a73m8b2zqz7mzwik7nylynk5h-fastfetch-unwrapped-2.66.0.drv' to 'ssh-ng://j_kro@sentry'...
copying path '/nix/store/45p19ckd4g8wfan3cq0ql61c3j626afl-fastfetch-2.66.0.drv' to 'ssh-ng://j_kro@sentry'...
copying path '/nix/store/l8v8gl7lar0h9m8qg2ds7f8qh65nzjc7-qtwebview-everywhere-src-6.11.1.tar.xz.drv' to 'ssh-ng://j_kro@sentry'...
copying path '/nix/store/dp5xa1xkb10j92nnvffy21g3ir5v77j7-source.drv' to 'ssh-ng://j_kro@sentry'...
copying path '/nix/store/9f175438amrmb71ksj7l3jwll2s8basl-jsoncpp-1.9.8.drv' to 'ssh-ng://j_kro@sentry'...
copying path '/nix/store/qar80mq8fz1f2k6v5kqqbrgbmybc8hrc-qtserialport-everywhere-src-6.11.1.tar.xz.drv' to 'ssh-ng://j_kro@sentry'...
copying path '/nix/store/gqkaz4hsqi5pp1xpy4bdcch9mlqaj1ii-qtserialport-6.11.1.drv' to 'ssh-ng://j_kro@sentry'...
copying path '/nix/store/v79dc5x0r3km08w1acvi02zdbhl9gd54-qtpositioning-everywhere-src-6.11.1.tar.xz.drv' to 'ssh-ng://j_kro@sentry'...
copying path '/nix/store/cwl89ibzas5vdcwndjwq0rwbs3xlrmy3-qtpositioning-6.11.1.drv' to 'ssh-ng://j_kro@sentry'...
copying path '/nix/store/hx9c0ylm8hzsl9msm211qwmyzciy28l8-qtwebengine-everywhere-src-6.11.1.tar.xz.drv' to 'ssh-ng://j_kro@sentry'...
copying path '/nix/store/pm65jhmdxhrk8b49mil8g6hxbrlx7nq4-python3-3.14.6-env.drv' to 'ssh-ng://j_kro@sentry'...
copying path '/nix/store/l8y1gyk3sj8x1ajmcsmap88p1vp315br-qtwebengine-6.11.1.drv' to 'ssh-ng://j_kro@sentry'...
copying path '/nix/store/483r6a9lp0c5rs1b3gb61rhxa5pmpkdk-qtwebview-6.11.1.drv' to 'ssh-ng://j_kro@sentry'...
copying path '/nix/store/48w8jysdsmrdxvyw78z4xfzqcp64yxzv-source.drv' to 'ssh-ng://j_kro@sentry'...
copying path '/nix/store/54j094v1ixii6wzy3z3d74hcg24rhqdb-source.drv' to 'ssh-ng://j_kro@sentry'...
copying path '/nix/store/s7gki4k4ygpvvy9pd0253bbx9hj2plkm-ufonormalizer-0.6.2.zip.drv' to 'ssh-ng://j_kro@sentry'...
copying path '/nix/store/6vww7g5r1jv7rs60sysnb5zxyfw581nj-python3.14-ufonormalizer-0.6.2.drv' to 'ssh-ng://j_kro@sentry'...
copying path '/nix/store/ncypbw9z7gjr08pghjq41qjfca1b0cy0-tqdm-4.68.4.tar.gz.drv' to 'ssh-ng://j_kro@sentry'...
copying path '/nix/store/92jvlly05161b7yhavnm9rggbcd6rik8-python3.14-tqdm-4.68.4.drv' to 'ssh-ng://j_kro@sentry'...
copying path '/nix/store/xy97v6zn3jnmfcgbx5kbc0mnq9ic3kai-source.drv' to 'ssh-ng://j_kro@sentry'...
copying path '/nix/store/rxnbzwlijmlxxq7d0k7nmrz4301z6ird-python3.14-pytest-subprocess-1.6.0.drv' to 'ssh-ng://j_kro@sentry'...
copying path '/nix/store/6a08zc4jkqs05aadbz08n7zr3xpalbqf-source.drv' to 'ssh-ng://j_kro@sentry'...
copying path '/nix/store/4w62nprkfblkww4ca4r4dh9y9s8a375m-python3.14-msgspec-0.21.1.drv' to 'ssh-ng://j_kro@sentry'...
copying path '/nix/store/frdrm3rhs3hq6d518dvhji6ypjk9scyy-ujson-5.13.0.tar.gz.drv' to 'ssh-ng://j_kro@sentry'...
copying path '/nix/store/d3fscqmfq01zwnhrnyqyfkqis7knygkp-python3.14-ujson-5.13.0.drv' to 'ssh-ng://j_kro@sentry'...
copying path '/nix/store/j8cvhpq0yd77br99fq9b0rnba5y5mfmd-source.drv' to 'ssh-ng://j_kro@sentry'...
copying path '/nix/store/f4kbkhlv7d0h718f4gxzwwi5wrv49609-source.drv' to 'ssh-ng://j_kro@sentry'...
copying path '/nix/store/y07ixz66lw98qg4pmi53v6wrcpqgdxcd-python3.14-hatch-requirements-txt-0.4.1.drv' to 'ssh-ng://j_kro@sentry'...
copying path '/nix/store/rpllvr4azja43m5zfffq5n2dfxvfksrb-python3.14-pymongo-4.17.0.drv' to 'ssh-ng://j_kro@sentry'...
copying path '/nix/store/n3clsxhwrwknjsrfpc3q8iww1z040l87-python3.14-motor-3.7.1.drv' to 'ssh-ng://j_kro@sentry'...
copying path '/nix/store/616yy84svsbvhbzl69b8mbnfcxwk8pa9-source.drv' to 'ssh-ng://j_kro@sentry'...
copying path '/nix/store/rh7bkf1kinrrv8yydaalmyx1ywdp8bj2-python3.14-immutables-0.21.drv' to 'ssh-ng://j_kro@sentry'...
copying path '/nix/store/xxxpw3kf1xjchim7kh40m5gpx7lag50a-python3.14-msgpack-1.2.1.drv' to 'ssh-ng://j_kro@sentry'...
copying path '/nix/store/xxdmggsnwfz358920wck009zdf4y7j0l-python3.14-cattrs-26.1.0.drv' to 'ssh-ng://j_kro@sentry'...
copying path '/nix/store/bdsirzscrzhxgwwnjmjn95065q4aqahy-python3.14-scikit-build-core-1.0.2.drv' to 'ssh-ng://j_kro@sentry'...
copying path '/nix/store/byw646avs2ghy30irwa3yspclmh6qbg2-dont-fetch-third-party-libs.patch' to 'ssh-ng://j_kro@sentry'...
copying path '/nix/store/gxvwz5gcmjfm3p6lnrckg0c1n98qinng-use-dynamic-system-antlr4-runtime.patch' to 'ssh-ng://j_kro@sentry'...
copying path '/nix/store/whfj2yh3ylxrrhhhn7qmws66xbklwy1v-source.drv' to 'ssh-ng://j_kro@sentry'...
copying path '/nix/store/p9al9ghmpjzjbyj69rk9ylqmha7mdv9m-antlr-runtime-cpp-4.13.2.drv' to 'ssh-ng://j_kro@sentry'...
copying path '/nix/store/4ccdsss9xhkl08kfwmjmlz64fg04qa5s-MutatorMath-3.0.1.zip.drv' to 'ssh-ng://j_kro@sentry'...
copying path '/nix/store/l4jq4v1h226kj9ywn8r7nx5j8xg08y37-python3.14-mutatormath-3.0.1.drv' to 'ssh-ng://j_kro@sentry'...
copying path '/nix/store/zv835y46ya5x8bphf7zqggn2qlbwnkli-python3.14-ufoprocessor-1.14.1.drv' to 'ssh-ng://j_kro@sentry'...
copying path '/nix/store/zzb1i13j8671g22cwk44pnxpdgs1dkjj-source.drv' to 'ssh-ng://j_kro@sentry'...
copying path '/nix/store/715ndrm7mnq1w2vdy13m2ryyn3yydqh9-python3.14-afdko-5.0.1.drv' to 'ssh-ng://j_kro@sentry'...
copying path '/nix/store/phv18cd8nl1li780aaknnx41bwfdha95-source.drv' to 'ssh-ng://j_kro@sentry'...
copying path '/nix/store/7x9nczddqsqkr2pl53lb897k06p94vxi-python3.14-psautohint-2.4.0.drv' to 'ssh-ng://j_kro@sentry'...
copying path '/nix/store/gvx8pj7zf9pqczafkvm11ip80j54yiy6-scour-0.38.2.tar.gz.drv' to 'ssh-ng://j_kro@sentry'...
copying path '/nix/store/k3dmxpyllkhlih1lkagj7qqlan7m6c6k-python3.14-scour-0.38.2.drv' to 'ssh-ng://j_kro@sentry'...
copying path '/nix/store/6ls4h9zhq01zwlmr3a87wdiry0wpa9pj-python3.14-types-python-dateutil-2.9.0.20251115.drv' to 'ssh-ng://j_kro@sentry'...
copying path '/nix/store/hp8rp38iyf8a1c4vxm33z3ds2vq893ch-python3.14-simplejson-4.1.1.drv' to 'ssh-ng://j_kro@sentry'...
copying path '/nix/store/6fivnn5lhfk4zsk1zqhpj0vf1lgq3064-python3.14-arrow-1.4.0.drv' to 'ssh-ng://j_kro@sentry'...
copying path '/nix/store/ycw0klzdyw5vjzgw7ibahi8f5fmyhhns-source.drv' to 'ssh-ng://j_kro@sentry'...
copying path '/nix/store/hcpk0cd7zh0dv75r3pvagylz90gdayfi-python3.14-lz4-4.4.5.drv' to 'ssh-ng://j_kro@sentry'...
copying path '/nix/store/nj4cch6qwdqfjbwlakp2hf2yrw29lpqv-source.drv' to 'ssh-ng://j_kro@sentry'...
copying path '/nix/store/f1vpjfjlv9h1hzkxwb3fmlkxf3qpr7ml-python3.14-construct-2.10.70.drv' to 'ssh-ng://j_kro@sentry'...
copying path '/nix/store/pf0vqrfii7b4zhjmgr2b6vl91jbls7vl-brotlipy-0.7.0.tar.gz.drv' to 'ssh-ng://j_kro@sentry'...
copying path '/nix/store/xv0v8j6lhrbgcs260pp2narv38mcjm9p-python3.14-brotlipy-0.7.0.drv' to 'ssh-ng://j_kro@sentry'...
copying path '/nix/store/735k8nn6qwdjcgk36k4pm1j1y8fazvgp-nototools-0.3.2.drv' to 'ssh-ng://j_kro@sentry'...
copying path '/nix/store/c6bsy1q7h51fqyb5dc491v298jncrzq3-source.drv' to 'ssh-ng://j_kro@sentry'...
copying path '/nix/store/499qmhs73a9843q0qvxzaz4z2k0zq7sq-noto-fonts-color-emoji-2.051.drv' to 'ssh-ng://j_kro@sentry'...
copying path '/nix/store/4f9307zzzhrsd1yw5bl7bz4gx8k52rwf-instruments.tar.gz.drv' to 'ssh-ng://j_kro@sentry'...
copying path '/nix/store/4ixhc35s0nnyknzam28wbkqvp9fm2x1g-dufs-0.46.0-vendor-staging.drv' to 'ssh-ng://j_kro@sentry'...
copying path '/nix/store/4ms3vvjjv03bg6lgch6s6p9g7dyz91rj-source.drv' to 'ssh-ng://j_kro@sentry'...
copying path '/nix/store/4rmdbr8gvj3dhr9yhp90q5hdkf6zkkyq-source.drv' to 'ssh-ng://j_kro@sentry'...
copying path '/nix/store/nk1pmxx5xsi0zlps06z9ahmqlrjymzhi-source.drv' to 'ssh-ng://j_kro@sentry'...
copying path '/nix/store/4s7lp1dwc2mg7ign21802bvizbrm46s4-libXNVCtrl-595.84.drv' to 'ssh-ng://j_kro@sentry'...
copying path '/nix/store/4x0i77irrzjmd95kr2qdgi8ipvyg9qzc-qtdatavis3d-everywhere-src-6.11.1.tar.xz.drv' to 'ssh-ng://j_kro@sentry'...
copying path '/nix/store/537dfjyl4h28hwnl54kmk6cs94zf8zk4-source.drv' to 'ssh-ng://j_kro@sentry'...
copying path '/nix/store/hzbhiqvipk38gagl4iq899gvc6z4sgk0-source.drv' to 'ssh-ng://j_kro@sentry'...
copying path '/nix/store/rd66ci5vyyyplsdpahhi3yz06a7pgnw6-fd-10.4.2-vendor-staging.drv' to 'ssh-ng://j_kro@sentry'...
copying path '/nix/store/566w42djca67xsck5m4wp3cvndxs10x8-fd-10.4.2-vendor.drv' to 'ssh-ng://j_kro@sentry'...
copying path '/nix/store/isc2yz6h8pa5glycm7rdk2wg1c6x48n6-source.drv' to 'ssh-ng://j_kro@sentry'...
copying path '/nix/store/57d4y9z9w98laiq30g7fjnl723mymlgr-slurp-1.5.0.drv' to 'ssh-ng://j_kro@sentry'...
copying path '/nix/store/hvwxwbmk4xskiax4zrh65qv9w3ii7wis-source.drv' to 'ssh-ng://j_kro@sentry'...
copying path '/nix/store/hqas1k5v6qs49izynx9bhv9s82ykxpvi-du-dust-1.2.4-vendor-staging.drv' to 'ssh-ng://j_kro@sentry'...
copying path '/nix/store/58cmclxj46rngjkrvbj92a2g3blxqqg4-du-dust-1.2.4-vendor.drv' to 'ssh-ng://j_kro@sentry'...
copying path '/nix/store/58dvnn7wp0d2bi9sr6hlf6iyja9msfvg-source.drv' to 'ssh-ng://j_kro@sentry'...
copying path '/nix/store/5956v72wbz9dkjwniy16y0qgc4wf5aw5-extract-binary-wrapper-cmd.drv' to 'ssh-ng://j_kro@sentry'...
copying path '/nix/store/ggg1lassx6zc37bd1zfxhvsd57xxam12-source.drv' to 'ssh-ng://j_kro@sentry'...
copying path '/nix/store/7sd288j8p9h29kmwnp8ckyjzcp8fyir5-python3-3.14.6-env.drv' to 'ssh-ng://j_kro@sentry'...
copying path '/nix/store/jdnhdqviggc5110ypv3b1cvfn5iba8sb-breeze-icons-6.28.0.tar.xz.drv' to 'ssh-ng://j_kro@sentry'...
copying path '/nix/store/hvllxn211qq0jq0jzdzgbkdy2dk3zipw-breeze-icons-6.28.0.drv' to 'ssh-ng://j_kro@sentry'...
copying path '/nix/store/sl6nsfh2qmlmixkj72gl5mibpvpl60y6-source.drv' to 'ssh-ng://j_kro@sentry'...
copying path '/nix/store/ikjk4lk1xjvjizjm0alsz90f1skkmgs2-papirus-folders-1.14.0.drv' to 'ssh-ng://j_kro@sentry'...
copying path '/nix/store/5dcmcslhbdk3v72xyikn0p7jrwl1ydil-papirus-icon-theme-20250501.drv' to 'ssh-ng://j_kro@sentry'...
copying path '/nix/store/5fc47q61dqjlvkydh1midnxg1yfglfi5-source.drv' to 'ssh-ng://j_kro@sentry'...
copying path '/nix/store/spqhxh525vm2scgkizh8qn93hl8i9nqd-delta-0.19.2-vendor-staging.drv' to 'ssh-ng://j_kro@sentry'...
copying path '/nix/store/5gnpfad0yr48yd9rfm7msk0cfq4r2nns-delta-0.19.2-vendor.drv' to 'ssh-ng://j_kro@sentry'...
copying path '/nix/store/5jwsc68pbqcg7kihgi2w9brln728642k-source.drv' to 'ssh-ng://j_kro@sentry'...
copying path '/nix/store/5m2jhg3y2dwchfzfdx0qm0dh7991cblm-qtserialbus-everywhere-src-6.11.1.tar.xz.drv' to 'ssh-ng://j_kro@sentry'...
copying path '/nix/store/5n3hpzrpp2bldl2p3q132g8k5yr2y4mb-source.drv' to 'ssh-ng://j_kro@sentry'...
copying path '/nix/store/5q3gcvrcb1ka71p62nfvasgny9if6hkq-source.drv' to 'ssh-ng://j_kro@sentry'...
copying path '/nix/store/5r35695670hz7a09a954qi8s0wnm2n4q-cmark-gfm-0.29.0.gfm.13.drv' to 'ssh-ng://j_kro@sentry'...
copying path '/nix/store/in6y74nj3blcsa4sfzcy9h3b7dsfr7vw-source.drv' to 'ssh-ng://j_kro@sentry'...
copying path '/nix/store/96pcnfsya56qq9kwcxmsh1grvmxia45q-vkbasalt-0.3.2.10.drv' to 'ssh-ng://j_kro@sentry'...
copying path '/nix/store/5sj78h0k9scwzwc9gzwzv1rmknbnfbp9-vkbasalt-0.3.2.10.drv' to 'ssh-ng://j_kro@sentry'...
copying path '/nix/store/5xdg81xwh30xx34r37z55g974hv2br6w-babelfish-1.2.1.drv' to 'ssh-ng://j_kro@sentry'...
copying path '/nix/store/wvpfb4ayq188dm0lswrncg6h8vxbn06p-zoxide-0.10.0-vendor-staging.drv' to 'ssh-ng://j_kro@sentry'...
copying path '/nix/store/60sryr4ly3k92l0d5wr628iaabqxlck8-zoxide-0.10.0-vendor.drv' to 'ssh-ng://j_kro@sentry'...
copying path '/nix/store/94z9gr1xv7ialm9811ksdiddgp7s2fvz-SDL2_image-2.8.12.tar.gz.drv' to 'ssh-ng://j_kro@sentry'...
copying path '/nix/store/66xv18ymac60acpywqiwjw460lid3k5n-SDL2_image-2.8.12.drv' to 'ssh-ng://j_kro@sentry'...
copying path '/nix/store/srbxar1q06ri2gbhh5np80ccbf4svbrc-stylix-kde-config.drv' to 'ssh-ng://j_kro@sentry'...
copying path '/nix/store/67077w2iprzhz51p6hq1kdhaiccjp97i-hm-session-vars.sh.drv' to 'ssh-ng://j_kro@sentry'...
copying path '/nix/store/68m16csd3hpn22d3qg5n89wbnij08rhh-source.drv' to 'ssh-ng://j_kro@sentry'...
copying path '/nix/store/cy7w6w0w3dkkl88xyr7jqzjzlsh1za84-heroic-2.22.0-init.drv' to 'ssh-ng://j_kro@sentry'...
copying path '/nix/store/6grnl0v5ihy7kmp17k0m20nblb19k13q-heroic-2.22.0-bwrap.drv' to 'ssh-ng://j_kro@sentry'...
copying path '/nix/store/hd3zkchy60x1van39slympq7x1f3c47s-qttools-QT_HOST_DATA-refs.patch.drv' to 'ssh-ng://j_kro@sentry'...
copying path '/nix/store/6mzp36wh0xva72xbmawaqsy7wndzfbz9-qttools-5.15.19.drv' to 'ssh-ng://j_kro@sentry'...
copying path '/nix/store/6wb7lpz20yafdn8f6rg4wlqq6m323d3x-lua-5.5.0.tar.gz.drv' to 'ssh-ng://j_kro@sentry'...
copying path '/nix/store/6y908zkfhnk3z7fr08q5m9i3aqhjzhjw-source.drv' to 'ssh-ng://j_kro@sentry'...
copying path '/nix/store/76lg6q926gh99smbh8pf7bdd8fya4lja-source.drv' to 'ssh-ng://j_kro@sentry'...
copying path '/nix/store/i5vwckspld2k9zm6s6pghrm5bakl3ak0-source.drv' to 'ssh-ng://j_kro@sentry'...
copying path '/nix/store/78x015m577lgz6vx4g4p31xbll5mkq4k-wf-recorder-0.6.0.drv' to 'ssh-ng://j_kro@sentry'...
copying path '/nix/store/nzh6473mwc3ic716ddk07ypvlmld6kr7-source.drv' to 'ssh-ng://j_kro@sentry'...
copying path '/nix/store/7ayx79slkdchd7qz4cbn9xin3v827dwc-hyprland-qtutils-0.1.5.drv' to 'ssh-ng://j_kro@sentry'...
copying path '/nix/store/df8yqc8hjdpx4d9xgygaxrxb644c4lk5-qtquickcontrols-af7fc48.drv' to 'ssh-ng://j_kro@sentry'...
copying path '/nix/store/7dswhgl8d8s7m9i1fl6lhcxh6mipcpb3-qtquickcontrols-5.15.19.drv' to 'ssh-ng://j_kro@sentry'...
copying path '/nix/store/mh40ql850c5sdp7v5v5g8hyfy33ins33-source.drv' to 'ssh-ng://j_kro@sentry'...
copying path '/nix/store/sg7lb0vxnb8mvlc34jy9ig9mwkhq12dx-build-overwrite-already-existing-symlinks-during-ins.patch.drv' to 'ssh-ng://j_kro@sentry'...
copying path '/nix/store/y4knsqg07s8gc387r8lsa3qkwf7k8cwi-libutempter-1.2.3.drv' to 'ssh-ng://j_kro@sentry'...
copying path '/nix/store/7k7y3vi2nqwyyipy9nji32zcd8pgxicl-tmux-3.7b.drv' to 'ssh-ng://j_kro@sentry'...
copying path '/nix/store/gx9q8cnnxg2w4vmmkk63rjkjx75mf5w9-source.drv' to 'ssh-ng://j_kro@sentry'...
copying path '/nix/store/7qbardsybmjnchia3qcyxpd2fr978w1j-wl-clipboard-2.3.0.drv' to 'ssh-ng://j_kro@sentry'...
copying path '/nix/store/qgqn79i0i7phx8vsxxcg94ydn9dn2i0f-starship-1.26.0-vendor-staging.drv' to 'ssh-ng://j_kro@sentry'...
copying path '/nix/store/i65m10yds4kbc62yxyix2d6629j72l01-starship-1.26.0-vendor.drv' to 'ssh-ng://j_kro@sentry'...
copying path '/nix/store/7rc551mggkgni4vsr2b0fpszx7rlg21c-starship-1.26.0.drv' to 'ssh-ng://j_kro@sentry'...
copying path '/nix/store/7v25lgxav7n4fm3m1zmmlj7nd0ch9k50-qtdatavis3d-6.11.1.drv' to 'ssh-ng://j_kro@sentry'...
copying path '/nix/store/d763d3vs6dkifbnhzky79x61c6cflai0-fzf-0.74.1.drv' to 'ssh-ng://j_kro@sentry'...
copying path '/nix/store/7yra0j9gvidch02p852fhcqdvknlxpfa-zoxide-0.10.0.drv' to 'ssh-ng://j_kro@sentry'...
copying path '/nix/store/c6jqqa93z80f6ci3ic0f0yfipqv8msli-zen-twilight.desktop.drv' to 'ssh-ng://j_kro@sentry'...
copying path '/nix/store/gh9274xj61q29ag9y2nab1fy0m9izzga-source.drv' to 'ssh-ng://j_kro@sentry'...
copying path '/nix/store/iix3dn6q0if7rm03cnn7xrlhxdqraps6-firefox-policies.json.drv' to 'ssh-ng://j_kro@sentry'...
copying path '/nix/store/i9hd5wkyz7bxjic6amzrj7s6i9rwj459-source.drv' to 'ssh-ng://j_kro@sentry'...
copying path '/nix/store/zn2nc9zf32skcl4dzlksmyjzabk5jfdy-patchelf-0.18.0-unstable-2025-08-13.drv' to 'ssh-ng://j_kro@sentry'...
copying path '/nix/store/7z4kkpzzii2nrwxjsinhh2g3gjqfkc2z-zen-twilight-bin-unwrapped-1.22t.drv' to 'ssh-ng://j_kro@sentry'...
copying path '/nix/store/g6pqpijv2dg3i9qkazwl23jq1m18n84x-source.drv' to 'ssh-ng://j_kro@sentry'...
copying path '/nix/store/817y6fs6693q7xzfj1qa9hrmn4a6vzbi-niri-26.04-vendor-staging.drv' to 'ssh-ng://j_kro@sentry'...
copying path '/nix/store/svxnp6v5q5xw8g99p93b0l3rysqngpq9-TiMidity++-2.15.0.tar.bz2.drv' to 'ssh-ng://j_kro@sentry'...
copying path '/nix/store/d9x5y7d2b4zdasd382n0y6754y67gfiy-timidity-2.15.0.drv' to 'ssh-ng://j_kro@sentry'...
copying path '/nix/store/hfkn31fx89gl98cvwrawy4kficr45q6i-source.drv' to 'ssh-ng://j_kro@sentry'...
copying path '/nix/store/lxj4sjkjwyy4w42l0z54yiaz1jczggk8-libxmp-4.7.1.drv' to 'ssh-ng://j_kro@sentry'...
copying path '/nix/store/qbjlwmrvi0wlr1vidl2mbri5nl66x66w-smpeg2-unstable-2022-05-26.drv' to 'ssh-ng://j_kro@sentry'...
copying path '/nix/store/85n9k657dyckdzcjv7dl98b4xlnr3ajn-SDL2_mixer-2.8.2.drv' to 'ssh-ng://j_kro@sentry'...
copying path '/nix/store/88590ndk7nwnk14s0d51cdww1wvh76iz-dummy-xdg-mime-dirs1.drv' to 'ssh-ng://j_kro@sentry'...
copying path '/nix/store/8dkha4fwd9qvpamkn9xir98zcgfm889a-source.drv' to 'ssh-ng://j_kro@sentry'...
copying path '/nix/store/8k5qgcp6d4kdxwq38b8a932azssyfcff-source.drv' to 'ssh-ng://j_kro@sentry'...
copying path '/nix/store/8qx1mwhlqh3vyj953f8k0x0h3qqp9vcg-pyside-setup.drv' to 'ssh-ng://j_kro@sentry'...
copying path '/nix/store/m3r4c5czahw7shjfflmpr6gvbfd4ldy7-qtscxml-everywhere-src-6.11.1.tar.xz.drv' to 'ssh-ng://j_kro@sentry'...
copying path '/nix/store/8rx82z7bbn55mzpa2ngzx1frc5rmq3i5-qtscxml-6.11.1.drv' to 'ssh-ng://j_kro@sentry'...
copying path '/nix/store/8s4cf2qbd7a5dglad6nqydb2lmc5fg50-source.drv' to 'ssh-ng://j_kro@sentry'...
copying path '/nix/store/8ynw4r1g70ggl0170x7r2mdjj8hksyp7-source.drv' to 'ssh-ng://j_kro@sentry'...
copying path '/nix/store/ygclr1r896az9nhvkzb7knx764kw6ll1-qtremoteobjects-everywhere-src-6.11.1.tar.xz.drv' to 'ssh-ng://j_kro@sentry'...
copying path '/nix/store/929gp0sbd6a87ap45skf1a57rljq8qq9-qtremoteobjects-6.11.1.drv' to 'ssh-ng://j_kro@sentry'...
copying path '/nix/store/99sxb54fiysnbz663506xx8jxjayh3m9-qtnetworkauth-everywhere-src-6.11.1.tar.xz.drv' to 'ssh-ng://j_kro@sentry'...
copying path '/nix/store/9crwjwp5riq9iwzl1bqxwpc44mvm8fcn-gflags-2.3.0.drv' to 'ssh-ng://j_kro@sentry'...
copying path '/nix/store/9f2v4dkxgsi7p21cb8dw1vyd4lbzps13-kwindowsystem-6.28.0.tar.xz.drv' to 'ssh-ng://j_kro@sentry'...
copying path '/nix/store/fs7b4xl40gskxs233m53q0m8m3gk1h2x-source.drv' to 'ssh-ng://j_kro@sentry'...
copying path '/nix/store/vzmwy52992jh73c1br0xsvycmifal9im-01989083f9ee75a013c2654e760efd0a1dea4a68.patch.drv' to 'ssh-ng://j_kro@sentry'...
copying path '/nix/store/x0igq8sgk9x13bafs0i17r3ikskwirmn-kwindowsystem-6.28.0.drv' to 'ssh-ng://j_kro@sentry'...
copying path '/nix/store/9jpq5z23jmpi4fkpx2ryzbs01vx1ibps-qtstyleplugin-kvantum-1.1.8.drv' to 'ssh-ng://j_kro@sentry'...
copying path '/nix/store/9k14zhiw2xc7jm54hy1nlcbs85wcpssq-tl-expected-1.1.0.drv' to 'ssh-ng://j_kro@sentry'...
copying path '/nix/store/9l1v3aga2ybwk90wafzvmkfz75sbh9xr-toggle.drv' to 'ssh-ng://j_kro@sentry'...
copying path '/nix/store/9r5pdyx28zc2bxp9z6vh049gjy1vzrz1-source.drv' to 'ssh-ng://j_kro@sentry'...
copying path '/nix/store/a65kr3zf6pgpwg3xn29qy4gvg1m4zfhh-source.drv' to 'ssh-ng://j_kro@sentry'...
copying path '/nix/store/cprimmrqw96hwa6ia1qhkflywlhmabab-pv-1.11.0.tar.gz.drv' to 'ssh-ng://j_kro@sentry'...
copying path '/nix/store/vjyd18s350dg9a700b4y6kicp0smilc6-pv-1.11.0.drv' to 'ssh-ng://j_kro@sentry'...
copying path '/nix/store/zmiz0gb5660zfzr83wdvyw5cxjhcvrfl-squashfs-4.7.5.drv' to 'ssh-ng://j_kro@sentry'...
copying path '/nix/store/s3r2y6j7zry6yxyg417czygxxrh3i7c6-appimage-exec.sh.drv' to 'ssh-ng://j_kro@sentry'...
copying path '/nix/store/x7ailrycsdpbd2z731vjxzk0wdxmchib-linux.drv' to 'ssh-ng://j_kro@sentry'...
copying path '/nix/store/adv8p7qhi7csqhg1h66hkl4y37gj8i42-freebuff-desktop-0.0.42-extracted.drv' to 'ssh-ng://j_kro@sentry'...
copying path '/nix/store/fflb5d9vl1wgqv3555kvj3vi4dj2a6l5-source.drv' to 'ssh-ng://j_kro@sentry'...
copying path '/nix/store/m2l60hz3facww25mnagv8f2fiwfmwxz0-seatd-0.9.3.drv' to 'ssh-ng://j_kro@sentry'...
copying path '/nix/store/sliadrg7mxa8fnqvsdnnqck6j46qbwli-qt5compat-everywhere-src-6.11.1.tar.xz.drv' to 'ssh-ng://j_kro@sentry'...
copying path '/nix/store/hphfzrvf51xvnb5jiyv9kh23sx4ill11-qt5compat-6.11.1.drv' to 'ssh-ng://j_kro@sentry'...
copying path '/nix/store/dy2m0zf0b9vchh5p45z53ydbpdqq6dwk-v4l-utils-1.32.0.drv' to 'ssh-ng://j_kro@sentry'...
copying path '/nix/store/v3vslgfh9kxhvq3ng85cn876gl66zr1d-source.drv' to 'ssh-ng://j_kro@sentry'...
copying path '/nix/store/msdcb2021s76ncwrjhq9r8hgmys2z4rd-libdisplay-info-0.3.0.drv' to 'ssh-ng://j_kro@sentry'...
copying path '/nix/store/zb2ga5yzwsr149bjk6xr50hsbs4kydqb-niri-26.04-vendor.drv' to 'ssh-ng://j_kro@sentry'...
copying path '/nix/store/bdlyzfs0jn5pb9ay0gm581rqdx76y3ij-niri-26.04.drv' to 'ssh-ng://j_kro@sentry'...
copying path '/nix/store/m1806lygnyq0h4h6v6ycmdnb6jy1cccp-source.drv' to 'ssh-ng://j_kro@sentry'...
copying path '/nix/store/h8z8r90dyfskqgg7wxzccxf2ifcb2z0c-grim-1.5.0.drv' to 'ssh-ng://j_kro@sentry'...
copying path '/nix/store/bgacxy1c71dy47s2z4jma1jb6453w4hw-source.drv' to 'ssh-ng://j_kro@sentry'...
copying path '/nix/store/b7fllr6gvwi088yq5cbj8hqhqr9ihl6k-muparser-2.3.5.drv' to 'ssh-ng://j_kro@sentry'...
copying path '/nix/store/bdiaj8q7wqldfkqzp7aax0427bg91mf8-source.drv' to 'ssh-ng://j_kro@sentry'...
copying path '/nix/store/b457js7877q577jmdigxdggib19f2axz-source.drv' to 'ssh-ng://j_kro@sentry'...
copying path '/nix/store/ifqcksan78vcljz9ci5ijr7zirb33c6b-python3.14-structlog-26.1.0.drv' to 'ssh-ng://j_kro@sentry'...
copying path '/nix/store/calkm5rgnlwi5a8rq3llydq8yvfby75p-replace-safeconfigparser.patch.drv' to 'ssh-ng://j_kro@sentry'...
copying path '/nix/store/wvh350i2nsky1wip4wf42yxjmkzy56p2-source.drv' to 'ssh-ng://j_kro@sentry'...
copying path '/nix/store/mgvarl0dzalln0bar8ydc512air8a2bz-python3.14-strenum-0.4.15.drv' to 'ssh-ng://j_kro@sentry'...
copying path '/nix/store/ghzziqbh242n68k11gj5xd328pcsy4a6-pbap-client.drv' to 'ssh-ng://j_kro@sentry'...
copying path '/nix/store/zzjmzprm64yjpj4hli8pawd8mppj31n7-python3.14-python-dbusmock-0.37.2.drv' to 'ssh-ng://j_kro@sentry'...
copying path '/nix/store/k83znxj5rrmk0vj015icmxl2a6zw6m5y-python3-3.14.6-env.drv' to 'ssh-ng://j_kro@sentry'...
copying path '/nix/store/hagl3m171xj0q9z9366zys9ki8qcfk6s-libei-1.6.0.drv' to 'ssh-ng://j_kro@sentry'...
copying path '/nix/store/yq8yamlxj696wgpyv417wf0aixwiacs8-libxres-1.2.3.drv' to 'ssh-ng://j_kro@sentry'...
copying path '/nix/store/za2wpap49m2nb76my5396fk7j5nyydym-xwayland-24.1.13.tar.xz.drv' to 'ssh-ng://j_kro@sentry'...
copying path '/nix/store/j7han5i2gfqalq022rw9v26gxb1bjshp-source.drv' to 'ssh-ng://j_kro@sentry'...
copying path '/nix/store/my53icpk1j8x8vjj5npj6axdzs0bjaph-setup-hook.sh.drv' to 'ssh-ng://j_kro@sentry'...
copying path '/nix/store/ri90fhwqfrn05hw50ppk7cg7cvipk7fm-eglexternalplatform-1.2.1.drv' to 'ssh-ng://j_kro@sentry'...
copying path '/nix/store/zirwwgj1sm25x6yf3lgb9p3a6f25l97v-egl-wayland-1.1.21.drv' to 'ssh-ng://j_kro@sentry'...
copying path '/nix/store/bicvdzc0lf5h8sdgna2kj8xkpx417y2y-xwayland-24.1.13.drv' to 'ssh-ng://j_kro@sentry'...
copying path '/nix/store/rg4qmb9b1kfxs9vf82fsw144rk1scs85-source.drv' to 'ssh-ng://j_kro@sentry'...
copying path '/nix/store/cq5wbj1rf0dcdnvv0d46yzn044z3bbld-hyprwire-0.3.1.drv' to 'ssh-ng://j_kro@sentry'...
copying path '/nix/store/xb3lnanwnq5v8sf4xakvcxq961d8g6qn-source.drv' to 'ssh-ng://j_kro@sentry'...
copying path '/nix/store/fkgbjyx80hjmsh6pmzsiafhh9yvh6wbj-tomlplusplus-3.4.0.drv' to 'ssh-ng://j_kro@sentry'...
copying path '/nix/store/piwp0az3i0ddqpr61abl1axhmz1pm215-source.drv' to 'ssh-ng://j_kro@sentry'...
copying path '/nix/store/nxzhnc4v4whr2a8v5wdkflgglf2fw3vs-python3.14-pydbus-0.6.0.drv' to 'ssh-ng://j_kro@sentry'...
copying path '/nix/store/kqlx29d4sw0wgan2wjrh3wz6cnv0nmb3-python3-3.14.6-env.drv' to 'ssh-ng://j_kro@sentry'...
copying path '/nix/store/vv38wx7ya804sgww5fx8d4c4yjvbbqmg-source.drv' to 'ssh-ng://j_kro@sentry'...
copying path '/nix/store/z0gqxfr2imi3l5xpx2c2nmmwgxkiwa20-dmenu-5.4.drv' to 'ssh-ng://j_kro@sentry'...
copying path '/nix/store/hiwarv3i7v29x23h523hg87da8bcwhzd-uwsm-0.26.6.drv' to 'ssh-ng://j_kro@sentry'...
copying path '/nix/store/hfm8kq1zzz5acxqkws9js6hbgf6h1nrk-libdisplay-info-0.4.0.drv' to 'ssh-ng://j_kro@sentry'...
copying path '/nix/store/hn0xz5f1hqdqxv641sfa6acz5dkb33n5-aquamarine-0.14.0.drv' to 'ssh-ng://j_kro@sentry'...
copying path '/nix/store/wrwvhb7bvv3zl82b5w9ni1p7sd12qqpl-xcb-util-errors-1.0.1.tar.xz.drv' to 'ssh-ng://j_kro@sentry'...
copying path '/nix/store/hp38a2m9n4xymjy3q4kcry77fmz4fg8d-libxcb-errors-1.0.1.drv' to 'ssh-ng://j_kro@sentry'...
copying path '/nix/store/jf9fp6pldi886ii5kf63bbzy5646n5h5-source.drv' to 'ssh-ng://j_kro@sentry'...
copying path '/nix/store/nnq2sih1g4vn9kz4syb1pskyir9nvj17-6fb03957aba8aebc3dc98a479fff9cddf85b9e7b.patch.drv' to 'ssh-ng://j_kro@sentry'...
copying path '/nix/store/sfak83x4dfpr60n8gsk5kca2cxq054cn-aa035462d950fab35d322cb87fd2f0d702251e82.patch.drv' to 'ssh-ng://j_kro@sentry'...
copying path '/nix/store/v90z57lwslrk7pcajbm43r21knrx54dx-source.drv' to 'ssh-ng://j_kro@sentry'...
copying path '/nix/store/j07d2sknlrx1qp09ivnmig86hn73l24i-xcur2png-0.7.1.drv' to 'ssh-ng://j_kro@sentry'...
copying path '/nix/store/qc8c05apl50dkfcw08xkszxcvbm9krv8-source.drv' to 'ssh-ng://j_kro@sentry'...
copying path '/nix/store/lm4xy65byy6iplfhsb5m7415m0hls5g5-hyprcursor-0.1.13.drv' to 'ssh-ng://j_kro@sentry'...
copying path '/nix/store/b3y7r547yir19swj41hh4i0wv7rgw017-source.drv' to 'ssh-ng://j_kro@sentry'...
copying path '/nix/store/mlgr83a66nh9hvn0b526ayl6ia69xgq0-glaze-7.9.1.drv' to 'ssh-ng://j_kro@sentry'...
copying path '/nix/store/xfzqf4yvixzpdib5nvbmb4p7igl6g0iw-utils.sh.drv' to 'ssh-ng://j_kro@sentry'...
copying path '/nix/store/qbpv96pivls2v9bzr9qidrxjsi44qjv0-lua-5.5.0.drv' to 'ssh-ng://j_kro@sentry'...
copying path '/nix/store/ziqw1s0wikv30b5vl1myaw6xpniihqkv-hyprland-0.56.1.drv' to 'ssh-ng://j_kro@sentry'...
copying path '/nix/store/avac6b1i3wd93bv2s8jrbn0gx7mwc5gc-screenshot.drv' to 'ssh-ng://j_kro@sentry'...
copying path '/nix/store/fd241gp20flvmf7hrf8vabsiwcp9m07n-options.json.drv' to 'ssh-ng://j_kro@sentry'...
copying path '/nix/store/fnz11i6b9zlrf506l4nfz8ak3fmy3s15-home-configuration-nix-header.5' to 'ssh-ng://j_kro@sentry'...
copying path '/nix/store/vcys2fbp7fx2plk1417cjx4f5m69fkhd-python3.14-markdown-it-py-4.2.0.drv' to 'ssh-ng://j_kro@sentry'...
copying path '/nix/store/p95i4n4zvf7j7q8mwiawhrd8liqff9df-python3.14-mdit-py-plugins-0.6.1.drv' to 'ssh-ng://j_kro@sentry'...
copying path '/nix/store/izaka1a3626nsjia8k7wzqca1qv8v083-nixos-render-docs-0.0.drv' to 'ssh-ng://j_kro@sentry'...
copying path '/nix/store/pzw7xsi6kh2n16y28brjsi96jnpvfkq5-home-manager.1' to 'ssh-ng://j_kro@sentry'...
copying path '/nix/store/yvnd78p7dhgmhqv5ngbn44kqxrs88s37-home-configuration-nix-footer.5' to 'ssh-ng://j_kro@sentry'...
copying path '/nix/store/b5hi8dpjzrbnawyy6f95l5hibml6skb5-home-configuration-reference-manpage.drv' to 'ssh-ng://j_kro@sentry'...
copying path '/nix/store/bdcmk0jvsy6fby2g6zq6dqb1a48yc5i4-sshpass-1.10.tar.gz.drv' to 'ssh-ng://j_kro@sentry'...
copying path '/nix/store/sm5hbmhz7nbynfdvf59m21j56r2n7wvk-qthttpserver-everywhere-src-6.11.1.tar.xz.drv' to 'ssh-ng://j_kro@sentry'...
copying path '/nix/store/bmpsn78rglifnap58mhils91g1shwbb1-qthttpserver-6.11.1.drv' to 'ssh-ng://j_kro@sentry'...
copying path '/nix/store/br0jg22npi9m432bjx5sbchsvmjicyx1-toggle-get.drv' to 'ssh-ng://j_kro@sentry'...
copying path '/nix/store/bx8z7d9j3vaj6b970bpwpj96gwrxyhjn-source.drv' to 'ssh-ng://j_kro@sentry'...
copying path '/nix/store/c32ifp6xvmjhk9m3xxkp3j38rsbzxyr8-source.drv' to 'ssh-ng://j_kro@sentry'...
copying path '/nix/store/x2nkyqjr0r9jr1xf1cng43j6kz11ygrs-source.drv' to 'ssh-ng://j_kro@sentry'...
copying path '/nix/store/c1and66c26r7fmh03mdqagqp9prl2pr8-bibata-cursors-2.0.7.drv' to 'ssh-ng://j_kro@sentry'...
copying path '/nix/store/c894jk3jg5h0p57gjv6r5pv4is1i4h5c-bat-0.26.1-vendor.drv' to 'ssh-ng://j_kro@sentry'...
copying path '/nix/store/ccrk15d9dnibp57xc27zssw798bbfmc7-policies.json.drv' to 'ssh-ng://j_kro@sentry'...
copying path '/nix/store/ciysgi8pkmsnhs1li0miwqyg3v0kk9xz-ffmpeg.drv' to 'ssh-ng://j_kro@sentry'...
copying path '/nix/store/f3jr3f474yblvkfzl1rdbx253xxw33mp-qtsensors-everywhere-src-6.11.1.tar.xz.drv' to 'ssh-ng://j_kro@sentry'...
copying path '/nix/store/cssqkhq22p3jvh8b1k9kaia4jkn6bkns-qtsensors-6.11.1.drv' to 'ssh-ng://j_kro@sentry'...
copying path '/nix/store/lm6wmfrwz1m7rvc1m4s8naznfdijjnpp-kcoreaddons-6.28.0.tar.xz.drv' to 'ssh-ng://j_kro@sentry'...
copying path '/nix/store/lqdlv36y7igp6h72lvjg3i7d7fq4hf35-python3-3.14.6-env.drv' to 'ssh-ng://j_kro@sentry'...
copying path '/nix/store/m8f3r30pc8yvmf814dpq4d0shpp06mgn-qtserialbus-6.11.1.drv' to 'ssh-ng://j_kro@sentry'...
copying path '/nix/store/mzqqkh67mwlbkrwljr0h2mncp4caynqk-qtnetworkauth-6.11.1.drv' to 'ssh-ng://j_kro@sentry'...
copying path '/nix/store/p94vfp513cqh6398f6vih6h0bngz80gq-qt3d-everywhere-src-6.11.1.tar.xz.drv' to 'ssh-ng://j_kro@sentry'...
copying path '/nix/store/nnvayqiw54w4bk27m1gfg79ss69xciy6-source.drv' to 'ssh-ng://j_kro@sentry'...
copying path '/nix/store/qdkd81bkbac3xq87ksak6wfll3rrwyv0-assimp-6.0.5.drv' to 'ssh-ng://j_kro@sentry'...
copying path '/nix/store/nmbgbdzg9hx7263f9xhfmwlkkf581aia-qt3d-6.11.1.drv' to 'ssh-ng://j_kro@sentry'...
copying path '/nix/store/rwnvhbfdy6zscj1shx06r3w51f3kdrnd-qtlocation-everywhere-src-6.11.1.tar.xz.drv' to 'ssh-ng://j_kro@sentry'...
copying path '/nix/store/qhfygfln5hvsanydhd840pwyly5k7aal-qtlocation-6.11.1.drv' to 'ssh-ng://j_kro@sentry'...
copying path '/nix/store/zrkbp71xq4aksbq5ryf1kciqq9fc9wa5-qtspeech-everywhere-src-6.11.1.tar.xz.drv' to 'ssh-ng://j_kro@sentry'...
copying path '/nix/store/s2w0wlhzn43gbi82ai3j5lkxwgkibzsh-qtspeech-6.11.1.drv' to 'ssh-ng://j_kro@sentry'...
copying path '/nix/store/nl544wlhzhylcjm3n349f8hxzm8kjsr2-qtconnectivity-everywhere-src-6.11.1.tar.xz.drv' to 'ssh-ng://j_kro@sentry'...
copying path '/nix/store/sgpcwxyval7kkgg5wc7yflpkrz9cd3rk-qtconnectivity-6.11.1.drv' to 'ssh-ng://j_kro@sentry'...
copying path '/nix/store/fl5z1pff7zrq8l7pcm4csi0j852kxy2b-qtcharts-everywhere-src-6.11.1.tar.xz.drv' to 'ssh-ng://j_kro@sentry'...
copying path '/nix/store/xfs2rwws1hnyq85h8wak5j887a6v3w0q-qtcharts-6.11.1.drv' to 'ssh-ng://j_kro@sentry'...
copying path '/nix/store/m8sw6d0axhx3gal7b4pzn3741arrx9vr-shiboken6-generator-6.11.1.drv' to 'ssh-ng://j_kro@sentry'...
copying path '/nix/store/zw0r062adjr0025fgwqrlrhdxm8g0lkf-shiboken6-6.11.1.drv' to 'ssh-ng://j_kro@sentry'...
copying path '/nix/store/q083083l4kn9in5bsrdm8d4fgq7wn9y6-pyside6-6.11.1.drv' to 'ssh-ng://j_kro@sentry'...
copying path '/nix/store/d4zmzpp3b7hvrl59b3xqw9i08viiynrf-kcoreaddons-6.28.0.drv' to 'ssh-ng://j_kro@sentry'...
copying path '/nix/store/d6vnzkl07hdyfy4vsqka0y8cd7v2s6g8-du-dust-1.2.4.drv' to 'ssh-ng://j_kro@sentry'...
copying path '/nix/store/dd9gdbr6l0xm3s67pbdp9q7h58ygwx5r-source.drv' to 'ssh-ng://j_kro@sentry'...
copying path '/nix/store/dmj1xrvr87iwr3mnawmkpw047kfjip21-protonup-qt-2.15.1-fhsenv-profile.drv' to 'ssh-ng://j_kro@sentry'...
copying path '/nix/store/dz34f6zik3nwwda6dpi8wcrdaj4qnqfg-source.drv' to 'ssh-ng://j_kro@sentry'...
copying path '/nix/store/f2w8x66fp2zlpqn5h8fjwwsxfi947dxm-source.drv' to 'ssh-ng://j_kro@sentry'...
copying path '/nix/store/f91wmjwz4pgqdkm3q8amdh5pk8bx7xp1-fd-10.4.2.drv' to 'ssh-ng://j_kro@sentry'...
copying path '/nix/store/nfhy8qrk8vyz7vm8alcw3xmxaqfcfljg-source.drv' to 'ssh-ng://j_kro@sentry'...
copying path '/nix/store/f9r5hgr7y8s8d05xqbba1z9bjkiq74va-eza-0.23.5-vendor-staging.drv' to 'ssh-ng://j_kro@sentry'...
copying path '/nix/store/fg8bl3zk2gm1zplif28pyy6rdz9v7dh8-dummy-xdg-mime-dirs2.drv' to 'ssh-ng://j_kro@sentry'...
copying path '/nix/store/h4nyg2ysrk96jc6ndc7210m77cswv6mp-ldconfig.drv' to 'ssh-ng://j_kro@sentry'...
copying path '/nix/store/gwz4jf5gpdz23qzzbanmv9jhbm2cqgsg-ngtcp2-1.25.0.drv' to 'ssh-ng://j_kro@sentry'...
copying path '/nix/store/hbnnykc9inl80b1qf1ax2c71dn2cjph4-curl-8.21.0.drv' to 'ssh-ng://j_kro@sentry'...
copying path '/nix/store/nipgrbsv2h0v24lqsjyy07z31mn0xvbw-glew-1.10.0.tgz.drv' to 'ssh-ng://j_kro@sentry'...
copying path '/nix/store/ivk4xv7rfq7l4ibnwnka1f2bd017bn6y-glew-1.10.0.drv' to 'ssh-ng://j_kro@sentry'...
copying path '/nix/store/fqkzc44xhqxphda3xdi0spfhpgqdnzak-protonup-qt-2.15.1-fhsenv-rootfs.drv' to 'ssh-ng://j_kro@sentry'...
copying path '/nix/store/g3jz7yfd4slsbapc5fzj0s9krnnkl3hv-source.drv' to 'ssh-ng://j_kro@sentry'...
copying path '/nix/store/hwzw0vf92k1xb00sfyjfnavh9d21s9nd-glfw-3.4.drv' to 'ssh-ng://j_kro@sentry'...
copying path '/nix/store/i67fa5mpgmac9zcvb9qc251zxv10abk9-get_patch.drv' to 'ssh-ng://j_kro@sentry'...
copying path '/nix/store/l1cw4hick2d7jh2wqi53pgw6qgkb74kl-source.drv' to 'ssh-ng://j_kro@sentry'...
copying path '/nix/store/plbdjf4mm42qndwxaid6lngz0fgfcxxs-hardcode-dependencies.patch.drv' to 'ssh-ng://j_kro@sentry'...
copying path '/nix/store/s61h2fjpnkv9lpgdm3d7b983rkmh39kg-get_patch.drv' to 'ssh-ng://j_kro@sentry'...
copying path '/nix/store/v2vwkm4wkddqi0h4w4v33v8281dbsa00-libXNVCtrl-390.157.drv' to 'ssh-ng://j_kro@sentry'...
copying path '/nix/store/jr1qzdih6xh137drxn6gpl4565vzz9mz-mangohud-0.8.4.drv' to 'ssh-ng://j_kro@sentry'...
copying path '/nix/store/p4c1yppvpgj4rbsqzmsxk331229xwb9z-source.drv' to 'ssh-ng://j_kro@sentry'...
copying path '/nix/store/q1cb31bm6ac8xdyrmri82mpr7vdjm92q-glfw-3.4.drv' to 'ssh-ng://j_kro@sentry'...
copying path '/nix/store/r6jg0jg18mqcw3dpqq0fvqkyj7bpswsb-hardcode-dependencies.patch.drv' to 'ssh-ng://j_kro@sentry'...
copying path '/nix/store/s6rhrakkmd8bh4w98hi5vp1glnpdniji-source.drv' to 'ssh-ng://j_kro@sentry'...
copying path '/nix/store/w2m105rqcqsv5k1km1yyf9lf33198z1z-get_patch.drv' to 'ssh-ng://j_kro@sentry'...
copying path '/nix/store/fsi8a85kj7imwsy71dc9yknxrsklcq6s-mangohud-0.8.4.drv' to 'ssh-ng://j_kro@sentry'...
copying path '/nix/store/fzazcki4kznp7i9jipavmf0zcxsh648c-freebuff-desktop-0.0.42-fhsenv-rootfs.drv' to 'ssh-ng://j_kro@sentry'...
copying path '/nix/store/jcmqk84z15q7xzmysjakspmv4a8cixpk-freebuff-desktop-0.0.42-init.drv' to 'ssh-ng://j_kro@sentry'...
copying path '/nix/store/q35xjrzlz3fijmz5n1vw7l7hjm3m0s1l-freebuff-desktop-0.0.42-bwrap.drv' to 'ssh-ng://j_kro@sentry'...
copying path '/nix/store/gqpyi85jdn6pc5fq9w8zc2zfyxqmybq3-freebuff-desktop-0.0.42.drv' to 'ssh-ng://j_kro@sentry'...
copying path '/nix/store/hbdj56fdq9xy0m4qzdw2i5pdhkm1nvbz-source.drv' to 'ssh-ng://j_kro@sentry'...
copying path '/nix/store/pj3gl7952h3rn1j3f6fb4k78yrcw83h6-eza-0.23.5-vendor.drv' to 'ssh-ng://j_kro@sentry'...
copying path '/nix/store/hxd91w32c6fl8mc0ig5nvzb9a25n12cg-eza-0.23.5.drv' to 'ssh-ng://j_kro@sentry'...
copying path '/nix/store/jsxr5frjhf4jslb27ianb4cb3b9ahfym-gnome-shell-extension-user-themes-74.drv' to 'ssh-ng://j_kro@sentry'...
copying path '/nix/store/k6klamaxi2m223lh32ajsz2ff6yp0gfn-alacritty-0.17.0.drv' to 'ssh-ng://j_kro@sentry'...
copying path '/nix/store/sv1vjvjs3ad29yigyzdqpj2l253gwpkx-qtwayland-605b8bc.drv' to 'ssh-ng://j_kro@sentry'...
copying path '/nix/store/x1dmdv73h5ig31m847x0xr90z9c41mc7-qtwayland-5.15.19.drv' to 'ssh-ng://j_kro@sentry'...
copying path '/nix/store/ri9kp5kj9c5lc51qyhl3slb9vhpsxmn6-wrap-qt5-apps-hook.drv' to 'ssh-ng://j_kro@sentry'...
copying path '/nix/store/kp1c7swbrysmi4808h6ylwk1d1nfp7ry-qtx11extras-6695a3d.drv' to 'ssh-ng://j_kro@sentry'...
copying path '/nix/store/y531lkk32n3lwgda8jzmc1988ycpdj51-qtx11extras-5.15.19.drv' to 'ssh-ng://j_kro@sentry'...
copying path '/nix/store/m1ld88f31dpcynqwi566w3mnk9vd4p50-qtstyleplugin-kvantum5-1.1.8.drv' to 'ssh-ng://j_kro@sentry'...
copying path '/nix/store/m540xjqp5swjq856ym7vya78z2k25hb1-index.theme.drv' to 'ssh-ng://j_kro@sentry'...
copying path '/nix/store/mvrn44dxz1ja278gh5kni8hzm607wjsj-heroic-2.22.0.drv' to 'ssh-ng://j_kro@sentry'...
copying path '/nix/store/p3wqycivdw9ilnv5ql47n60i1gadnma8-bat-0.26.1.drv' to 'ssh-ng://j_kro@sentry'...
copying path '/nix/store/qs42ia3yqf8jc7r3chivihlbmm6isxwk-zen-twilight.desktop.drv' to 'ssh-ng://j_kro@sentry'...
copying path '/nix/store/r4jbz1sxfwykpx104gwcz7r91wh2ll2g-ffmpeg-7.1.5.drv' to 'ssh-ng://j_kro@sentry'...
copying path '/nix/store/v1qdqqhp6k132blp4br6wgg5jciq3bx0-libcanberra-0.30.drv' to 'ssh-ng://j_kro@sentry'...
copying path '/nix/store/p56z2h26v1fva785f4y0v21xg8hfi3b4-zen-twilight-1.22t.drv' to 'ssh-ng://j_kro@sentry'...
copying path '/nix/store/xkgqx9kmqm0gahjm848na8sq95z0rhjg-qt5ct-1.9.tar.bz2.drv' to 'ssh-ng://j_kro@sentry'...
copying path '/nix/store/rr7ambhx6r0a79h501scjzna1gqw11jv-qt5ct-1.9.drv' to 'ssh-ng://j_kro@sentry'...
copying path '/nix/store/sac5kfin0d9w442i2c9nn3h3q0yjfcfp-delta-0.19.2.drv' to 'ssh-ng://j_kro@sentry'...
copying path '/nix/store/sfaifyjzjxdgirn5dj54kch6hijaafrc-hm-session-vars.fish.drv' to 'ssh-ng://j_kro@sentry'...
copying path '/nix/store/srhxf6xpynqz9wb4i52bqj3nj16j2nn8-stylix-kde-theme.drv' to 'ssh-ng://j_kro@sentry'...
copying path '/nix/store/svq47ym5zh97djc4bv7hiibymdg2a0wl-sshpass-1.10.drv' to 'ssh-ng://j_kro@sentry'...
copying path '/nix/store/svsq82v6j7nbv9kjmcbp4s3pwk0pzv25-protonup-qt-2.15.1-extracted.drv' to 'ssh-ng://j_kro@sentry'...
copying path '/nix/store/wn2pym0bcrzrymzwb6i2sxs1m47qb7wn-protonup-qt-2.15.1-init.drv' to 'ssh-ng://j_kro@sentry'...
copying path '/nix/store/l8v66hk7vg0qqlncmm4kcgnv2564mcsf-protonup-qt-2.15.1-bwrap.drv' to 'ssh-ng://j_kro@sentry'...
copying path '/nix/store/sxmlbn0ybj5svgp3q8ynppv6pimq0nn4-protonup-qt-2.15.1.drv' to 'ssh-ng://j_kro@sentry'...
copying path '/nix/store/vim5rvy1cg5np5my4p4hhql1576l71m1-qt6ct-0.11.drv' to 'ssh-ng://j_kro@sentry'...
copying path '/nix/store/l1pgk6prbwnkp79q0njn2bs59pyjn3lz-dufs-0.46.0-vendor.drv' to 'ssh-ng://j_kro@sentry'...
copying path '/nix/store/vnbggrq5yzzxdkawizx0534bfaq14nv0-dufs-0.46.0.drv' to 'ssh-ng://j_kro@sentry'...
copying path '/nix/store/vxf57kyak77w32ln1qvsacc8r1783jj7-toggle-enabled.drv' to 'ssh-ng://j_kro@sentry'...
copying path '/nix/store/w8qjljcp54l00gllq7zzfhmacj3rzkj9-dejavu-fonts-2.37.drv' to 'ssh-ng://j_kro@sentry'...
copying path '/nix/store/kvfzws9vvnqlbwwl7a9wswmv5y5rq3kk-source.drv' to 'ssh-ng://j_kro@sentry'...
copying path '/nix/store/wy4j6am2xj0x6aw950b20hjssrhf5scf-btop-1.4.7.drv' to 'ssh-ng://j_kro@sentry'...
copying path '/nix/store/x1zkkywj6r1m98zb9g9gsk22higxb5hg-ocr-extract.drv' to 'ssh-ng://j_kro@sentry'...
copying path '/nix/store/y0bcpjincb2hqhd0k3w49vjd04l92j5y-qtimageformats-everywhere-src-6.11.1.tar.xz.drv' to 'ssh-ng://j_kro@sentry'...
copying path '/nix/store/l4xix0njsargxi7k34a4a88mvqfg43pn-qtimageformats-6.11.1.drv' to 'ssh-ng://j_kro@sentry'...
copying path '/nix/store/iydqazqp23fzn1aqhh42xccbzksjp0c3-microsoft-gsl-4.2.2.drv' to 'ssh-ng://j_kro@sentry'...
copying path '/nix/store/jns97pswkc2vk8hj961yxrzzqmiz84dl-range-v3-0.12.0.drv' to 'ssh-ng://j_kro@sentry'...
copying path '/nix/store/jnazspzh3rhgl6njpc15krf0iwpk1p7x-source.drv' to 'ssh-ng://j_kro@sentry'...
copying path '/nix/store/rvahv5hvw2qrhg2f9d987b39z6lygf9l-crc32c-fix-cmake-4.patch.drv' to 'ssh-ng://j_kro@sentry'...
copying path '/nix/store/w5b2j911p5ny2azw90xl9mj09232jzwi-source.drv' to 'ssh-ng://j_kro@sentry'...
copying path '/nix/store/xq7sm10in54vcak8dsb725993kw20fd3-crc32c-1.1.2.drv' to 'ssh-ng://j_kro@sentry'...
copying path '/nix/store/qw9s22ypipz8nz5a6l2ncd55lp6lmh5n-tg_owt-0-unstable-2026-04-09.drv' to 'ssh-ng://j_kro@sentry'...
copying path '/nix/store/jiwzqdqba9gg6nqd99b8m759vbvy8ck9-source.drv' to 'ssh-ng://j_kro@sentry'...
copying path '/nix/store/sn22yma7s5c3v9m4lqw5hz0m8nq0n27k-tde2e-1.8.66.drv' to 'ssh-ng://j_kro@sentry'...
copying path '/nix/store/wysm8iqkr1j6qmn2kd98nbvsy78cs867-minizip-ng-compat-4.2.2.drv' to 'ssh-ng://j_kro@sentry'...
copying path '/nix/store/j50fqrwpqarng4d8gg4gds17cjzrhmg3-rnnoise_data-0b50c45.tar.gz.drv' to 'ssh-ng://j_kro@sentry'...
copying path '/nix/store/r72y6pviidggf9z7knhbz0pkmqkppscl-source.drv' to 'ssh-ng://j_kro@sentry'...
copying path '/nix/store/s2rz499dk4xdxbgiwisb12anm8q366a3-372f7b4b76cde4ca1ec4605353dd17898a99de38.patch.drv' to 'ssh-ng://j_kro@sentry'...
copying path '/nix/store/ys8ics6rrgy805mzs5abkplr36p0q4dm-rnnoise-0.2.drv' to 'ssh-ng://j_kro@sentry'...
copying path '/nix/store/q70kiv56klbivfd3kid7xlz3slxawmlv-telegram-desktop-unwrapped-7.0.2.drv' to 'ssh-ng://j_kro@sentry'...
copying path '/nix/store/innbk4k8mhh50320c47b456lmshlzc31-kimageformats-6.28.0.tar.xz.drv' to 'ssh-ng://j_kro@sentry'...
copying path '/nix/store/r1i9qmh343nghykvcdwk8jgai83zqrhd-kimageformats-6.28.0.drv' to 'ssh-ng://j_kro@sentry'...
copying path '/nix/store/x9jas8adnw2fgklnx6kwngjkpqxxa7z3-telegram-desktop-7.0.2.drv' to 'ssh-ng://j_kro@sentry'...
copying path '/nix/store/xn8sj9svca09sp3n6bvpdvymv403yfsj-screenrecord.drv' to 'ssh-ng://j_kro@sentry'...
copying path '/nix/store/llqf74w331p498nv47fvgi9fi2hqkgi4-source.drv' to 'ssh-ng://j_kro@sentry'...
copying path '/nix/store/z1852si0yifp4x5qy9lbgf63z8zvdhzx-lazygit-0.63.1.drv' to 'ssh-ng://j_kro@sentry'...
copying path '/nix/store/zrj7qydwvjn846fmq5ca1hs5ny84qapm-gh-2.96.0.drv' to 'ssh-ng://j_kro@sentry'...
copying path '/nix/store/i85dfbygsw8bxisziich5443r03h94cl-man-paths.drv' to 'ssh-ng://j_kro@sentry'...
building '/nix/store/i85dfbygsw8bxisziich5443r03h94cl-man-paths.drv'...
man-paths> structuredAttrs is enabled
man-paths> created 549 symlinks in user environment
copying 1 paths...
copying path '/nix/store/h23sllksyb4zyiqk8g6z815xxifl6hdh-man-paths' from 'ssh-ng://j_kro@sentry'...
building '/nix/store/blrvgrhrgnsmbvrh6l14v35670rhbixq-man-cache.drv' on 'ssh-ng://j_kro@nexus'...
copying 1 paths...
copying path '/nix/store/h23sllksyb4zyiqk8g6z815xxifl6hdh-man-paths' to 'ssh-ng://j_kro@nexus'...
building '/nix/store/blrvgrhrgnsmbvrh6l14v35670rhbixq-man-cache.drv'...
man-cache> Processing manual pages under /nix/store/h23sllksyb4zyiqk8g6z815xxifl6hdh-man-paths/share/man...
man-cache> Updating index cache for path `/nix/store/h23sllksyb4zyiqk8g6z815xxifl6hdh-man-paths/share/man/man1'. Wait.../nix/store/0r02g7d3lf6jskghnny0gbd8pwq2kmr9-man-db-2.13.1/bin/mandb: warning: /nix/store/dfvmv4xsym6d57pzbhkvbza26q7mf9c9-fish-4.8.1/share/man/man1/fish-completions.1.gz: whatis parse for fish-completions(1) failed
man-cache> /nix/store/0r02g7d3lf6jskghnny0gbd8pwq2kmr9-man-db-2.13.1/bin/mandb: warning: /nix/store/dfvmv4xsym6d57pzbhkvbza26q7mf9c9-fish-4.8.1/share/man/man1/fish-prompt-tutorial.1.gz: whatis parse for fish-prompt-tutorial(1) failed
man-cache> /nix/store/0r02g7d3lf6jskghnny0gbd8pwq2kmr9-man-db-2.13.1/bin/mandb: warning: /nix/store/dfvmv4xsym6d57pzbhkvbza26q7mf9c9-fish-4.8.1/share/man/man1/fish-doc.1.gz: whatis parse for fish-doc(1) failed
man-cache> /nix/store/0r02g7d3lf6jskghnny0gbd8pwq2kmr9-man-db-2.13.1/bin/mandb: warning: /nix/store/dfvmv4xsym6d57pzbhkvbza26q7mf9c9-fish-4.8.1/share/man/man1/fish-terminal-compatibility.1.gz: whatis parse for fish-terminal-compatibility(1) failed
man-cache> /nix/store/0r02g7d3lf6jskghnny0gbd8pwq2kmr9-man-db-2.13.1/bin/mandb: warning: /nix/store/dfvmv4xsym6d57pzbhkvbza26q7mf9c9-fish-4.8.1/share/man/man1/fish-faq.1.gz: whatis parse for fish-faq(1) failed
man-cache> /nix/store/0r02g7d3lf6jskghnny0gbd8pwq2kmr9-man-db-2.13.1/bin/mandb: warning: /nix/store/dfvmv4xsym6d57pzbhkvbza26q7mf9c9-fish-4.8.1/share/man/man1/fish-for-bash-users.1.gz: whatis parse for fish-for-bash-users(1) failed
man-cache> /nix/store/0r02g7d3lf6jskghnny0gbd8pwq2kmr9-man-db-2.13.1/bin/mandb: warning: /nix/store/dfvmv4xsym6d57pzbhkvbza26q7mf9c9-fish-4.8.1/share/man/man1/fish-tutorial.1.gz: whatis parse for fish-tutorial(1) failed
man-cache> /nix/store/0r02g7d3lf6jskghnny0gbd8pwq2kmr9-man-db-2.13.1/bin/mandb: warning: /nix/store/dfvmv4xsym6d57pzbhkvbza26q7mf9c9-fish-4.8.1/share/man/man1/fish-interactive.1.gz: whatis parse for fish-interactive(1) failed
man-cache> /nix/store/0r02g7d3lf6jskghnny0gbd8pwq2kmr9-man-db-2.13.1/bin/mandb: warning: /nix/store/dfvmv4xsym6d57pzbhkvbza26q7mf9c9-fish-4.8.1/share/man/man1/fish-language.1.gz: whatis parse for fish-language(1) failed
man-cache> Updating index cache for path `/nix/store/h23sllksyb4zyiqk8g6z815xxifl6hdh-man-paths/share/man/man8'. Wait...done.
man-cache> Processing manual pages under /nix/store/h23sllksyb4zyiqk8g6z815xxifl6hdh-man-paths/share/man/it...
man-cache> Updating index cache for path `/nix/store/h23sllksyb4zyiqk8g6z815xxifl6hdh-man-paths/share/man/it/man8'. Wait...done.
man-cache> 7 man subdirectories contained newer manual pages.
man-cache> 557 manual pages were added.
copying 1 paths...
copying path '/nix/store/iz82vypncfn59z9mvgi67dp1gh3xs3bb-man-cache' from 'ssh-ng://j_kro@nexus'...
building '/nix/store/9285bgpawqfqjfhxi6r889wvy5p6lkx7-hm_.manpath.drv' on 'ssh-ng://j_kro@nexus'...
copying 0 paths...
building '/nix/store/9285bgpawqfqjfhxi6r889wvy5p6lkx7-hm_.manpath.drv'...
copying 1 paths...
copying path '/nix/store/4nyiydzbphlc2yq3lr8nnv46bmaczh8s-hm_.manpath' from 'ssh-ng://j_kro@nexus'...
building '/nix/store/brahm09lb0852gpxc2a1hp0962q7q1gj-home-manager-files.drv' on 'ssh-ng://j_kro@nexus'...
copying path '/nix/store/1cn3zd8y6y59x1597g32z2067f7gn5p8-kvantum-config' from 'https://nix-community.cachix.org'...
copying 4 paths...
copying path '/nix/store/0nw2fnc6f620zl2v4bwgnfv1zisvvm2q-config.fish' to 'ssh-ng://j_kro@nexus'...
copying path '/nix/store/yvbm4s4c7d0i0p3phkcs20lpi9jzq6hd-base16-kvantum' to 'ssh-ng://j_kro@nexus'...
copying path '/nix/store/is0zxrlm02hhrr61pc84rxli56q4hwjz-kvantum-themes' to 'ssh-ng://j_kro@nexus'...
copying path '/nix/store/mvyqdn4dql0j55mjfwa7kb8hn8f3glhp-steam-games' to 'ssh-ng://j_kro@nexus'...
building '/nix/store/brahm09lb0852gpxc2a1hp0962q7q1gj-home-manager-files.drv'...
copying 1 paths...
copying path '/nix/store/6cm1nizl55ysnr6ghpl8n6mjkvasni2w-home-manager-files' from 'ssh-ng://j_kro@nexus'...
building '/nix/store/05rvjnj6lsdwgi3bn1vn1mp8cd47ql8n-home-manager-generation.drv' on 'ssh-ng://j_kro@nexus'...
copying 0 paths...
building '/nix/store/05rvjnj6lsdwgi3bn1vn1mp8cd47ql8n-home-manager-generation.drv'...
copying 1 paths...
copying path '/nix/store/6wcypmgxaaps66xsr3hvwcdcmrnsm7mg-home-manager-generation' from 'ssh-ng://j_kro@nexus'...
warning: input 'flake-parts' has an override for a non-existent input 'nixpkgs'
trace: warning: `programs.ssh` default values will be removed in the future.
Consider setting `programs.ssh.enableDefaultConfig` to false,
and manually set the default values you want to keep at
`programs.ssh.settings."*"`.

